CAT_is_male,age,number_of_juvenile_fellonies,number_of_juvenile_misdemeanors,number_of_other_juvenile_offenses,number_of_prior_offenses,days_before_screening_arrest,days_in_custody,CAT_race_African-American,CAT_race_Asian,CAT_race_Caucasian,CAT_race_Hispanic,CAT_race_Native American,CAT_race_Other,target,split
1,0.836065573770492,0.0,0.0,0.0,0.0,0.2483754512635378,0.0026090197540067,0,0,0,0,0,1,0,train
1,0.2622950819672132,0.0,0.0,0.0,0.0,0.2483754512635378,0.0037271710771524,1,0,0,0,0,0,1,train
1,0.4262295081967213,0.0,0.0,0.0,0.0,0.2490974729241877,0.0003727171077152,0,0,0,0,0,1,0,test
1,0.4098360655737705,0.0,0.0,0.0,0.0789473684210526,0.2483754512635378,0.0044726052925829,0,0,0,0,0,1,0,train
0,0.3442622950819672,0.0,0.0,0.0,0.0,0.2483754512635378,0.0011181513231457,0,0,1,0,0,0,0,val
1,0.0491803278688524,0.0,0.0,0.0,0.0263157894736842,0.5581227436823104,0.0003727171077152,0,0,1,0,0,0,1,train
1,0.1475409836065574,0.0,0.0,0.0,0.0,0.2483754512635378,0.0003727171077152,0,0,1,0,0,0,0,test
0,0.3114754098360656,0.0,0.0,0.0,0.0,0.2490974729241877,0.0003727171077152,0,0,1,0,0,0,0,train
1,0.3770491803278689,0.0,0.0,0.0,0.0,0.2483754512635378,0.0003727171077152,1,0,0,0,0,0,0,train
1,0.3114754098360656,0.0,0.0,0.0,0.0,0.2490974729241877,0.0,0,0,0,1,0,0,0,train
1,0.1147540983606557,0.0,0.0,0.0,0.0789473684210526,0.2483754512635378,0.0231084606783451,1,0,0,0,0,0,0,train
1,0.2131147540983606,0.0,0.0,0.0,0.1578947368421052,0.2483754512635378,0.0003727171077152,0,0,1,0,0,0,1,train
0,0.0491803278688524,0.0,0.0,0.0,0.0,0.247653429602888,0.0003727171077152,0,0,1,0,0,0,0,train
1,0.4098360655737705,0.0,0.0,0.0,0.0263157894736842,0.2483754512635378,0.0003727171077152,0,0,1,0,0,0,0,train
1,0.2295081967213115,0.0,0.0,0.0,0.0,0.2483754512635378,0.0007454342154304,0,0,0,0,0,1,0,test
1,0.1475409836065574,0.0,0.0,0.0,0.2105263157894736,0.2483754512635378,0.0003727171077152,1,0,0,0,0,0,1,train
0,0.2950819672131147,0.0,0.0,0.0,0.0789473684210526,0.2873646209386281,0.0003727171077152,0,0,1,0,0,0,0,train
1,0.2459016393442623,0.0,0.0,0.0,0.0,0.2490974729241877,0.0078270592620201,1,0,0,0,0,0,1,test
1,0.6065573770491803,0.0,0.0,0.0,0.0,0.2483754512635378,0.0007454342154304,0,0,1,0,0,0,0,train
1,0.1311475409836066,0.0,0.0,0.1176470588235294,0.1578947368421052,0.3075812274368231,0.0044726052925829,0,0,1,0,0,0,0,train
1,0.180327868852459,0.0,0.0,0.0,0.0,0.2490974729241877,0.0,0,0,1,0,0,0,0,val
0,0.0491803278688524,0.0,0.0,0.0,0.0526315789473684,0.2483754512635378,0.0003727171077152,1,0,0,0,0,0,0,test
1,0.5409836065573771,0.0,0.0,0.0,0.0526315789473684,0.2483754512635378,0.0003727171077152,1,0,0,0,0,0,0,train
0,0.5409836065573771,0.0,0.0,0.0,0.1842105263157894,0.2483754512635378,0.0029817368617219,1,0,0,0,0,0,0,train
1,0.1147540983606557,0.0,0.0,0.0,0.2368421052631578,0.2483754512635378,0.0033544539694371,0,0,1,0,0,0,1,train
1,0.278688524590164,0.05,0.0,0.2352941176470588,0.3421052631578947,0.2483754512635378,0.0003727171077152,1,0,0,0,0,0,1,train
1,0.5081967213114754,0.0,0.0,0.0,0.0,0.2490974729241877,0.0,0,0,1,0,0,0,0,test
1,0.180327868852459,0.0,0.0,0.0,0.0,0.2490974729241877,0.0,1,0,0,0,0,0,0,train
0,0.1639344262295082,0.0,0.0,0.0,0.0,0.2483754512635378,0.0003727171077152,0,0,0,0,0,1,0,test
0,0.7377049180327869,0.0,0.0,0.0,0.0263157894736842,0.0909747292418772,0.0029817368617219,0,0,0,1,0,0,0,train
1,0.2131147540983606,0.0,0.0,0.0588235294117647,0.3947368421052631,0.2483754512635378,0.0506895266492732,1,0,0,0,0,0,0,train
1,0.1967213114754099,0.0,0.0,0.0,0.0,0.2490974729241877,0.0085724934774506,0,0,0,1,0,0,0,train
1,0.5081967213114754,0.0,0.0,0.0,0.1052631578947368,0.2483754512635378,0.0003727171077152,1,0,0,0,0,0,0,train
1,0.5737704918032788,0.0,0.0,0.0,0.2105263157894736,0.23971119133574,0.0048453224002981,0,0,1,0,0,0,0,train
1,0.278688524590164,0.0,0.0,0.0,0.131578947368421,0.2483754512635378,0.0003727171077152,1,0,0,0,0,0,0,val
1,0.7213114754098361,0.0,0.0,0.0,0.0,0.2490974729241877,0.0,0,0,0,1,0,0,0,train
1,0.2459016393442623,0.0,0.0,0.0,0.0,0.2483754512635378,0.0003727171077152,0,0,0,0,0,1,0,train
0,0.6229508196721312,0.0,0.0,0.0,0.0,0.2490974729241877,0.0011181513231457,1,0,0,0,0,0,0,train
1,0.4426229508196722,0.0,0.0,0.0,0.1578947368421052,0.2483754512635378,0.090197540067089,0,0,0,1,0,0,1,train
1,0.0655737704918033,0.0,0.0,0.0,0.0263157894736842,0.2483754512635378,0.0003727171077152,0,0,0,1,0,0,0,train
1,0.3442622950819672,0.0,0.0,0.0,0.0263157894736842,0.2483754512635378,0.0018635855385762,1,0,0,0,0,0,0,train
1,0.3606557377049181,0.0,0.0,0.0,0.0526315789473684,0.2382671480144404,0.0011181513231457,1,0,0,0,0,0,0,train
1,0.0655737704918033,0.0,0.0,0.0,0.0,0.2483754512635378,0.0078270592620201,0,0,1,0,0,0,0,test
0,0.1311475409836066,0.0,0.0,0.0,0.0263157894736842,0.2483754512635378,0.0216175922474841,1,0,0,0,0,0,1,train
1,0.1475409836065574,0.0,0.0,0.0,0.0263157894736842,0.2180505415162454,0.0510622437569884,0,0,1,0,0,0,1,val
1,0.2295081967213115,0.0,0.0,0.0,0.0,0.2483754512635378,0.0003727171077152,1,0,0,0,0,0,0,test
1,0.3770491803278689,0.0,0.0,0.0,0.0263157894736842,0.2483754512635378,0.0007454342154304,1,0,0,0,0,0,0,test
1,0.1967213114754099,0.0,0.0,0.0,0.2105263157894736,0.2483754512635378,0.0003727171077152,1,0,0,0,0,0,1,train
1,0.1147540983606557,0.05,0.75,0.0588235294117647,0.3684210526315789,0.2483754512635378,0.0070816250465896,1,0,0,0,0,0,1,test
1,0.0327868852459016,0.0,0.0,0.0,0.0,0.2483754512635378,0.1576593365635482,0,0,0,0,0,1,1,train
0,0.278688524590164,0.0,0.0,0.0,0.0263157894736842,0.2483754512635378,0.0003727171077152,1,0,0,0,0,0,0,train
1,0.1147540983606557,0.0,0.0,0.0,0.2368421052631578,0.2483754512635378,0.0007454342154304,0,0,1,0,0,0,1,train
0,0.0327868852459016,0.0,0.0,0.0,0.0,0.2483754512635378,0.0003727171077152,0,0,1,0,0,0,0,test
1,0.7868852459016394,0.0,0.0,0.0,0.0789473684210526,0.2028880866425992,0.0111815132314573,0,0,1,0,0,0,0,train
0,0.5901639344262296,0.0,0.0,0.0,0.0,0.2490974729241877,0.0,0,0,1,0,0,0,0,train
0,0.4262295081967213,0.0,0.0,0.0,0.0,0.247653429602888,0.0003727171077152,0,0,0,1,0,0,0,train
1,0.0163934426229508,0.0,0.0,0.0,0.0263157894736842,0.2418772563176895,0.0022363026462914,1,0,0,0,0,0,1,test
1,0.0983606557377049,0.0,0.0,0.0,0.0263157894736842,0.1501805054151624,0.0,1,0,0,0,0,0,0,train
1,0.1967213114754099,0.0,0.0,0.0,0.0263157894736842,0.2483754512635378,0.0003727171077152,1,0,0,0,0,0,0,train
0,0.3442622950819672,0.0,0.0,0.0,0.0,0.2483754512635378,0.0007454342154304,0,0,1,0,0,0,1,train
1,0.1967213114754099,0.0,0.0,0.0,0.0,0.2483754512635378,0.0100633619083115,0,0,1,0,0,0,0,train
1,0.2131147540983606,0.0,0.0,0.0,0.0,0.2483754512635378,0.0145359672008945,0,0,1,0,0,0,0,train
0,0.3442622950819672,0.0,0.0,0.0,0.0263157894736842,0.2483754512635378,0.0018635855385762,0,0,1,0,0,0,0,test
1,0.6721311475409837,0.0,0.0,0.0,0.3684210526315789,0.3776173285198556,0.0409988818486768,1,0,0,0,0,0,1,test
1,0.4098360655737705,0.0,0.0,0.0,0.0263157894736842,0.2274368231046931,0.0003727171077152,0,0,1,0,0,0,0,train
1,0.2622950819672132,0.0,0.0,0.0,0.0,0.2490974729241877,0.0257174804323518,0,0,1,0,0,0,0,train
1,0.3114754098360656,0.0,0.0,0.0,0.0789473684210526,0.2490974729241877,0.0026090197540067,1,0,0,0,0,0,0,train
1,0.2131147540983606,0.0,0.0,0.0,0.0263157894736842,0.2483754512635378,0.0003727171077152,1,0,0,0,0,0,0,test
0,0.1967213114754099,0.0,0.0,0.0,0.0263157894736842,0.2483754512635378,0.0029817368617219,0,0,0,0,0,1,0,val
1,0.2131147540983606,0.0,0.0,0.0,0.3421052631578947,0.2483754512635378,0.1755497577338799,0,0,1,0,0,0,1,train
1,0.6229508196721312,0.0,0.0,0.0,0.2105263157894736,0.2974729241877256,0.0298173686172195,1,0,0,0,0,0,0,train
1,0.5573770491803279,0.0,0.0,0.0,0.0789473684210526,0.247653429602888,0.0003727171077152,0,0,1,0,0,0,0,train
0,0.7540983606557378,0.0,0.0,0.0,0.0526315789473684,0.2151624548736462,0.0,0,0,1,0,0,0,0,val
1,0.3934426229508196,0.0,0.0,0.0,0.1578947368421052,0.2462093862815884,0.032053671263511,0,0,1,0,0,0,0,train
0,0.1147540983606557,0.0,0.0,0.0,0.0526315789473684,0.2483754512635378,0.0078270592620201,0,0,1,0,0,0,0,train
1,0.1967213114754099,0.0,0.0,0.0,0.0263157894736842,0.2346570397111913,0.0014908684308609,0,0,1,0,0,0,0,train
0,0.3114754098360656,0.0,0.0,0.0,0.0526315789473684,0.2483754512635378,0.0007454342154304,0,0,0,0,0,1,0,train
0,0.0983606557377049,0.0,0.0,0.0,0.0,0.2483754512635378,0.0007454342154304,1,0,0,0,0,0,0,train
0,0.1967213114754099,0.0,0.0,0.0,0.1052631578947368,0.223826714801444,0.0898248229593738,0,0,0,1,0,0,1,train
1,0.2131147540983606,0.0,0.0,0.0,0.0263157894736842,0.2483754512635378,0.0003727171077152,1,0,0,0,0,0,0,train
0,0.0327868852459016,0.05,0.0,0.0,0.0263157894736842,0.2490974729241877,0.0033544539694371,1,0,0,0,0,0,0,train
0,0.4098360655737705,0.0,0.0,0.0,0.0,0.2490974729241877,0.0003727171077152,0,0,1,0,0,0,0,train
1,0.2295081967213115,0.0,0.0,0.0,0.2894736842105263,0.247653429602888,0.0134178158777487,1,0,0,0,0,0,1,train
1,0.2459016393442623,0.0,0.0,0.0,0.2105263157894736,0.2483754512635378,0.0,1,0,0,0,0,0,1,train
0,0.0327868852459016,0.0,0.0,0.0,0.0,0.2490974729241877,0.0,1,0,0,0,0,0,0,train
0,0.1311475409836066,0.0,0.0,0.0,0.0,0.247653429602888,0.0003727171077152,0,0,1,0,0,0,0,test
1,0.7377049180327869,0.0,0.0,0.0,0.0263157894736842,0.2303249097472924,0.0055907566157286,0,0,0,1,0,0,0,train
0,0.2295081967213115,0.0,0.0,0.0,0.1052631578947368,0.244043321299639,0.0439806187103988,1,0,0,0,0,0,1,train
1,0.180327868852459,0.0,0.0,0.0,0.0263157894736842,0.2483754512635378,0.0003727171077152,0,0,0,1,0,0,0,train
1,0.6065573770491803,0.0,0.0,0.0,0.0789473684210526,0.2122743682310469,0.0003727171077152,1,0,0,0,0,0,0,train
1,0.3442622950819672,0.05,0.0,0.0,0.0263157894736842,0.2483754512635378,0.0014908684308609,0,0,1,0,0,0,0,train
1,0.1967213114754099,0.0,0.0,0.0,0.0263157894736842,0.2490974729241877,0.0011181513231457,1,0,0,0,0,0,0,train
1,0.4918032786885246,0.0,0.0,0.0,0.0526315789473684,0.2483754512635378,0.0003727171077152,0,0,1,0,0,0,0,train
1,0.0655737704918033,0.0,0.0,0.0,0.0263157894736842,0.2483754512635378,0.0700708162504658,1,0,0,0,0,0,0,train
0,0.5081967213114754,0.0,0.0,0.0,0.1578947368421052,0.2086642599277978,0.0018635855385762,0,0,1,0,0,0,0,train
1,0.2131147540983606,0.0,0.0,0.0,0.0,0.2490974729241877,0.0186358553857622,0,0,1,0,0,0,0,train
1,0.0819672131147541,0.0,0.0,0.0,0.0,0.2483754512635378,0.0,0,0,0,1,0,0,0,train
0,0.2295081967213115,0.0,0.0,0.0,0.131578947368421,0.2483754512635378,0.0003727171077152,1,0,0,0,0,0,0,test
1,0.5573770491803279,0.0,0.0,0.0,0.0526315789473684,0.2483754512635378,0.0130450987700335,0,0,0,1,0,0,0,train
1,0.7213114754098361,0.0,0.0,0.0,0.2105263157894736,0.2490974729241877,0.0059634737234439,1,0,0,0,0,0,0,train
0,0.3114754098360656,0.0,0.0,0.0,0.1578947368421052,0.1696750902527075,0.0700708162504658,0,0,1,0,0,0,0,train
1,0.6065573770491803,0.0,0.0,0.0,0.0263157894736842,0.2166064981949458,0.0067089079388743,0,0,1,0,0,0,0,train
1,0.1639344262295082,0.0,0.0,0.0,0.1578947368421052,0.2483754512635378,0.0059634737234439,1,0,0,0,0,0,1,train
1,0.5901639344262296,0.0,0.0,0.0,0.0526315789473684,0.2483754512635378,0.0700708162504658,0,0,0,1,0,0,0,train
1,0.6557377049180328,0.0,0.0,0.0,0.0,0.2483754512635378,0.0286992172940737,0,0,0,1,0,0,0,train
1,0.6229508196721312,0.0,0.0,0.0,0.0,0.2483754512635378,0.0003727171077152,0,0,1,0,0,0,0,train
1,0.0983606557377049,0.0,0.0,0.0,0.0,0.2483754512635378,0.0007454342154304,0,0,0,0,0,1,0,train
1,0.639344262295082,0.0,0.0,0.0,0.0263157894736842,0.2490974729241877,0.0074543421543048,0,0,0,1,0,0,0,train
1,0.7868852459016394,0.0,0.0,0.0,0.0789473684210526,0.2418772563176895,0.0007454342154304,1,0,0,0,0,0,0,train
1,0.3114754098360656,0.0,0.0,0.0,0.0526315789473684,0.2490974729241877,0.0119269474468878,1,0,0,0,0,0,1,train
1,0.4426229508196722,0.0,0.0,0.0,0.0526315789473684,0.2483754512635378,0.1338054416697726,0,0,1,0,0,0,0,train
1,0.0819672131147541,0.0,0.0,0.0,0.0,0.2483754512635378,0.0719344017890421,1,0,0,0,0,0,1,test
1,0.2622950819672132,0.0,0.0,0.0,0.0526315789473684,0.2490974729241877,0.0085724934774506,1,0,0,0,0,0,0,train
0,0.0819672131147541,0.0,0.0,0.0,0.0263157894736842,0.2483754512635378,0.0003727171077152,1,0,0,0,0,0,0,train
1,0.5245901639344263,0.0,0.0,0.0,0.0263157894736842,0.2462093862815884,0.0003727171077152,0,0,1,0,0,0,0,test
0,0.3114754098360656,0.0,0.0,0.0,0.0,0.2483754512635378,0.0,0,0,1,0,0,0,0,test
1,0.4262295081967213,0.0,0.0,0.0,0.1052631578947368,0.2490974729241877,0.0003727171077152,0,0,1,0,0,0,0,train
1,0.1475409836065574,0.0,0.0,0.0,0.0,0.2483754512635378,0.0011181513231457,1,0,0,0,0,0,0,val
0,0.1639344262295082,0.0,0.0,0.0,0.0,0.2490974729241877,0.010808796123742,1,0,0,0,0,0,0,train
1,0.4098360655737705,0.0,0.0,0.0,0.2894736842105263,0.2844765342960288,0.1431233693626537,0,0,1,0,0,0,1,test
1,0.3278688524590164,0.0,0.0,0.0,0.0526315789473684,0.2483754512635378,0.0,1,0,0,0,0,0,0,val
1,0.1475409836065574,0.0,0.0,0.0,0.0526315789473684,0.2231046931407942,0.0134178158777487,0,0,1,0,0,0,0,test
0,0.1639344262295082,0.0,0.0,0.0,0.0263157894736842,0.2483754512635378,0.0294446515095042,1,0,0,0,0,0,0,train
1,0.3278688524590164,0.0,0.0,0.0,0.3947368421052631,0.2483754512635378,0.0007454342154304,1,0,0,0,0,0,0,train
1,0.1639344262295082,0.0,0.0,0.0,0.0526315789473684,0.2483754512635378,0.0003727171077152,1,0,0,0,0,0,0,test
1,0.4426229508196722,0.0,0.0,0.0,0.0789473684210526,0.3241877256317689,0.0816250465896384,1,0,0,0,0,0,0,train
1,0.7049180327868853,0.0,0.0,0.0,0.0263157894736842,0.2245487364620938,0.0003727171077152,0,0,1,0,0,0,0,val
0,0.5409836065573771,0.0,0.0,0.0,0.0,0.2483754512635378,0.0249720462169213,0,0,1,0,0,0,1,train
1,0.5409836065573771,0.0,0.0,0.0,0.0,0.2483754512635378,0.0003727171077152,0,0,1,0,0,0,0,train
1,0.4918032786885246,0.0,0.0,0.0,0.0,0.2483754512635378,0.0003727171077152,1,0,0,0,0,0,0,train
0,0.1967213114754099,0.0,0.0,0.0,0.0526315789473684,0.2483754512635378,0.0011181513231457,1,0,0,0,0,0,0,test
0,0.3770491803278689,0.0,0.0,0.0,0.131578947368421,0.2490974729241877,0.0,1,0,0,0,0,0,0,train
1,0.3114754098360656,0.0,0.0,0.0,0.0,0.2483754512635378,0.0048453224002981,1,0,0,0,0,0,0,train
1,0.5901639344262296,0.0,0.0,0.0,0.2894736842105263,0.2483754512635378,0.0484532240029817,1,0,0,0,0,0,0,train
1,0.0819672131147541,0.0,0.0,0.0,0.0526315789473684,0.2483754512635378,0.0268356317554975,1,0,0,0,0,0,0,train
1,0.3770491803278689,0.0,0.0,0.0,0.0,0.2490974729241877,0.0003727171077152,1,0,0,0,0,0,0,train
1,0.5573770491803279,0.0,0.0,0.0,0.0,0.2483754512635378,0.0003727171077152,0,0,1,0,0,0,0,train
1,0.5573770491803279,0.0,0.0,0.0,0.0,0.2483754512635378,0.0052180395080134,1,0,0,0,0,0,0,train
1,0.1639344262295082,0.0,0.0,0.0,0.0263157894736842,0.2469314079422382,0.0011181513231457,0,0,1,0,0,0,0,train
1,0.1967213114754099,0.0,0.0,0.1176470588235294,0.2894736842105263,0.2483754512635378,0.0022363026462914,1,0,0,0,0,0,1,train
1,0.1639344262295082,0.0,0.0,0.0,0.0263157894736842,0.2490974729241877,0.0022363026462914,0,0,1,0,0,0,0,train
1,0.0655737704918033,0.0,0.0,0.0,0.0,0.2483754512635378,0.0003727171077152,1,0,0,0,0,0,0,train
1,0.1967213114754099,0.0,0.0,0.0,0.1052631578947368,0.2490974729241877,0.0,1,0,0,0,0,0,0,test
1,0.1147540983606557,0.0,0.0,0.0,0.1052631578947368,0.2490974729241877,0.0003727171077152,0,0,0,1,0,0,0,train
1,0.2295081967213115,0.0,0.125,0.0,0.3684210526315789,0.2483754512635378,0.0003727171077152,1,0,0,0,0,0,0,test
1,0.1311475409836066,0.0,0.125,0.0,0.1052631578947368,0.7176895306859206,0.0283265001863585,1,0,0,0,0,0,0,train
1,0.5737704918032788,0.0,0.0,0.0,0.0263157894736842,0.2483754512635378,0.0003727171077152,0,0,1,0,0,0,0,train
1,0.1147540983606557,0.0,0.0,0.0,0.0,0.2490974729241877,0.0,1,0,0,0,0,0,0,test
0,0.3114754098360656,0.0,0.0,0.0,0.0,0.2483754512635378,0.0003727171077152,0,0,0,0,0,1,0,train
0,0.3606557377049181,0.0,0.0,0.0,0.0789473684210526,0.2483754512635378,0.0003727171077152,0,0,0,0,0,1,0,train
1,0.2950819672131147,0.0,0.0,0.0,0.2105263157894736,0.3574007220216606,0.0081997763697353,0,0,1,0,0,0,1,train
1,0.1967213114754099,0.0,0.0,0.0,0.1052631578947368,0.148014440433213,0.0231084606783451,0,0,1,0,0,0,0,test
1,0.0655737704918033,0.0,0.0,0.0,0.0789473684210526,0.3653429602888086,0.0059634737234439,1,0,0,0,0,0,1,train
0,0.0983606557377049,0.0,0.0,0.0,0.0263157894736842,0.2259927797833935,0.0003727171077152,0,0,1,0,0,0,1,train
0,0.2131147540983606,0.0,0.0,0.0,0.0,0.2483754512635378,0.0003727171077152,0,0,0,1,0,0,0,train
1,0.0983606557377049,0.0,0.0,0.0,0.0,0.2469314079422382,0.0003727171077152,0,0,0,1,0,0,0,train
1,0.180327868852459,0.0,0.0,0.0,0.0263157894736842,0.2483754512635378,0.0003727171077152,1,0,0,0,0,0,0,train
1,0.0327868852459016,0.0,0.0,0.0,0.0263157894736842,0.2483754512635378,0.0450987700335445,1,0,0,0,0,0,1,train
1,0.3442622950819672,0.0,0.0,0.0,0.0,0.2483754512635378,0.0003727171077152,0,0,0,0,0,1,0,train
1,0.1475409836065574,0.0,0.0,0.0,0.1052631578947368,0.2483754512635378,0.0048453224002981,1,0,0,0,0,0,0,test
1,0.2131147540983606,0.0,0.0,0.0,0.0526315789473684,0.8353790613718411,0.0040998881848676,0,0,1,0,0,0,0,train
0,0.3114754098360656,0.0,0.0,0.0,0.0526315789473684,0.2490974729241877,0.0052180395080134,1,0,0,0,0,0,0,train
1,0.0327868852459016,0.0,0.0,0.0,0.0,0.2483754512635378,0.0011181513231457,1,0,0,0,0,0,0,test
1,0.0655737704918033,0.0,0.0,0.0588235294117647,0.0,0.2490974729241877,0.0026090197540067,0,0,0,1,0,0,0,train
0,0.5573770491803279,0.0,0.0,0.0,0.0,0.2483754512635378,0.0003727171077152,1,0,0,0,0,0,0,train
0,0.4918032786885246,0.0,0.0,0.0,0.0,0.2483754512635378,0.0007454342154304,1,0,0,0,0,0,0,train
1,0.1147540983606557,0.0,0.0,0.0,0.0,0.2490974729241877,0.0018635855385762,0,0,1,0,0,0,0,train
1,0.1475409836065574,0.0,0.0,0.0,0.0,0.2483754512635378,0.090197540067089,0,0,1,0,0,0,1,test
0,0.0655737704918033,0.0,0.0,0.0,0.0263157894736842,0.2483754512635378,0.0003727171077152,0,0,1,0,0,0,0,train
1,0.278688524590164,0.0,0.0,0.0,0.0526315789473684,0.2483754512635378,0.0972791651136787,1,0,0,0,0,0,0,train
1,0.2295081967213115,0.0,0.0,0.0,0.0526315789473684,0.0815884476534296,0.0149086843086097,0,0,1,0,0,0,0,train
0,0.3770491803278689,0.0,0.0,0.0,0.0526315789473684,0.2483754512635378,0.0003727171077152,1,0,0,0,0,0,0,train
0,0.1147540983606557,0.0,0.0,0.0,0.0,0.2483754512635378,0.0003727171077152,0,0,0,0,0,1,0,train
1,0.4262295081967213,0.0,0.0,0.0,0.631578947368421,0.2873646209386281,0.0439806187103988,1,0,0,0,0,0,0,train
1,0.4098360655737705,0.0,0.0,0.0,0.0,0.2483754512635378,0.015281401416325,1,0,0,0,0,0,0,train
1,0.3114754098360656,0.0,0.0,0.0,0.0789473684210526,0.2462093862815884,0.0011181513231457,0,0,1,0,0,0,0,train
1,0.1639344262295082,0.0,0.0,0.0,0.0789473684210526,0.4649819494584837,0.0011181513231457,1,0,0,0,0,0,1,train
1,0.8524590163934428,0.0,0.0,0.0,0.0263157894736842,0.23971119133574,0.0048453224002981,0,0,1,0,0,0,0,test
1,0.459016393442623,0.0,0.0,0.0,0.0789473684210526,0.2483754512635378,0.0052180395080134,0,0,1,0,0,0,0,train
1,0.1311475409836066,0.0,0.0,0.0,0.0263157894736842,0.2483754512635378,0.0040998881848676,1,0,0,0,0,0,1,train
1,0.2622950819672132,0.0,0.0,0.0,0.131578947368421,0.2483754512635378,0.0003727171077152,0,0,1,0,0,0,0,train
1,0.2622950819672132,0.0,0.0,0.0,0.131578947368421,0.2483754512635378,0.0003727171077152,1,0,0,0,0,0,0,test
1,0.1967213114754099,0.0,0.0,0.0,0.0526315789473684,0.1891696750902527,0.0309355199403652,1,0,0,0,0,0,0,train
1,0.0983606557377049,0.0,0.0,0.0,0.0,0.2483754512635378,0.0003727171077152,0,0,0,0,0,1,0,train
1,0.2459016393442623,0.0,0.0,0.0,0.0263157894736842,0.1819494584837545,0.0003727171077152,0,0,1,0,0,0,1,train
1,0.6557377049180328,0.0,0.0,0.0,0.0526315789473684,0.2483754512635378,0.0007454342154304,0,0,1,0,0,0,0,train
0,0.0491803278688524,0.0,0.0,0.0,0.0,0.2490974729241877,0.0003727171077152,1,0,0,0,0,0,0,train
1,0.0491803278688524,0.0,0.0,0.0,0.0263157894736842,0.2231046931407942,0.0040998881848676,1,0,0,0,0,0,0,train
1,0.7213114754098361,0.0,0.0,0.0,0.0,0.2490974729241877,0.0003727171077152,0,0,1,0,0,0,0,train
1,0.3114754098360656,0.0,0.0,0.0,0.131578947368421,0.2483754512635378,0.0040998881848676,0,0,1,0,0,0,0,test
0,0.2295081967213115,0.0,0.0,0.0,0.131578947368421,0.2490974729241877,0.0,1,0,0,0,0,0,0,test
1,0.0819672131147541,0.0,0.0,0.0,0.0,0.2483754512635378,0.0052180395080134,0,0,0,1,0,0,0,train
1,0.1475409836065574,0.0,0.0,0.0,0.0,0.2490974729241877,0.0003727171077152,1,0,0,0,0,0,0,train
0,0.3934426229508196,0.0,0.0,0.0,0.0,0.2469314079422382,0.0070816250465896,0,0,1,0,0,0,0,train
1,0.0983606557377049,0.0,0.125,0.0,0.2368421052631578,0.2483754512635378,0.0018635855385762,0,0,0,0,0,1,1,train
1,0.1475409836065574,0.0,0.0,0.0,0.0,0.2490974729241877,0.0063361908311591,1,0,0,0,0,0,0,train
0,0.5409836065573771,0.0,0.0,0.0,0.0,0.2490974729241877,0.0003727171077152,0,0,1,0,0,0,0,train
1,0.6229508196721312,0.0,0.0,0.0,0.0,0.2490974729241877,0.0003727171077152,0,0,1,0,0,0,0,test
1,0.180327868852459,0.0,0.0,0.0,0.1842105263157894,0.2483754512635378,0.0003727171077152,1,0,0,0,0,0,0,test
1,0.5737704918032788,0.0,0.0,0.0,0.1578947368421052,0.1220216606498194,0.0648527767424524,0,0,1,0,0,0,0,train
1,0.1475409836065574,0.0,0.0,0.0,0.2105263157894736,0.2483754512635378,0.0890793887439433,0,0,1,0,0,0,0,train
1,0.0983606557377049,0.0,0.125,0.0,0.0526315789473684,0.2483754512635378,0.0197540067089079,1,0,0,0,0,0,1,train
1,0.1639344262295082,0.0,0.0,0.0,0.0526315789473684,0.2490974729241877,0.0003727171077152,0,0,1,0,0,0,1,train
1,0.0491803278688524,0.0,0.125,0.0,0.0789473684210526,0.2332129963898916,0.0089452105851658,0,0,0,1,0,0,0,train
0,0.2950819672131147,0.0,0.0,0.0,0.0,0.2483754512635378,0.0044726052925829,1,0,0,0,0,0,0,train
0,0.0819672131147541,0.0,0.0,0.0,0.0263157894736842,0.2490974729241877,0.0037271710771524,0,0,0,1,0,0,0,train
1,0.1639344262295082,0.0,0.0,0.0,0.0263157894736842,0.2462093862815884,0.0003727171077152,0,0,1,0,0,0,0,train
1,0.2950819672131147,0.0,0.0,0.0,0.0,0.2483754512635378,0.0003727171077152,0,0,1,0,0,0,0,train
1,0.0983606557377049,0.0,0.0,0.0,0.0,0.2483754512635378,0.0003727171077152,1,0,0,0,0,0,0,train
1,0.180327868852459,0.0,0.0,0.0,0.0,0.2483754512635378,0.0003727171077152,1,0,0,0,0,0,0,train
0,0.1967213114754099,0.0,0.0,0.0,0.0,0.2490974729241877,0.0014908684308609,0,0,1,0,0,0,0,train
1,0.5409836065573771,0.0,0.0,0.0,0.0263157894736842,0.2483754512635378,0.0003727171077152,0,0,0,1,0,0,0,test
1,0.2459016393442623,0.0,0.0,0.0,0.0789473684210526,0.1812274368231047,0.0011181513231457,0,0,0,0,0,1,0,train
0,0.1147540983606557,0.0,0.0,0.0,0.0526315789473684,0.1870036101083032,0.0100633619083115,1,0,0,0,0,0,0,train
1,0.2295081967213115,0.0,0.125,0.0,0.3157894736842105,0.2483754512635378,0.0007454342154304,1,0,0,0,0,0,1,train
1,0.0819672131147541,0.0,0.0,0.0588235294117647,0.0263157894736842,0.2490974729241877,0.0003727171077152,1,0,0,0,0,0,0,val
1,0.4754098360655738,0.0,0.0,0.0,0.0789473684210526,0.2490974729241877,0.0003727171077152,1,0,0,0,0,0,0,val
1,0.3114754098360656,0.0,0.0,0.0,0.0,0.2483754512635378,0.0007454342154304,0,0,1,0,0,0,0,train
1,0.1475409836065574,0.0,0.0,0.0,0.0,0.2483754512635378,0.0007454342154304,0,0,0,1,0,0,0,val
1,0.3442622950819672,0.0,0.0,0.0,0.0,0.2483754512635378,0.0003727171077152,0,0,0,0,0,1,0,train
0,0.0491803278688524,0.0,0.0,0.1176470588235294,0.0,0.2490974729241877,0.0,0,0,1,0,0,0,0,test
1,0.836065573770492,0.0,0.0,0.0,0.0,0.2483754512635378,0.0003727171077152,0,0,1,0,0,0,0,train
1,0.0491803278688524,0.0,0.0,0.0,0.0526315789473684,0.2483754512635378,0.0011181513231457,0,0,1,0,0,0,0,train
1,0.0655737704918033,0.0,0.0,0.0,0.0,0.247653429602888,0.0,0,0,1,0,0,0,0,train
1,0.5081967213114754,0.0,0.0,0.0,0.0789473684210526,0.2490974729241877,0.0018635855385762,1,0,0,0,0,0,0,train
1,0.180327868852459,0.0,0.0,0.0588235294117647,0.0526315789473684,0.2483754512635378,0.0003727171077152,1,0,0,0,0,0,0,train
0,0.6885245901639345,0.0,0.0,0.0,0.0,0.2483754512635378,0.0003727171077152,0,0,1,0,0,0,0,test
0,0.1311475409836066,0.0,0.0,0.0,0.0,0.2483754512635378,0.0600074543421543,1,0,0,0,0,0,0,train
1,0.2622950819672132,0.0,0.0,0.0,0.0526315789473684,0.2830324909747292,0.0775251584047707,0,0,0,1,0,0,1,train
0,0.0327868852459016,0.05,0.0,0.0,0.0263157894736842,0.2339350180505415,0.0331718225866567,0,0,0,0,0,1,0,train
1,0.2950819672131147,0.0,0.0,0.0,0.0263157894736842,0.2490974729241877,0.0,0,0,0,1,0,0,0,test
1,0.1967213114754099,0.0,0.0,0.0,0.0,0.2490974729241877,0.0007454342154304,0,0,1,0,0,0,0,test
1,0.0491803278688524,0.0,0.125,0.0,0.0263157894736842,0.2483754512635378,0.0,1,0,0,0,0,0,0,train
1,0.639344262295082,0.0,0.0,0.0,0.4736842105263157,0.2483754512635378,0.1688408497950055,1,0,0,0,0,0,0,train
1,0.2622950819672132,0.0,0.0,0.0,0.0263157894736842,0.2490974729241877,0.0,0,0,1,0,0,0,0,val
0,0.5737704918032788,0.0,0.0,0.0,0.0263157894736842,0.2483754512635378,0.0003727171077152,0,0,1,0,0,0,0,val
0,0.0983606557377049,0.0,0.0,0.0,0.0,0.2483754512635378,0.0003727171077152,1,0,0,0,0,0,0,train
1,0.3934426229508196,0.0,0.0,0.0,0.0263157894736842,0.2404332129963898,0.0014908684308609,1,0,0,0,0,0,0,train
1,0.1639344262295082,0.0,0.0,0.0,0.0263157894736842,0.2483754512635378,0.0007454342154304,1,0,0,0,0,0,0,test
1,0.0983606557377049,0.0,0.0,0.0,0.0263157894736842,0.2231046931407942,0.0134178158777487,0,0,1,0,0,0,0,train
1,0.0655737704918033,0.0,0.0,0.0,0.1052631578947368,0.2483754512635378,0.0737979873276183,1,0,0,0,0,0,1,train
1,0.0491803278688524,0.0,0.0,0.0,0.0789473684210526,0.2433212996389891,0.0022363026462914,0,0,1,0,0,0,0,train
1,0.278688524590164,0.0,0.0,0.0,0.0526315789473684,0.2483754512635378,0.0018635855385762,1,0,0,0,0,0,0,test
1,0.5737704918032788,0.0,0.0,0.0,0.0526315789473684,0.2483754512635378,0.0003727171077152,1,0,0,0,0,0,0,test
1,0.6885245901639345,0.0,0.0,0.0,0.0263157894736842,0.2483754512635378,0.0570257174804323,1,0,0,0,0,0,0,test
1,0.180327868852459,0.0,0.0,0.0,0.1842105263157894,0.2483754512635378,0.0014908684308609,1,0,0,0,0,0,0,train
1,0.4918032786885246,0.05,0.0,0.0,0.6052631578947368,0.2483754512635378,0.1043607901602683,0,0,1,0,0,0,1,train
0,0.5573770491803279,0.0,0.0,0.0,0.0,0.2490974729241877,0.0,0,0,1,0,0,0,0,train
1,0.1639344262295082,0.0,0.0,0.0,0.131578947368421,0.2490974729241877,0.0055907566157286,1,0,0,0,0,0,0,train
1,0.2459016393442623,0.0,0.0,0.0,0.0789473684210526,0.2490974729241877,0.0,0,0,1,0,0,0,0,test
0,0.1639344262295082,0.0,0.0,0.0,0.0,0.2483754512635378,0.0007454342154304,0,0,0,1,0,0,0,train
1,0.180327868852459,0.05,0.0,0.0,0.0526315789473684,0.2483754512635378,0.0007454342154304,1,0,0,0,0,0,0,train
1,0.1311475409836066,0.0,0.0,0.1176470588235294,0.1578947368421052,0.2245487364620938,0.0178904211703317,1,0,0,0,0,0,0,train
1,0.1147540983606557,0.0,0.0,0.0,0.0,0.2490974729241877,0.0,0,0,1,0,0,0,0,train
1,0.8196721311475411,0.0,0.0,0.0,0.0526315789473684,0.1407942238267148,0.0003727171077152,0,0,1,0,0,0,0,train
1,0.6229508196721312,0.0,0.0,0.0,0.131578947368421,0.2483754512635378,0.0532985464032799,1,0,0,0,0,0,0,train
1,0.1475409836065574,0.0,0.0,0.0,0.2368421052631578,0.2483754512635378,0.0160268356317555,1,0,0,0,0,0,1,test
1,0.2295081967213115,0.0,0.0,0.0,0.0789473684210526,0.2490974729241877,0.0014908684308609,1,0,0,0,0,0,0,train
1,0.6885245901639345,0.0,0.0,0.0,0.1052631578947368,0.2483754512635378,0.0003727171077152,0,0,0,0,0,1,0,train
1,0.0819672131147541,0.0,0.0,0.0,0.0263157894736842,0.2454873646209386,0.0018635855385762,0,0,0,1,0,0,0,train
0,0.3442622950819672,0.0,0.0,0.0,0.0,0.247653429602888,0.0003727171077152,0,0,1,0,0,0,0,test
1,0.6229508196721312,0.0,0.0,0.0,0.0,0.2483754512635378,0.0003727171077152,0,0,1,0,0,0,0,train
0,0.0655737704918033,0.0,0.0,0.0,0.0,0.2490974729241877,0.0,1,0,0,0,0,0,0,train
1,0.5737704918032788,0.0,0.0,0.0,0.2894736842105263,0.2483754512635378,0.0409988818486768,1,0,0,0,0,0,0,train
1,0.0491803278688524,0.0,0.0,0.0,0.0,0.2490974729241877,0.0,0,0,0,1,0,0,0,train
1,0.0655737704918033,0.0,0.0,0.0,0.0,0.2483754512635378,0.0007454342154304,0,0,1,0,0,0,0,train
0,0.6557377049180328,0.0,0.0,0.0,0.0526315789473684,0.2324909747292418,0.0063361908311591,0,0,1,0,0,0,0,train
1,0.3934426229508196,0.0,0.0,0.0,0.0263157894736842,0.2483754512635378,0.0007454342154304,0,0,0,0,0,1,0,val
1,0.180327868852459,0.0,0.0,0.0,0.0,0.2490974729241877,0.0018635855385762,0,0,1,0,0,0,1,test
1,0.180327868852459,0.0,0.0,0.0,0.2105263157894736,0.3776173285198556,0.0327991054789414,1,0,0,0,0,0,0,train
1,0.0655737704918033,0.0,0.0,0.0,0.0789473684210526,0.2483754512635378,0.0022363026462914,1,0,0,0,0,0,0,test
1,0.3114754098360656,0.0,0.0,0.0,0.0,0.2490974729241877,0.0,0,0,1,0,0,0,0,train
1,0.1475409836065574,0.0,0.0,0.0,0.0789473684210526,0.2332129963898916,0.0,0,0,1,0,0,0,0,train
1,0.1311475409836066,0.0,0.0,0.0,0.0789473684210526,0.2490974729241877,0.0003727171077152,1,0,0,0,0,0,0,train
1,0.2459016393442623,0.0,0.0,0.0,0.0,0.2483754512635378,0.0003727171077152,0,0,1,0,0,0,0,val
1,0.180327868852459,0.0,0.0,0.0,0.0526315789473684,0.2483754512635378,0.0003727171077152,1,0,0,0,0,0,0,train
1,0.2950819672131147,0.0,0.0,0.0,0.0526315789473684,0.2483754512635378,0.0003727171077152,0,0,1,0,0,0,0,val
0,0.0983606557377049,0.0,0.0,0.0,0.0,0.2490974729241877,0.0,0,0,1,0,0,0,0,train
1,0.2622950819672132,0.0,0.0,0.0,0.0,0.2490974729241877,0.0,0,0,1,0,0,0,0,train
1,0.1147540983606557,0.0,0.0,0.0,0.0526315789473684,0.2483754512635378,0.0007454342154304,0,0,0,1,0,0,1,train
1,0.1639344262295082,0.0,0.0,0.0,0.0526315789473684,0.0592057761732852,0.0052180395080134,0,0,0,1,0,0,1,train
1,0.0983606557377049,0.0,0.0,0.0,0.0263157894736842,0.2483754512635378,0.0003727171077152,1,0,0,0,0,0,1,train
1,0.7049180327868853,0.0,0.0,0.0,0.1052631578947368,0.2483754512635378,0.0007454342154304,0,0,1,0,0,0,0,test
0,0.5245901639344263,0.0,0.0,0.0,0.0789473684210526,0.2490974729241877,0.0,1,0,0,0,0,0,0,train
1,0.1967213114754099,0.0,0.0,0.0,0.0263157894736842,0.2490974729241877,0.0014908684308609,1,0,0,0,0,0,0,train
1,0.3278688524590164,0.0,0.0,0.0,0.131578947368421,0.2483754512635378,0.0003727171077152,1,0,0,0,0,0,0,val
1,0.0983606557377049,0.0,0.0,0.0,0.0,0.2483754512635378,0.0003727171077152,0,0,1,0,0,0,0,train
1,0.4426229508196722,0.0,0.0,0.0,0.4210526315789473,0.1891696750902527,0.0242266120014908,1,0,0,0,0,0,0,val
1,0.0327868852459016,0.0,0.0,0.0588235294117647,0.0,0.2483754512635378,0.0089452105851658,0,0,0,0,0,1,1,test
1,0.1475409836065574,0.0,0.0,0.0,0.3421052631578947,0.2483754512635378,0.0,1,0,0,0,0,0,1,train
0,0.5409836065573771,0.0,0.0,0.0,0.4210526315789473,0.1610108303249097,0.0245993291092061,1,0,0,0,0,0,0,train
1,0.1639344262295082,0.0,0.0,0.0,0.0263157894736842,0.2490974729241877,0.0081997763697353,0,0,1,0,0,0,1,train
1,0.1311475409836066,0.05,0.125,0.0,0.2631578947368421,0.2483754512635378,0.0,1,0,0,0,0,0,1,train
1,0.1639344262295082,0.0,0.0,0.0,0.131578947368421,0.2483754512635378,0.0003727171077152,1,0,0,0,0,0,0,test
1,0.7377049180327869,0.0,0.0,0.0,0.0526315789473684,0.2469314079422382,0.0018635855385762,0,0,1,0,0,0,0,train
1,0.3934426229508196,0.0,0.0,0.0,0.0,0.2490974729241877,0.0003727171077152,1,0,0,0,0,0,0,val
1,0.0819672131147541,0.05,0.25,0.1176470588235294,0.1578947368421052,0.2483754512635378,0.0081997763697353,1,0,0,0,0,0,0,train
1,0.5901639344262296,0.0,0.0,0.0,0.0526315789473684,0.2303249097472924,0.0003727171077152,1,0,0,0,0,0,0,test
1,0.278688524590164,0.0,0.0,0.0,0.0263157894736842,0.2483754512635378,0.0003727171077152,1,0,0,0,0,0,0,train
1,0.0327868852459016,0.0,0.0,0.0,0.0263157894736842,0.2490974729241877,0.0003727171077152,1,0,0,0,0,0,1,test
1,0.5409836065573771,0.0,0.0,0.0,0.0,0.2490974729241877,0.0130450987700335,0,0,1,0,0,0,0,train
1,0.0983606557377049,0.0,0.0,0.0,0.0,0.2490974729241877,0.0003727171077152,0,0,0,1,0,0,0,train
1,0.3114754098360656,0.0,0.0,0.0,0.0789473684210526,0.2389891696750902,0.0026090197540067,0,0,1,0,0,0,0,train
1,0.4754098360655738,0.0,0.0,0.0,0.0789473684210526,0.2483754512635378,0.0003727171077152,0,0,1,0,0,0,0,train
1,0.6229508196721312,0.0,0.0,0.0,0.0,0.247653429602888,0.0003727171077152,0,0,1,0,0,0,0,train
1,0.278688524590164,0.0,0.0,0.0,0.0,0.2483754512635378,0.0376444278792396,0,1,0,0,0,0,0,val
1,0.6557377049180328,0.0,0.0,0.0,0.0263157894736842,0.2411552346570397,0.0037271710771524,0,0,0,1,0,0,0,test
1,0.180327868852459,0.0,0.0,0.0,0.0526315789473684,0.2303249097472924,0.0003727171077152,0,0,0,1,0,0,0,train
0,0.0983606557377049,0.0,0.0,0.0588235294117647,0.1578947368421052,0.2490974729241877,0.0003727171077152,0,0,1,0,0,0,1,test
1,0.0491803278688524,0.0,0.0,0.2352941176470588,0.0526315789473684,0.2483754512635378,0.0033544539694371,0,0,1,0,0,0,1,test
1,0.1311475409836066,0.0,0.0,0.0,0.0263157894736842,0.2483754512635378,0.0003727171077152,1,0,0,0,0,0,0,train
0,0.1967213114754099,0.0,0.0,0.0,0.0,0.2483754512635378,0.0003727171077152,0,0,1,0,0,0,0,train
1,0.180327868852459,0.0,0.0,0.0,0.0,0.2490974729241877,0.0033544539694371,0,0,1,0,0,0,1,train
1,0.5901639344262296,0.0,0.0,0.0,0.0,0.2483754512635378,0.0003727171077152,1,0,0,0,0,0,0,train
1,0.180327868852459,0.0,0.0,0.0,0.1052631578947368,0.2483754512635378,0.0029817368617219,1,0,0,0,0,0,1,train
0,0.6721311475409837,0.0,0.0,0.0,0.0,0.247653429602888,0.0003727171077152,0,0,1,0,0,0,0,train
1,0.3278688524590164,0.0,0.0,0.0,0.0,0.2490974729241877,0.0003727171077152,1,0,0,0,0,0,0,train
1,0.180327868852459,0.0,0.0,0.0,0.1052631578947368,0.2108303249097473,0.0286992172940737,1,0,0,0,0,0,1,train
1,0.5573770491803279,0.0,0.0,0.0,0.5263157894736842,0.2483754512635378,0.0011181513231457,0,0,0,1,0,0,0,train
1,0.1475409836065574,0.0,0.0,0.0,0.0526315789473684,0.2490974729241877,0.0,0,0,1,0,0,0,0,train
1,0.5409836065573771,0.0,0.0,0.0,0.0263157894736842,0.2483754512635378,0.0,0,0,1,0,0,0,0,test
1,0.278688524590164,0.0,0.0,0.0,0.0263157894736842,0.2490974729241877,0.027581065970928,0,0,1,0,0,0,0,train
1,0.5573770491803279,0.0,0.0,0.0,0.1052631578947368,0.2483754512635378,0.0003727171077152,0,0,1,0,0,0,0,test
0,0.278688524590164,0.0,0.0,0.0,0.3157894736842105,0.2101083032490974,0.0,1,0,0,0,0,0,0,val
1,0.4918032786885246,0.0,0.0,0.0,0.3157894736842105,0.2490974729241877,0.0003727171077152,0,0,0,0,0,1,0,train
0,0.1311475409836066,0.0,0.0,0.0,0.0,0.2483754512635378,0.0003727171077152,1,0,0,0,0,0,0,train
0,0.4918032786885246,0.0,0.0,0.0,0.0,0.2490974729241877,0.0003727171077152,0,0,1,0,0,0,0,test
1,0.1967213114754099,0.0,0.0,0.0,0.1842105263157894,0.2483754512635378,0.0141632500931792,0,0,0,1,0,0,0,val
1,0.1639344262295082,0.0,0.0,0.0,0.0526315789473684,0.2483754512635378,0.0007454342154304,0,0,0,0,0,1,0,train
1,0.2459016393442623,0.0,0.0,0.0,0.0526315789473684,0.2490974729241877,0.0003727171077152,1,0,0,0,0,0,0,train
0,0.2622950819672132,0.0,0.0,0.0,0.1578947368421052,0.2483754512635378,0.0003727171077152,1,0,0,0,0,0,0,train
1,0.1147540983606557,0.0,0.0,0.0,0.0,0.2490974729241877,0.0,0,0,0,0,0,1,0,train
1,0.0983606557377049,0.0,0.0,0.0,0.0,0.2490974729241877,0.0022363026462914,0,0,1,0,0,0,0,train
1,0.6065573770491803,0.0,0.0,0.0,0.0,0.2931407942238267,0.0167722698471859,1,0,0,0,0,0,1,test
1,0.5573770491803279,0.0,0.0,0.0,0.1052631578947368,0.2490974729241877,0.0003727171077152,1,0,0,0,0,0,0,train
1,0.0983606557377049,0.0,0.0,0.0,0.0,0.2483754512635378,0.0055907566157286,0,0,1,0,0,0,0,train
1,0.0819672131147541,0.0,0.0,0.0,0.0,0.2483754512635378,0.5344763324636601,0,0,1,0,0,0,0,val
1,0.1475409836065574,0.0,0.125,0.1764705882352941,0.1578947368421052,0.2483754512635378,0.0003727171077152,0,0,1,0,0,0,0,train
1,0.2131147540983606,0.0,0.0,0.0,0.0,0.2483754512635378,0.0,1,0,0,0,0,0,0,train
1,0.2295081967213115,0.0,0.0,0.0,0.0263157894736842,0.244043321299639,0.0003727171077152,0,0,1,0,0,0,1,train
1,0.3114754098360656,0.0,0.0,0.0,0.0263157894736842,0.2483754512635378,0.0018635855385762,0,0,0,0,0,1,0,val
1,0.1147540983606557,0.0,0.0,0.0,0.0,0.2490974729241877,0.0055907566157286,0,0,1,0,0,0,0,train
1,0.2295081967213115,0.05,0.125,0.0,0.5263157894736842,0.2490974729241877,0.0003727171077152,0,0,0,1,0,0,0,train
1,0.278688524590164,0.0,0.0,0.0,0.0,0.2483754512635378,0.0007454342154304,1,0,0,0,0,0,0,train
1,0.0983606557377049,0.0,0.0,0.0588235294117647,0.2368421052631578,0.2324909747292418,0.1323145732389116,0,0,1,0,0,0,1,train
1,0.4754098360655738,0.0,0.0,0.0,0.0263157894736842,0.2490974729241877,0.0,0,0,1,0,0,0,0,test
1,0.4262295081967213,0.0,0.0,0.0,0.0263157894736842,0.2490974729241877,0.0,1,0,0,0,0,0,0,train
1,0.0819672131147541,0.0,0.0,0.0,0.0526315789473684,0.2483754512635378,0.0003727171077152,0,0,1,0,0,0,0,train
1,0.3934426229508196,0.0,0.0,0.0,0.2105263157894736,0.2483754512635378,0.0007454342154304,1,0,0,0,0,0,0,val
1,0.6557377049180328,0.0,0.0,0.0,0.1578947368421052,0.2483754512635378,0.0216175922474841,1,0,0,0,0,0,0,train
1,0.1311475409836066,0.0,0.0,0.0588235294117647,0.0789473684210526,0.2483754512635378,0.0376444278792396,1,0,0,0,0,0,0,train
0,0.4918032786885246,0.0,0.0,0.0,0.0,0.2483754512635378,0.0063361908311591,0,0,0,0,0,1,0,train
1,0.0491803278688524,0.0,0.25,0.0,0.0789473684210526,0.2490974729241877,0.015281401416325,1,0,0,0,0,0,1,train
1,0.7377049180327869,0.0,0.0,0.0,0.0263157894736842,0.2425992779783393,0.0022363026462914,0,0,1,0,0,0,0,train
1,0.0655737704918033,0.0,0.125,0.0,0.0789473684210526,0.2411552346570397,0.0029817368617219,1,0,0,0,0,0,1,train
1,0.5245901639344263,0.0,0.0,0.0,0.0789473684210526,0.2483754512635378,0.0003727171077152,1,0,0,0,0,0,0,train
1,0.3278688524590164,0.0,0.0,0.0,0.0,0.2483754512635378,0.0037271710771524,1,0,0,0,0,0,0,test
1,0.3770491803278689,0.0,0.0,0.0,0.0263157894736842,0.2447653429602888,0.0018635855385762,0,0,1,0,0,0,0,train
1,0.1639344262295082,0.4,0.0,0.0588235294117647,0.4210526315789473,0.2483754512635378,0.0093179276928811,1,0,0,0,0,0,1,train
0,0.1967213114754099,0.0,0.0,0.0,0.0,0.2490974729241877,0.0003727171077152,1,0,0,0,0,0,0,train
1,0.0819672131147541,0.0,0.0,0.0,0.0263157894736842,0.2490974729241877,0.0134178158777487,1,0,0,0,0,0,0,val
1,0.3606557377049181,0.0,0.0,0.0,0.131578947368421,0.2490974729241877,0.0033544539694371,0,0,1,0,0,0,0,train
1,0.0983606557377049,0.0,0.0,0.0,0.2105263157894736,0.2490974729241877,0.0,0,0,0,1,0,0,0,train
1,0.4262295081967213,0.0,0.0,0.0,0.2894736842105263,0.2490974729241877,0.0670890793887439,0,0,1,0,0,0,0,val
0,0.278688524590164,0.0,0.0,0.0,0.1578947368421052,0.2483754512635378,0.0178904211703317,1,0,0,0,0,0,1,test
1,0.3934426229508196,0.0,0.0,0.0,0.0,0.2490974729241877,0.0,0,0,1,0,0,0,0,train
1,0.3278688524590164,0.0,0.0,0.0,0.3947368421052631,0.2490974729241877,0.0,1,0,0,0,0,0,0,test
1,0.1311475409836066,0.0,0.0,0.0,0.1052631578947368,0.2490974729241877,0.0,0,0,0,1,0,0,0,train
0,0.1147540983606557,0.0,0.0,0.0,0.0,0.2483754512635378,0.0003727171077152,1,0,0,0,0,0,0,train
1,0.7540983606557378,0.0,0.0,0.0,0.0263157894736842,0.2433212996389891,0.0029817368617219,0,0,0,1,0,0,0,train
0,0.459016393442623,0.0,0.0,0.0,0.0,0.2483754512635378,0.0003727171077152,0,0,1,0,0,0,0,train
1,0.1967213114754099,0.0,0.0,0.0588235294117647,0.131578947368421,0.2483754512635378,0.0003727171077152,1,0,0,0,0,0,1,train
0,0.0655737704918033,0.0,0.0,0.0,0.0,0.2490974729241877,0.0,0,0,1,0,0,0,0,train
1,0.0819672131147541,0.0,0.0,0.0,0.0263157894736842,0.2483754512635378,0.0003727171077152,0,0,1,0,0,0,0,train
1,0.2131147540983606,0.0,0.0,0.0,0.0,0.2483754512635378,0.0003727171077152,0,0,0,1,0,0,0,train
1,0.2131147540983606,0.0,0.0,0.0,0.0263157894736842,0.2483754512635378,0.0003727171077152,0,0,0,0,0,1,0,train
1,0.1639344262295082,0.0,0.0,0.0,0.1052631578947368,0.7884476534296029,0.0193812896011926,1,0,0,0,0,0,0,train
1,0.1147540983606557,0.0,0.0,0.0,0.0,0.2483754512635378,0.0011181513231457,1,0,0,0,0,0,0,train
0,0.0491803278688524,0.0,0.0,0.0,0.0,0.2483754512635378,0.0007454342154304,0,0,1,0,0,0,0,train
1,0.1475409836065574,0.0,0.0,0.0,0.0,0.2483754512635378,0.0003727171077152,1,0,0,0,0,0,0,train
1,0.2295081967213115,0.0,0.0,0.0,0.0263157894736842,0.2296028880866426,0.0,0,0,0,1,0,0,0,train
0,0.0983606557377049,0.0,0.0,0.0588235294117647,0.0,0.2490974729241877,0.0003727171077152,0,0,1,0,0,0,0,train
1,0.0327868852459016,0.05,0.0,0.0,0.0263157894736842,0.2483754512635378,0.0003727171077152,1,0,0,0,0,0,0,train
1,0.1475409836065574,0.0,0.0,0.0,0.0789473684210526,0.2483754512635378,0.0003727171077152,1,0,0,0,0,0,1,val
1,0.3606557377049181,0.0,0.0,0.0,0.0,0.2483754512635378,0.0003727171077152,1,0,0,0,0,0,0,test
1,0.0655737704918033,0.0,0.0,0.0,0.2894736842105263,0.2490974729241877,0.0003727171077152,1,0,0,0,0,0,1,test
0,0.3278688524590164,0.0,0.0,0.0,0.0263157894736842,0.2483754512635378,0.0003727171077152,1,0,0,0,0,0,0,train
1,0.1967213114754099,0.0,0.0,0.0,0.0263157894736842,0.2490974729241877,0.0037271710771524,1,0,0,0,0,0,0,train
1,0.1475409836065574,0.0,0.0,0.0,0.1578947368421052,0.2483754512635378,0.0003727171077152,0,0,1,0,0,0,1,train
0,0.6721311475409837,0.0,0.0,0.0,0.0,0.2490974729241877,0.0,0,0,1,0,0,0,0,train
1,0.3114754098360656,0.0,0.0,0.0,0.0526315789473684,0.247653429602888,0.0003727171077152,0,0,1,0,0,0,0,train
1,0.3278688524590164,0.0,0.0,0.0,0.0,0.2490974729241877,0.0,0,0,1,0,0,0,0,train
1,0.4098360655737705,0.0,0.0,0.0,0.0263157894736842,0.2173285198555956,0.015281401416325,0,0,0,1,0,0,0,val
1,0.1147540983606557,0.0,0.0,0.0,0.1052631578947368,0.2483754512635378,0.0119269474468878,1,0,0,0,0,0,1,val
1,0.5409836065573771,0.0,0.0,0.0,0.0,0.2490974729241877,0.0,0,0,1,0,0,0,0,train
1,0.1967213114754099,0.0,0.0,0.0,0.1578947368421052,0.2483754512635378,0.6865449124114796,0,0,0,1,0,0,1,train
1,0.1639344262295082,0.0,0.0,0.0,0.2631578947368421,0.2490974729241877,0.0029817368617219,1,0,0,0,0,0,0,train
0,0.0819672131147541,0.0,0.0,0.0,0.0789473684210526,0.2483754512635378,0.0197540067089079,0,0,1,0,0,0,0,train
0,0.0655737704918033,0.0,0.0,0.0,0.0,0.2483754512635378,0.0029817368617219,1,0,0,0,0,0,0,train
1,0.2131147540983606,0.0,0.0,0.0,0.0263157894736842,0.2296028880866426,0.0,1,0,0,0,0,0,0,val
1,0.180327868852459,0.0,0.0,0.0,0.0,0.2490974729241877,0.0003727171077152,1,0,0,0,0,0,0,train
1,0.0983606557377049,0.0,0.0,0.0,0.1052631578947368,0.1227436823104693,0.0011181513231457,1,0,0,0,0,0,1,train
1,0.2131147540983606,0.0,0.0,0.0,0.0,0.2490974729241877,0.0018635855385762,0,0,0,1,0,0,0,test
1,0.1475409836065574,0.0,0.0,0.0,0.131578947368421,0.2490974729241877,0.0003727171077152,0,0,1,0,0,0,0,train
1,0.1147540983606557,0.0,0.0,0.0,0.0263157894736842,0.2483754512635378,0.0003727171077152,0,0,1,0,0,0,0,train
1,0.3278688524590164,0.0,0.0,0.0,0.0,0.2483754512635378,0.0007454342154304,1,0,0,0,0,0,0,train
1,0.0655737704918033,0.0,0.0,0.0,0.0,0.2483754512635378,0.0059634737234439,0,0,0,0,0,1,0,train
0,0.6557377049180328,0.0,0.0,0.0,0.1052631578947368,0.2389891696750902,0.0007454342154304,1,0,0,0,0,0,1,val
1,0.0491803278688524,0.0,0.0,0.0588235294117647,0.0,0.2483754512635378,0.0003727171077152,1,0,0,0,0,0,0,test
0,0.0655737704918033,0.0,0.0,0.0,0.0,0.2483754512635378,0.0003727171077152,1,0,0,0,0,0,0,train
1,0.1967213114754099,0.0,0.0,0.0,0.0,0.2483754512635378,0.0011181513231457,1,0,0,0,0,0,0,test
1,0.0655737704918033,0.0,0.0,0.0,0.0526315789473684,0.2202166064981949,0.0298173686172195,0,0,1,0,0,0,1,train
0,0.2131147540983606,0.0,0.0,0.0,0.2631578947368421,0.2483754512635378,0.0003727171077152,1,0,0,0,0,0,0,train
0,0.4426229508196722,0.0,0.0,0.0,0.0263157894736842,0.2490974729241877,0.0003727171077152,0,0,1,0,0,0,0,train
1,0.0819672131147541,0.0,0.0,0.0,0.1052631578947368,0.4801444043321299,0.0335445396943719,1,0,0,0,0,0,0,train
1,0.1475409836065574,0.0,0.0,0.0,0.3421052631578947,0.2483754512635378,0.0644800596347372,1,0,0,0,0,0,1,val
1,0.3278688524590164,0.0,0.0,0.0,0.0263157894736842,0.2483754512635378,0.0007454342154304,0,0,1,0,0,0,1,train
1,0.4754098360655738,0.0,0.0,0.0,0.5263157894736842,0.2483754512635378,0.0007454342154304,1,0,0,0,0,0,0,train
1,0.0655737704918033,0.0,0.125,0.0,0.0789473684210526,0.2483754512635378,0.0003727171077152,1,0,0,0,0,0,0,train
1,0.278688524590164,0.0,0.0,0.0588235294117647,0.0263157894736842,0.2483754512635378,0.0279537830786433,1,0,0,0,0,0,1,train
1,0.7704918032786886,0.0,0.0,0.0,0.0526315789473684,0.2361010830324909,0.0149086843086097,1,0,0,0,0,0,1,train
1,0.278688524590164,0.0,0.0,0.0,0.0,0.2483754512635378,0.0003727171077152,1,0,0,0,0,0,0,val
0,0.2459016393442623,0.0,0.0,0.0,0.0,0.2483754512635378,0.059634737234439,1,0,0,0,0,0,0,train
1,0.5737704918032788,0.0,0.0,0.0,0.0263157894736842,0.2418772563176895,0.0003727171077152,0,0,1,0,0,0,0,train
1,0.5573770491803279,0.0,0.0,0.0,0.0,0.2483754512635378,0.0007454342154304,0,0,0,1,0,0,0,train
1,0.0491803278688524,0.0,0.0,0.0,0.0,0.2483754512635378,0.0052180395080134,1,0,0,0,0,0,0,train
1,0.3114754098360656,0.0,0.0,0.0,0.2894736842105263,0.2483754512635378,0.0044726052925829,1,0,0,0,0,0,0,train
1,0.1967213114754099,0.0,0.0,0.0,0.1052631578947368,0.2483754512635378,0.0026090197540067,0,0,0,0,0,1,1,test
1,0.2459016393442623,0.0,0.0,0.0,0.131578947368421,0.2259927797833935,0.0081997763697353,0,0,1,0,0,0,0,val
1,0.5901639344262296,0.0,0.0,0.0,0.0,0.2490974729241877,0.0,0,0,0,0,0,1,0,train
0,0.2131147540983606,0.0,0.0,0.0,0.0,0.2490974729241877,0.0,1,0,0,0,0,0,0,train
0,0.6721311475409837,0.0,0.0,0.0,0.0526315789473684,0.267870036101083,0.010808796123742,0,0,1,0,0,0,0,train
1,0.1475409836065574,0.0,0.0,0.0,0.0,0.2483754512635378,0.0003727171077152,1,0,0,0,0,0,0,train
1,0.2950819672131147,0.0,0.0,0.0,0.0,0.2483754512635378,0.0003727171077152,1,0,0,0,0,0,1,train
1,0.0655737704918033,0.0,0.0,0.0588235294117647,0.0789473684210526,0.2490974729241877,0.1203876257920238,1,0,0,0,0,0,0,train
0,0.1639344262295082,0.0,0.0,0.0,0.0,0.2483754512635378,0.0003727171077152,0,0,1,0,0,0,0,train
1,0.0819672131147541,0.0,0.0,0.0588235294117647,0.0526315789473684,0.2490974729241877,0.0081997763697353,1,0,0,0,0,0,1,train
1,0.1475409836065574,0.0,0.0,0.0,0.0789473684210526,0.2483754512635378,0.0003727171077152,1,0,0,0,0,0,0,test
1,0.0491803278688524,0.0,0.0,0.0588235294117647,0.0,0.2483754512635378,0.0145359672008945,0,1,0,0,0,0,1,train
0,0.2295081967213115,0.0,0.0,0.0,0.0526315789473684,0.2180505415162454,0.0,1,0,0,0,0,0,0,train
1,0.2131147540983606,0.0,0.0,0.0,0.131578947368421,0.2483754512635378,0.0022363026462914,1,0,0,0,0,0,0,train
1,0.2950819672131147,0.0,0.125,0.0,0.1052631578947368,0.2483754512635378,0.0007454342154304,1,0,0,0,0,0,0,train
1,0.5737704918032788,0.0,0.0,0.0,0.0526315789473684,0.247653429602888,0.0003727171077152,0,0,1,0,0,0,0,train
1,0.0491803278688524,0.05,0.0,0.0,0.0526315789473684,0.0281588447653429,0.1095788296682817,1,0,0,0,0,0,0,train
1,0.2459016393442623,0.0,0.0,0.0,0.1052631578947368,0.4194945848375451,0.6161013790532985,1,0,0,0,0,0,1,train
1,0.1639344262295082,0.0,0.0,0.0,0.0526315789473684,0.2483754512635378,0.0022363026462914,1,0,0,0,0,0,0,train
1,0.0983606557377049,0.0,0.0,0.0,0.0263157894736842,0.2483754512635378,0.0003727171077152,1,0,0,0,0,0,0,train
1,0.4262295081967213,0.0,0.0,0.0,0.0263157894736842,0.2483754512635378,0.0003727171077152,1,0,0,0,0,0,0,train
1,0.459016393442623,0.0,0.0,0.0,0.0,0.2483754512635378,0.0003727171077152,1,0,0,0,0,0,0,train
1,0.3114754098360656,0.0,0.0,0.0,0.1578947368421052,0.2490974729241877,0.0003727171077152,1,0,0,0,0,0,0,train
1,0.1475409836065574,0.0,0.125,0.0,0.2631578947368421,0.2490974729241877,0.0007454342154304,1,0,0,0,0,0,1,train
1,0.3606557377049181,0.0,0.0,0.0,0.0263157894736842,0.2483754512635378,0.0007454342154304,0,0,1,0,0,0,0,train
1,0.5737704918032788,0.0,0.0,0.0,0.0263157894736842,0.2447653429602888,0.0022363026462914,0,0,1,0,0,0,0,train
1,0.1311475409836066,0.0,0.125,0.0,0.2105263157894736,0.2115523465703971,0.0018635855385762,1,0,0,0,0,0,0,test
1,0.1639344262295082,0.0,0.0,0.0,0.0,0.2483754512635378,0.0003727171077152,1,0,0,0,0,0,0,train
1,0.0819672131147541,0.0,0.0,0.0,0.0,0.2490974729241877,0.0,0,0,0,1,0,0,0,val
0,0.459016393442623,0.0,0.0,0.0,0.0526315789473684,0.2483754512635378,0.0368989936638091,0,0,1,0,0,0,0,val
1,0.4426229508196722,0.0,0.0,0.0,0.0,0.2483754512635378,0.0007454342154304,1,0,0,0,0,0,0,train
1,0.0655737704918033,0.0,0.0,0.0,0.0263157894736842,0.2483754512635378,0.0074543421543048,1,0,0,0,0,0,0,train
1,0.1311475409836066,0.0,0.0,0.0,0.0263157894736842,0.2490974729241877,0.0070816250465896,0,0,1,0,0,0,1,train
1,0.7213114754098361,0.0,0.0,0.0,0.0,0.2483754512635378,0.0011181513231457,0,0,1,0,0,0,0,train
1,0.0983606557377049,0.0,0.0,0.0,0.0263157894736842,0.2447653429602888,0.0014908684308609,0,0,0,1,0,0,0,train
1,0.0491803278688524,0.0,0.0,0.0,0.0,0.2483754512635378,0.0003727171077152,0,0,1,0,0,0,0,train
1,0.1147540983606557,0.0,0.0,0.0,0.0,0.2483754512635378,0.0003727171077152,0,0,1,0,0,0,1,train
1,0.8196721311475411,0.0,0.0,0.0,0.0,0.2483754512635378,0.0011181513231457,0,0,1,0,0,0,0,test
1,0.3770491803278689,0.0,0.0,0.0,0.0526315789473684,0.2151624548736462,0.0,0,0,1,0,0,0,0,test
1,0.0491803278688524,0.0,0.0,0.0,0.0263157894736842,0.2483754512635378,0.0003727171077152,0,0,1,0,0,0,0,train
0,0.3114754098360656,0.0,0.0,0.0,0.0263157894736842,0.2483754512635378,0.0007454342154304,0,0,0,1,0,0,0,train
1,0.0655737704918033,0.0,0.0,0.0,0.0,0.2490974729241877,0.0,1,0,0,0,0,0,0,train
1,0.3934426229508196,0.0,0.0,0.0,0.0263157894736842,0.2483754512635378,0.0003727171077152,0,0,1,0,0,0,0,train
1,0.4918032786885246,0.0,0.0,0.0,0.0526315789473684,0.2490974729241877,0.0003727171077152,1,0,0,0,0,0,0,train
0,0.4426229508196722,0.0,0.0,0.0,0.0263157894736842,0.1725631768953068,0.0029817368617219,0,0,1,0,0,0,0,train
1,0.0819672131147541,0.0,0.0,0.0588235294117647,0.1578947368421052,0.2483754512635378,0.0029817368617219,1,0,0,0,0,0,1,train
1,0.0983606557377049,0.0,0.0,0.0,0.0,0.2490974729241877,0.0003727171077152,1,0,0,0,0,0,0,train
1,0.180327868852459,0.0,0.0,0.0,0.0,0.2483754512635378,0.0,1,0,0,0,0,0,0,train
1,0.0983606557377049,0.0,0.0,0.0,0.0,0.2469314079422382,0.0003727171077152,1,0,0,0,0,0,0,train
1,0.5245901639344263,0.0,0.0,0.0,0.2894736842105263,0.2490974729241877,0.0007454342154304,1,0,0,0,0,0,0,train
1,0.0819672131147541,0.0,0.0,0.0,0.0,0.2490974729241877,0.0,1,0,0,0,0,0,0,train
0,0.0655737704918033,0.0,0.0,0.0,0.0,0.2483754512635378,0.0007454342154304,0,0,1,0,0,0,0,test
1,0.2950819672131147,0.0,0.0,0.0,0.0,0.2483754512635378,0.0026090197540067,0,0,0,0,0,1,0,test
0,0.5737704918032788,0.0,0.0,0.0,0.0,0.2490974729241877,0.0014908684308609,0,0,1,0,0,0,0,train
1,0.0983606557377049,0.0,0.0,0.0,0.0263157894736842,0.2223826714801444,0.0074543421543048,0,0,1,0,0,0,0,train
0,0.1147540983606557,0.0,0.0,0.0,0.0263157894736842,0.2490974729241877,0.0,1,0,0,0,0,0,0,test
1,0.8688524590163934,0.0,0.0,0.0,0.2105263157894736,0.2483754512635378,0.0093179276928811,1,0,0,0,0,0,0,test
1,0.3442622950819672,0.0,0.5,0.0,0.2631578947368421,0.2483754512635378,0.013790532985464,1,0,0,0,0,0,0,test
0,0.3114754098360656,0.0,0.0,0.0,0.0,0.2490974729241877,0.013790532985464,1,0,0,0,0,0,0,train
0,0.180327868852459,0.0,0.0,0.0,0.0789473684210526,0.2483754512635378,0.0003727171077152,1,0,0,0,0,0,0,test
0,0.0819672131147541,0.0,0.0,0.0,0.0,0.2483754512635378,0.0003727171077152,0,0,0,0,0,1,0,test
0,0.0819672131147541,0.0,0.0,0.0,0.0,0.2483754512635378,0.0003727171077152,1,0,0,0,0,0,0,train
1,0.1475409836065574,0.0,0.0,0.0,0.0789473684210526,0.2490974729241877,0.0003727171077152,0,0,0,0,1,0,0,train
0,0.5737704918032788,0.0,0.0,0.0,0.0,0.2490974729241877,0.0,1,0,0,0,0,0,0,test
0,0.0819672131147541,0.0,0.0,0.0,0.0,0.2483754512635378,0.0003727171077152,1,0,0,0,0,0,0,train
1,0.1147540983606557,0.0,0.0,0.0,0.1578947368421052,0.2483754512635378,0.0,1,0,0,0,0,0,0,train
1,0.0819672131147541,0.0,0.0,0.0,0.0526315789473684,0.2483754512635378,0.0048453224002981,0,0,0,0,0,1,0,train
1,0.1475409836065574,0.0,0.0,0.0,0.1052631578947368,0.2490974729241877,0.0,1,0,0,0,0,0,1,train
1,0.1311475409836066,0.0,0.0,0.0,0.0526315789473684,0.1725631768953068,0.0,1,0,0,0,0,0,0,train
1,0.180327868852459,0.0,0.0,0.0,0.0263157894736842,0.2483754512635378,0.0014908684308609,1,0,0,0,0,0,0,train
1,0.1639344262295082,0.0,0.0,0.0,0.0,0.2483754512635378,0.0003727171077152,0,0,0,1,0,0,0,train
1,0.2131147540983606,0.0,0.0,0.0,0.0,0.2483754512635378,0.0003727171077152,1,0,0,0,0,0,0,train
1,0.1147540983606557,0.0,0.0,0.0,0.0,0.247653429602888,0.0,0,0,1,0,0,0,0,train
1,0.4754098360655738,0.0,0.0,0.0,0.0,0.2483754512635378,0.0,0,0,1,0,0,0,0,test
1,0.3114754098360656,0.0,0.0,0.0,0.1052631578947368,0.2483754512635378,0.0003727171077152,1,0,0,0,0,0,0,train
0,0.278688524590164,0.0,0.0,0.0,0.1052631578947368,0.2483754512635378,0.0007454342154304,1,0,0,0,0,0,0,train
1,0.0491803278688524,0.0,0.25,0.0588235294117647,0.0526315789473684,0.2483754512635378,0.0022363026462914,0,0,1,0,0,0,1,train
1,0.639344262295082,0.0,0.0,0.0,0.2894736842105263,0.2483754512635378,0.0521803950801341,1,0,0,0,0,0,0,train
1,0.4918032786885246,0.0,0.0,0.0,0.0,0.2483754512635378,0.0040998881848676,0,0,1,0,0,0,0,train
1,0.2950819672131147,0.0,0.0,0.0,0.0,0.2483754512635378,0.0018635855385762,0,0,0,0,0,1,0,test
0,0.3114754098360656,0.0,0.0,0.0,0.0789473684210526,0.2483754512635378,0.0104360790160268,1,0,0,0,0,0,0,test
1,0.2131147540983606,0.0,0.0,0.0,0.0,0.2490974729241877,0.0018635855385762,0,0,1,0,0,0,0,val
1,0.2131147540983606,0.0,0.0,0.0,0.0526315789473684,0.2490974729241877,0.0,0,0,1,0,0,0,0,train
1,0.2295081967213115,0.0,0.0,0.0588235294117647,0.5789473684210527,0.2490974729241877,0.0216175922474841,1,0,0,0,0,0,1,test
0,0.0819672131147541,0.0,0.0,0.0,0.0,0.2483754512635378,0.0003727171077152,0,0,0,0,0,1,0,train
1,0.7377049180327869,0.0,0.0,0.0,0.0,0.2483754512635378,0.0003727171077152,1,0,0,0,0,0,0,train
1,0.1967213114754099,0.0,0.0,0.0,0.0,0.2483754512635378,0.0003727171077152,0,0,0,0,0,1,0,train
1,0.1311475409836066,0.0,0.0,0.0,0.0526315789473684,0.2216606498194945,0.5091315691390235,0,0,1,0,0,0,1,train
1,0.0327868852459016,0.0,0.0,0.1176470588235294,0.0,0.2483754512635378,0.0003727171077152,0,0,1,0,0,0,0,train
0,0.0983606557377049,0.0,0.0,0.0,0.0263157894736842,0.2490974729241877,0.0003727171077152,1,0,0,0,0,0,1,train
0,0.2950819672131147,0.0,0.0,0.0,0.0263157894736842,0.2483754512635378,0.0003727171077152,1,0,0,0,0,0,0,train
1,1.0655737704918034,0.0,0.0,0.0,0.0,0.2490974729241877,0.0003727171077152,0,0,0,1,0,0,0,val
1,0.1639344262295082,0.0,0.0,0.0,0.0526315789473684,0.2490974729241877,0.0,0,0,1,0,0,0,0,train
0,0.2459016393442623,0.0,0.0,0.0,0.0,0.2483754512635378,0.0007454342154304,1,0,0,0,0,0,0,train
1,0.3442622950819672,0.0,0.0,0.0,0.0,0.2490974729241877,0.0,1,0,0,0,0,0,0,train
1,0.180327868852459,0.0,0.0,0.0,0.0789473684210526,0.2490974729241877,0.0,0,0,0,0,0,1,0,train
0,0.0163934426229508,0.05,0.125,0.0,0.0263157894736842,0.3501805054151624,0.0003727171077152,0,0,1,0,0,0,1,train
1,0.2950819672131147,0.0,0.0,0.0,0.2894736842105263,0.1920577617328519,0.0011181513231457,0,0,0,1,0,0,0,train
1,0.278688524590164,0.0,0.0,0.0,0.1842105263157894,0.2483754512635378,0.0003727171077152,1,0,0,0,0,0,0,train
1,0.0983606557377049,0.0,0.0,0.0588235294117647,0.0,0.2483754512635378,0.0003727171077152,1,0,0,0,0,0,0,train
1,0.1311475409836066,0.0,0.0,0.0,0.0,0.8072202166064981,0.0033544539694371,0,0,1,0,0,0,0,train
1,0.1311475409836066,0.0,0.0,0.0,0.2105263157894736,0.2483754512635378,0.0007454342154304,0,0,1,0,0,0,0,train
1,0.5573770491803279,0.0,0.0,0.0,0.1842105263157894,0.2483754512635378,0.3704808050689526,1,0,0,0,0,0,0,val
1,0.1639344262295082,0.0,0.0,0.0,0.3684210526315789,0.2483754512635378,0.0186358553857622,1,0,0,0,0,0,1,train
1,0.2295081967213115,0.0,0.0,0.0,0.0,0.2483754512635378,0.0003727171077152,1,0,0,0,0,0,0,train
0,0.2295081967213115,0.0,0.0,0.0,0.0263157894736842,0.2483754512635378,0.0003727171077152,0,0,1,0,0,0,1,val
1,0.180327868852459,0.0,0.125,0.0,0.4210526315789473,0.2483754512635378,0.6216921356690271,1,0,0,0,0,0,0,train
1,0.4098360655737705,0.0,0.0,0.0,0.0,0.2490974729241877,0.0,0,0,1,0,0,0,0,train
1,0.4754098360655738,0.0,0.0,0.0,0.0526315789473684,0.2469314079422382,0.0,0,0,1,0,0,0,0,train
0,0.0819672131147541,0.0,0.0,0.0,0.0263157894736842,0.2483754512635378,0.0007454342154304,1,0,0,0,0,0,0,train
1,0.3442622950819672,0.0,0.0,0.0,0.0526315789473684,0.2483754512635378,0.0003727171077152,0,0,1,0,0,0,0,train
1,0.2459016393442623,0.0,0.0,0.0,0.0,0.2483754512635378,0.0063361908311591,0,0,0,0,0,1,0,train
1,0.0491803278688524,0.0,0.0,0.0,0.0,0.2483754512635378,0.0003727171077152,0,0,0,0,0,1,1,val
1,0.4098360655737705,0.05,0.0,0.0,0.5263157894736842,0.2490974729241877,0.0085724934774506,1,0,0,0,0,0,0,train
1,0.1147540983606557,0.0,0.125,0.0588235294117647,0.0789473684210526,0.2483754512635378,0.0033544539694371,1,0,0,0,0,0,1,train
1,0.4918032786885246,0.05,0.0,0.0,0.6578947368421052,0.2483754512635378,0.0014908684308609,1,0,0,0,0,0,1,train
1,0.0655737704918033,0.0,0.0,0.0588235294117647,0.0263157894736842,0.2693140794223826,0.0003727171077152,1,0,0,0,0,0,1,train
1,0.5573770491803279,0.05,0.0,0.0,0.2368421052631578,0.2483754512635378,0.0521803950801341,1,0,0,0,0,0,1,train
1,0.1311475409836066,0.0,0.0,0.0,0.131578947368421,0.2483754512635378,0.0059634737234439,0,0,1,0,0,0,1,train
1,0.2622950819672132,0.0,0.0,0.0,0.1052631578947368,0.2483754512635378,0.0003727171077152,1,0,0,0,0,0,0,train
1,0.6229508196721312,0.0,0.0,0.0,0.1052631578947368,0.2483754512635378,0.0,0,0,1,0,0,0,0,train
1,0.180327868852459,0.0,0.0,0.0,0.0526315789473684,0.2483754512635378,0.0003727171077152,1,0,0,0,0,0,0,train
1,0.3114754098360656,0.0,0.0,0.0,0.1578947368421052,0.2483754512635378,0.0048453224002981,1,0,0,0,0,0,1,test
1,0.4098360655737705,0.0,0.0,0.0,0.0789473684210526,0.2483754512635378,0.0003727171077152,0,0,0,0,0,1,0,train
1,0.5409836065573771,0.0,0.0,0.0,0.0,0.2483754512635378,0.0003727171077152,0,0,1,0,0,0,0,train
1,0.0491803278688524,0.0,0.0,0.0588235294117647,0.0263157894736842,0.2483754512635378,0.0007454342154304,1,0,0,0,0,0,0,train
1,0.1311475409836066,0.0,0.125,0.0,0.1052631578947368,0.2483754512635378,0.0003727171077152,1,0,0,0,0,0,1,train
1,0.4918032786885246,0.0,0.0,0.0,0.0263157894736842,0.2490974729241877,0.0126723816623183,0,0,1,0,0,0,0,train
1,0.1311475409836066,0.0,0.0,0.0,0.0,0.2490974729241877,0.0,0,0,1,0,0,0,0,test
1,0.459016393442623,0.0,0.0,0.0,0.0,0.2483754512635378,0.0003727171077152,0,0,1,0,0,0,0,train
1,0.0983606557377049,0.0,0.125,0.0588235294117647,0.1842105263157894,0.2483754512635378,0.0037271710771524,1,0,0,0,0,0,0,train
0,0.0491803278688524,0.0,0.0,0.0,0.0,0.2483754512635378,0.0003727171077152,0,0,1,0,0,0,0,test
1,0.2950819672131147,0.0,0.0,0.0,0.2368421052631578,0.2490974729241877,0.0115542303391725,1,0,0,0,0,0,0,train
1,0.1967213114754099,0.0,0.0,0.0,0.131578947368421,0.2483754512635378,0.5918747670518076,1,0,0,0,0,0,1,test
0,0.0655737704918033,0.0,0.0,0.0,0.0263157894736842,0.2324909747292418,0.0003727171077152,0,0,1,0,0,0,0,train
1,0.1147540983606557,0.0,0.0,0.0,0.0,0.2483754512635378,0.0078270592620201,1,0,0,0,0,0,1,train
1,0.0983606557377049,0.0,0.0,0.0,0.0,0.2483754512635378,0.0134178158777487,1,0,0,0,0,0,0,train
1,0.3442622950819672,0.0,0.0,0.0,0.3421052631578947,0.2483754512635378,0.0,1,0,0,0,0,0,1,train
1,0.459016393442623,0.0,0.0,0.0,0.0,0.2483754512635378,0.0003727171077152,0,0,0,0,0,1,0,test
0,0.1967213114754099,0.0,0.0,0.0,0.1052631578947368,0.2454873646209386,0.0003727171077152,1,0,0,0,0,0,0,train
1,0.3606557377049181,0.0,0.0,0.0,0.0,0.2490974729241877,0.0081997763697353,0,0,1,0,0,0,0,train
0,0.5573770491803279,0.0,0.0,0.0,0.0,0.2483754512635378,0.0007454342154304,1,0,0,0,0,0,0,train
1,0.0819672131147541,0.05,0.0,0.0588235294117647,0.0789473684210526,0.2483754512635378,0.0204994409243384,1,0,0,0,0,0,0,train
0,0.1311475409836066,0.0,0.0,0.0,0.0263157894736842,0.2483754512635378,0.0003727171077152,1,0,0,0,0,0,0,train
1,0.3934426229508196,0.0,0.0,0.0,0.0789473684210526,0.2490974729241877,0.0026090197540067,0,0,1,0,0,0,0,train
1,0.1639344262295082,0.0,0.0,0.0,0.0263157894736842,0.2483754512635378,0.0007454342154304,1,0,0,0,0,0,0,test
1,0.5245901639344263,0.0,0.0,0.0,0.0263157894736842,0.2483754512635378,0.0003727171077152,0,0,1,0,0,0,0,val
1,0.2295081967213115,0.0,0.0,0.0,0.0263157894736842,0.2483754512635378,0.0003727171077152,1,0,0,0,0,0,0,val
1,0.5409836065573771,0.0,0.0,0.0,0.0789473684210526,0.2483754512635378,0.0003727171077152,1,0,0,0,0,0,0,test
1,0.2295081967213115,0.0,0.0,0.0,0.1052631578947368,0.2490974729241877,0.0402534476332463,1,0,0,0,0,0,0,train
0,0.180327868852459,0.0,0.0,0.0,0.0263157894736842,0.2541516245487364,0.0670890793887439,1,0,0,0,0,0,0,train
1,0.4098360655737705,0.0,0.0,0.0,0.0,0.2483754512635378,0.0003727171077152,0,0,0,1,0,0,0,train
1,0.1311475409836066,0.0,0.0,0.0,0.2368421052631578,0.2483754512635378,0.0052180395080134,1,0,0,0,0,0,1,train
1,0.1475409836065574,0.0,0.0,0.0,0.0263157894736842,0.2483754512635378,0.0003727171077152,0,0,0,1,0,0,0,train
0,0.639344262295082,0.0,0.0,0.0,0.0263157894736842,0.2483754512635378,0.0003727171077152,0,0,0,1,0,0,0,test
1,0.2295081967213115,0.0,0.0,0.0,0.0789473684210526,0.2483754512635378,0.0011181513231457,1,0,0,0,0,0,1,train
0,0.3934426229508196,0.0,0.0,0.0,0.0,0.2490974729241877,0.0,0,0,1,0,0,0,0,train
1,0.1311475409836066,0.0,0.0,0.0,0.1052631578947368,0.2115523465703971,0.0007454342154304,0,0,1,0,0,0,0,train
0,0.1639344262295082,0.0,0.0,0.0588235294117647,0.0789473684210526,0.2483754512635378,0.0167722698471859,0,0,1,0,0,0,0,train
0,0.5737704918032788,0.0,0.0,0.0,0.0,0.2483754512635378,0.0003727171077152,0,0,1,0,0,0,0,train
1,0.0983606557377049,0.0,0.0,0.0,0.0,0.2483754512635378,0.0003727171077152,0,0,1,0,0,0,0,val
1,0.1639344262295082,0.0,0.0,0.0,0.0263157894736842,0.2425992779783393,0.0033544539694371,0,0,0,1,0,0,0,train
1,0.1639344262295082,0.0,0.0,0.0,0.0263157894736842,0.2483754512635378,0.0003727171077152,0,0,0,1,0,0,0,train
1,0.1147540983606557,0.0,0.0,0.0,0.0,0.2490974729241877,0.0003727171077152,1,0,0,0,0,0,0,train
1,0.5573770491803279,0.0,0.0,0.0,0.0263157894736842,0.2454873646209386,0.0014908684308609,0,0,1,0,0,0,0,train
1,0.1639344262295082,0.0,0.0,0.0,0.1052631578947368,0.2483754512635378,0.0711889675736116,1,0,0,0,0,0,1,val
1,0.0491803278688524,0.0,0.0,0.0,0.0526315789473684,0.2483754512635378,0.0070816250465896,1,0,0,0,0,0,1,train
1,0.2295081967213115,0.0,0.0,0.0,0.5,0.2483754512635378,0.0055907566157286,1,0,0,0,0,0,1,test
1,0.7377049180327869,0.0,0.0,0.0,0.0789473684210526,0.2483754512635378,0.0819977636973537,1,0,0,0,0,0,0,train
1,0.180327868852459,0.0,0.0,0.0,0.0526315789473684,0.2490974729241877,0.0007454342154304,0,0,1,0,0,0,0,train
1,0.459016393442623,0.0,0.0,0.0,0.0,0.2490974729241877,0.0003727171077152,1,0,0,0,0,0,0,train
1,0.0819672131147541,0.0,0.0,0.0,0.131578947368421,0.2166064981949458,0.012299664554603,1,0,0,0,0,0,1,train
1,0.1475409836065574,0.0,0.0,0.0,0.0263157894736842,0.2469314079422382,0.0026090197540067,1,0,0,0,0,0,0,test
0,0.836065573770492,0.0,0.0,0.0,0.0,0.2490974729241877,0.0,0,0,0,1,0,0,0,test
1,0.4754098360655738,0.0,0.0,0.0,0.0,0.2483754512635378,0.0003727171077152,0,0,0,1,0,0,0,train
1,0.4426229508196722,0.0,0.0,0.0,0.0263157894736842,0.2483754512635378,0.0477077897875512,0,0,0,1,0,0,0,train
0,0.2459016393442623,0.0,0.0,0.0,0.0263157894736842,0.2490974729241877,0.0,0,0,1,0,0,0,0,train
1,0.2295081967213115,0.0,0.0,0.0,0.3684210526315789,0.2483754512635378,0.0014908684308609,1,0,0,0,0,0,1,train
1,0.0983606557377049,0.0,0.0,0.0,0.0526315789473684,0.2483754512635378,0.0003727171077152,1,0,0,0,0,0,0,test
1,0.4754098360655738,0.0,0.0,0.0,0.0,0.2462093862815884,0.0003727171077152,0,0,0,1,0,0,0,train
1,0.1147540983606557,0.0,0.0,0.0,0.0263157894736842,0.2483754512635378,0.0026090197540067,0,0,1,0,0,0,0,train
1,0.0491803278688524,0.0,0.0,0.0,0.0263157894736842,0.2483754512635378,0.0406261647409616,1,0,0,0,0,0,0,train
1,0.0655737704918033,0.05,0.125,0.0,0.1578947368421052,0.2483754512635378,0.0003727171077152,1,0,0,0,0,0,1,train
0,0.1311475409836066,0.0,0.0,0.0,0.0,0.2483754512635378,0.0003727171077152,0,0,1,0,0,0,0,test
1,0.0327868852459016,0.0,0.0,0.0,0.0,0.2483754512635378,0.0003727171077152,0,0,1,0,0,0,0,train
1,0.2459016393442623,0.0,0.0,0.0,0.1842105263157894,0.2490974729241877,0.0294446515095042,1,0,0,0,0,0,1,train
1,0.278688524590164,0.0,0.0,0.0,0.0526315789473684,0.2483754512635378,0.0003727171077152,0,0,1,0,0,0,0,train
1,0.3770491803278689,0.0,0.0,0.0,0.131578947368421,0.2483754512635378,0.0003727171077152,0,0,1,0,0,0,0,test
1,0.0819672131147541,0.0,0.0,0.0,0.0,0.2490974729241877,0.0007454342154304,0,0,1,0,0,0,0,train
1,0.5901639344262296,0.0,0.0,0.0,0.0,0.2483754512635378,0.0007454342154304,1,0,0,0,0,0,0,val
1,0.0655737704918033,0.0,0.0,0.0,0.0,0.2462093862815884,0.0003727171077152,0,0,1,0,0,0,0,test
1,0.1967213114754099,0.0,0.0,0.0,0.0263157894736842,0.2425992779783393,0.0029817368617219,0,0,0,1,0,0,0,train
0,0.0983606557377049,0.0,0.0,0.0,0.0526315789473684,0.283754512635379,0.0003727171077152,0,0,0,1,0,0,1,train
1,0.5901639344262296,0.0,0.0,0.0,0.1052631578947368,0.2483754512635378,0.0711889675736116,1,0,0,0,0,0,1,train
1,0.0655737704918033,0.0,0.0,0.0,0.0526315789473684,0.2483754512635378,0.013790532985464,0,0,1,0,0,0,1,test
1,0.3278688524590164,0.0,0.0,0.0,0.0526315789473684,0.2028880866425992,0.0160268356317555,0,0,1,0,0,0,0,train
1,0.1311475409836066,0.0,0.0,0.0,0.0,0.2483754512635378,0.0003727171077152,1,0,0,0,0,0,1,test
0,0.0327868852459016,0.0,0.0,0.0,0.0,0.2483754512635378,0.0003727171077152,1,0,0,0,0,0,0,train
1,0.6229508196721312,0.0,0.0,0.0,0.0,0.2483754512635378,0.0029817368617219,0,0,0,1,0,0,0,train
1,0.180327868852459,0.0,0.0,0.0,0.0,0.2483754512635378,0.0011181513231457,1,0,0,0,0,0,0,train
0,0.0819672131147541,0.0,0.0,0.0,0.1578947368421052,0.2361010830324909,0.0067089079388743,1,0,0,0,0,0,0,train
1,0.278688524590164,0.0,0.0,0.0,0.0263157894736842,0.2483754512635378,0.0033544539694371,1,0,0,0,0,0,0,train
1,0.0491803278688524,0.0,0.0,0.0,0.0263157894736842,0.2361010830324909,0.0,1,0,0,0,0,0,1,train
1,0.1147540983606557,0.0,0.0,0.0,0.0,0.2483754512635378,0.0003727171077152,0,0,0,1,0,0,0,test
0,0.1967213114754099,0.0,0.0,0.0,0.0789473684210526,0.2483754512635378,0.0096906448005963,1,0,0,0,0,0,0,train
1,0.0819672131147541,0.0,0.0,0.0,0.0526315789473684,0.2483754512635378,0.0022363026462914,1,0,0,0,0,0,1,train
1,0.2295081967213115,0.05,0.0,0.0,0.2105263157894736,0.247653429602888,0.0007454342154304,0,0,1,0,0,0,0,test
1,0.5573770491803279,0.0,0.0,0.0,0.0263157894736842,0.1689530685920577,0.0007454342154304,0,0,1,0,0,0,0,train
1,0.3934426229508196,0.0,0.0,0.0,0.0,0.2490974729241877,0.0,0,0,1,0,0,0,0,train
0,0.0655737704918033,0.0,0.0,0.0,0.0,0.247653429602888,0.0003727171077152,1,0,0,0,0,0,0,test
1,0.4426229508196722,0.0,0.0,0.0,0.0526315789473684,0.2483754512635378,0.0175177040626164,0,0,0,1,0,0,0,train
1,0.180327868852459,0.0,0.0,0.0,0.0,0.2483754512635378,0.0003727171077152,1,0,0,0,0,0,0,train
1,0.5901639344262296,0.0,0.0,0.0,0.0526315789473684,0.2483754512635378,0.047335072679836,1,0,0,0,0,0,0,train
1,0.1967213114754099,0.0,0.0,0.0,0.1578947368421052,0.2483754512635378,0.0190085724934774,1,0,0,0,0,0,1,test
1,0.5409836065573771,0.0,0.0,0.0,0.4473684210526315,0.2490974729241877,0.0,1,0,0,0,0,0,0,train
1,0.1475409836065574,0.0,0.0,0.0,0.0789473684210526,0.3126353790613718,0.1125605665300037,1,0,0,0,0,0,1,train
1,0.0983606557377049,0.0,0.0,0.0,0.0526315789473684,0.2296028880866426,0.0048453224002981,0,0,1,0,0,0,0,train
1,0.0819672131147541,0.0,0.0,0.0,0.0526315789473684,0.2483754512635378,0.0018635855385762,1,0,0,0,0,0,0,train
0,0.3934426229508196,0.0,0.0,0.0,0.0526315789473684,0.6072202166064982,0.0052180395080134,0,0,0,0,0,1,0,val
1,0.2950819672131147,0.0,0.0,0.0,0.131578947368421,0.2483754512635378,0.0003727171077152,1,0,0,0,0,0,0,train
0,0.3278688524590164,0.0,0.125,0.0,0.2105263157894736,0.2483754512635378,0.3231457323891166,1,0,0,0,0,0,1,test
1,0.836065573770492,0.0,0.0,0.0,0.0,0.2483754512635378,0.0003727171077152,0,0,0,1,0,0,0,test
1,0.6721311475409837,0.0,0.0,0.0,0.0263157894736842,0.2483754512635378,0.0003727171077152,0,0,0,1,0,0,0,val
1,0.3442622950819672,0.0,0.0,0.0,0.0263157894736842,0.2425992779783393,0.0018635855385762,1,0,0,0,0,0,0,val
1,0.180327868852459,0.0,0.0,0.0,0.0526315789473684,0.2483754512635378,0.0141632500931792,1,0,0,0,0,0,0,train
1,0.4262295081967213,0.0,0.0,0.0,0.1578947368421052,0.2490974729241877,0.0,0,0,1,0,0,0,0,train
1,0.1147540983606557,0.0,0.0,0.0,0.0526315789473684,0.2483754512635378,0.0216175922474841,1,0,0,0,0,0,0,train
1,0.2131147540983606,0.0,0.0,0.0,0.0,0.2490974729241877,0.0,1,0,0,0,0,0,0,train
1,0.278688524590164,0.0,0.125,0.0,0.4473684210526315,0.2483754512635378,0.012299664554603,1,0,0,0,0,0,1,train
1,0.2459016393442623,0.0,0.0,0.0,0.0263157894736842,0.2490974729241877,0.0007454342154304,1,0,0,0,0,0,0,train
1,0.0327868852459016,0.05,0.0,0.0588235294117647,0.0263157894736842,0.2122743682310469,0.0007454342154304,1,0,0,0,0,0,1,train
1,0.6885245901639345,0.0,0.0,0.0,0.0263157894736842,0.2483754512635378,0.0003727171077152,0,0,1,0,0,0,0,train
1,0.5737704918032788,0.0,0.0,0.0,0.0,0.2490974729241877,0.0003727171077152,0,0,0,1,0,0,0,train
1,0.1147540983606557,0.0,0.0,0.0,0.0263157894736842,0.1725631768953068,0.0119269474468878,0,0,0,1,0,0,0,train
1,0.1475409836065574,0.1,0.125,0.0,0.131578947368421,0.303971119133574,0.0238538948937756,1,0,0,0,0,0,1,train
0,0.5901639344262296,0.0,0.0,0.0,0.0,0.2483754512635378,0.0003727171077152,1,0,0,0,0,0,0,train
0,0.1311475409836066,0.0,0.0,0.0588235294117647,0.0789473684210526,0.0288808664259927,0.0003727171077152,1,0,0,0,0,0,0,train
1,0.0983606557377049,0.05,0.25,0.0,0.0789473684210526,0.2483754512635378,0.0007454342154304,0,0,1,0,0,0,0,test
1,0.1311475409836066,0.0,0.0,0.0,0.0,0.2483754512635378,0.0096906448005963,0,0,0,1,0,0,0,train
0,0.9344262295081968,0.0,0.0,0.0,0.131578947368421,0.2483754512635378,0.0003727171077152,1,0,0,0,0,0,0,val
1,0.6229508196721312,0.0,0.0,0.0,0.2105263157894736,0.1725631768953068,0.0268356317554975,1,0,0,0,0,0,0,test
1,0.459016393442623,0.0,0.0,0.0,0.0,0.2483754512635378,0.0003727171077152,0,0,1,0,0,0,0,train
1,0.1475409836065574,0.0,0.0,0.0,0.0263157894736842,0.2490974729241877,0.0026090197540067,1,0,0,0,0,0,0,train
1,0.6721311475409837,0.0,0.0,0.0,0.0526315789473684,0.2490974729241877,0.0,1,0,0,0,0,0,0,train
1,0.3442622950819672,0.0,0.0,0.0,0.0263157894736842,0.2382671480144404,0.0055907566157286,0,0,1,0,0,0,0,train
1,0.459016393442623,0.0,0.0,0.0,0.131578947368421,0.2483754512635378,0.0044726052925829,0,0,1,0,0,0,0,train
1,0.1147540983606557,0.0,0.0,0.0,0.0263157894736842,0.2483754512635378,0.0003727171077152,0,0,0,0,0,1,0,test
1,0.6065573770491803,0.0,0.0,0.0,0.0526315789473684,0.2483754512635378,0.0018635855385762,0,0,1,0,0,0,0,train
1,0.4098360655737705,0.0,0.0,0.0,0.0,0.2483754512635378,0.0018635855385762,1,0,0,0,0,0,1,train
0,0.5737704918032788,0.0,0.0,0.0,0.0,0.2490974729241877,0.0003727171077152,0,0,1,0,0,0,0,train
0,0.0491803278688524,0.0,0.0,0.0,0.0,0.2483754512635378,0.0003727171077152,1,0,0,0,0,0,0,train
1,0.3606557377049181,0.0,0.0,0.0,0.0,0.2483754512635378,0.0007454342154304,1,0,0,0,0,0,0,test
0,0.3114754098360656,0.0,0.0,0.0,0.0,0.2483754512635378,0.0003727171077152,0,0,1,0,0,0,0,train
1,0.2295081967213115,0.0,0.0,0.0,0.0526315789473684,0.2483754512635378,0.0007454342154304,1,0,0,0,0,0,0,train
1,0.0655737704918033,0.0,0.0,0.0,0.0,0.2483754512635378,0.0007454342154304,0,0,0,1,0,0,0,train
0,0.2131147540983606,0.0,0.0,0.0,0.0,0.2483754512635378,0.0007454342154304,1,0,0,0,0,0,0,train
1,0.4754098360655738,0.0,0.0,0.0,0.1052631578947368,0.2490974729241877,0.0,1,0,0,0,0,0,0,train
1,0.2950819672131147,0.0,0.0,0.0,0.0526315789473684,0.247653429602888,0.0022363026462914,1,0,0,0,0,0,0,train
0,0.3278688524590164,0.0,0.0,0.0,0.0,0.2483754512635378,0.0003727171077152,0,0,1,0,0,0,0,train
1,0.278688524590164,0.0,0.0,0.0,0.0,0.2483754512635378,0.0007454342154304,0,0,0,0,0,1,0,train
1,0.5737704918032788,0.0,0.0,0.0,0.0,0.2483754512635378,0.0003727171077152,0,0,1,0,0,0,0,test
1,0.5737704918032788,0.0,0.0,0.0,0.0526315789473684,0.2483754512635378,0.0003727171077152,1,0,0,0,0,0,0,train
1,0.639344262295082,0.0,0.0,0.0,0.5,0.2483754512635378,0.0439806187103988,1,0,0,0,0,0,0,train
1,0.0491803278688524,0.0,0.0,0.0,0.0,0.2454873646209386,0.0003727171077152,1,0,0,0,0,0,1,train
0,0.0983606557377049,0.0,0.0,0.0,0.0263157894736842,0.4505415162454873,0.0052180395080134,1,0,0,0,0,0,0,test
1,0.1475409836065574,0.0,0.0,0.0,0.0526315789473684,0.2483754512635378,0.0078270592620201,1,0,0,0,0,0,0,test
0,0.5081967213114754,0.0,0.0,0.0,0.1052631578947368,0.2490974729241877,0.0014908684308609,0,0,1,0,0,0,0,train
1,0.4754098360655738,0.0,0.0,0.0,0.0263157894736842,0.2483754512635378,0.0484532240029817,0,0,1,0,0,0,1,train
1,0.4262295081967213,0.0,0.0,0.0,0.0789473684210526,0.2490974729241877,0.0,0,0,1,0,0,0,0,train
1,0.2622950819672132,0.0,0.0,0.0,0.0263157894736842,0.2368231046931407,0.0007454342154304,1,0,0,0,0,0,0,train
1,0.3278688524590164,0.0,0.0,0.0,0.0,0.2483754512635378,0.0003727171077152,0,0,0,1,0,0,0,train
1,0.5245901639344263,0.0,0.0,0.0,0.0526315789473684,0.2490974729241877,0.0,0,0,1,0,0,0,0,train
1,0.180327868852459,0.0,0.0,0.0,0.0263157894736842,0.2490974729241877,0.0,0,0,1,0,0,0,0,test
1,0.1311475409836066,0.0,0.0,0.0,0.0,0.2490974729241877,0.0,0,0,1,0,0,0,0,train
1,0.4754098360655738,0.0,0.0,0.0,0.0,0.2490974729241877,0.0003727171077152,0,0,0,1,0,0,0,train
1,0.5081967213114754,0.0,0.0,0.0,0.0,0.2490974729241877,0.0,0,0,1,0,0,0,0,train
1,0.5081967213114754,0.0,0.0,0.0,0.0263157894736842,0.2490974729241877,0.0245993291092061,1,0,0,0,0,0,1,train
1,0.6721311475409837,0.0,0.0,0.0,0.0526315789473684,0.2490974729241877,0.0048453224002981,0,0,1,0,0,0,0,train
1,0.2295081967213115,0.0,0.0,0.0,0.1578947368421052,0.2281588447653429,0.0104360790160268,0,0,1,0,0,0,0,test
1,0.0983606557377049,0.0,0.0,0.1176470588235294,0.0263157894736842,0.2490974729241877,0.0003727171077152,1,0,0,0,0,0,1,train
1,0.3606557377049181,0.0,0.0,0.0,0.0,0.247653429602888,0.0003727171077152,0,0,0,1,0,0,0,train
1,0.2295081967213115,0.0,0.0,0.0,0.0,0.2490974729241877,0.0,1,0,0,0,0,0,0,train
0,0.5901639344262296,0.0,0.0,0.0,0.0,0.2490974729241877,0.0,0,0,0,1,0,0,0,train
1,0.1475409836065574,0.0,0.0,0.0588235294117647,0.2368421052631578,0.2483754512635378,0.2981736861721953,1,0,0,0,0,0,1,train
1,0.1147540983606557,0.0,0.0,0.0,0.0526315789473684,0.2490974729241877,0.0026090197540067,0,0,1,0,0,0,0,train
1,0.3114754098360656,0.1,0.0,0.0,0.4736842105263157,0.2483754512635378,0.0003727171077152,1,0,0,0,0,0,0,train
1,0.0819672131147541,0.0,0.0,0.0,0.0263157894736842,0.2490974729241877,0.0003727171077152,1,0,0,0,0,0,1,test
0,0.0327868852459016,0.0,0.0,0.0,0.0,0.2490974729241877,0.0,1,0,0,0,0,0,0,test
1,0.180327868852459,0.0,0.0,0.0,0.1842105263157894,0.2007220216606498,0.0081997763697353,0,0,1,0,0,0,1,train
1,0.0983606557377049,0.0,0.0,0.0,0.0263157894736842,0.2064981949458483,0.0216175922474841,1,0,0,0,0,0,0,train
0,0.5901639344262296,0.0,0.0,0.0,0.0263157894736842,0.2144404332129963,0.0100633619083115,0,0,1,0,0,0,0,train
1,0.7868852459016394,0.0,0.0,0.0,0.0789473684210526,0.2231046931407942,0.0003727171077152,1,0,0,0,0,0,0,train
1,0.5245901639344263,0.0,0.0,0.0,0.2105263157894736,0.2389891696750902,0.0044726052925829,0,0,1,0,0,0,0,train
1,0.5245901639344263,0.0,0.0,0.0,0.1842105263157894,0.2483754512635378,0.0003727171077152,1,0,0,0,0,0,0,train
1,0.3606557377049181,0.0,0.0,0.0,0.0789473684210526,0.2483754512635378,0.0003727171077152,0,0,1,0,0,0,0,test
0,0.1967213114754099,0.0,0.0,0.0,0.1052631578947368,0.4028880866425992,0.0003727171077152,1,0,0,0,0,0,1,train
0,0.0983606557377049,0.0,0.0,0.0,0.0526315789473684,0.2483754512635378,0.015281401416325,0,0,1,0,0,0,0,train
0,0.0819672131147541,0.0,0.0,0.0,0.0789473684210526,0.2483754512635378,0.0141632500931792,1,0,0,0,0,0,1,val
1,0.1147540983606557,0.0,0.0,0.1176470588235294,0.1052631578947368,0.2418772563176895,0.0301900857249347,0,0,1,0,0,0,0,train
1,0.459016393442623,0.0,0.0,0.0,0.0263157894736842,0.247653429602888,0.0007454342154304,0,0,1,0,0,0,0,train
0,0.278688524590164,0.0,0.0,0.0,0.2631578947368421,0.2202166064981949,0.0115542303391725,0,0,0,1,0,0,0,train
1,0.1147540983606557,0.0,0.0,0.0,0.0263157894736842,0.2483754512635378,0.0991427506522549,0,0,0,0,0,1,0,val
0,0.0655737704918033,0.0,0.0,0.0,0.0,0.2483754512635378,0.0,0,0,1,0,0,0,0,train
0,0.2295081967213115,0.0,0.0,0.0,0.0263157894736842,0.2483754512635378,0.0007454342154304,0,0,1,0,0,0,0,train
1,0.1967213114754099,0.0,0.0,0.0,0.2631578947368421,0.3155234657039711,0.0391352963101006,1,0,0,0,0,0,0,train
1,0.2459016393442623,0.0,0.0,0.0,0.1052631578947368,0.2483754512635378,0.0007454342154304,1,0,0,0,0,0,1,test
1,0.0983606557377049,0.0,0.0,0.0,0.0,0.2490974729241877,0.0,1,0,0,0,0,0,0,test
1,0.3114754098360656,0.0,0.0,0.0,0.0,0.2483754512635378,0.0007454342154304,0,0,1,0,0,0,0,train
0,0.3606557377049181,0.0,0.0,0.0,0.0,0.2490974729241877,0.0,0,0,1,0,0,0,0,train
1,0.1475409836065574,0.0,0.0,0.0,0.0263157894736842,0.6144404332129964,0.0857249347745061,0,0,1,0,0,0,0,train
1,0.4098360655737705,0.0,0.0,0.0,0.2368421052631578,0.2483754512635378,0.0294446515095042,1,0,0,0,0,0,1,train
1,0.1311475409836066,0.0,0.0,0.0,0.2894736842105263,0.2086642599277978,0.0208721580320536,0,0,1,0,0,0,0,train
1,0.1147540983606557,0.0,0.125,0.0,0.2894736842105263,0.2483754512635378,0.0939247111442415,1,0,0,0,0,0,1,val
1,0.5737704918032788,0.0,0.0,0.0,0.0263157894736842,0.0714801444043321,0.0190085724934774,0,0,1,0,0,0,1,train
0,0.5573770491803279,0.0,0.0,0.0,0.0263157894736842,0.2288808664259927,0.0003727171077152,1,0,0,0,0,0,0,test
1,0.4754098360655738,0.0,0.0,0.0,0.131578947368421,0.2483754512635378,0.0003727171077152,1,0,0,0,0,0,0,train
0,0.5573770491803279,0.0,0.0,0.0,0.1578947368421052,0.2490974729241877,0.012299664554603,0,0,1,0,0,0,0,train
1,0.3114754098360656,0.0,0.0,0.0,0.0,0.2490974729241877,0.0,0,0,1,0,0,0,0,train
0,0.0983606557377049,0.0,0.0,0.0,0.0,0.2483754512635378,0.0003727171077152,1,0,0,0,0,0,0,train
0,0.2622950819672132,0.0,0.0,0.0,0.3684210526315789,0.2483754512635378,0.0126723816623183,1,0,0,0,0,0,0,train
1,0.2131147540983606,0.0,0.0,0.0,0.0789473684210526,0.2223826714801444,0.0026090197540067,0,0,1,0,0,0,0,test
0,0.7213114754098361,0.0,0.0,0.0,0.0,0.2490974729241877,0.0,0,0,1,0,0,0,0,train
0,0.6885245901639345,0.0,0.0,0.0,0.0,0.2490974729241877,0.0048453224002981,0,0,1,0,0,0,0,test
1,0.278688524590164,0.0,0.0,0.0,0.0,0.2483754512635378,0.0003727171077152,0,0,1,0,0,0,0,train
0,0.0983606557377049,0.0,0.0,0.0,0.0,0.2483754512635378,0.0003727171077152,1,0,0,0,0,0,0,train
0,0.6229508196721312,0.0,0.0,0.0,0.0263157894736842,0.2057761732851985,0.0040998881848676,0,0,1,0,0,0,1,train
1,0.1967213114754099,0.0,0.0,0.0,0.0,0.2490974729241877,0.0,0,0,1,0,0,0,0,train
1,0.3770491803278689,0.0,0.0,0.0,0.4473684210526315,0.3725631768953068,0.0175177040626164,0,0,1,0,0,0,1,test
0,0.1639344262295082,0.0,0.0,0.0,0.0,0.2483754512635378,0.0,0,0,1,0,0,0,0,train
1,0.0819672131147541,0.0,0.125,0.0,0.0263157894736842,0.7465703971119133,0.0014908684308609,1,0,0,0,0,0,0,train
1,0.6229508196721312,0.0,0.0,0.0,0.0,0.2483754512635378,0.0003727171077152,1,0,0,0,0,0,0,train
1,0.0819672131147541,0.0,0.125,0.0,0.0263157894736842,0.2483754512635378,0.0003727171077152,0,0,1,0,0,0,0,train
0,0.0491803278688524,0.05,0.25,0.1176470588235294,0.0789473684210526,0.6382671480144404,0.0219903093551994,1,0,0,0,0,0,0,test
0,0.278688524590164,0.0,0.0,0.0,0.0526315789473684,0.2483754512635378,0.0052180395080134,1,0,0,0,0,0,0,train
1,0.2459016393442623,0.0,0.0,0.0,0.0789473684210526,0.2490974729241877,0.0,0,0,1,0,0,0,0,train
1,0.0491803278688524,0.0,0.0,0.0,0.0,0.2483754512635378,0.0141632500931792,0,0,0,1,0,0,0,train
1,0.3770491803278689,0.1,0.125,0.0,0.2368421052631578,0.2483754512635378,0.0003727171077152,1,0,0,0,0,0,0,train
1,0.0983606557377049,0.0,0.0,0.0,0.0,0.2483754512635378,0.0014908684308609,1,0,0,0,0,0,0,train
1,0.1147540983606557,0.0,0.0,0.0,0.1842105263157894,0.2490974729241877,0.0022363026462914,0,0,0,0,1,0,0,train
1,0.5081967213114754,0.0,0.0,0.0,0.0789473684210526,0.2490974729241877,0.0003727171077152,1,0,0,0,0,0,0,test
0,0.0655737704918033,0.0,0.0,0.0,0.0,0.2490974729241877,0.0,0,0,0,1,0,0,0,train
0,0.1475409836065574,0.0,0.0,0.0,0.0789473684210526,0.2483754512635378,0.0085724934774506,1,0,0,0,0,0,1,train
1,0.2295081967213115,0.0,0.0,0.0,0.1052631578947368,0.4671480144404332,0.0711889675736116,1,0,0,0,0,0,1,train
1,0.5245901639344263,0.0,0.0,0.0,0.1052631578947368,0.2469314079422382,0.0007454342154304,1,0,0,0,0,0,0,test
0,0.0819672131147541,0.0,0.0,0.0,0.0,0.2490974729241877,0.0,1,0,0,0,0,0,0,train
1,0.2622950819672132,0.0,0.0,0.0,0.0,0.2483754512635378,0.0003727171077152,0,0,1,0,0,0,0,test
1,0.1147540983606557,0.0,0.0,0.0,0.0263157894736842,0.2483754512635378,0.0216175922474841,0,0,0,0,0,1,1,train
1,0.1967213114754099,0.0,0.0,0.0,0.0,0.2483754512635378,0.0003727171077152,0,0,0,1,0,0,0,train
1,0.3934426229508196,0.0,0.0,0.0,0.0,0.2483754512635378,0.0011181513231457,0,0,0,0,1,0,0,train
1,0.0983606557377049,0.0,0.0,0.0,0.131578947368421,0.2483754512635378,0.0003727171077152,0,0,0,0,0,1,0,train
1,0.5573770491803279,0.0,0.0,0.0,0.0789473684210526,0.2483754512635378,0.0,1,0,0,0,0,0,0,train
0,0.1311475409836066,0.0,0.0,0.0,0.0789473684210526,0.2483754512635378,0.0003727171077152,0,0,1,0,0,0,0,train
1,0.3278688524590164,0.0,0.0,0.0,0.0,0.2490974729241877,0.0003727171077152,0,0,0,1,0,0,0,test
1,0.1147540983606557,0.0,0.0,0.0,0.131578947368421,0.3046931407942238,0.0212448751397689,1,0,0,0,0,0,0,train
0,0.1967213114754099,0.0,0.0,0.0,0.0,0.2490974729241877,0.0003727171077152,0,0,1,0,0,0,0,test
1,0.0327868852459016,0.0,0.0,0.0,0.0,0.2483754512635378,0.0055907566157286,1,0,0,0,0,0,1,train
0,0.180327868852459,0.0,0.0,0.0,0.0526315789473684,0.2953068592057761,0.0007454342154304,1,0,0,0,0,0,0,train
1,0.0983606557377049,0.0,0.0,0.0,0.0,0.2483754512635378,0.0003727171077152,0,1,0,0,0,0,0,train
1,0.2131147540983606,0.0,0.0,0.0,0.0,0.2483754512635378,0.029071934401789,0,0,1,0,0,0,0,train
0,0.5901639344262296,0.0,0.0,0.0,0.3157894736842105,0.1227436823104693,0.0637346254193067,0,0,1,0,0,0,0,test
0,0.3114754098360656,0.0,0.0,0.0,0.0263157894736842,0.2310469314079422,0.0003727171077152,0,0,1,0,0,0,0,test
0,0.2459016393442623,0.0,0.0,0.0,0.0263157894736842,0.247653429602888,0.0003727171077152,1,0,0,0,0,0,0,test
1,0.0327868852459016,0.0,0.0,0.0,0.0263157894736842,0.1891696750902527,0.0309355199403652,1,0,0,0,0,0,0,train
1,0.3934426229508196,0.0,0.0,0.0,0.0,0.2490974729241877,0.010808796123742,1,0,0,0,0,0,0,train
1,0.2295081967213115,0.0,0.0,0.0,0.1052631578947368,0.2483754512635378,0.0965337308982482,1,0,0,0,0,0,1,train
1,0.1639344262295082,0.0,0.0,0.0,0.1842105263157894,0.2483754512635378,0.0007454342154304,1,0,0,0,0,0,1,train
1,0.3278688524590164,0.0,0.0,0.0,0.0,0.2490974729241877,0.0588893030190085,0,0,1,0,0,0,0,train
1,0.3278688524590164,0.0,0.0,0.0,0.0789473684210526,0.2483754512635378,0.0003727171077152,1,0,0,0,0,0,0,train
1,0.0491803278688524,0.0,0.0,0.0,0.0263157894736842,0.031768953068592,0.0003727171077152,0,0,1,0,0,0,0,test
0,0.2622950819672132,0.0,0.0,0.0,0.0,0.2483754512635378,0.0268356317554975,1,0,0,0,0,0,0,val
1,0.3278688524590164,0.0,0.0,0.0,0.0263157894736842,0.2483754512635378,0.0029817368617219,1,0,0,0,0,0,0,test
1,0.2950819672131147,0.0,0.0,0.0,0.0,0.2483754512635378,0.0093179276928811,0,0,1,0,0,0,0,val
1,0.2295081967213115,0.0,0.0,0.0,0.0,0.2447653429602888,0.0022363026462914,0,0,0,1,0,0,0,train
1,0.0819672131147541,0.0,0.0,0.0,0.0,0.2483754512635378,0.0003727171077152,1,0,0,0,0,0,0,train
1,0.4754098360655738,0.0,0.0,0.0,0.0,0.2483754512635378,0.0003727171077152,0,0,1,0,0,0,0,test
1,0.0327868852459016,0.0,0.0,0.0,0.0,0.2490974729241877,0.0,1,0,0,0,0,0,0,train
1,0.278688524590164,0.0,0.0,0.0,0.0,0.2483754512635378,0.0003727171077152,1,0,0,0,0,0,0,val
0,0.1967213114754099,0.0,0.0,0.0,0.0263157894736842,0.1898916967509025,0.0156541185240402,0,0,1,0,0,0,0,train
0,0.1639344262295082,0.0,0.0,0.0,0.0263157894736842,0.2483754512635378,0.0003727171077152,0,0,1,0,0,0,0,test
0,0.4426229508196722,0.0,0.0,0.0,0.0789473684210526,0.491696750902527,0.0163995527394707,0,0,1,0,0,0,0,train
1,0.0655737704918033,0.0,0.0,0.0,0.0,0.2483754512635378,0.0003727171077152,1,0,0,0,0,0,0,test
1,0.0327868852459016,0.0,1.0,0.0588235294117647,0.2105263157894736,0.2483754512635378,0.0,0,0,0,0,0,1,1,train
0,0.3934426229508196,0.0,0.0,0.0,0.0,0.2714801444043321,0.0007454342154304,1,0,0,0,0,0,1,train
1,0.0983606557377049,0.05,0.125,0.0,0.2105263157894736,0.2101083032490974,0.0044726052925829,1,0,0,0,0,0,1,train
1,0.3606557377049181,0.0,0.0,0.0,0.0,0.2490974729241877,0.0,0,0,0,1,0,0,0,test
1,0.1475409836065574,0.0,0.0,0.0,0.0263157894736842,0.2483754512635378,0.0022363026462914,0,0,0,0,0,1,0,train
1,0.6885245901639345,0.0,0.0,0.0,0.3157894736842105,0.2483754512635378,0.0007454342154304,1,0,0,0,0,0,0,train
1,0.2459016393442623,0.0,0.0,0.0,0.1578947368421052,0.2483754512635378,0.0067089079388743,1,0,0,0,0,0,0,train
1,0.0983606557377049,0.0,0.0,0.0,0.1052631578947368,0.2483754512635378,0.0018635855385762,0,0,1,0,0,0,0,test
1,0.180327868852459,0.05,0.125,0.0588235294117647,0.1052631578947368,0.2490974729241877,0.1323145732389116,1,0,0,0,0,0,1,train
1,0.2295081967213115,0.0,0.0,0.0,0.0,0.2483754512635378,0.0003727171077152,0,0,0,1,0,0,0,train
1,0.1967213114754099,0.0,0.0,0.0,0.2631578947368421,0.3379061371841155,0.0406261647409616,0,0,1,0,0,0,1,train
1,0.2295081967213115,0.0,0.0,0.0,0.0263157894736842,0.2490974729241877,0.0,1,0,0,0,0,0,0,train
1,0.1475409836065574,0.0,0.0,0.0,0.0,0.247653429602888,0.0037271710771524,0,0,0,0,0,1,0,train
1,0.1967213114754099,0.0,0.0,0.0,0.0789473684210526,0.2483754512635378,0.0003727171077152,0,0,1,0,0,0,0,train
1,0.639344262295082,0.0,0.0,0.0,0.0,0.2490974729241877,0.0003727171077152,0,0,1,0,0,0,0,train
1,0.0491803278688524,0.0,0.0,0.0,0.0,0.2483754512635378,0.0003727171077152,1,0,0,0,0,0,0,train
1,0.0655737704918033,0.0,0.0,0.0,0.0,0.2483754512635378,0.0115542303391725,1,0,0,0,0,0,0,val
0,0.5901639344262296,0.0,0.0,0.0,0.0263157894736842,0.1805054151624548,0.0283265001863585,0,0,1,0,0,0,0,train
1,0.6557377049180328,0.0,0.0,0.0,0.0526315789473684,0.2425992779783393,0.0018635855385762,0,0,1,0,0,0,0,train
1,0.0327868852459016,0.0,0.0,0.0,0.0,0.2483754512635378,0.0510622437569884,1,0,0,0,0,0,1,train
1,0.3606557377049181,0.0,0.0,0.0,0.0,0.2483754512635378,0.0003727171077152,0,0,0,0,0,1,0,val
0,0.4426229508196722,0.0,0.0,0.0,0.131578947368421,0.2483754512635378,0.0,0,0,1,0,0,0,0,train
1,0.0819672131147541,0.0,0.0,0.0,0.1052631578947368,0.2296028880866426,0.0026090197540067,0,0,0,1,0,0,0,test
0,0.5737704918032788,0.0,0.0,0.0,0.0263157894736842,0.2483754512635378,0.0003727171077152,0,0,1,0,0,0,0,train
1,0.4262295081967213,0.0,0.0,0.0,0.0,0.2483754512635378,0.0007454342154304,0,0,1,0,0,0,0,train
0,0.4262295081967213,0.0,0.0,0.0,0.0263157894736842,0.2447653429602888,0.0,0,0,1,0,0,0,0,train
1,0.1639344262295082,0.0,0.0,0.0,0.0,0.2490974729241877,0.0,1,0,0,0,0,0,0,train
1,0.1639344262295082,0.0,0.0,0.0,0.0526315789473684,0.2483754512635378,0.0003727171077152,0,0,1,0,0,0,0,train
1,0.1639344262295082,0.0,0.0,0.0,0.0,0.2490974729241877,0.0,1,0,0,0,0,0,0,test
1,0.5737704918032788,0.0,0.0,0.0,0.1052631578947368,0.2490974729241877,0.0003727171077152,0,0,1,0,0,0,0,train
1,0.4754098360655738,0.0,0.0,0.0,0.0263157894736842,0.2483754512635378,0.0685799478196049,0,0,0,1,0,0,0,test
1,0.0327868852459016,0.0,0.0,0.0,0.0263157894736842,0.231768953068592,0.0003727171077152,1,0,0,0,0,0,0,test
1,0.0491803278688524,0.0,0.0,0.0,0.0,0.2447653429602888,0.0,1,0,0,0,0,0,0,train
1,0.6885245901639345,0.0,0.0,0.0,0.0263157894736842,0.2361010830324909,0.0067089079388743,0,0,0,1,0,0,0,train
1,0.1967213114754099,0.0,0.0,0.0,0.0,0.2483754512635378,0.0003727171077152,0,0,1,0,0,0,0,train
0,0.1311475409836066,0.0,0.0,0.0,0.131578947368421,0.2483754512635378,0.0026090197540067,1,0,0,0,0,0,1,test
1,0.0491803278688524,0.0,0.0,0.0,0.0,0.2483754512635378,0.0007454342154304,0,0,0,1,0,0,0,train
0,0.3442622950819672,0.0,0.0,0.0,0.0263157894736842,0.2483754512635378,0.506895266492732,1,0,0,0,0,0,0,train
1,0.1967213114754099,0.0,0.0,0.0,0.0,0.2483754512635378,0.0022363026462914,0,0,0,0,0,1,0,train
1,0.4262295081967213,0.0,0.0,0.0,0.0526315789473684,0.2483754512635378,0.0040998881848676,1,0,0,0,0,0,0,train
1,0.4426229508196722,0.0,0.0,0.0,0.0,0.2483754512635378,0.0011181513231457,0,0,1,0,0,0,0,train
1,0.1967213114754099,0.0,0.0,0.0,0.0263157894736842,0.2483754512635378,0.0014908684308609,1,0,0,0,0,0,0,train
1,0.3278688524590164,0.0,0.0,0.0,0.0526315789473684,0.2490974729241877,0.0029817368617219,0,1,0,0,0,0,0,train
1,0.3114754098360656,0.0,0.0,0.0,0.0263157894736842,0.1487364620938628,0.0134178158777487,1,0,0,0,0,0,0,train
1,0.459016393442623,0.0,0.0,0.0,0.0,0.2483754512635378,0.0003727171077152,0,1,0,0,0,0,0,val
1,0.3934426229508196,0.0,0.0,0.0,0.0,0.2483754512635378,0.0003727171077152,1,0,0,0,0,0,0,train
1,0.7704918032786886,0.0,0.0,0.0,0.0526315789473684,0.1884476534296028,0.0014908684308609,0,0,1,0,0,0,0,test
1,0.5901639344262296,0.0,0.0,0.0,0.1052631578947368,0.2483754512635378,0.0011181513231457,0,0,1,0,0,0,0,test
1,0.180327868852459,0.0,0.0,0.0,0.1842105263157894,0.2483754512635378,0.0096906448005963,0,0,1,0,0,0,1,test
1,0.5409836065573771,0.0,0.0,0.0,0.1842105263157894,0.2483754512635378,0.0894521058516585,0,0,1,0,0,0,1,train
1,0.4262295081967213,0.0,0.0,0.0,0.0,0.2490974729241877,0.0,1,0,0,0,0,0,0,val
1,0.5081967213114754,0.0,0.0,0.0,0.3157894736842105,0.231768953068592,0.0011181513231457,0,0,1,0,0,0,0,train
1,0.1475409836065574,0.0,0.0,0.0,0.0,0.2483754512635378,0.0003727171077152,1,0,0,0,0,0,0,test
1,0.1967213114754099,0.0,0.0,0.0,0.0,0.2483754512635378,0.0,0,0,1,0,0,0,0,test
1,0.1639344262295082,0.0,0.0,0.0,0.2894736842105263,0.2490974729241877,0.0029817368617219,0,0,0,1,0,0,0,train
1,0.4426229508196722,0.0,0.0,0.0,0.0,0.2483754512635378,0.0003727171077152,0,0,0,0,0,1,0,val
0,0.5409836065573771,0.0,0.0,0.0,0.131578947368421,0.2490974729241877,0.012299664554603,0,0,1,0,0,0,0,train
1,0.4098360655737705,0.0,0.0,0.0,0.0526315789473684,0.2483754512635378,0.0018635855385762,1,0,0,0,0,0,0,train
1,0.3114754098360656,0.0,0.0,0.0,0.0526315789473684,0.2483754512635378,0.0003727171077152,0,0,1,0,0,0,0,val
1,0.1311475409836066,0.0,0.0,0.0,0.0,0.2483754512635378,0.0003727171077152,1,0,0,0,0,0,0,test
1,0.2295081967213115,0.0,0.0,0.0,0.1052631578947368,0.2490974729241877,0.0,0,0,0,0,0,1,0,val
1,0.3442622950819672,0.0,0.0,0.0,0.0789473684210526,0.2339350180505415,0.0052180395080134,0,0,0,1,0,0,0,train
0,0.6557377049180328,0.0,0.0,0.0,0.1052631578947368,0.2483754512635378,0.0003727171077152,1,0,0,0,0,0,0,train
1,0.2459016393442623,0.0,0.0,0.0,0.0,0.2483754512635378,0.0003727171077152,0,0,0,0,0,1,0,test
0,0.0655737704918033,0.0,0.0,0.0588235294117647,0.0263157894736842,0.2332129963898916,0.0,0,0,1,0,0,0,0,train
1,0.4098360655737705,0.0,0.0,0.0,0.0526315789473684,0.2418772563176895,0.0007454342154304,0,0,1,0,0,0,0,train
1,0.0819672131147541,0.0,0.0,0.0,0.0,0.2483754512635378,0.0003727171077152,1,0,0,0,0,0,0,train
1,0.1147540983606557,0.0,0.0,0.0,0.0,0.2483754512635378,0.0003727171077152,0,0,1,0,0,0,0,test
1,0.0655737704918033,0.0,0.0,0.0,0.1578947368421052,0.2483754512635378,0.0141632500931792,1,0,0,0,0,0,0,train
1,0.1967213114754099,0.0,0.0,0.0,0.1578947368421052,0.2483754512635378,0.0499440924338427,1,0,0,0,0,0,0,train
1,0.1147540983606557,0.0,0.375,0.0588235294117647,0.3947368421052631,0.2483754512635378,0.0007454342154304,1,0,0,0,0,0,1,test
1,0.3442622950819672,0.0,0.0,0.0,0.0,0.2483754512635378,0.0003727171077152,0,0,0,1,0,0,0,train
1,0.6721311475409837,0.0,0.0,0.0,0.0263157894736842,0.2483754512635378,0.0003727171077152,1,0,0,0,0,0,0,train
1,0.0491803278688524,0.0,0.0,0.1176470588235294,0.0263157894736842,0.2433212996389891,0.0007454342154304,0,0,0,1,0,0,0,train
1,0.2622950819672132,0.0,0.0,0.0,0.0526315789473684,0.2483754512635378,0.0003727171077152,0,0,1,0,0,0,0,train
1,0.2950819672131147,0.0,0.0,0.0,0.1578947368421052,0.2310469314079422,0.0,0,0,1,0,0,0,0,train
1,0.0819672131147541,0.0,0.0,0.0,0.0,0.2483754512635378,0.0436079016026835,1,0,0,0,0,0,0,train
1,0.2295081967213115,0.0,0.0,0.0,0.0526315789473684,0.2490974729241877,0.0406261647409616,1,0,0,0,0,0,0,val
0,0.7868852459016394,0.0,0.0,0.0,0.0263157894736842,0.215884476534296,0.0104360790160268,0,0,1,0,0,0,0,train
1,0.7868852459016394,0.0,0.0,0.0,0.0,0.2483754512635378,0.0003727171077152,0,0,0,0,0,1,0,test
0,0.0983606557377049,0.0,0.0,0.0,0.0,0.2483754512635378,0.0089452105851658,0,0,1,0,0,0,0,train
1,0.1639344262295082,0.0,0.0,0.0,0.0263157894736842,0.2483754512635378,0.0007454342154304,1,0,0,0,0,0,0,train
1,0.4098360655737705,0.0,0.0,0.0,0.1052631578947368,0.2490974729241877,0.0007454342154304,0,0,1,0,0,0,1,test
1,0.278688524590164,0.0,0.0,0.0,0.0789473684210526,0.2483754512635378,0.0040998881848676,1,0,0,0,0,0,0,train
1,0.0655737704918033,0.0,0.0,0.0,0.0263157894736842,0.2483754512635378,0.0014908684308609,1,0,0,0,0,0,1,train
1,0.180327868852459,0.0,0.0,0.0,0.0,0.2490974729241877,0.0,1,0,0,0,0,0,0,test
0,0.0819672131147541,0.0,0.0,0.0,0.0,0.2483754512635378,0.0007454342154304,1,0,0,0,0,0,0,val
1,0.7213114754098361,0.0,0.0,0.0,0.3947368421052631,0.2231046931407942,0.0134178158777487,1,0,0,0,0,0,0,train
0,0.2459016393442623,0.0,0.0,0.0,0.0,0.247653429602888,0.0003727171077152,0,0,1,0,0,0,0,train
1,0.278688524590164,0.0,0.0,0.0,0.0263157894736842,0.2490974729241877,0.0,1,0,0,0,0,0,0,train
1,0.5737704918032788,0.0,0.0,0.0,0.0,0.2490974729241877,0.0,0,0,1,0,0,0,0,val
0,0.4918032786885246,0.0,0.0,0.0,0.0,0.2483754512635378,0.0003727171077152,0,0,1,0,0,0,0,train
0,0.2459016393442623,0.0,0.0,0.0,0.0263157894736842,0.2418772563176895,0.0003727171077152,1,0,0,0,0,0,0,train
1,0.4262295081967213,0.0,0.0,0.0,0.0,0.2490974729241877,0.0003727171077152,0,0,1,0,0,0,0,test
1,0.6229508196721312,0.0,0.0,0.0,0.2368421052631578,0.1429602888086642,0.0518076779724189,0,0,0,0,0,1,0,train
1,0.5409836065573771,0.0,0.0,0.0,0.0263157894736842,0.2361010830324909,0.1453596720089452,0,0,0,1,0,0,0,train
1,0.0491803278688524,0.0,0.0,0.0,0.0,0.2490974729241877,0.0029817368617219,0,0,0,1,0,0,0,train
1,0.1311475409836066,0.0,0.0,0.0,0.0,0.2490974729241877,0.0,0,0,1,0,0,0,0,train
1,0.0655737704918033,0.0,0.375,0.0,0.0789473684210526,0.2490974729241877,0.0,1,0,0,0,0,0,0,train
1,0.180327868852459,0.0,0.0,0.0,0.0,0.2483754512635378,0.0003727171077152,1,0,0,0,0,0,0,train
1,0.4262295081967213,0.0,0.0,0.0,0.0,0.2483754512635378,0.0003727171077152,0,0,1,0,0,0,0,test
1,0.3770491803278689,0.0,0.0,0.0,0.0526315789473684,0.2483754512635378,0.0055907566157286,1,0,0,0,0,0,0,train
0,0.1639344262295082,0.0,0.0,0.0588235294117647,0.1052631578947368,0.2490974729241877,0.0,1,0,0,0,0,0,0,train
1,0.2131147540983606,0.0,0.0,0.0,0.1842105263157894,0.2483754512635378,0.0003727171077152,0,0,1,0,0,0,0,test
1,0.0327868852459016,0.0,0.0,0.1176470588235294,0.0,0.2483754512635378,0.0,1,0,0,0,0,0,0,train
1,0.2950819672131147,0.0,0.0,0.0,0.0,0.2490974729241877,0.0003727171077152,1,0,0,0,0,0,0,train
1,0.0819672131147541,0.05,0.0,0.0,0.0263157894736842,0.2483754512635378,0.0018635855385762,1,0,0,0,0,0,0,test
0,0.6721311475409837,0.0,0.0,0.0,0.0263157894736842,0.2339350180505415,0.0026090197540067,0,0,1,0,0,0,0,train
1,0.3114754098360656,0.0,0.0,0.0,0.0,0.2462093862815884,0.0227357435706298,0,0,1,0,0,0,1,train
1,0.2131147540983606,0.0,0.0,0.0,0.0,0.2483754512635378,0.0003727171077152,1,0,0,0,0,0,0,train
0,0.3278688524590164,0.0,0.0,0.0,0.3684210526315789,0.2483754512635378,0.0119269474468878,1,0,0,0,0,0,1,train
1,0.1475409836065574,0.0,0.0,0.0,0.0789473684210526,0.2483754512635378,0.0029817368617219,1,0,0,0,0,0,1,train
0,0.3934426229508196,0.0,0.0,0.0,0.0526315789473684,0.2483754512635378,0.0003727171077152,1,0,0,0,0,0,0,train
1,0.0655737704918033,0.0,0.0,0.0,0.0789473684210526,0.2483754512635378,0.0197540067089079,1,0,0,0,0,0,1,train
1,0.0491803278688524,0.0,0.0,0.0,0.0,0.2483754512635378,0.0007454342154304,0,0,0,0,0,1,0,train
1,0.639344262295082,0.0,0.0,0.0,0.3947368421052631,0.2259927797833935,0.0074543421543048,0,0,1,0,0,0,0,train
1,0.5573770491803279,0.0,0.0,0.0,0.0526315789473684,0.2483754512635378,0.0003727171077152,0,0,1,0,0,0,0,train
1,0.180327868852459,0.0,0.0,0.0,0.0,0.2483754512635378,0.0003727171077152,0,0,1,0,0,0,0,train
0,0.3114754098360656,0.0,0.0,0.0,0.0,0.2490974729241877,0.0018635855385762,1,0,0,0,0,0,0,train
1,0.2622950819672132,0.0,0.0,0.0588235294117647,0.0,0.2483754512635378,0.0022363026462914,0,0,1,0,0,0,0,train
1,0.5737704918032788,0.0,0.0,0.0,0.0,0.2490974729241877,0.0003727171077152,1,0,0,0,0,0,1,train
1,0.278688524590164,0.0,0.0,0.0,0.0,0.244043321299639,0.0022363026462914,0,0,0,1,0,0,0,test
1,0.1639344262295082,0.0,0.0,0.0,0.0263157894736842,0.2483754512635378,0.0014908684308609,0,0,1,0,0,0,0,train
1,0.0491803278688524,0.0,0.0,0.0,0.0263157894736842,0.2483754512635378,0.0003727171077152,1,0,0,0,0,0,0,train
1,0.0655737704918033,0.0,0.0,0.0,0.0263157894736842,0.2584837545126354,0.0163995527394707,1,0,0,0,0,0,0,test
1,0.3934426229508196,0.0,0.0,0.0,0.0263157894736842,0.2483754512635378,0.0003727171077152,0,0,1,0,0,0,1,train
1,0.5901639344262296,0.0,0.0,0.0,0.2368421052631578,0.2490974729241877,0.0003727171077152,1,0,0,0,0,0,0,train
1,0.3442622950819672,0.0,0.0,0.0,0.0263157894736842,0.2483754512635378,0.0022363026462914,0,0,0,0,0,1,1,train
1,0.3770491803278689,0.0,0.0,0.0,0.0,0.2490974729241877,0.0003727171077152,1,0,0,0,0,0,0,train
1,0.4098360655737705,0.0,0.0,0.0,0.0263157894736842,0.2483754512635378,0.0163995527394707,0,0,1,0,0,0,1,train
1,0.0655737704918033,0.0,0.0,0.0,0.0,0.2483754512635378,0.0011181513231457,1,0,0,0,0,0,1,train
0,0.3934426229508196,0.0,0.0,0.0,0.0526315789473684,0.2483754512635378,0.0130450987700335,1,0,0,0,0,0,0,test
1,0.5081967213114754,0.0,0.0,0.0,0.1052631578947368,0.2490974729241877,0.0134178158777487,1,0,0,0,0,0,0,train
1,0.5573770491803279,0.0,0.0,0.0,0.0263157894736842,0.2483754512635378,0.0093179276928811,0,0,1,0,0,0,0,train
0,0.6885245901639345,0.0,0.0,0.0,0.0526315789473684,0.2483754512635378,0.0003727171077152,0,0,1,0,0,0,0,train
0,0.0819672131147541,0.0,0.0,0.0,0.0,0.2483754512635378,0.0003727171077152,1,0,0,0,0,0,0,test
1,0.1967213114754099,0.0,0.0,0.0,0.0526315789473684,0.2483754512635378,0.0372717107715244,1,0,0,0,0,0,0,val
1,0.2295081967213115,0.0,0.0,0.0,0.0526315789473684,0.2490974729241877,0.0007454342154304,1,0,0,0,0,0,1,test
1,0.0655737704918033,0.0,0.0,0.0,0.0789473684210526,0.2635379061371841,0.0797614610510622,1,0,0,0,0,0,1,train
1,0.4262295081967213,0.0,0.0,0.0,0.0526315789473684,0.2483754512635378,0.0007454342154304,1,0,0,0,0,0,0,test
1,0.2295081967213115,0.0,0.0,0.0,0.0789473684210526,0.2483754512635378,0.0011181513231457,0,0,1,0,0,0,0,train
0,0.1475409836065574,0.0,0.0,0.0,0.0263157894736842,0.2483754512635378,0.0003727171077152,1,0,0,0,0,0,0,train
1,0.7049180327868853,0.0,0.0,0.0,0.0789473684210526,0.2490974729241877,0.0,0,0,1,0,0,0,1,train
1,0.836065573770492,0.0,0.0,0.0,0.0789473684210526,0.2490974729241877,0.0,1,0,0,0,0,0,0,train
1,0.5409836065573771,0.0,0.0,0.0,0.0526315789473684,0.2483754512635378,0.0126723816623183,0,0,0,0,0,1,0,test
0,0.0491803278688524,0.0,0.0,0.0,0.0263157894736842,0.2483754512635378,0.0067089079388743,0,0,1,0,0,0,0,train
1,0.0983606557377049,0.0,0.625,0.0,0.3157894736842105,0.2490974729241877,0.013790532985464,1,0,0,0,0,0,1,train
1,0.639344262295082,0.0,0.0,0.0,0.0789473684210526,0.247653429602888,0.0003727171077152,0,0,0,1,0,0,0,train
1,0.1967213114754099,0.0,0.0,0.0,0.1578947368421052,0.2483754512635378,0.0026090197540067,0,0,1,0,0,0,0,train
1,0.0983606557377049,0.0,0.0,0.0588235294117647,0.1052631578947368,0.2483754512635378,0.0003727171077152,1,0,0,0,0,0,0,train
0,0.1967213114754099,0.0,0.0,0.0,0.1842105263157894,0.2361010830324909,0.0067089079388743,0,0,1,0,0,0,0,test
1,0.639344262295082,0.0,0.0,0.0,0.0,0.2483754512635378,0.0003727171077152,0,0,1,0,0,0,1,test
0,0.6229508196721312,0.0,0.0,0.0,0.0263157894736842,0.2483754512635378,0.0801341781587774,0,0,1,0,0,0,0,train
1,0.0491803278688524,0.0,0.0,0.0,0.0263157894736842,0.2433212996389891,0.0961610137905329,1,0,0,0,0,0,0,train
1,0.2131147540983606,0.15,0.0,0.0,0.1578947368421052,0.2483754512635378,0.1889675736116287,1,0,0,0,0,0,1,train
0,0.0819672131147541,0.0,0.0,0.0,0.0263157894736842,0.2483754512635378,0.0003727171077152,1,0,0,0,0,0,0,train
1,0.3934426229508196,0.0,0.0,0.0,0.0263157894736842,0.23971119133574,0.0,0,0,0,0,0,1,0,train
1,0.7540983606557378,0.0,0.0,0.0,0.0,0.2483754512635378,0.0741707044353335,0,0,1,0,0,0,0,train
0,0.0491803278688524,0.0,0.0,0.0,0.0,0.2483754512635378,0.0003727171077152,0,0,1,0,0,0,1,train
1,0.2950819672131147,0.0,0.0,0.0,0.131578947368421,0.2613718411552346,0.0040998881848676,1,0,0,0,0,0,0,train
0,0.5245901639344263,0.0,0.0,0.0,0.0263157894736842,0.2483754512635378,0.0003727171077152,1,0,0,0,0,0,0,test
1,0.1639344262295082,0.0,0.0,0.0,0.0526315789473684,0.2483754512635378,0.0182631382780469,0,0,0,0,1,0,0,train
0,0.1147540983606557,0.0,0.0,0.0,0.131578947368421,0.2469314079422382,0.0018635855385762,0,0,1,0,0,0,0,val
1,0.5737704918032788,0.0,0.0,0.0,0.1052631578947368,0.2483754512635378,0.0014908684308609,0,0,0,1,0,0,0,train
1,0.5901639344262296,0.0,0.0,0.0,0.3684210526315789,0.2483754512635378,0.0335445396943719,0,0,1,0,0,0,1,train
1,0.3114754098360656,0.0,0.0,0.0,0.1578947368421052,0.2483754512635378,0.0003727171077152,0,0,0,0,0,1,0,test
1,0.1147540983606557,0.0,0.0,0.0588235294117647,0.131578947368421,0.2483754512635378,0.0055907566157286,0,0,1,0,0,0,1,train
1,0.278688524590164,0.0,0.0,0.0,0.0526315789473684,0.2483754512635378,0.0003727171077152,1,0,0,0,0,0,0,train
1,0.1147540983606557,0.0,0.0,0.0,0.2105263157894736,0.2483754512635378,0.0011181513231457,1,0,0,0,0,0,1,train
1,0.2459016393442623,0.0,0.0,0.0,0.0,0.2483754512635378,0.0003727171077152,0,0,1,0,0,0,0,test
1,0.180327868852459,0.0,0.0,0.0,0.1842105263157894,0.2483754512635378,0.0007454342154304,1,0,0,0,0,0,0,train
1,0.1475409836065574,0.0,0.0,0.0,0.0526315789473684,0.2483754512635378,0.0003727171077152,0,0,0,1,0,0,0,train
0,0.0327868852459016,0.0,0.25,0.0588235294117647,0.0789473684210526,0.2483754512635378,0.0134178158777487,0,0,1,0,0,0,1,train
1,0.8852459016393442,0.0,0.0,0.0,0.0263157894736842,0.2324909747292418,0.0003727171077152,0,0,1,0,0,0,0,train
1,0.3278688524590164,0.0,0.0,0.0,0.0,0.2483754512635378,0.0011181513231457,0,0,1,0,0,0,0,train
1,0.3606557377049181,0.0,0.0,0.0,0.0,0.2483754512635378,0.0003727171077152,0,0,1,0,0,0,0,train
1,0.0819672131147541,0.0,0.0,0.0,0.0,0.2483754512635378,0.0003727171077152,0,0,1,0,0,0,0,train
1,0.0491803278688524,0.0,0.0,0.0,0.131578947368421,0.2418772563176895,0.0022363026462914,0,0,1,0,0,0,1,test
0,0.3770491803278689,0.0,0.0,0.0,0.0,0.2483754512635378,0.0003727171077152,0,0,1,0,0,0,0,test
1,0.6229508196721312,0.0,0.0,0.0,0.0263157894736842,0.2483754512635378,0.0007454342154304,0,0,1,0,0,0,0,train
1,0.6065573770491803,0.0,0.0,0.0,0.2894736842105263,0.2483754512635378,0.0067089079388743,0,0,1,0,0,0,0,train
1,0.1639344262295082,0.0,0.0,0.0,0.0789473684210526,0.2483754512635378,0.0003727171077152,1,0,0,0,0,0,0,train
1,0.2131147540983606,0.0,0.0,0.0,0.0526315789473684,0.2483754512635378,0.0048453224002981,0,0,0,0,0,1,1,train
1,0.6229508196721312,0.0,0.0,0.0,0.0789473684210526,0.2137184115523465,0.0081997763697353,1,0,0,0,0,0,0,train
1,0.5737704918032788,0.0,0.0,0.0,0.0,0.2483754512635378,0.0003727171077152,0,0,1,0,0,0,0,train
1,0.2459016393442623,0.0,0.0,0.0,0.1842105263157894,0.2483754512635378,0.0484532240029817,1,0,0,0,0,0,1,val
1,0.2622950819672132,0.0,0.0,0.0,0.3947368421052631,0.2447653429602888,0.0014908684308609,1,0,0,0,0,0,0,train
1,0.2295081967213115,0.0,0.0,0.0,0.3157894736842105,0.2483754512635378,0.0003727171077152,1,0,0,0,0,0,0,train
1,0.0983606557377049,0.0,0.0,0.0,0.0,0.2490974729241877,0.0,0,1,0,0,0,0,0,train
1,0.6229508196721312,0.0,0.0,0.0,0.0,0.2490974729241877,0.0,0,0,1,0,0,0,0,train
1,0.2950819672131147,0.0,0.0,0.0,0.0263157894736842,0.2707581227436823,0.0398807305255311,0,0,0,1,0,0,1,train
1,0.1639344262295082,0.0,0.0,0.0,0.1052631578947368,0.2490974729241877,0.0078270592620201,1,0,0,0,0,0,1,train
1,0.6721311475409837,0.0,0.0,0.0,0.0,0.247653429602888,0.0003727171077152,0,0,0,1,0,0,0,train
0,0.180327868852459,0.0,0.0,0.0,0.2894736842105263,0.2483754512635378,0.0003727171077152,1,0,0,0,0,0,0,test
1,0.8852459016393442,0.0,0.0,0.0,0.0789473684210526,0.2454873646209386,0.0018635855385762,0,0,1,0,0,0,0,train
1,0.4426229508196722,0.0,0.0,0.0,0.0789473684210526,0.2534296028880866,0.0134178158777487,1,0,0,0,0,0,0,train
1,0.4426229508196722,0.0,0.0,0.0,0.0,0.2483754512635378,0.0003727171077152,1,0,0,0,0,0,0,train
1,0.4754098360655738,0.0,0.0,0.0,0.0,0.2483754512635378,0.0003727171077152,0,0,1,0,0,0,0,train
1,0.2622950819672132,0.0,0.0,0.0,0.0526315789473684,0.2483754512635378,0.0894521058516585,1,0,0,0,0,0,0,train
1,0.0655737704918033,0.0,0.0,0.0,0.0526315789473684,0.3227436823104693,0.0003727171077152,0,0,0,1,0,0,0,train
1,0.3770491803278689,0.0,0.0,0.0,0.131578947368421,0.2483754512635378,0.0003727171077152,0,0,1,0,0,0,0,train
1,0.5081967213114754,0.0,0.0,0.0,0.0263157894736842,0.2375451263537906,0.0048453224002981,0,0,1,0,0,0,0,train
1,0.1311475409836066,0.0,0.0,0.0,0.0,0.2483754512635378,0.0003727171077152,0,0,0,1,0,0,0,train
0,0.2622950819672132,0.0,0.0,0.0,0.0526315789473684,0.2137184115523465,0.0723071188967573,0,0,1,0,0,0,1,train
0,0.1639344262295082,0.0,0.0,0.0,0.0,0.2483754512635378,0.0003727171077152,1,0,0,0,0,0,0,test
1,0.2459016393442623,0.0,0.0,0.0,0.0526315789473684,0.2483754512635378,0.0007454342154304,0,0,1,0,0,0,0,train
1,0.459016393442623,0.0,0.0,0.0,0.0,0.2490974729241877,0.0003727171077152,1,0,0,0,0,0,0,train
1,0.0491803278688524,0.0,0.0,0.0,0.0,0.2483754512635378,0.0007454342154304,1,0,0,0,0,0,0,test
0,0.1639344262295082,0.0,0.0,0.0,0.0526315789473684,0.1999999999999999,0.0026090197540067,0,0,0,1,0,0,0,train
1,0.180327868852459,0.0,0.0,0.0,0.0,0.2483754512635378,0.0003727171077152,0,0,0,0,0,1,0,test
1,0.0491803278688524,0.0,0.0,0.0,0.0,0.2490974729241877,0.0014908684308609,0,0,1,0,0,0,1,test
1,0.1311475409836066,0.0,0.0,0.0,0.0,0.2483754512635378,0.0003727171077152,0,0,0,0,0,1,0,val
1,0.2622950819672132,0.0,0.0,0.0,0.0789473684210526,0.2462093862815884,0.0003727171077152,1,0,0,0,0,0,0,train
1,0.0655737704918033,0.0,0.0,0.0,0.0,0.2483754512635378,0.0003727171077152,1,0,0,0,0,0,0,test
0,0.639344262295082,0.0,0.0,0.0,0.0,0.2483754512635378,0.0003727171077152,0,0,1,0,0,0,0,val
0,0.6229508196721312,0.0,0.0,0.0,0.0263157894736842,0.2346570397111913,0.0003727171077152,0,0,1,0,0,0,0,test
1,0.1967213114754099,0.0,0.25,0.1176470588235294,0.2894736842105263,0.2483754512635378,0.0007454342154304,1,0,0,0,0,0,0,val
1,0.180327868852459,0.0,0.0,0.0,0.0526315789473684,0.2483754512635378,0.0003727171077152,1,0,0,0,0,0,0,test
1,0.2950819672131147,0.1,0.0,0.0,0.131578947368421,0.2028880866425992,0.044353335818114,1,0,0,0,0,0,0,train
0,0.0983606557377049,0.0,0.0,0.0,0.0,0.2483754512635378,0.0003727171077152,1,0,0,0,0,0,0,train
0,0.8524590163934428,0.0,0.0,0.0,0.0263157894736842,0.2483754512635378,0.0007454342154304,1,0,0,0,0,0,0,train
0,0.4426229508196722,0.0,0.0,0.0,0.0263157894736842,0.2411552346570397,0.0003727171077152,0,0,1,0,0,0,0,train
0,0.2459016393442623,0.0,0.0,0.0,0.0526315789473684,0.2483754512635378,0.0007454342154304,0,0,0,1,0,0,0,train
0,0.3442622950819672,0.0,0.125,0.0,0.1578947368421052,0.2490974729241877,0.0003727171077152,1,0,0,0,0,0,0,train
1,0.1147540983606557,0.0,0.125,0.0,0.1578947368421052,0.2375451263537906,0.0007454342154304,0,0,1,0,0,0,0,train
1,0.4918032786885246,0.0,0.0,0.0,0.0263157894736842,0.2490974729241877,0.0003727171077152,0,0,0,1,0,0,0,train
1,0.459016393442623,0.0,0.0,0.0,0.0,0.2483754512635378,0.0003727171077152,0,0,1,0,0,0,0,train
1,0.1639344262295082,0.0,0.0,0.0,0.0,0.2490974729241877,0.0011181513231457,0,0,1,0,0,0,1,train
1,0.1475409836065574,0.0,0.0,0.0,0.0263157894736842,0.2483754512635378,0.0003727171077152,1,0,0,0,0,0,0,val
1,0.4098360655737705,0.0,0.0,0.0,0.2894736842105263,0.2606498194945848,0.0286992172940737,0,0,1,0,0,0,1,train
1,0.278688524590164,0.0,0.5,1.0,0.3157894736842105,0.2483754512635378,0.941856131196422,1,0,0,0,0,0,0,train
1,0.180327868852459,0.0,0.0,0.0,0.0263157894736842,0.2332129963898916,0.0231084606783451,0,0,1,0,0,0,0,train
0,0.0327868852459016,0.0,0.0,0.0,0.0,0.2490974729241877,0.0,0,0,1,0,0,0,0,test
1,0.180327868852459,0.0,0.0,0.0,0.0,0.2483754512635378,0.0003727171077152,1,0,0,0,0,0,0,test
1,0.8032786885245903,0.0,0.0,0.0,0.0,0.2483754512635378,0.0003727171077152,0,1,0,0,0,0,0,val
1,0.1147540983606557,0.0,0.0,0.0,0.0,0.2483754512635378,0.0003727171077152,0,0,0,0,0,1,0,test
1,0.0983606557377049,0.0,0.25,0.0588235294117647,0.2105263157894736,0.2483754512635378,0.0301900857249347,1,0,0,0,0,0,1,train
1,0.180327868852459,0.0,0.0,0.0,0.0789473684210526,0.2483754512635378,0.0663436451733134,0,0,0,0,0,1,0,test
1,0.4426229508196722,0.0,0.0,0.0,0.0526315789473684,0.2483754512635378,0.010808796123742,1,0,0,0,0,0,0,train
1,0.7049180327868853,0.0,0.0,0.0,0.0,0.2483754512635378,0.0003727171077152,0,0,1,0,0,0,0,train
1,0.2295081967213115,0.0,0.0,0.0,0.0263157894736842,0.2382671480144404,0.0055907566157286,0,0,0,0,0,1,0,val
1,0.4098360655737705,0.0,0.0,0.0,0.2368421052631578,0.247653429602888,0.0003727171077152,0,0,1,0,0,0,0,train
1,0.2295081967213115,0.0,0.0,0.0,0.0,0.2483754512635378,0.0003727171077152,0,0,0,0,0,1,0,val
1,0.2950819672131147,0.0,0.0,0.0,0.0,0.2483754512635378,0.0003727171077152,1,0,0,0,0,0,0,test
1,0.639344262295082,0.0,0.0,0.0,0.3157894736842105,0.2483754512635378,0.0190085724934774,1,0,0,0,0,0,0,train
1,0.3114754098360656,0.0,0.0,0.0,0.0526315789473684,0.2490974729241877,0.0,1,0,0,0,0,0,0,train
1,0.4262295081967213,0.0,0.0,0.0,0.1578947368421052,0.2483754512635378,0.0007454342154304,1,0,0,0,0,0,0,test
1,0.4426229508196722,0.0,0.0,0.0,0.1052631578947368,0.2483754512635378,0.700708162504659,0,0,0,1,0,0,0,train
1,0.1639344262295082,0.0,0.0,0.1176470588235294,0.2368421052631578,0.3299638989169675,0.0436079016026835,0,0,1,0,0,0,0,train
1,0.4426229508196722,0.0,0.0,0.0,0.2105263157894736,0.2483754512635378,0.5136041744316064,1,0,0,0,0,0,1,train
1,0.4918032786885246,0.0,0.0,0.0,0.0263157894736842,0.2483754512635378,0.0007454342154304,0,0,0,0,0,1,0,train
1,0.1147540983606557,0.0,0.0,0.0,0.0,0.2483754512635378,0.0007454342154304,1,0,0,0,0,0,0,train
1,0.4098360655737705,0.0,0.0,0.0,0.0263157894736842,0.2483754512635378,0.0003727171077152,1,0,0,0,0,0,0,train
1,0.1967213114754099,0.0,0.0,0.0,0.0,0.2490974729241877,0.0,1,0,0,0,0,0,0,train
1,0.5245901639344263,0.0,0.0,0.0,0.0,0.247653429602888,0.0003727171077152,0,0,1,0,0,0,0,test
0,0.2131147540983606,0.0,0.0,0.0,0.0526315789473684,0.2483754512635378,0.0018635855385762,1,0,0,0,0,0,0,val
0,0.2459016393442623,0.0,0.0,0.0,0.1842105263157894,0.2447653429602888,0.0003727171077152,0,0,1,0,0,0,0,test
1,0.2295081967213115,0.0,0.0,0.0,0.0263157894736842,0.2483754512635378,0.013790532985464,1,0,0,0,0,0,1,train
1,0.0655737704918033,0.0,0.0,0.0,0.0,0.2483754512635378,0.0055907566157286,0,0,0,1,0,0,0,train
1,0.0491803278688524,0.0,0.0,0.0,0.0,0.2490974729241877,0.0,0,0,1,0,0,0,0,val
1,0.5573770491803279,0.0,0.0,0.0,0.0526315789473684,0.2483754512635378,0.0026090197540067,0,0,0,0,0,1,0,train
1,0.5081967213114754,0.0,0.0,0.0,0.0526315789473684,0.2483754512635378,0.0003727171077152,0,0,1,0,0,0,0,test
1,0.0655737704918033,0.0,0.0,0.0,0.0,0.2483754512635378,0.0003727171077152,1,0,0,0,0,0,0,test
1,0.4426229508196722,0.0,0.0,0.0,0.0,0.2483754512635378,0.0048453224002981,0,0,0,1,0,0,0,test
1,0.1639344262295082,0.0,0.0,0.0,0.131578947368421,0.2483754512635378,0.0003727171077152,1,0,0,0,0,0,0,train
1,0.0491803278688524,0.0,0.0,0.0,0.0263157894736842,0.2483754512635378,0.0040998881848676,1,0,0,0,0,0,1,train
1,0.3114754098360656,0.0,0.0,0.0588235294117647,0.0526315789473684,0.2483754512635378,0.0003727171077152,0,0,0,1,0,0,0,test
1,0.1639344262295082,0.1,0.125,0.0,0.2894736842105263,0.2483754512635378,0.0096906448005963,1,0,0,0,0,0,0,train
1,0.0983606557377049,0.0,0.0,0.0,0.0263157894736842,0.2483754512635378,0.0003727171077152,1,0,0,0,0,0,0,train
1,0.4262295081967213,0.0,0.0,0.0,0.2368421052631578,0.3018050541516245,0.0245993291092061,1,0,0,0,0,0,0,train
1,0.2295081967213115,0.05,0.375,0.0,0.631578947368421,0.2483754512635378,0.0294446515095042,1,0,0,0,0,0,1,test
0,0.0983606557377049,0.0,0.0,0.0,0.0263157894736842,0.2483754512635378,0.0003727171077152,1,0,0,0,0,0,0,test
1,0.639344262295082,0.0,0.0,0.0,0.5,0.2483754512635378,0.0003727171077152,1,0,0,0,0,0,0,train
1,0.0491803278688524,0.0,0.0,0.0,0.0,0.2483754512635378,0.0003727171077152,0,0,0,0,0,1,0,train
1,0.1639344262295082,0.0,0.0,0.0,0.0,0.2490974729241877,0.0,0,0,1,0,0,0,0,val
1,0.5409836065573771,0.0,0.0,0.0,0.0,0.2490974729241877,0.0342899739098024,0,0,1,0,0,0,0,val
1,0.1147540983606557,0.0,0.125,0.0,0.1578947368421052,0.2483754512635378,0.012299664554603,1,0,0,0,0,0,0,train
1,0.0163934426229508,0.0,0.0,0.0,0.0,0.2483754512635378,0.0018635855385762,0,0,1,0,0,0,1,train
1,0.639344262295082,0.0,0.0,0.0,0.7105263157894737,0.2425992779783393,0.0033544539694371,1,0,0,0,0,0,0,train
0,0.1475409836065574,0.0,0.0,0.0,0.0,0.2490974729241877,0.0003727171077152,1,0,0,0,0,0,0,val
1,0.7868852459016394,0.0,0.0,0.0,0.0263157894736842,0.2483754512635378,0.0070816250465896,0,0,1,0,0,0,0,train
0,0.1147540983606557,0.0,0.0,0.0,0.1052631578947368,0.215884476534296,0.0223630264629146,1,0,0,0,0,0,1,train
1,0.0491803278688524,0.0,0.0,0.0,0.0,0.2490974729241877,0.0,0,0,1,0,0,0,0,train
1,0.4426229508196722,0.0,0.0,0.0,0.0263157894736842,0.2490974729241877,0.0,0,0,1,0,0,0,0,test
1,0.3278688524590164,0.0,0.0,0.0,0.1578947368421052,0.1010830324909747,0.0011181513231457,1,0,0,0,0,0,1,train
1,0.3114754098360656,0.1,0.375,0.0,0.631578947368421,0.2483754512635378,0.0074543421543048,1,0,0,0,0,0,0,test
1,0.7540983606557378,0.0,0.0,0.0,0.0,0.2483754512635378,0.0014908684308609,1,0,0,0,0,0,0,test
1,0.1967213114754099,0.0,0.0,0.0,0.0263157894736842,0.2483754512635378,0.0,1,0,0,0,0,0,1,test
1,0.7049180327868853,0.0,0.0,0.0,0.0263157894736842,0.2483754512635378,0.0007454342154304,1,0,0,0,0,0,0,train
0,0.5081967213114754,0.0,0.0,0.0,0.2105263157894736,0.2418772563176895,0.0033544539694371,0,0,1,0,0,0,0,train
1,0.0819672131147541,0.0,0.0,0.0,0.0,0.2490974729241877,0.0003727171077152,1,0,0,0,0,0,0,train
1,0.2459016393442623,0.0,0.0,0.0,0.3684210526315789,0.1920577617328519,0.0253447633246366,1,0,0,0,0,0,0,train
1,0.0491803278688524,0.0,0.0,0.0,0.0,0.247653429602888,0.0085724934774506,0,0,1,0,0,0,1,train
1,0.1311475409836066,0.0,0.0,0.0588235294117647,0.1842105263157894,0.2490974729241877,0.0007454342154304,0,0,0,1,0,0,0,train
1,0.1475409836065574,0.0,0.0,0.0588235294117647,0.0526315789473684,0.2483754512635378,0.0081997763697353,1,0,0,0,0,0,0,train
1,0.3278688524590164,0.0,0.0,0.0,0.0263157894736842,0.2490974729241877,0.0055907566157286,0,0,1,0,0,0,0,train
1,0.1311475409836066,0.0,0.0,0.0,0.0,0.2483754512635378,0.0003727171077152,0,0,1,0,0,0,0,train
1,0.0819672131147541,0.0,0.0,0.0588235294117647,0.0526315789473684,0.2490974729241877,0.0048453224002981,0,0,1,0,0,0,0,train
0,0.2950819672131147,0.0,0.0,0.0,0.0,0.2490974729241877,0.0,1,0,0,0,0,0,0,val
1,0.6557377049180328,0.0,0.0,0.0,0.0263157894736842,0.2483754512635378,0.5318673127096534,0,0,1,0,0,0,0,train
1,0.459016393442623,0.0,0.0,0.0,0.131578947368421,0.3393501805054151,0.0,0,0,1,0,0,0,0,train
0,0.278688524590164,0.0,0.0,0.0,0.1052631578947368,0.2274368231046931,0.0085724934774506,0,0,1,0,0,0,0,train
1,0.0819672131147541,0.0,0.0,0.0,0.0789473684210526,0.2483754512635378,0.0003727171077152,1,0,0,0,0,0,0,val
1,0.3606557377049181,0.0,0.0,0.0,0.0263157894736842,0.2339350180505415,0.0078270592620201,0,0,1,0,0,0,0,train
1,0.2131147540983606,0.0,0.0,0.0,0.0789473684210526,0.2483754512635378,0.0003727171077152,0,0,0,1,0,0,0,train
0,0.2622950819672132,0.0,0.0,0.0,0.131578947368421,0.2490974729241877,0.0003727171077152,0,0,0,1,0,0,0,val
0,0.1311475409836066,0.0,0.0,0.0,0.0789473684210526,0.2296028880866426,0.0100633619083115,1,0,0,0,0,0,0,val
1,0.5081967213114754,0.0,0.0,0.0,0.0263157894736842,0.2490974729241877,0.0093179276928811,1,0,0,0,0,0,0,train
0,0.4754098360655738,0.0,0.0,0.0,0.0,0.2490974729241877,0.0003727171077152,0,0,0,1,0,0,0,train
1,0.4754098360655738,0.0,0.0,0.0,0.1578947368421052,0.2490974729241877,0.0018635855385762,1,0,0,0,0,0,0,val
1,0.4426229508196722,0.0,0.0,0.0,0.0263157894736842,0.5220216606498195,0.0022363026462914,0,0,0,1,0,0,0,train
1,0.1475409836065574,0.0,0.0,0.0,0.2631578947368421,0.2483754512635378,0.0029817368617219,1,0,0,0,0,0,0,train
0,0.5573770491803279,0.0,0.0,0.0,0.0,0.2490974729241877,0.0,0,0,1,0,0,0,0,test
1,0.1147540983606557,0.0,0.0,0.0588235294117647,0.2368421052631578,0.2490974729241877,0.0067089079388743,1,0,0,0,0,0,0,train
1,0.5409836065573771,0.0,0.0,0.0,0.0263157894736842,0.2483754512635378,0.0607528885575847,1,0,0,0,0,0,0,train
0,0.180327868852459,0.0,0.0,0.0,0.0263157894736842,0.2490974729241877,0.0242266120014908,1,0,0,0,0,0,0,train
1,0.3442622950819672,0.0,0.0,0.0,0.0263157894736842,0.2483754512635378,0.1930674617964964,1,0,0,0,0,0,0,train
1,0.459016393442623,0.0,0.0,0.0,0.0,0.2483754512635378,0.0003727171077152,0,0,1,0,0,0,0,train
1,0.1639344262295082,0.0,0.0,0.0,0.1578947368421052,0.247653429602888,0.0245993291092061,0,0,1,0,0,0,0,train
1,0.639344262295082,0.0,0.0,0.0,0.0,0.2483754512635378,0.0003727171077152,1,0,0,0,0,0,0,train
1,0.0819672131147541,0.0,0.0,0.0,0.0526315789473684,0.2483754512635378,0.0003727171077152,0,0,0,1,0,0,0,train
1,0.1475409836065574,0.0,0.0,0.0,0.0789473684210526,0.2483754512635378,0.0044726052925829,1,0,0,0,0,0,0,train
1,0.2131147540983606,0.0,0.0,0.0,0.0263157894736842,0.2483754512635378,0.0089452105851658,0,0,1,0,0,0,1,train
1,0.3114754098360656,0.0,0.0,0.0,0.2105263157894736,0.2483754512635378,0.0003727171077152,1,0,0,0,0,0,0,train
1,0.5409836065573771,0.0,0.0,0.0,0.0,0.2490974729241877,0.0007454342154304,1,0,0,0,0,0,1,train
1,0.5409836065573771,0.0,0.0,0.0,0.0789473684210526,0.1870036101083032,0.0007454342154304,0,0,0,1,0,0,0,train
1,0.1639344262295082,0.0,0.125,0.0,0.2105263157894736,0.2483754512635378,0.0007454342154304,1,0,0,0,0,0,0,val
1,0.6229508196721312,0.0,0.0,0.0,0.1052631578947368,0.2490974729241877,0.0026090197540067,0,0,1,0,0,0,0,train
1,0.1311475409836066,0.0,0.0,0.0,0.1842105263157894,0.2483754512635378,0.0067089079388743,0,0,1,0,0,0,1,train
1,0.2459016393442623,0.0,0.0,0.0,0.1842105263157894,0.2483754512635378,0.0003727171077152,0,0,1,0,0,0,1,train
1,0.0819672131147541,0.0,0.0,0.1764705882352941,0.0,0.247653429602888,0.0003727171077152,0,0,1,0,0,0,0,val
1,0.2131147540983606,0.0,0.0,0.0,0.0,0.2490974729241877,0.0,1,0,0,0,0,0,0,train
1,0.2131147540983606,0.0,0.0,0.0,0.0,0.2483754512635378,0.0003727171077152,0,0,0,0,0,1,0,train
1,0.0163934426229508,0.05,0.0,0.0,0.0263157894736842,0.2404332129963898,0.0011181513231457,0,0,0,1,0,0,0,train
1,0.2295081967213115,0.0,0.0,0.0,0.0,0.2490974729241877,0.0,0,0,1,0,0,0,0,train
0,0.4918032786885246,0.0,0.0,0.0,0.2368421052631578,0.1862815884476534,0.0212448751397689,0,0,0,1,0,0,0,train
1,0.7868852459016394,0.0,0.0,0.0,0.0263157894736842,0.2483754512635378,0.0003727171077152,0,0,1,0,0,0,0,train
0,0.3606557377049181,0.0,0.0,0.0,0.0,0.2490974729241877,0.0,1,0,0,0,0,0,0,train
1,0.6721311475409837,0.0,0.0,0.0,0.1052631578947368,0.2490974729241877,0.0003727171077152,1,0,0,0,0,0,0,train
1,0.1147540983606557,0.0,0.0,0.0,0.131578947368421,0.3342960288808664,0.0316809541557957,1,0,0,0,0,0,0,train
1,0.1475409836065574,0.0,0.0,0.0,0.0789473684210526,0.2324909747292418,0.0003727171077152,1,0,0,0,0,0,0,train
1,0.0655737704918033,0.0,0.0,0.0,0.0,0.2483754512635378,0.0003727171077152,1,0,0,0,0,0,0,train
1,0.6557377049180328,0.0,0.0,0.0,0.0263157894736842,0.2483754512635378,0.0011181513231457,0,0,1,0,0,0,0,train
1,0.180327868852459,0.0,0.0,0.0,0.0526315789473684,0.247653429602888,0.0007454342154304,0,0,1,0,0,0,0,train
1,0.0983606557377049,0.0,0.0,0.0,0.0526315789473684,0.395667870036101,0.0022363026462914,1,0,0,0,0,0,0,train
1,0.1475409836065574,0.0,0.0,0.0,0.0,0.2483754512635378,0.012299664554603,1,0,0,0,0,0,1,test
1,0.0983606557377049,0.0,0.0,0.0,0.0,0.2469314079422382,0.0018635855385762,0,0,1,0,0,0,0,train
0,0.278688524590164,0.0,0.125,0.0,0.0789473684210526,0.2490974729241877,0.0,0,0,1,0,0,0,0,train
1,0.1967213114754099,0.05,0.0,0.0,0.131578947368421,0.2483754512635378,0.0011181513231457,1,0,0,0,0,0,1,train
1,0.0819672131147541,0.0,0.125,0.0588235294117647,0.0263157894736842,0.2483754512635378,0.0026090197540067,1,0,0,0,0,0,0,train
1,0.2295081967213115,0.0,0.0,0.0,0.0526315789473684,0.2296028880866426,0.0003727171077152,0,0,1,0,0,0,1,train
1,0.0655737704918033,0.0,0.0,0.0,0.0526315789473684,0.2483754512635378,0.0014908684308609,0,0,1,0,0,0,0,train
1,0.0491803278688524,0.0,0.0,0.0,0.0,0.2483754512635378,0.0003727171077152,1,0,0,0,0,0,0,test
0,0.4098360655737705,0.0,0.0,0.0,0.0,0.2483754512635378,0.0,0,0,1,0,0,0,0,test
1,0.180327868852459,0.0,0.0,0.0,0.0,0.2483754512635378,0.0398807305255311,1,0,0,0,0,0,0,test
1,0.4098360655737705,0.0,0.0,0.0,0.0263157894736842,0.2490974729241877,0.0007454342154304,1,0,0,0,0,0,0,test
1,0.1147540983606557,0.0,0.0,0.0,0.0263157894736842,0.2483754512635378,0.0007454342154304,1,0,0,0,0,0,0,test
1,0.4754098360655738,0.0,0.0,0.0,0.0,0.2483754512635378,0.0003727171077152,0,0,1,0,0,0,0,val
0,0.0491803278688524,0.0,0.0,0.0,0.0,0.247653429602888,0.0003727171077152,1,0,0,0,0,0,0,test
0,0.1147540983606557,0.0,0.0,0.0,0.0263157894736842,0.1768953068592057,0.0,1,0,0,0,0,0,0,test
1,0.5901639344262296,0.0,0.0,0.0,0.0,0.2490974729241877,0.0,0,0,1,0,0,0,0,train
1,0.2622950819672132,0.0,0.0,0.0588235294117647,0.0789473684210526,0.2483754512635378,0.0126723816623183,1,0,0,0,0,0,1,train
0,0.1639344262295082,0.0,0.0,0.0,0.0526315789473684,0.2483754512635378,0.0003727171077152,1,0,0,0,0,0,0,train
1,0.5901639344262296,0.0,0.0,0.0,0.0,0.2490974729241877,0.0,1,0,0,0,0,0,0,train
1,0.2622950819672132,0.0,0.0,0.0,0.0526315789473684,0.2483754512635378,0.0003727171077152,1,0,0,0,0,0,0,train
1,0.5245901639344263,0.0,0.0,0.0,0.2894736842105263,0.0974729241877256,0.0424897502795378,0,0,0,1,0,0,0,train
1,0.0655737704918033,0.0,0.0,0.0,0.0,0.2483754512635378,0.0003727171077152,1,0,0,0,0,0,0,val
1,0.5409836065573771,0.0,0.0,0.0,0.0789473684210526,0.2490974729241877,0.0,1,0,0,0,0,0,0,train
0,0.1639344262295082,0.0,0.0,0.0,0.0263157894736842,0.2180505415162454,0.0018635855385762,1,0,0,0,0,0,0,train
1,0.2950819672131147,0.0,0.0,0.0,0.1578947368421052,0.1581227436823104,0.0044726052925829,0,0,1,0,0,0,0,train
1,0.1639344262295082,0.0,0.0,0.0588235294117647,0.131578947368421,0.2483754512635378,0.0104360790160268,1,0,0,0,0,0,0,train
1,0.4098360655737705,0.0,0.0,0.0,0.1052631578947368,0.2490974729241877,0.0007454342154304,0,0,1,0,0,0,0,test
1,0.4426229508196722,0.0,0.0,0.0,0.0263157894736842,0.2483754512635378,0.0100633619083115,0,0,0,1,0,0,0,test
1,0.3770491803278689,0.0,0.0,0.0,0.0263157894736842,0.2483754512635378,0.0424897502795378,0,0,0,1,0,0,0,train
1,0.1147540983606557,1.0,0.0,0.0,0.631578947368421,0.2483754512635378,0.0480805068952664,0,0,0,0,0,1,1,train
1,0.278688524590164,0.0,0.125,0.0,0.3157894736842105,0.2483754512635378,0.0037271710771524,0,0,0,1,0,0,0,train
1,0.0983606557377049,0.0,0.0,0.0,0.0,0.2483754512635378,0.0003727171077152,0,1,0,0,0,0,0,test
1,0.0491803278688524,0.0,0.0,0.0,0.0789473684210526,0.2736462093862816,0.0234811777860603,1,0,0,0,0,0,1,test
1,0.1639344262295082,0.0,0.0,0.0,0.0,0.2483754512635378,0.0007454342154304,0,0,0,1,0,0,0,train
1,0.180327868852459,0.0,0.125,0.0,0.3421052631578947,0.2490974729241877,0.1285874021617592,1,0,0,0,0,0,1,train
1,0.1311475409836066,0.0,0.0,0.0,0.2368421052631578,0.2483754512635378,0.0786433097279165,1,0,0,0,0,0,1,train
1,0.2131147540983606,0.0,0.0,0.0,0.0,0.2483754512635378,0.0011181513231457,0,0,0,0,0,1,0,test
1,0.1639344262295082,0.0,0.0,0.0,0.0,0.2490974729241877,0.0022363026462914,0,0,1,0,0,0,0,train
1,0.4262295081967213,0.0,0.0,0.0,0.0,0.2483754512635378,0.0,0,0,1,0,0,0,0,train
1,0.3934426229508196,0.0,0.0,0.0,0.1842105263157894,0.2483754512635378,0.0003727171077152,1,0,0,0,0,0,0,test
1,0.3442622950819672,0.0,0.0,0.0,0.131578947368421,0.2483754512635378,0.0037271710771524,1,0,0,0,0,0,0,train
0,0.459016393442623,0.0,0.0,0.0,0.0526315789473684,0.2483754512635378,0.0011181513231457,0,0,0,1,0,0,0,train
1,0.6065573770491803,0.0,0.0,0.0,0.0,0.2483754512635378,0.0037271710771524,0,0,1,0,0,0,0,train
0,0.2131147540983606,0.0,0.0,0.0,0.0,0.2483754512635378,0.0018635855385762,0,0,1,0,0,0,0,train
1,0.1147540983606557,0.0,0.0,0.0,0.0,0.2483754512635378,0.0003727171077152,1,0,0,0,0,0,0,train
1,0.2295081967213115,0.0,0.0,0.1176470588235294,0.1578947368421052,0.2490974729241877,0.0,0,0,1,0,0,0,0,train
1,0.2950819672131147,0.0,0.0,0.0,0.0526315789473684,0.2483754512635378,0.0003727171077152,1,0,0,0,0,0,0,train
1,0.3442622950819672,0.0,0.0,0.0,0.0526315789473684,0.2490974729241877,0.0,0,0,1,0,0,0,0,train
0,0.1311475409836066,0.0,0.0,0.0,0.0,0.2490974729241877,0.0,1,0,0,0,0,0,0,train
0,0.0655737704918033,0.0,0.0,0.0,0.0,0.2483754512635378,0.0007454342154304,0,0,0,0,0,1,0,train
1,0.3114754098360656,0.0,0.0,0.0,0.0789473684210526,0.2483754512635378,0.0003727171077152,0,0,1,0,0,0,0,test
1,0.3770491803278689,0.0,0.0,0.0,0.2368421052631578,0.2483754512635378,0.012299664554603,0,0,1,0,0,0,0,test
1,0.1147540983606557,0.0,0.0,0.0,0.0263157894736842,0.2490974729241877,0.0,1,0,0,0,0,0,0,val
1,0.6557377049180328,0.0,0.0,0.0,0.0,0.2483754512635378,0.0003727171077152,0,0,1,0,0,0,0,train
1,0.4262295081967213,0.1,0.0,0.0,0.5,0.2368231046931407,0.0249720462169213,1,0,0,0,0,0,1,train
1,0.1639344262295082,0.0,0.0,0.0,0.0263157894736842,0.2490974729241877,0.0003727171077152,1,0,0,0,0,0,0,test
1,0.5901639344262296,0.0,0.0,0.0,0.0,0.2483754512635378,0.0026090197540067,0,0,1,0,0,0,0,test
1,0.0491803278688524,0.0,0.0,0.0,0.0,0.7234657039711191,0.0197540067089079,0,0,0,1,0,0,1,test
1,0.4098360655737705,0.0,0.0,0.0,0.0,0.2483754512635378,0.0003727171077152,0,0,1,0,0,0,0,train
1,0.2131147540983606,0.0,0.0,0.0,0.131578947368421,0.2490974729241877,0.0,1,0,0,0,0,0,0,val
1,0.1967213114754099,0.2,0.125,0.0,0.2894736842105263,0.2490974729241877,0.0436079016026835,1,0,0,0,0,0,0,train
1,0.0983606557377049,0.0,0.0,0.0,0.0,0.2483754512635378,0.0003727171077152,1,0,0,0,0,0,0,train
1,0.4098360655737705,0.0,0.0,0.0,0.0,0.2490974729241877,0.0,0,0,1,0,0,0,0,val
1,0.5409836065573771,0.0,0.0,0.0,0.1052631578947368,0.2173285198555956,0.0111815132314573,1,0,0,0,0,0,0,train
1,0.0983606557377049,0.0,0.0,0.0,0.2894736842105263,0.2382671480144404,0.029071934401789,0,0,0,1,0,0,1,train
1,0.2131147540983606,0.0,0.0,0.0,0.0263157894736842,0.4722021660649819,0.0857249347745061,1,0,0,0,0,0,0,train
1,0.0819672131147541,0.0,0.0,0.0,0.0,0.2483754512635378,0.0007454342154304,1,0,0,0,0,0,0,train
1,0.1311475409836066,0.1,0.125,0.0,0.2105263157894736,0.187725631768953,0.0,1,0,0,0,0,0,1,test
1,0.1475409836065574,0.0,0.0,0.0,0.0263157894736842,0.2483754512635378,0.0003727171077152,0,0,1,0,0,0,0,train
1,0.7868852459016394,0.0,0.0,0.0,0.0,0.2483754512635378,0.0003727171077152,0,0,1,0,0,0,0,train
0,0.2950819672131147,0.0,0.0,0.0588235294117647,0.0789473684210526,0.2490974729241877,0.0007454342154304,0,0,1,0,0,0,0,val
0,0.0655737704918033,0.0,0.0,0.0,0.0,0.2490974729241877,0.0011181513231457,1,0,0,0,0,0,1,train
1,0.1147540983606557,0.0,0.0,0.0588235294117647,0.0263157894736842,0.2483754512635378,0.0003727171077152,0,0,0,1,0,0,0,test
1,0.6229508196721312,0.0,0.0,0.0,0.1052631578947368,0.2483754512635378,0.0007454342154304,1,0,0,0,0,0,0,train
1,0.180327868852459,0.0,0.0,0.0,0.0263157894736842,0.275812274368231,0.012299664554603,0,0,0,0,1,0,0,train
0,0.6557377049180328,0.0,0.0,0.0,0.0789473684210526,0.2361010830324909,0.0067089079388743,1,0,0,0,0,0,0,train
1,0.0983606557377049,0.0,0.125,0.1176470588235294,0.0789473684210526,0.2490974729241877,0.0,0,0,1,0,0,0,0,test
1,0.0655737704918033,0.0,0.0,0.0,0.0,0.2483754512635378,0.0361535594483786,1,0,0,0,0,0,1,test
1,0.3442622950819672,0.0,0.0,0.0,0.0,0.2483754512635378,0.0003727171077152,0,0,1,0,0,0,0,train
1,0.0819672131147541,0.0,0.0,0.0,0.0,0.2490974729241877,0.0115542303391725,0,0,1,0,0,0,1,train
1,0.3442622950819672,0.0,0.0,0.0,0.1578947368421052,0.2483754512635378,0.0096906448005963,0,0,0,0,0,1,0,train
1,0.1147540983606557,0.0,0.0,0.0,0.0,0.2490974729241877,0.0283265001863585,1,0,0,0,0,0,0,test
1,0.1311475409836066,0.0,0.0,0.0,0.1578947368421052,0.2483754512635378,0.0007454342154304,1,0,0,0,0,0,0,test
1,0.1147540983606557,0.0,0.0,0.0588235294117647,0.0526315789473684,0.2483754512635378,0.0126723816623183,1,0,0,0,0,0,0,train
1,0.2950819672131147,0.0,0.0,0.0,0.0,0.2469314079422382,0.0026090197540067,1,0,0,0,0,0,0,train
1,0.278688524590164,0.0,0.0,0.0,0.1842105263157894,0.2324909747292418,0.0003727171077152,1,0,0,0,0,0,1,train
1,0.0655737704918033,0.0,0.0,0.0,0.0526315789473684,0.2483754512635378,0.0003727171077152,1,0,0,0,0,0,1,train
1,0.1147540983606557,0.0,0.0,0.0,0.0,0.2490974729241877,0.0,0,0,1,0,0,0,0,train
1,0.2950819672131147,0.0,0.0,0.0,0.0,0.244043321299639,0.0003727171077152,0,0,0,1,0,0,0,test
1,0.0983606557377049,0.0,0.0,0.0,0.0526315789473684,0.2483754512635378,0.0003727171077152,1,0,0,0,0,0,1,train
1,0.180327868852459,0.0,0.0,0.0,0.0,0.247653429602888,0.0003727171077152,0,0,1,0,0,0,0,test
1,0.5245901639344263,0.0,0.0,0.0,0.2105263157894736,0.2483754512635378,0.0644800596347372,0,0,1,0,0,0,0,train
1,0.1475409836065574,0.0,0.0,0.0,0.0,0.2483754512635378,0.0003727171077152,1,0,0,0,0,0,0,train
1,0.0491803278688524,0.0,0.0,0.0,0.0263157894736842,0.2483754512635378,0.0003727171077152,0,0,0,1,0,0,1,test
1,0.6557377049180328,0.0,0.0,0.0,0.0263157894736842,0.2483754512635378,0.0227357435706298,1,0,0,0,0,0,0,train
1,0.1475409836065574,0.0,0.0,0.0,0.1052631578947368,0.2483754512635378,0.012299664554603,1,0,0,0,0,0,0,train
0,0.2131147540983606,0.0,0.0,0.0,0.0,0.2454873646209386,0.0003727171077152,0,0,1,0,0,0,0,train
1,0.0983606557377049,0.0,0.0,0.0,0.0789473684210526,0.2483754512635378,0.0026090197540067,1,0,0,0,0,0,0,train
1,0.4098360655737705,0.0,0.0,0.0,0.0,0.2483754512635378,0.0003727171077152,0,0,1,0,0,0,0,test
1,0.0819672131147541,0.0,0.0,0.0,0.0,0.2483754512635378,0.044353335818114,1,0,0,0,0,0,0,train
1,0.3934426229508196,0.0,0.0,0.0,0.0,0.2483754512635378,0.0003727171077152,0,0,1,0,0,0,0,val
1,0.1967213114754099,0.0,0.375,0.0,0.4736842105263157,0.2483754512635378,0.0022363026462914,1,0,0,0,0,0,0,train
1,0.180327868852459,0.0,0.0,0.0,0.0263157894736842,0.2483754512635378,0.1080879612374207,1,0,0,0,0,0,0,train
1,0.1311475409836066,0.0,0.0,0.0588235294117647,0.0789473684210526,0.2462093862815884,0.0316809541557957,0,0,1,0,0,0,0,train
1,0.5409836065573771,0.0,0.0,0.0,0.131578947368421,0.2490974729241877,0.0018635855385762,1,0,0,0,0,0,0,train
1,0.2950819672131147,0.0,0.0,0.0,0.0,0.2490974729241877,0.0,0,0,0,0,0,1,0,train
1,0.7213114754098361,0.0,0.0,0.0,0.0,0.247653429602888,0.0003727171077152,0,0,0,1,0,0,0,train
1,0.278688524590164,0.0,0.0,0.0,0.0263157894736842,0.2483754512635378,0.0003727171077152,1,0,0,0,0,0,0,train
1,0.0655737704918033,0.0,0.0,0.0,0.0,0.2490974729241877,0.0163995527394707,0,0,1,0,0,0,0,test
1,0.3606557377049181,0.0,0.0,0.0,0.0,0.2469314079422382,0.0003727171077152,1,0,0,0,0,0,0,train
1,0.2950819672131147,0.0,0.0,0.0,0.0526315789473684,0.2490974729241877,0.0003727171077152,1,0,0,0,0,0,0,train
1,0.836065573770492,0.0,0.0,0.0,0.0,0.2469314079422382,0.0003727171077152,0,0,1,0,0,0,0,val
1,0.1475409836065574,0.0,0.125,0.0,0.0263157894736842,0.2483754512635378,0.0029817368617219,1,0,0,0,0,0,0,train
1,0.1475409836065574,0.0,0.0,0.0,0.0263157894736842,0.247653429602888,0.0003727171077152,1,0,0,0,0,0,0,train
0,0.0983606557377049,0.0,0.0,0.0,0.1578947368421052,0.2483754512635378,0.0368989936638091,1,0,0,0,0,0,0,train
1,0.3934426229508196,0.0,0.0,0.0,0.0,0.244043321299639,0.0011181513231457,0,0,1,0,0,0,0,test
1,0.1147540983606557,0.0,0.0,0.0,0.0263157894736842,0.2483754512635378,0.0003727171077152,0,0,1,0,0,0,0,train
1,0.1147540983606557,0.0,0.0,0.0,0.0,0.2483754512635378,0.0003727171077152,1,0,0,0,0,0,0,train
1,0.0655737704918033,0.0,0.0,0.0,0.0,0.2483754512635378,0.0003727171077152,1,0,0,0,0,0,0,train
1,0.0491803278688524,0.0,0.0,0.0,0.0,0.2483754512635378,0.0003727171077152,0,0,1,0,0,0,0,train
1,0.1967213114754099,0.0,0.0,0.0,0.0263157894736842,0.2490974729241877,0.0007454342154304,1,0,0,0,0,0,0,train
1,0.459016393442623,0.0,0.0,0.0,0.2368421052631578,0.2490974729241877,0.0014908684308609,0,0,1,0,0,0,0,test
1,0.1311475409836066,0.0,0.0,0.0,0.0526315789473684,0.2490974729241877,0.0,1,0,0,0,0,0,0,train
1,0.3606557377049181,0.0,0.0,0.0,0.0263157894736842,0.2483754512635378,0.0003727171077152,1,0,0,0,0,0,0,train
1,0.2622950819672132,0.0,0.0,0.0,0.0,0.2483754512635378,0.0104360790160268,0,0,1,0,0,0,0,train
1,0.1639344262295082,0.0,0.0,0.0,0.0789473684210526,0.2483754512635378,0.0003727171077152,0,0,0,1,0,0,0,train
1,0.6721311475409837,0.0,0.0,0.0,0.0789473684210526,0.2490974729241877,0.0011181513231457,0,0,1,0,0,0,1,train
1,0.3114754098360656,0.0,0.0,0.0,0.0,0.2483754512635378,0.0003727171077152,0,0,0,0,1,0,0,train
1,0.5245901639344263,0.0,0.0,0.0,0.0,0.2483754512635378,0.0007454342154304,1,0,0,0,0,0,0,train
1,0.639344262295082,0.0,0.0,0.0,0.2105263157894736,0.2483754512635378,0.0689526649273201,1,0,0,0,0,0,1,test
1,0.2131147540983606,0.0,0.0,0.0,0.131578947368421,0.2483754512635378,0.0011181513231457,1,0,0,0,0,0,0,train
1,0.4262295081967213,0.0,0.0,0.0,0.2368421052631578,0.2288808664259927,0.0029817368617219,1,0,0,0,0,0,0,test
0,0.1147540983606557,0.0,0.0,0.0,0.0,0.2483754512635378,0.0003727171077152,0,0,1,0,0,0,0,test
1,0.5409836065573771,0.0,0.0,0.0,0.131578947368421,0.2483754512635378,0.0,1,0,0,0,0,0,0,train
1,0.639344262295082,0.0,0.0,0.0,0.0526315789473684,0.2411552346570397,0.0,0,0,1,0,0,0,0,test
1,0.6065573770491803,0.0,0.0,0.0,0.0,0.2483754512635378,0.0003727171077152,0,0,1,0,0,0,0,train
0,0.3934426229508196,0.0,0.0,0.0,0.0,0.2490974729241877,0.0,1,0,0,0,0,0,0,train
1,0.6557377049180328,0.0,0.0,0.0,0.4210526315789473,0.2151624548736462,0.0339172568020872,1,0,0,0,0,0,0,test
1,0.0491803278688524,0.0,0.0,0.0,0.0,0.2483754512635378,0.010808796123742,0,0,0,0,0,1,0,test
0,0.0983606557377049,0.0,0.0,0.0,0.0,0.2490974729241877,0.0,0,0,0,1,0,0,0,train
1,0.3934426229508196,0.0,0.0,0.0,0.0263157894736842,0.2490974729241877,0.0003727171077152,1,0,0,0,0,0,0,train
1,0.0491803278688524,0.0,0.0,0.0,0.0263157894736842,0.2483754512635378,0.0029817368617219,1,0,0,0,0,0,0,test
1,0.6557377049180328,0.0,0.0,0.0,0.0,0.2490974729241877,0.0,0,0,1,0,0,0,0,train
1,0.459016393442623,0.0,0.0,0.0,0.0526315789473684,0.2483754512635378,0.0134178158777487,1,0,0,0,0,0,0,val
1,0.278688524590164,0.0,0.0,0.0,0.1052631578947368,0.2483754512635378,0.0111815132314573,1,0,0,0,0,0,0,train
1,0.3934426229508196,0.0,0.0,0.0,0.0526315789473684,0.2483754512635378,0.0003727171077152,1,0,0,0,0,0,0,train
1,0.3114754098360656,0.0,0.0,0.0,0.3157894736842105,0.1956678700361011,0.0104360790160268,1,0,0,0,0,0,0,train
1,0.2295081967213115,0.0,0.0,0.0588235294117647,0.2105263157894736,0.2483754512635378,0.0145359672008945,1,0,0,0,0,0,0,train
1,0.2131147540983606,0.0,0.0,0.0,0.131578947368421,0.2483754512635378,0.0003727171077152,0,0,0,0,0,1,0,test
0,0.2459016393442623,0.0,0.0,0.0,0.0263157894736842,0.2483754512635378,0.0007454342154304,1,0,0,0,0,0,0,test
1,0.1147540983606557,0.0,0.0,0.0,0.1052631578947368,0.2483754512635378,0.0532985464032799,0,0,1,0,0,0,0,val
0,0.2459016393442623,0.0,0.0,0.0,0.0,0.2483754512635378,0.0003727171077152,1,0,0,0,0,0,0,train
1,0.0491803278688524,0.0,0.0,0.0,0.0263157894736842,0.2483754512635378,0.0003727171077152,0,0,0,1,0,0,0,train
0,0.7540983606557378,0.0,0.0,0.0,0.1842105263157894,0.3379061371841155,0.0283265001863585,0,0,1,0,0,0,0,test
1,0.6229508196721312,0.0,0.0,0.0,0.0263157894736842,0.2332129963898916,0.0011181513231457,1,0,0,0,0,0,0,test
1,0.3278688524590164,0.0,0.0,0.0,0.0,0.2483754512635378,0.0003727171077152,0,0,1,0,0,0,1,test
0,0.3606557377049181,0.0,0.0,0.0,0.1052631578947368,0.2483754512635378,0.0003727171077152,1,0,0,0,0,0,0,val
1,0.2622950819672132,0.0,0.0,0.0,0.0789473684210526,0.1732851985559566,0.0432351844949683,1,0,0,0,0,0,0,train
1,0.1639344262295082,0.0,0.0,0.0588235294117647,0.1052631578947368,0.2483754512635378,0.0089452105851658,1,0,0,0,0,0,0,train
1,0.5409836065573771,0.0,0.0,0.0,0.0,0.2483754512635378,0.0003727171077152,1,0,0,0,0,0,0,val
1,0.278688524590164,0.0,0.0,0.0,0.0526315789473684,0.2483754512635378,0.0007454342154304,1,0,0,0,0,0,0,train
1,0.7049180327868853,0.0,0.0,0.0,0.131578947368421,0.23971119133574,0.0175177040626164,1,0,0,0,0,0,0,train
1,0.1147540983606557,0.0,0.0,0.0,0.0,0.2490974729241877,0.0003727171077152,1,0,0,0,0,0,0,train
1,0.1311475409836066,0.0,0.0,0.0,0.0,0.2490974729241877,0.0003727171077152,1,0,0,0,0,0,0,train
1,0.3934426229508196,0.0,0.0,0.0,0.0263157894736842,0.2483754512635378,0.0011181513231457,0,0,1,0,0,0,0,train
0,0.1147540983606557,0.0,0.0,0.0,0.0263157894736842,0.2418772563176895,0.0022363026462914,1,0,0,0,0,0,0,test
1,0.2131147540983606,0.0,0.0,0.0,0.2368421052631578,0.2483754512635378,0.6239284383153186,1,0,0,0,0,0,0,train
1,0.278688524590164,0.0,0.0,0.0588235294117647,0.0263157894736842,0.2483754512635378,0.0003727171077152,0,0,1,0,0,0,0,train
1,0.2622950819672132,0.0,0.0,0.0,0.0,0.2483754512635378,0.0432351844949683,0,0,1,0,0,0,0,test
1,0.459016393442623,0.0,0.0,0.0,0.131578947368421,0.1819494584837545,0.0003727171077152,0,0,1,0,0,0,0,train
0,0.2459016393442623,0.0,0.0,0.0,0.0263157894736842,0.2483754512635378,0.0003727171077152,0,0,1,0,0,0,0,train
1,0.1967213114754099,0.0,0.0,0.0588235294117647,0.0789473684210526,0.2483754512635378,0.0003727171077152,1,0,0,0,0,0,0,val
0,0.5245901639344263,0.0,0.0,0.0,0.1842105263157894,0.2483754512635378,0.0003727171077152,1,0,0,0,0,0,0,train
1,0.0491803278688524,0.0,0.0,0.0,0.0,0.2483754512635378,0.0301900857249347,1,0,0,0,0,0,0,train
0,0.0819672131147541,0.0,0.0,0.0,0.0,0.2483754512635378,0.0003727171077152,1,0,0,0,0,0,0,train
1,0.1147540983606557,0.0,0.0,0.0,0.0263157894736842,0.2490974729241877,0.010808796123742,1,0,0,0,0,0,0,train
0,0.0983606557377049,0.0,0.0,0.0,0.0263157894736842,0.2483754512635378,0.0003727171077152,0,0,1,0,0,0,0,val
1,0.6885245901639345,0.0,0.0,0.0,0.0,0.2483754512635378,0.0007454342154304,1,0,0,0,0,0,0,train
1,0.1967213114754099,0.0,0.0,0.0,0.0526315789473684,0.2483754512635378,0.0003727171077152,1,0,0,0,0,0,0,val
0,0.2295081967213115,0.0,0.0,0.0,0.0,0.2483754512635378,0.0003727171077152,0,0,0,0,0,1,0,train
1,0.459016393442623,0.0,0.0,0.0,0.0,0.2490974729241877,0.0,0,0,1,0,0,0,0,train
1,0.0491803278688524,0.0,0.0,0.0588235294117647,0.0,0.2483754512635378,0.0003727171077152,0,0,1,0,0,0,1,test
1,0.1639344262295082,0.2,0.0,0.0,0.1578947368421052,0.2483754512635378,0.203130823704808,1,0,0,0,0,0,0,train
1,0.278688524590164,0.0,0.0,0.0,0.0,0.2483754512635378,0.0003727171077152,1,0,0,0,0,0,0,train
0,0.3606557377049181,0.0,0.0,0.0,0.1842105263157894,0.2252707581227436,0.0011181513231457,1,0,0,0,0,0,0,val
1,0.1639344262295082,0.0,0.0,0.0,0.0526315789473684,0.2490974729241877,0.0003727171077152,1,0,0,0,0,0,0,train
1,0.459016393442623,0.0,0.0,0.0588235294117647,0.0526315789473684,0.2483754512635378,0.0003727171077152,0,0,1,0,0,0,0,train
1,0.6229508196721312,0.0,0.0,0.0,0.0263157894736842,0.2483754512635378,0.0003727171077152,1,0,0,0,0,0,0,train
1,0.3770491803278689,0.0,0.0,0.0,0.5,0.1978339350180505,0.0231084606783451,1,0,0,0,0,0,0,train
1,0.0983606557377049,0.0,0.0,0.0,0.0263157894736842,0.2483754512635378,0.0003727171077152,1,0,0,0,0,0,1,test
1,0.1147540983606557,0.0,0.0,0.0588235294117647,0.1842105263157894,0.6151624548736462,0.0048453224002981,1,0,0,0,0,0,0,test
0,0.2459016393442623,0.0,0.0,0.0,0.0,0.2483754512635378,0.0003727171077152,0,0,1,0,0,0,0,train
1,0.4918032786885246,0.0,0.0,0.0,0.0526315789473684,0.2483754512635378,0.0003727171077152,0,0,1,0,0,0,0,train
1,0.1147540983606557,0.0,0.0,0.0,0.0,0.2483754512635378,0.0,0,0,0,1,0,0,0,train
1,0.3114754098360656,0.0,0.0,0.0,0.0,0.2483754512635378,0.0011181513231457,0,0,0,1,0,0,1,train
0,0.4098360655737705,0.0,0.0,0.0,0.1842105263157894,0.2339350180505415,0.0033544539694371,0,0,1,0,0,0,0,test
1,0.2295081967213115,0.0,0.0,0.0,0.0,0.2490974729241877,0.0018635855385762,0,0,1,0,0,0,0,train
1,0.2459016393442623,0.0,0.0,0.0,0.0789473684210526,0.2483754512635378,0.0003727171077152,0,0,0,0,0,1,0,train
1,0.5081967213114754,0.0,0.0,0.0,0.1052631578947368,0.2411552346570397,0.0022363026462914,0,0,1,0,0,0,0,test
1,0.0983606557377049,0.0,0.0,0.0,0.0,0.2483754512635378,0.0070816250465896,0,0,1,0,0,0,0,train
1,0.1311475409836066,0.0,0.0,0.0,0.0263157894736842,0.2490974729241877,0.0011181513231457,1,0,0,0,0,0,0,train
1,0.3934426229508196,0.0,0.0,0.0,0.0,0.2483754512635378,0.0007454342154304,0,0,1,0,0,0,0,train
1,0.2950819672131147,0.0,0.0,0.0,0.0,0.2490974729241877,0.0,0,0,0,1,0,0,0,test
1,0.180327868852459,0.0,0.0,0.0588235294117647,0.1842105263157894,0.2483754512635378,0.0022363026462914,0,0,1,0,0,0,1,test
1,0.3442622950819672,0.0,0.0,0.0,0.0,0.2490974729241877,0.0067089079388743,0,0,1,0,0,0,0,train
1,0.5737704918032788,0.0,0.0,0.0,0.0,0.2483754512635378,0.0003727171077152,0,0,1,0,0,0,0,train
1,0.0491803278688524,0.0,0.0,0.0,0.0,0.2483754512635378,0.0003727171077152,0,0,0,0,0,1,1,train
1,0.3770491803278689,0.0,0.0,0.0,0.1052631578947368,0.2483754512635378,0.0003727171077152,1,0,0,0,0,0,0,test
1,0.2622950819672132,0.0,0.0,0.0,0.1052631578947368,0.5220216606498195,0.0562802832650018,1,0,0,0,0,0,1,train
1,0.0655737704918033,0.0,0.0,0.1176470588235294,0.131578947368421,0.247653429602888,0.0130450987700335,0,0,1,0,0,0,1,test
1,0.0655737704918033,0.0,0.0,0.1176470588235294,0.0,0.2483754512635378,0.0022363026462914,0,0,1,0,0,0,1,train
1,0.1147540983606557,0.0,0.0,0.0,0.0526315789473684,0.2483754512635378,0.0100633619083115,1,0,0,0,0,0,0,test
0,0.1475409836065574,0.0,0.0,0.0,0.0526315789473684,0.2245487364620938,0.0026090197540067,0,0,1,0,0,0,0,train
1,0.5409836065573771,0.0,0.0,0.0,0.0526315789473684,0.2483754512635378,0.0003727171077152,0,0,0,0,0,1,0,train
1,0.0983606557377049,0.0,0.0,0.0588235294117647,0.0,0.2490974729241877,0.0,1,0,0,0,0,0,0,train
1,0.3114754098360656,0.0,0.0,0.0,0.1052631578947368,0.2490974729241877,0.0346626910175177,1,0,0,0,0,0,0,train
1,0.3114754098360656,0.0,0.0,0.0,0.0,0.2469314079422382,0.0,0,0,1,0,0,0,0,train
0,0.1475409836065574,0.0,0.0,0.0,0.0,0.2483754512635378,0.0003727171077152,0,0,0,0,0,1,0,test
1,0.0491803278688524,0.0,0.0,0.0,0.0,0.2483754512635378,0.0465896384644055,0,0,0,0,0,1,0,train
1,0.278688524590164,0.0,0.0,0.0,0.0263157894736842,0.2490974729241877,0.0007454342154304,1,0,0,0,0,0,1,test
0,0.0983606557377049,0.0,0.0,0.0,0.0,0.2483754512635378,0.0313082370480805,0,0,1,0,0,0,0,train
1,0.5081967213114754,0.0,0.0,0.0,0.0526315789473684,0.2483754512635378,0.0055907566157286,0,0,1,0,0,0,0,test
1,0.3278688524590164,0.0,0.0,0.0,0.2368421052631578,0.2454873646209386,0.0029817368617219,1,0,0,0,0,0,0,val
1,0.7049180327868853,0.0,0.0,0.0,0.0,0.2483754512635378,0.0003727171077152,0,0,0,0,0,1,0,test
0,0.1967213114754099,0.0,0.0,0.0,0.0,0.2490974729241877,0.0,1,0,0,0,0,0,0,train
1,0.0655737704918033,0.0,0.0,0.0,0.0789473684210526,0.2483754512635378,0.0149086843086097,1,0,0,0,0,0,0,val
1,0.5573770491803279,0.0,0.0,0.0,0.0,0.2483754512635378,0.0003727171077152,0,0,1,0,0,0,0,train
1,0.1311475409836066,0.0,0.0,0.0,0.0,0.2483754512635378,0.0003727171077152,0,0,1,0,0,0,0,train
1,0.1311475409836066,0.0,0.0,0.0,0.0,0.2483754512635378,0.0003727171077152,0,0,0,0,0,1,0,train
1,0.180327868852459,0.0,0.125,0.0,0.1578947368421052,0.2093862815884476,0.0029817368617219,1,0,0,0,0,0,0,test
1,0.180327868852459,0.0,0.0,0.0,0.1052631578947368,0.2483754512635378,0.0354081252329481,1,0,0,0,0,0,0,test
1,0.1311475409836066,0.0,0.0,0.0,0.0526315789473684,0.2483754512635378,0.0003727171077152,0,0,1,0,0,0,0,train
0,0.459016393442623,0.0,0.0,0.0,0.1052631578947368,0.2483754512635378,0.0003727171077152,1,0,0,0,0,0,0,test
0,0.459016393442623,0.0,0.0,0.0,0.0,0.2483754512635378,0.0003727171077152,1,0,0,0,0,0,0,train
1,0.3442622950819672,0.0,0.0,0.0,0.2105263157894736,0.2086642599277978,0.0003727171077152,0,0,1,0,0,0,0,test
1,0.180327868852459,0.0,0.0,0.0,0.3157894736842105,0.2483754512635378,0.0003727171077152,1,0,0,0,0,0,1,train
1,0.3770491803278689,0.0,0.0,0.0,0.0,0.2490974729241877,0.0,0,0,1,0,0,0,0,test
0,0.1147540983606557,0.0,0.0,0.0,0.131578947368421,0.2483754512635378,0.0,1,0,0,0,0,0,0,test
1,0.0819672131147541,0.05,0.0,0.0,0.0526315789473684,0.2483754512635378,0.0372717107715244,1,0,0,0,0,0,0,test
1,0.1967213114754099,0.0,0.0,0.0,0.0,0.2483754512635378,0.0,0,0,1,0,0,0,0,test
1,0.2622950819672132,0.0,0.0,0.0,0.0263157894736842,0.2483754512635378,0.0011181513231457,0,0,1,0,0,0,0,train
1,0.5573770491803279,0.0,0.0,0.0,0.0526315789473684,0.2483754512635378,0.0007454342154304,0,0,1,0,0,0,0,test
1,0.5409836065573771,0.0,0.0,0.0,0.1052631578947368,0.2303249097472924,0.0018635855385762,1,0,0,0,0,0,0,train
0,0.5081967213114754,0.0,0.0,0.0,0.0263157894736842,0.2483754512635378,0.0003727171077152,0,0,1,0,0,0,0,train
0,0.1311475409836066,0.0,0.0,0.0,0.2368421052631578,0.5407942238267147,0.0007454342154304,1,0,0,0,0,0,1,train
0,0.4754098360655738,0.0,0.0,0.0,0.0,0.2490974729241877,0.0,0,0,1,0,0,0,0,train
1,0.1475409836065574,0.0,0.0,0.0,0.0,0.2490974729241877,0.0003727171077152,1,0,0,0,0,0,0,test
1,0.0491803278688524,0.0,0.0,0.0,0.0,0.247653429602888,0.0003727171077152,1,0,0,0,0,0,0,train
1,0.1967213114754099,0.0,0.0,0.0,0.0789473684210526,0.2483754512635378,0.0003727171077152,0,0,1,0,0,0,1,train
1,0.8524590163934428,0.0,0.0,0.0,0.0,0.2483754512635378,0.0003727171077152,0,0,1,0,0,0,0,train
1,0.3278688524590164,0.0,0.0,0.0,0.3947368421052631,0.2490974729241877,0.0003727171077152,1,0,0,0,0,0,0,train
1,0.180327868852459,0.0,0.0,0.0,0.0,0.2490974729241877,0.0,1,0,0,0,0,0,0,test
1,0.3278688524590164,0.0,0.0,0.0,0.0789473684210526,0.2339350180505415,0.0,0,0,0,1,0,0,0,test
0,0.1475409836065574,0.0,0.0,0.0,0.0,0.2462093862815884,0.0003727171077152,0,0,1,0,0,0,0,train
1,0.4262295081967213,0.0,0.0,0.0,0.0,0.2490974729241877,0.0,0,0,0,1,0,0,0,train
1,0.2131147540983606,0.0,0.0,0.0,0.1578947368421052,0.2483754512635378,0.0003727171077152,0,0,1,0,0,0,0,train
0,0.1967213114754099,0.0,0.0,0.0,0.0,0.2483754512635378,0.0003727171077152,1,0,0,0,0,0,0,train
1,0.3606557377049181,0.0,0.0,0.0,0.0789473684210526,0.2483754512635378,0.0003727171077152,1,0,0,0,0,0,0,train
0,0.5081967213114754,0.0,0.0,0.0,0.0789473684210526,0.9891696750902528,0.0003727171077152,0,0,1,0,0,0,0,train
1,0.2459016393442623,0.0,0.0,0.0,0.0263157894736842,0.2490974729241877,0.0003727171077152,0,0,1,0,0,0,0,train
1,0.2131147540983606,0.0,0.125,0.0,0.0263157894736842,0.2490974729241877,0.013790532985464,0,0,0,1,0,0,0,train
1,0.7049180327868853,0.0,0.0,0.0,0.0263157894736842,0.2483754512635378,0.0003727171077152,0,0,1,0,0,0,0,train
1,0.1967213114754099,0.0,0.0,0.0,0.0526315789473684,0.2483754512635378,0.0003727171077152,0,0,1,0,0,0,0,train
1,0.7213114754098361,0.0,0.0,0.0,0.0,0.2483754512635378,0.0007454342154304,0,0,1,0,0,0,0,train
1,0.4918032786885246,0.0,0.0,0.0,0.2368421052631578,0.2483754512635378,0.0037271710771524,0,0,1,0,0,0,0,train
0,0.3606557377049181,0.0,0.0,0.0,0.0,0.2483754512635378,0.0003727171077152,0,0,1,0,0,0,0,test
1,0.0983606557377049,0.0,0.0,0.0,0.0,0.2483754512635378,0.0011181513231457,0,0,1,0,0,0,0,train
1,0.7377049180327869,0.0,0.0,0.0,0.0,0.2490974729241877,0.0,0,0,1,0,0,0,0,train
1,0.459016393442623,0.0,0.0,0.0,0.0,0.2483754512635378,0.0846067834513604,0,0,0,1,0,0,0,test
1,0.2459016393442623,0.0,0.0,0.0,0.1052631578947368,0.2483754512635378,0.6284010436079016,1,0,0,0,0,0,0,test
0,0.0491803278688524,0.05,0.0,0.0,0.0263157894736842,0.3075812274368231,0.0003727171077152,1,0,0,0,0,0,1,train
1,0.5409836065573771,0.0,0.0,0.0,0.0263157894736842,0.2368231046931407,0.0044726052925829,1,0,0,0,0,0,0,val
1,0.3442622950819672,0.0,0.0,0.0,0.0789473684210526,0.2483754512635378,0.0093179276928811,0,0,1,0,0,0,1,train
1,0.0655737704918033,0.0,0.0,0.0,0.0,0.247653429602888,0.0029817368617219,1,0,0,0,0,0,0,train
1,0.6721311475409837,0.0,0.0,0.0,0.0,0.2483754512635378,0.0003727171077152,0,0,1,0,0,0,0,train
1,0.3278688524590164,0.0,0.625,0.0,0.9736842105263156,0.2483754512635378,0.0115542303391725,1,0,0,0,0,0,1,train
1,0.0819672131147541,0.0,0.0,0.0,0.0526315789473684,0.2490974729241877,0.0887066716362281,1,0,0,0,0,0,0,train
1,0.0327868852459016,0.05,0.0,0.0,0.0263157894736842,0.2223826714801444,0.0532985464032799,1,0,0,0,0,0,1,test
1,0.3278688524590164,0.0,0.0,0.0,0.0526315789473684,0.2490974729241877,0.0719344017890421,1,0,0,0,0,0,1,train
0,0.2622950819672132,0.0,0.0,0.0,0.0526315789473684,0.2483754512635378,0.0003727171077152,0,0,1,0,0,0,0,train
1,0.2131147540983606,0.0,0.0,0.0,0.0263157894736842,0.2389891696750902,0.0052180395080134,1,0,0,0,0,0,0,train
1,0.6885245901639345,0.0,0.0,0.0,0.0789473684210526,0.1624548736462093,0.0447260529258292,0,0,1,0,0,0,0,test
1,0.4098360655737705,0.0,0.0,0.0,0.0,0.2483754512635378,0.0003727171077152,1,0,0,0,0,0,0,train
1,0.3606557377049181,0.0,0.0,0.0,0.0263157894736842,0.2483754512635378,0.0007454342154304,1,0,0,0,0,0,0,train
1,0.0655737704918033,0.0,0.0,0.0588235294117647,0.0,0.2483754512635378,0.0003727171077152,1,0,0,0,0,0,0,train
0,0.3606557377049181,0.0,0.0,0.0,0.0,0.2483754512635378,0.0003727171077152,0,0,0,0,0,1,0,train
1,0.0491803278688524,0.0,0.0,0.0,0.0263157894736842,0.9581227436823104,0.0022363026462914,0,0,0,0,0,1,0,train
0,0.4426229508196722,0.0,0.0,0.0,0.0263157894736842,0.2483754512635378,0.0022363026462914,1,0,0,0,0,0,0,test
1,0.0491803278688524,0.0,0.125,0.1176470588235294,0.0263157894736842,0.2483754512635378,0.0018635855385762,0,0,1,0,0,0,0,train
1,0.278688524590164,0.0,0.0,0.0,0.1578947368421052,0.2418772563176895,0.0048453224002981,0,0,1,0,0,0,1,train
1,0.5573770491803279,0.0,0.0,0.0,0.0263157894736842,0.2498194945848375,0.0264629146477823,1,0,0,0,0,0,1,train
1,0.4918032786885246,0.0,0.0,0.0,0.0,0.2490974729241877,0.0018635855385762,0,0,1,0,0,0,0,train
1,0.4918032786885246,0.0,0.0,0.0,0.0,0.2483754512635378,0.0003727171077152,0,0,1,0,0,0,0,train
1,0.4754098360655738,0.0,0.0,0.0,0.0,0.2483754512635378,0.0011181513231457,1,0,0,0,0,0,0,train
1,0.7213114754098361,0.0,0.0,0.0,0.0263157894736842,0.2483754512635378,0.4163250093179276,1,0,0,0,0,0,0,train
1,0.278688524590164,0.15,0.0,0.0,0.3421052631578947,0.2483754512635378,0.0618710398807305,1,0,0,0,0,0,0,train
1,0.5573770491803279,0.0,0.0,0.0,0.0526315789473684,0.2454873646209386,0.0011181513231457,1,0,0,0,0,0,0,train
0,0.3442622950819672,0.0,0.125,0.0,0.1842105263157894,0.3314079422382671,0.0667163622810287,1,0,0,0,0,0,0,test
1,0.0491803278688524,0.0,0.0,0.0,0.0,0.2483754512635378,0.0167722698471859,0,0,1,0,0,0,1,train
1,0.5737704918032788,0.0,0.0,0.0,0.0263157894736842,0.247653429602888,0.0003727171077152,0,0,1,0,0,0,0,train
1,0.0655737704918033,0.0,0.0,0.0,0.0,0.2483754512635378,0.0011181513231457,1,0,0,0,0,0,0,train
1,0.4426229508196722,0.0,0.0,0.0,0.0263157894736842,0.2483754512635378,0.0130450987700335,1,0,0,0,0,0,0,val
0,0.1475409836065574,0.0,0.0,0.0,0.0,0.2483754512635378,0.0003727171077152,0,0,1,0,0,0,0,test
1,0.1147540983606557,0.0,0.0,0.0,0.0,0.2483754512635378,0.0003727171077152,0,0,1,0,0,0,0,train
1,0.1639344262295082,0.0,0.0,0.0,0.0789473684210526,0.2483754512635378,0.0003727171077152,0,0,1,0,0,0,0,val
1,0.2950819672131147,0.0,0.0,0.0,0.0789473684210526,0.2483754512635378,0.0007454342154304,1,0,0,0,0,0,1,train
1,0.3934426229508196,0.0,0.0,0.0,0.0263157894736842,0.2490974729241877,0.0,1,0,0,0,0,0,0,test
0,0.2459016393442623,0.0,0.0,0.0,0.0526315789473684,0.2281588447653429,0.0003727171077152,0,0,1,0,0,0,0,train
0,0.3934426229508196,0.0,0.0,0.0,0.0,0.2483754512635378,0.0003727171077152,0,0,1,0,0,0,0,train
0,0.1639344262295082,0.0,0.0,0.0,0.0,0.2490974729241877,0.0,1,0,0,0,0,0,0,test
1,0.1475409836065574,0.0,0.0,0.0,0.6578947368421052,0.2620938628158845,0.015281401416325,1,0,0,0,0,0,1,test
0,0.0491803278688524,0.0,0.0,0.0,0.0,0.2483754512635378,0.0011181513231457,0,0,1,0,0,0,0,val
1,0.2950819672131147,0.0,0.0,0.0,0.0,0.2483754512635378,0.0003727171077152,0,0,1,0,0,0,0,test
1,0.1639344262295082,0.0,0.0,0.0,0.0263157894736842,0.2310469314079422,0.0089452105851658,0,0,1,0,0,0,0,test
1,0.459016393442623,0.0,0.0,0.0,0.0526315789473684,0.4411552346570396,0.0171449869549012,0,0,1,0,0,0,0,test
1,0.2622950819672132,0.0,0.0,0.0,0.0789473684210526,0.2483754512635378,0.0003727171077152,1,0,0,0,0,0,0,train
0,0.1147540983606557,0.0,0.0,0.0,0.0263157894736842,0.2483754512635378,0.0014908684308609,1,0,0,0,0,0,0,train
1,0.0491803278688524,0.0,0.125,0.0,0.0263157894736842,0.2490974729241877,0.0003727171077152,1,0,0,0,0,0,0,train
1,0.4918032786885246,0.0,0.0,0.0,0.0263157894736842,0.2483754512635378,0.0003727171077152,1,0,0,0,0,0,0,val
1,0.3114754098360656,0.0,0.0,0.0,0.0263157894736842,0.2483754512635378,0.0003727171077152,0,0,1,0,0,0,0,train
1,0.3114754098360656,0.0,0.0,0.0,0.0263157894736842,0.2483754512635378,0.0,0,0,1,0,0,0,1,train
1,0.3442622950819672,0.0,0.0,0.0,0.0263157894736842,0.2469314079422382,0.0003727171077152,0,0,1,0,0,0,0,train
1,0.5081967213114754,0.0,0.0,0.0,0.0526315789473684,0.2483754512635378,0.0003727171077152,0,0,0,0,0,1,0,train
1,0.4098360655737705,0.0,0.0,0.0,0.131578947368421,0.2483754512635378,0.0003727171077152,0,0,1,0,0,0,0,test
1,0.5737704918032788,0.0,0.0,0.0,0.0263157894736842,0.2483754512635378,0.0003727171077152,1,0,0,0,0,0,0,train
1,0.3442622950819672,0.0,0.0,0.0,0.0,0.2483754512635378,0.0018635855385762,0,0,1,0,0,0,0,train
1,0.2950819672131147,0.0,0.0,0.0,0.0526315789473684,0.2462093862815884,0.0003727171077152,0,0,1,0,0,0,0,train
0,0.0983606557377049,0.0,0.0,0.0,0.0263157894736842,0.2483754512635378,0.0048453224002981,1,0,0,0,0,0,0,val
1,0.278688524590164,0.0,0.0,0.0,0.0,0.2483754512635378,0.0003727171077152,0,0,0,1,0,0,0,train
1,0.0819672131147541,0.0,0.0,0.0,0.0789473684210526,0.2490974729241877,0.0003727171077152,1,0,0,0,0,0,0,train
1,0.1311475409836066,0.0,0.0,0.0,0.0526315789473684,0.2483754512635378,0.0003727171077152,1,0,0,0,0,0,0,train
0,0.1967213114754099,0.0,0.375,0.1176470588235294,0.3684210526315789,0.2490974729241877,0.0026090197540067,1,0,0,0,0,0,1,train
1,0.1147540983606557,0.0,0.0,0.0,0.0526315789473684,0.2490974729241877,0.0003727171077152,0,0,1,0,0,0,0,train
1,0.1311475409836066,0.0,0.0,0.0,0.0526315789473684,0.2281588447653429,0.010808796123742,1,0,0,0,0,0,0,train
1,0.1311475409836066,0.0,0.0,0.0,0.1842105263157894,0.2137184115523465,0.0018635855385762,1,0,0,0,0,0,0,train
1,0.6885245901639345,0.0,0.0,0.0,0.0,0.2483754512635378,0.0018635855385762,0,0,0,1,0,0,0,test
0,0.0327868852459016,0.0,0.0,0.0,0.0,0.2483754512635378,0.0003727171077152,1,0,0,0,0,0,0,train
1,0.0819672131147541,0.0,0.0,0.0,0.0,0.2490974729241877,0.0,0,0,1,0,0,0,0,train
1,0.1311475409836066,0.0,0.0,0.0,0.131578947368421,0.2483754512635378,0.0026090197540067,1,0,0,0,0,0,1,train
1,0.3606557377049181,0.0,0.0,0.0,0.1052631578947368,0.2490974729241877,0.0014908684308609,0,0,1,0,0,0,0,train
1,0.1639344262295082,0.0,0.0,0.0,0.0263157894736842,0.2483754512635378,0.0018635855385762,0,0,0,0,0,1,1,test
1,0.5737704918032788,0.0,0.0,0.0,0.0263157894736842,0.2404332129963898,0.0044726052925829,0,0,1,0,0,0,0,train
1,0.6229508196721312,0.0,0.0,0.0,0.131578947368421,0.2166064981949458,0.0029817368617219,0,0,1,0,0,0,0,test
0,0.0983606557377049,0.0,0.0,0.0,0.0,0.2483754512635378,0.0003727171077152,1,0,0,0,0,0,0,train
1,0.2131147540983606,0.0,0.0,0.0,0.0,0.2454873646209386,0.0003727171077152,0,0,0,1,0,0,0,train
0,0.2459016393442623,0.0,0.0,0.0,0.0526315789473684,0.2483754512635378,0.015281401416325,0,0,1,0,0,0,0,train
1,0.1311475409836066,0.0,0.375,0.0,0.2105263157894736,0.2483754512635378,0.0156541185240402,0,0,1,0,0,0,1,train
1,0.6229508196721312,0.0,0.0,0.0,0.0263157894736842,0.2021660649819494,0.0011181513231457,0,0,1,0,0,0,0,train
1,0.2295081967213115,0.0,0.0,0.0,0.0526315789473684,0.2483754512635378,0.0003727171077152,0,0,1,0,0,0,0,train
1,0.1147540983606557,0.0,0.0,0.0,0.0,0.2490974729241877,0.0003727171077152,0,0,1,0,0,0,1,train
1,0.0491803278688524,0.0,0.0,0.0,0.0263157894736842,0.2483754512635378,0.0156541185240402,1,0,0,0,0,0,0,train
1,0.3278688524590164,0.0,0.0,0.0,0.0789473684210526,0.2490974729241877,0.0003727171077152,1,0,0,0,0,0,0,train
1,0.0819672131147541,0.0,0.0,0.0,0.0,0.2462093862815884,0.0003727171077152,0,0,1,0,0,0,0,train
1,0.0327868852459016,0.0,0.0,0.0588235294117647,0.0,0.2483754512635378,0.0100633619083115,0,0,1,0,0,0,1,train
1,0.0983606557377049,0.0,0.0,0.0,0.0263157894736842,0.2483754512635378,0.0406261647409616,1,0,0,0,0,0,1,train
1,0.0819672131147541,0.0,0.0,0.0,0.0,0.2490974729241877,0.0,0,0,0,1,0,0,0,train
1,0.5081967213114754,0.0,0.0,0.0,0.0789473684210526,0.2483754512635378,0.0003727171077152,1,0,0,0,0,0,0,train
1,0.1639344262295082,0.0,0.0,0.0,0.0,0.2490974729241877,0.0048453224002981,0,0,1,0,0,0,0,train
1,0.8032786885245903,0.0,0.0,0.0,0.0789473684210526,0.2483754512635378,0.0003727171077152,0,0,1,0,0,0,0,train
1,0.2459016393442623,0.0,0.0,0.0,0.0,0.2490974729241877,0.0003727171077152,0,0,0,1,0,0,0,train
1,0.3606557377049181,0.0,0.0,0.0,0.1052631578947368,0.1913357400722021,0.029071934401789,0,0,1,0,0,0,0,test
1,0.5573770491803279,0.0,0.0,0.0,0.0,0.2483754512635378,0.0003727171077152,1,0,0,0,0,0,0,train
1,0.0655737704918033,0.0,0.0,0.0,0.0263157894736842,0.2483754512635378,0.0007454342154304,0,0,1,0,0,0,0,val
1,0.2950819672131147,0.0,0.0,0.0,0.2368421052631578,0.2187725631768953,0.0663436451733134,0,0,1,0,0,0,0,train
1,0.3606557377049181,0.0,0.0,0.0,0.0,0.2483754512635378,0.0007454342154304,0,0,1,0,0,0,1,val
1,0.1967213114754099,0.0,0.0,0.0,0.0263157894736842,0.2490974729241877,0.0003727171077152,0,0,1,0,0,0,1,val
1,0.3934426229508196,0.0,0.0,0.0,0.0263157894736842,0.2483754512635378,0.0003727171077152,1,0,0,0,0,0,0,train
1,0.459016393442623,0.0,0.0,0.0,0.1052631578947368,0.2454873646209386,0.0011181513231457,0,0,1,0,0,0,0,train
1,0.3278688524590164,0.0,0.0,0.0,0.1052631578947368,0.2490974729241877,0.0,1,0,0,0,0,0,0,train
1,0.3442622950819672,0.0,0.0,0.0,0.0526315789473684,0.1675090252707581,0.1561684681326872,0,0,0,1,0,0,1,val
1,0.1311475409836066,0.0,0.0,0.0,0.0,0.2483754512635378,0.0003727171077152,0,0,1,0,0,0,0,val
1,0.1475409836065574,0.0,0.0,0.0,0.0526315789473684,0.2418772563176895,0.0037271710771524,0,0,0,1,0,0,0,train
1,0.7049180327868853,0.0,0.0,0.0,0.0263157894736842,0.2490974729241877,0.0003727171077152,0,0,1,0,0,0,0,train
1,0.639344262295082,0.0,0.0,0.0,0.0,0.2490974729241877,0.0104360790160268,0,0,1,0,0,0,0,test
1,0.0983606557377049,0.0,0.0,0.1764705882352941,0.0789473684210526,0.2483754512635378,0.0007454342154304,0,0,1,0,0,0,1,val
1,0.2622950819672132,0.0,0.0,0.0,0.0263157894736842,0.2483754512635378,0.0003727171077152,1,0,0,0,0,0,0,train
1,0.1475409836065574,0.0,0.0,0.0,0.0263157894736842,0.2483754512635378,0.0007454342154304,0,0,0,1,0,0,0,train
1,0.278688524590164,0.0,0.0,0.0,0.2631578947368421,0.2490974729241877,0.0003727171077152,1,0,0,0,0,0,1,train
1,0.5737704918032788,0.0,0.0,0.0,0.0263157894736842,0.7783393501805054,0.0018635855385762,0,0,0,0,0,1,0,train
1,0.4262295081967213,0.0,0.0,0.0,0.0,0.2483754512635378,0.0491986582184122,1,0,0,0,0,0,0,train
1,0.7049180327868853,0.0,0.0,0.0,0.2631578947368421,0.2483754512635378,0.0055907566157286,0,0,1,0,0,0,0,train
1,0.3934426229508196,0.0,0.0,0.0,0.1052631578947368,0.2490974729241877,0.0052180395080134,1,0,0,0,0,0,0,train
1,0.3442622950819672,0.0,0.0,0.0,0.1052631578947368,0.2259927797833935,0.0052180395080134,1,0,0,0,0,0,0,train
0,0.5737704918032788,0.0,0.0,0.0,0.0,0.2483754512635378,0.0003727171077152,0,0,1,0,0,0,0,test
1,0.1311475409836066,0.0,0.0,0.0,0.0789473684210526,0.2483754512635378,0.0,1,0,0,0,0,0,0,train
1,0.5245901639344263,0.0,0.0,0.0,0.0,0.2483754512635378,0.0029817368617219,0,0,1,0,0,0,0,val
1,0.4262295081967213,0.15,0.0,0.0,0.4210526315789473,0.2483754512635378,0.03056280283265,0,0,1,0,0,0,0,train
1,0.0983606557377049,0.0,0.125,0.1764705882352941,0.1052631578947368,0.2483754512635378,0.0052180395080134,1,0,0,0,0,0,1,train
1,0.5245901639344263,0.0,0.0,0.0,0.0,0.2490974729241877,0.0007454342154304,0,0,1,0,0,0,0,train
0,0.2950819672131147,0.0,0.0,0.0,0.0,0.2490974729241877,0.0003727171077152,0,0,1,0,0,0,0,train
1,0.3442622950819672,0.0,0.0,0.0,0.0,0.2483754512635378,0.0201267238166231,0,0,1,0,0,0,0,train
0,0.0983606557377049,0.0,0.0,0.0,0.0526315789473684,0.775451263537906,0.0052180395080134,1,0,0,0,0,0,0,test
0,0.5901639344262296,0.0,0.0,0.0,0.1842105263157894,0.2483754512635378,0.0070816250465896,1,0,0,0,0,0,0,train
1,0.180327868852459,0.0,0.0,0.0,0.0,0.2490974729241877,0.0003727171077152,1,0,0,0,0,0,0,train
1,0.1311475409836066,0.0,0.0,0.0,0.0,0.2483754512635378,0.0003727171077152,0,0,1,0,0,0,0,train
1,0.2622950819672132,0.0,0.0,0.0,0.0,0.2483754512635378,0.0003727171077152,0,0,1,0,0,0,0,train
1,0.0327868852459016,0.0,0.0,0.0,0.0,0.2483754512635378,0.0007454342154304,1,0,0,0,0,0,0,train
1,0.1311475409836066,0.0,0.0,0.0,0.1052631578947368,0.2490974729241877,0.0003727171077152,1,0,0,0,0,0,1,train
1,0.1311475409836066,0.0,0.0,0.0,0.0,0.2483754512635378,0.0003727171077152,1,0,0,0,0,0,0,train
1,0.6065573770491803,0.0,0.0,0.0,0.0263157894736842,0.2483754512635378,0.0003727171077152,1,0,0,0,0,0,0,train
1,0.0655737704918033,0.0,0.0,0.0,0.0,0.2483754512635378,0.0007454342154304,1,0,0,0,0,0,0,train
0,0.1311475409836066,0.0,0.0,0.0,0.0,0.2483754512635378,0.0003727171077152,1,0,0,0,0,0,0,test
1,0.6229508196721312,0.0,0.0,0.0,0.0,0.2490974729241877,0.0003727171077152,0,0,0,0,0,1,0,train
1,0.7868852459016394,0.0,0.0,0.0,0.0263157894736842,0.4880866425992779,0.0622437569884457,0,0,1,0,0,0,0,train
1,0.459016393442623,0.0,0.0,0.0,0.0526315789473684,0.2483754512635378,0.0003727171077152,0,0,0,0,0,1,0,test
1,0.1639344262295082,0.0,0.0,0.0,0.1052631578947368,0.2483754512635378,0.0111815132314573,1,0,0,0,0,0,0,train
1,0.2459016393442623,0.0,0.0,0.0,0.2105263157894736,0.2483754512635378,0.0007454342154304,1,0,0,0,0,0,0,test
0,0.2131147540983606,0.0,0.0,0.0,0.0,0.2483754512635378,0.0003727171077152,1,0,0,0,0,0,0,test
1,0.1311475409836066,0.0,0.0,0.0,0.0263157894736842,0.2490974729241877,0.0,1,0,0,0,0,0,0,train
0,0.3770491803278689,0.0,0.0,0.0,0.3157894736842105,0.2166064981949458,0.0048453224002981,0,0,1,0,0,0,1,val
1,0.2622950819672132,0.0,0.0,0.0,0.0,0.2483754512635378,0.0003727171077152,0,0,1,0,0,0,0,train
1,0.2459016393442623,0.0,0.0,0.0,0.0,0.2483754512635378,0.0003727171077152,0,0,0,0,0,1,0,test
0,0.2295081967213115,0.0,0.0,0.0,0.0,0.2483754512635378,0.0003727171077152,1,0,0,0,0,0,0,train
1,0.3114754098360656,0.0,0.0,0.0,0.2368421052631578,0.2490974729241877,0.0760342899739098,1,0,0,0,0,0,1,val
1,0.5245901639344263,0.0,0.0,0.0,0.0263157894736842,0.2332129963898916,0.0003727171077152,1,0,0,0,0,0,0,train
1,0.278688524590164,0.0,0.0,0.0,0.0263157894736842,0.2483754512635378,0.0011181513231457,0,0,1,0,0,0,0,train
0,0.5573770491803279,0.0,0.0,0.0,0.2105263157894736,0.2483754512635378,0.0130450987700335,1,0,0,0,0,0,0,train
1,0.1311475409836066,0.0,0.125,0.1176470588235294,0.131578947368421,0.2483754512635378,0.0048453224002981,1,0,0,0,0,0,1,train
1,0.2950819672131147,0.0,0.0,0.0,0.0263157894736842,0.2483754512635378,0.1669772642564293,1,0,0,0,0,0,1,test
1,0.0163934426229508,0.0,0.0,0.0,0.0,0.2483754512635378,0.0134178158777487,0,0,0,0,0,1,1,train
1,0.0983606557377049,0.0,0.0,0.0,0.0,0.2490974729241877,0.0037271710771524,1,0,0,0,0,0,0,train
1,0.0491803278688524,0.0,0.125,0.0,0.0263157894736842,0.2483754512635378,0.0003727171077152,1,0,0,0,0,0,0,test
1,0.5901639344262296,0.0,0.0,0.0,0.0,0.2483754512635378,0.0003727171077152,0,0,1,0,0,0,0,train
1,0.5081967213114754,0.0,0.0,0.0,0.0,0.2483754512635378,0.0033544539694371,0,0,1,0,0,0,0,train
1,0.3934426229508196,0.0,0.0,0.0,0.0263157894736842,0.2490974729241877,0.0104360790160268,0,0,1,0,0,0,0,train
1,0.7049180327868853,0.0,0.0,0.0,0.7894736842105263,0.2086642599277978,0.0186358553857622,1,0,0,0,0,0,0,train
1,0.918032786885246,0.0,0.0,0.0,0.0,0.2490974729241877,0.0003727171077152,0,0,1,0,0,0,0,train
0,0.3278688524590164,0.0,0.0,0.0,0.0,0.2490974729241877,0.0,0,0,0,1,0,0,0,test
0,0.3442622950819672,0.0,0.0,0.0,0.0263157894736842,0.2483754512635378,0.0003727171077152,1,0,0,0,0,0,0,train
0,0.3442622950819672,0.0,0.0,0.0,0.0,0.2483754512635378,0.0003727171077152,0,0,1,0,0,0,0,train
0,0.3278688524590164,0.0,0.0,0.0,0.0,0.2483754512635378,0.0014908684308609,1,0,0,0,0,0,0,train
1,0.5737704918032788,0.0,0.0,0.0,0.0263157894736842,0.2483754512635378,0.0003727171077152,0,0,1,0,0,0,0,val
1,0.0819672131147541,0.0,0.125,0.0,0.0526315789473684,0.2483754512635378,0.0286992172940737,1,0,0,0,0,0,0,val
0,0.7540983606557378,0.0,0.0,0.0,0.0263157894736842,0.2483754512635378,0.0003727171077152,0,0,1,0,0,0,0,train
0,0.3770491803278689,0.0,0.0,0.0,0.0,0.2490974729241877,0.0,0,0,0,1,0,0,0,val
1,0.5737704918032788,0.0,0.0,0.0,0.0,0.2490974729241877,0.0,0,0,0,0,0,1,0,val
1,0.2622950819672132,0.0,0.0,0.0,0.0,0.2483754512635378,0.0007454342154304,1,0,0,0,0,0,0,train
1,0.1311475409836066,0.0,0.0,0.0,0.0263157894736842,0.2483754512635378,0.0119269474468878,1,0,0,0,0,0,0,train
1,0.4262295081967213,0.0,0.0,0.0,0.1052631578947368,0.2483754512635378,0.0011181513231457,0,0,1,0,0,0,0,val
0,0.1475409836065574,0.0,0.0,0.0,0.0,0.2490974729241877,0.0018635855385762,0,0,1,0,0,0,0,test
1,0.1639344262295082,0.0,0.0,0.0,0.3684210526315789,0.2483754512635378,0.0003727171077152,0,0,1,0,0,0,0,train
1,0.6065573770491803,0.0,0.0,0.0,0.0263157894736842,0.2483754512635378,0.0003727171077152,0,0,1,0,0,0,0,train
0,0.0655737704918033,0.0,0.0,0.0,0.0526315789473684,0.2057761732851985,0.0223630264629146,1,0,0,0,0,0,0,test
1,0.2950819672131147,0.0,0.0,0.0,0.3947368421052631,0.2483754512635378,0.0040998881848676,1,0,0,0,0,0,0,train
1,0.0819672131147541,0.0,0.0,0.0,0.0263157894736842,0.2483754512635378,0.0011181513231457,1,0,0,0,0,0,0,train
1,0.6229508196721312,0.0,0.0,0.0,0.0263157894736842,0.2490974729241877,0.0,1,0,0,0,0,0,0,train
1,0.3114754098360656,0.0,0.0,0.0,0.0263157894736842,0.2483754512635378,0.0003727171077152,0,0,1,0,0,0,0,train
1,0.4426229508196722,0.0,0.0,0.0,0.0789473684210526,0.2490974729241877,0.0007454342154304,1,0,0,0,0,0,0,train
0,0.2131147540983606,0.0,0.0,0.0,0.3684210526315789,0.2483754512635378,0.0089452105851658,1,0,0,0,0,0,0,train
1,0.3934426229508196,0.0,0.0,0.0,0.1842105263157894,0.2483754512635378,0.0007454342154304,1,0,0,0,0,0,1,train
0,0.2950819672131147,0.0,0.0,0.0,0.0263157894736842,0.2490974729241877,0.0,1,0,0,0,0,0,0,train
1,0.5901639344262296,0.0,0.0,0.0,0.0,0.2490974729241877,0.0,0,0,1,0,0,0,0,train
1,0.0819672131147541,0.0,0.0,0.0,0.0,0.2483754512635378,0.0003727171077152,0,0,0,1,0,0,0,train
1,0.7049180327868853,0.0,0.0,0.0,0.0,0.2490974729241877,0.0,0,0,1,0,0,0,0,train
0,0.3934426229508196,0.0,0.0,0.0,0.0,0.2483754512635378,0.0003727171077152,0,0,1,0,0,0,0,train
1,0.1475409836065574,0.0,0.0,0.0,0.0263157894736842,0.2483754512635378,0.0007454342154304,1,0,0,0,0,0,0,train
1,0.0983606557377049,0.0,0.0,0.0,0.0526315789473684,0.2361010830324909,0.0055907566157286,0,0,1,0,0,0,0,train
1,0.2459016393442623,0.0,0.0,0.0,0.3684210526315789,0.2064981949458483,0.0,1,0,0,0,0,0,0,train
1,0.3278688524590164,0.0,0.0,0.0,0.0,0.244043321299639,0.0026090197540067,0,0,1,0,0,0,0,train
1,0.0491803278688524,0.0,0.125,0.0588235294117647,0.0263157894736842,0.2483754512635378,0.0,0,0,1,0,0,0,0,train
1,0.3442622950819672,0.0,0.0,0.0,0.0,0.2483754512635378,0.0,0,0,1,0,0,0,0,train
1,0.180327868852459,0.0,0.0,0.0,0.0,0.2483754512635378,0.0007454342154304,0,0,1,0,0,0,0,train
1,0.180327868852459,0.0,0.0,0.0,0.0263157894736842,0.247653429602888,0.0003727171077152,0,0,1,0,0,0,0,test
1,0.7704918032786886,0.0,0.0,0.0,0.1578947368421052,0.2050541516245487,0.0085724934774506,0,0,1,0,0,0,0,train
1,0.4262295081967213,0.05,0.0,0.0,0.1842105263157894,0.2483754512635378,0.0089452105851658,1,0,0,0,0,0,0,test
1,0.1475409836065574,0.0,0.0,0.0,0.0,0.2483754512635378,0.0007454342154304,1,0,0,0,0,0,0,train
1,0.1475409836065574,0.0,0.0,0.0,0.2105263157894736,0.2483754512635378,0.0018635855385762,1,0,0,0,0,0,1,train
1,0.7049180327868853,0.0,0.0,0.0,0.0,0.2490974729241877,0.0007454342154304,0,0,1,0,0,0,0,val
1,0.1475409836065574,0.0,0.0,0.0,0.0263157894736842,0.2483754512635378,0.0003727171077152,1,0,0,0,0,0,0,train
1,0.1311475409836066,0.0,0.0,0.0,0.2368421052631578,0.2490974729241877,0.0003727171077152,0,0,1,0,0,0,1,train
1,0.1147540983606557,0.0,0.0,0.0,0.0526315789473684,0.2324909747292418,0.0920611256056653,1,0,0,0,0,0,0,train
1,0.0819672131147541,0.0,0.0,0.0,0.131578947368421,0.2483754512635378,0.0160268356317555,0,0,0,0,0,1,1,train
1,0.0819672131147541,0.0,0.0,0.0,0.0263157894736842,0.2490974729241877,0.0011181513231457,1,0,0,0,0,0,0,train
1,0.1967213114754099,0.0,0.125,0.0588235294117647,0.0789473684210526,0.2483754512635378,0.0003727171077152,0,0,0,0,0,1,0,test
0,0.4426229508196722,0.0,0.0,0.0,0.0526315789473684,0.2483754512635378,0.0022363026462914,1,0,0,0,0,0,0,train
0,0.1311475409836066,0.0,0.0,0.0,0.0,0.2483754512635378,0.0003727171077152,1,0,0,0,0,0,0,train
1,0.0491803278688524,0.0,0.0,0.0,0.0,0.2483754512635378,0.0026090197540067,0,0,1,0,0,0,1,train
0,0.7213114754098361,0.0,0.0,0.0,0.0,0.2483754512635378,0.0014908684308609,0,0,1,0,0,0,0,train
1,0.4918032786885246,0.0,0.0,0.0,0.0,0.2483754512635378,0.0100633619083115,0,0,1,0,0,0,0,train
1,0.5737704918032788,0.0,0.0,0.0,0.0263157894736842,0.2483754512635378,0.0003727171077152,1,0,0,0,0,0,0,train
1,0.1639344262295082,0.05,0.125,0.0,0.131578947368421,0.2483754512635378,0.0510622437569884,1,0,0,0,0,0,0,train
1,0.6229508196721312,0.0,0.0,0.0,0.0263157894736842,0.2490974729241877,0.0003727171077152,0,0,1,0,0,0,0,train
1,0.278688524590164,0.0,0.0,0.0,0.0526315789473684,0.2433212996389891,0.0029817368617219,0,0,0,1,0,0,0,train
1,0.278688524590164,0.0,0.0,0.0,0.1052631578947368,0.2490974729241877,0.0037271710771524,1,0,0,0,0,0,0,test
0,0.3114754098360656,0.05,0.0,0.0,0.1842105263157894,0.2483754512635378,0.0007454342154304,1,0,0,0,0,0,0,train
0,0.2295081967213115,0.0,0.0,0.0,0.0,0.2490974729241877,0.0,1,0,0,0,0,0,0,test
1,0.5737704918032788,0.0,0.0,0.0,0.0,0.2483754512635378,0.0003727171077152,0,0,1,0,0,0,0,train
1,0.2295081967213115,0.0,0.0,0.0,0.0,0.2483754512635378,0.0003727171077152,0,0,1,0,0,0,0,test
1,0.1311475409836066,0.0,0.0,0.0,0.0,0.2483754512635378,0.0003727171077152,0,0,1,0,0,0,0,train
1,0.7049180327868853,0.0,0.0,0.0,0.0,0.2483754512635378,0.0007454342154304,0,0,1,0,0,0,0,test
1,0.0491803278688524,0.0,0.0,0.0,0.0,0.2483754512635378,0.0003727171077152,1,0,0,0,0,0,0,val
1,0.836065573770492,0.0,0.0,0.0,0.5789473684210527,0.2483754512635378,0.0003727171077152,1,0,0,0,0,0,0,val
1,0.1311475409836066,0.0,0.0,0.0,0.0,0.2490974729241877,0.0,1,0,0,0,0,0,0,train
1,0.1967213114754099,0.0,0.0,0.0,0.2368421052631578,0.2483754512635378,0.0011181513231457,1,0,0,0,0,0,1,train
1,0.0491803278688524,0.0,0.0,0.0,0.0263157894736842,0.2454873646209386,0.0026090197540067,0,0,1,0,0,0,0,train
1,0.3770491803278689,0.0,0.0,0.0,0.0,0.2490974729241877,0.0,0,0,1,0,0,0,0,val
1,0.0655737704918033,0.0,0.0,0.0,0.0,0.247653429602888,0.0003727171077152,0,0,1,0,0,0,0,train
0,0.5901639344262296,0.0,0.0,0.0,0.0,0.2490974729241877,0.0074543421543048,0,0,1,0,0,0,1,train
1,0.5245901639344263,0.0,0.0,0.0,0.0526315789473684,0.2483754512635378,0.0003727171077152,0,0,1,0,0,0,1,train
1,0.3114754098360656,0.1,0.0,0.0,0.2894736842105263,0.2483754512635378,0.0003727171077152,0,0,0,0,0,1,0,train
1,0.5737704918032788,0.0,0.0,0.0,0.0526315789473684,0.2259927797833935,0.0007454342154304,0,0,1,0,0,0,0,train
1,0.1311475409836066,0.0,0.0,0.0,0.131578947368421,0.2490974729241877,0.0003727171077152,0,0,1,0,0,0,0,train
0,0.6721311475409837,0.0,0.0,0.0,0.0,0.2483754512635378,0.0003727171077152,1,0,0,0,0,0,0,train
1,0.8032786885245903,0.0,0.0,0.0,0.0,0.2469314079422382,0.0003727171077152,0,0,0,1,0,0,0,train
1,0.4426229508196722,0.0,0.0,0.0,0.2105263157894736,0.2483754512635378,0.0171449869549012,0,0,0,1,0,0,0,train
1,0.0655737704918033,0.0,0.0,0.0588235294117647,0.0,0.2490974729241877,0.0715616846813268,1,0,0,0,0,0,0,train
1,0.1475409836065574,0.0,0.0,0.0,0.0,0.2483754512635378,0.0007454342154304,0,0,0,0,0,1,0,train
0,0.3114754098360656,0.0,0.0,0.0,0.3421052631578947,0.2483754512635378,0.0003727171077152,1,0,0,0,0,0,0,train
1,0.4426229508196722,0.0,0.0,0.0,0.0526315789473684,0.2483754512635378,0.0003727171077152,0,0,1,0,0,0,0,train
1,0.5573770491803279,0.0,0.0,0.0,0.1842105263157894,0.2483754512635378,0.0007454342154304,1,0,0,0,0,0,0,train
0,0.0491803278688524,0.0,0.0,0.0,0.0,0.2483754512635378,0.0003727171077152,1,0,0,0,0,0,0,train
1,0.2459016393442623,0.0,0.0,0.0,0.0789473684210526,0.2483754512635378,0.0003727171077152,0,0,1,0,0,0,0,test
1,0.1311475409836066,0.05,0.0,0.0,0.0789473684210526,0.2483754512635378,0.0014908684308609,1,0,0,0,0,0,1,test
1,0.3114754098360656,0.0,0.0,0.0,0.0,0.2483754512635378,0.0007454342154304,0,0,1,0,0,0,0,train
1,0.3606557377049181,0.0,0.0,0.0,0.0263157894736842,0.2490974729241877,0.0003727171077152,0,0,0,0,0,1,0,test
1,0.0491803278688524,0.05,0.0,0.0,0.0263157894736842,0.247653429602888,0.0003727171077152,1,0,0,0,0,0,0,train
1,0.3114754098360656,0.0,0.0,0.0,0.0,0.2483754512635378,0.0003727171077152,0,0,1,0,0,0,0,train
1,0.0983606557377049,0.0,0.0,0.0,0.0263157894736842,0.1927797833935018,0.0003727171077152,0,0,0,1,0,0,0,train
1,0.4262295081967213,0.0,0.0,0.0,0.0,0.2483754512635378,0.0003727171077152,0,0,1,0,0,0,0,val
1,0.1967213114754099,0.0,0.0,0.0,0.0,0.2483754512635378,0.0003727171077152,1,0,0,0,0,0,0,train
1,0.3606557377049181,0.0,0.0,0.0,0.0,0.2490974729241877,0.0,0,0,0,1,0,0,0,train
1,0.5081967213114754,0.0,0.0,0.0,0.0263157894736842,0.2332129963898916,0.0007454342154304,0,0,1,0,0,0,0,val
1,0.8032786885245903,0.0,0.0,0.0,0.0,0.2490974729241877,0.0,0,0,1,0,0,0,0,train
1,0.2131147540983606,0.0,0.0,0.0,0.1578947368421052,0.2483754512635378,0.5665300037271711,0,0,1,0,0,0,0,train
1,0.1967213114754099,0.0,0.0,0.0,0.1842105263157894,0.2483754512635378,0.0186358553857622,1,0,0,0,0,0,0,test
1,0.1639344262295082,0.0,0.0,0.0,0.0263157894736842,0.2483754512635378,0.0003727171077152,0,0,1,0,0,0,0,val
1,0.6065573770491803,0.0,0.0,0.0,0.0,0.2483754512635378,0.0003727171077152,0,0,1,0,0,0,0,train
1,0.3934426229508196,0.0,0.0,0.0,0.0,0.2483754512635378,0.0007454342154304,0,0,1,0,0,0,0,train
1,0.4098360655737705,0.0,0.0,0.0,0.1052631578947368,0.2490974729241877,0.0003727171077152,1,0,0,0,0,0,1,test
1,0.4262295081967213,0.0,0.0,0.0,0.0,0.2490974729241877,0.0156541185240402,1,0,0,0,0,0,0,train
1,0.1147540983606557,0.0,0.0,0.0,0.0,0.4339350180505414,0.0003727171077152,0,0,1,0,0,0,0,train
1,0.180327868852459,0.0,0.0,0.0,0.0,0.2483754512635378,0.0007454342154304,0,0,0,1,0,0,0,train
1,0.3770491803278689,0.0,0.0,0.0,0.0526315789473684,0.1537906137184115,0.0052180395080134,0,0,0,1,0,0,0,train
1,0.2131147540983606,0.0,0.0,0.0,0.0,0.2469314079422382,0.0003727171077152,0,0,0,1,0,0,0,test
1,0.3770491803278689,0.0,0.0,0.0,0.0263157894736842,0.2483754512635378,0.0007454342154304,1,0,0,0,0,0,0,test
1,0.180327868852459,0.0,0.0,0.0,0.0,0.2483754512635378,0.0037271710771524,1,0,0,0,0,0,0,train
1,0.1311475409836066,0.0,0.0,0.0,0.0,0.2483754512635378,0.0003727171077152,0,0,1,0,0,0,0,train
0,0.1475409836065574,0.0,0.0,0.0,0.0263157894736842,0.2490974729241877,0.0167722698471859,1,0,0,0,0,0,0,train
1,0.278688524590164,0.0,0.0,0.0,0.1052631578947368,0.2483754512635378,0.0115542303391725,0,0,1,0,0,0,0,train
1,0.5901639344262296,0.0,0.0,0.0,0.0263157894736842,0.2483754512635378,0.0081997763697353,0,0,1,0,0,0,0,train
1,0.0327868852459016,0.0,0.0,0.0,0.0,0.2483754512635378,0.0003727171077152,1,0,0,0,0,0,0,test
1,0.1475409836065574,0.0,0.0,0.0,0.0,0.2469314079422382,0.0003727171077152,0,0,1,0,0,0,0,test
1,0.0491803278688524,0.0,0.0,0.0,0.0263157894736842,0.2483754512635378,0.013790532985464,1,0,0,0,0,0,0,train
1,0.1475409836065574,0.0,0.0,0.0,0.1052631578947368,0.2187725631768953,0.0156541185240402,0,0,1,0,0,0,0,train
1,0.5901639344262296,0.0,0.0,0.0,0.0,0.2483754512635378,0.0033544539694371,1,0,0,0,0,0,0,train
1,0.3442622950819672,0.0,0.0,0.0,0.0263157894736842,0.2447653429602888,0.0018635855385762,1,0,0,0,0,0,0,train
0,0.2459016393442623,0.0,0.0,0.0,0.0,0.247653429602888,0.0003727171077152,0,0,1,0,0,0,0,train
0,0.278688524590164,0.0,0.0,0.0,0.0,0.2483754512635378,0.0003727171077152,1,0,0,0,0,0,0,train
1,0.5737704918032788,0.0,0.0,0.0,0.0,0.2469314079422382,0.0003727171077152,1,0,0,0,0,0,0,train
1,0.1639344262295082,0.0,0.0,0.0588235294117647,0.0526315789473684,0.2483754512635378,0.0052180395080134,0,0,1,0,0,0,0,train
1,0.1311475409836066,0.0,0.0,0.0,0.0,0.2483754512635378,0.0003727171077152,1,0,0,0,0,0,0,train
1,0.1967213114754099,0.0,0.0,0.0,0.0263157894736842,1.0,0.0063361908311591,1,0,0,0,0,0,0,train
1,0.2131147540983606,0.0,0.125,0.0,0.0789473684210526,0.2490974729241877,0.0003727171077152,1,0,0,0,0,0,0,train
1,0.2459016393442623,0.0,0.0,0.0,0.0263157894736842,0.2490974729241877,0.0,0,0,0,1,0,0,0,train
1,0.1639344262295082,0.0,0.0,0.0,0.0263157894736842,0.2490974729241877,0.0,1,0,0,0,0,0,0,train
1,0.0819672131147541,0.0,0.0,0.2352941176470588,0.1052631578947368,0.2490974729241877,0.0018635855385762,0,0,1,0,0,0,1,train
1,0.2950819672131147,0.0,0.0,0.0,0.1578947368421052,0.2483754512635378,0.0313082370480805,1,0,0,0,0,0,0,train
1,0.0655737704918033,0.0,0.0,0.0,0.0,0.2483754512635378,0.0003727171077152,1,0,0,0,0,0,0,train
1,0.3114754098360656,0.0,0.0,0.0,0.0789473684210526,0.2483754512635378,0.0003727171077152,1,0,0,0,0,0,0,train
0,0.5573770491803279,0.0,0.0,0.0,0.0,0.2483754512635378,0.0003727171077152,0,0,1,0,0,0,0,train
1,0.1311475409836066,0.0,0.0,0.0,0.0,0.2490974729241877,0.0007454342154304,0,0,1,0,0,0,0,test
0,0.2459016393442623,0.0,0.0,0.0,0.0526315789473684,0.2483754512635378,0.0052180395080134,0,0,1,0,0,0,0,val
0,0.6065573770491803,0.0,0.0,0.0,0.0,0.2483754512635378,0.0003727171077152,0,0,1,0,0,0,0,val
1,0.3114754098360656,0.0,0.0,0.0,0.0526315789473684,0.2490974729241877,0.0003727171077152,1,0,0,0,0,0,0,train
1,0.3770491803278689,0.0,0.0,0.0,0.0,0.2490974729241877,0.0659709280655982,1,0,0,0,0,0,0,test
1,0.1311475409836066,0.0,0.0,0.0,0.0,0.2483754512635378,0.0,0,0,1,0,0,0,0,test
1,0.3770491803278689,0.0,0.0,0.0,0.3421052631578947,0.2483754512635378,0.0018635855385762,1,0,0,0,0,0,0,test
1,0.2459016393442623,0.0,0.0,0.0,0.1578947368421052,0.2483754512635378,0.0003727171077152,1,0,0,0,0,0,0,train
1,0.0819672131147541,0.0,0.0,0.0,0.0,0.2483754512635378,0.0007454342154304,1,0,0,0,0,0,0,train
1,0.1475409836065574,0.0,0.0,0.0,0.0263157894736842,0.2483754512635378,0.0003727171077152,0,0,1,0,0,0,0,test
1,0.0983606557377049,0.0,0.0,0.0,0.0,0.2490974729241877,0.0085724934774506,0,0,1,0,0,0,1,val
1,0.1967213114754099,0.0,0.125,0.0,0.2631578947368421,0.2490974729241877,0.0704435333581811,1,0,0,0,0,0,0,train
1,0.6065573770491803,0.0,0.0,0.0,0.0263157894736842,0.2490974729241877,0.0029817368617219,0,0,1,0,0,0,0,test
0,0.3770491803278689,0.0,0.125,0.0,0.1578947368421052,0.2021660649819494,0.0003727171077152,1,0,0,0,0,0,0,train
1,0.278688524590164,0.0,0.0,0.0,0.0,0.2490974729241877,0.0003727171077152,1,0,0,0,0,0,0,val
1,0.0327868852459016,0.0,0.0,0.0,0.0263157894736842,0.2332129963898916,0.0003727171077152,1,0,0,0,0,0,0,train
1,0.2131147540983606,0.0,0.25,0.0,0.2105263157894736,0.2483754512635378,0.0003727171077152,1,0,0,0,0,0,1,train
1,0.2459016393442623,0.0,0.0,0.0,0.1842105263157894,0.2483754512635378,0.0115542303391725,0,0,1,0,0,0,1,train
1,0.4262295081967213,0.0,0.0,0.0,0.1578947368421052,0.2483754512635378,0.0499440924338427,0,0,1,0,0,0,1,train
1,0.3770491803278689,0.0,0.0,0.0,0.6578947368421052,0.2483754512635378,0.090197540067089,1,0,0,0,0,0,1,train
1,0.6229508196721312,0.0,0.0,0.0,0.2368421052631578,0.2490974729241877,0.0003727171077152,1,0,0,0,0,0,0,train
1,0.0491803278688524,0.0,0.0,0.0,0.0263157894736842,0.2418772563176895,0.0007454342154304,1,0,0,0,0,0,0,train
0,0.4918032786885246,0.0,0.0,0.0,0.0263157894736842,0.2490974729241877,0.0003727171077152,0,0,1,0,0,0,0,train
1,0.3442622950819672,0.0,0.0,0.0,0.0526315789473684,0.2303249097472924,0.0011181513231457,0,0,1,0,0,0,0,train
1,0.2131147540983606,0.0,0.0,0.0,0.0,0.2483754512635378,0.0007454342154304,0,0,0,1,0,0,0,train
0,0.1147540983606557,0.0,0.0,0.0,0.0,0.2483754512635378,0.0003727171077152,0,0,1,0,0,0,0,train
1,0.5409836065573771,0.0,0.0,0.0,0.0263157894736842,0.1891696750902527,0.0011181513231457,0,0,1,0,0,0,0,train
0,0.1639344262295082,0.0,0.0,0.0,0.0789473684210526,0.2375451263537906,0.0059634737234439,1,0,0,0,0,0,0,train
1,0.1967213114754099,0.0,0.0,0.0,0.0,0.2483754512635378,0.0003727171077152,1,0,0,0,0,0,1,val
0,0.0163934426229508,0.0,0.0,0.0,0.0,0.2483754512635378,0.0007454342154304,1,0,0,0,0,0,1,train
1,0.639344262295082,0.0,0.0,0.0,0.0,0.2483754512635378,0.0018635855385762,0,0,1,0,0,0,0,train
1,0.1311475409836066,0.0,0.0,0.1176470588235294,0.0,0.2483754512635378,0.0003727171077152,1,0,0,0,0,0,0,train
1,0.3114754098360656,0.0,0.0,0.0,0.131578947368421,0.2281588447653429,0.0,1,0,0,0,0,0,0,train
1,0.4918032786885246,0.0,0.0,0.0,0.0,0.2490974729241877,0.0007454342154304,1,0,0,0,0,0,0,train
1,0.0491803278688524,0.0,0.0,0.0588235294117647,0.0,0.2483754512635378,0.0007454342154304,1,0,0,0,0,0,0,train
1,0.5573770491803279,0.0,0.0,0.0,0.0263157894736842,0.2339350180505415,0.0037271710771524,1,0,0,0,0,0,0,val
1,0.0163934426229508,0.05,0.0,0.0588235294117647,0.0263157894736842,0.2202166064981949,0.0104360790160268,1,0,0,0,0,0,1,train
1,0.5901639344262296,0.0,0.0,0.0,0.0,0.2490974729241877,0.0007454342154304,1,0,0,0,0,0,1,train
0,0.3606557377049181,0.0,0.0,0.0,0.1052631578947368,0.2483754512635378,0.0212448751397689,0,0,1,0,0,0,0,train
1,0.0655737704918033,0.0,0.0,0.0,0.0,0.2490974729241877,0.0040998881848676,1,0,0,0,0,0,0,train
1,0.5245901639344263,0.0,0.0,0.0,0.2631578947368421,0.2483754512635378,0.0003727171077152,0,0,1,0,0,0,0,train
1,0.278688524590164,0.0,0.0,0.0,0.0526315789473684,0.2490974729241877,0.0,0,0,1,0,0,0,0,val
1,0.0491803278688524,0.0,0.0,0.0,0.0,0.2483754512635378,0.0007454342154304,1,0,0,0,0,0,0,val
1,0.1475409836065574,0.0,0.0,0.0,0.0,0.2483754512635378,0.0018635855385762,0,0,1,0,0,0,0,val
0,0.3278688524590164,0.0,0.0,0.0,0.5263157894736842,0.2483754512635378,0.044353335818114,0,0,0,1,0,0,1,train
1,0.2295081967213115,0.0,0.0,0.0,0.0,0.2490974729241877,0.0026090197540067,0,0,1,0,0,0,0,train
1,0.6721311475409837,0.0,0.0,0.0,0.0,0.2483754512635378,0.0003727171077152,0,0,1,0,0,0,0,test
1,0.6721311475409837,0.0,0.0,0.0,0.0,0.2490974729241877,0.0,0,0,1,0,0,0,0,val
1,0.4262295081967213,0.0,0.0,0.0,0.0,0.247653429602888,0.0003727171077152,0,0,0,1,0,0,0,train
1,0.3606557377049181,0.0,0.0,0.0,0.1842105263157894,0.3422382671480144,0.0134178158777487,1,0,0,0,0,0,0,train
0,0.2131147540983606,0.0,0.0,0.0,0.0,0.247653429602888,0.0477077897875512,1,0,0,0,0,0,1,train
0,0.2295081967213115,0.0,0.0,0.0,0.0,0.2483754512635378,0.0003727171077152,1,0,0,0,0,0,0,train
1,0.0655737704918033,0.05,0.0,0.0,0.0526315789473684,0.2483754512635378,0.0499440924338427,0,0,1,0,0,0,0,train
1,0.2622950819672132,0.0,0.0,0.0,0.0526315789473684,0.2483754512635378,0.0011181513231457,0,0,1,0,0,0,0,val
1,0.1967213114754099,0.0,0.125,0.0,0.1842105263157894,0.2483754512635378,0.0007454342154304,1,0,0,0,0,0,0,train
1,0.459016393442623,0.0,0.0,0.0,0.0,0.2490974729241877,0.0,0,0,0,0,0,1,0,test
1,0.278688524590164,0.0,0.0,0.0,0.0526315789473684,0.2490974729241877,0.0003727171077152,0,0,1,0,0,0,1,train
1,0.278688524590164,0.0,0.0,0.0,0.0,0.2483754512635378,0.0003727171077152,1,0,0,0,0,0,0,test
0,0.1967213114754099,0.0,0.0,0.0,0.2368421052631578,0.2483754512635378,0.0081997763697353,1,0,0,0,0,0,1,train
1,0.2131147540983606,0.0,0.125,0.0588235294117647,0.1052631578947368,0.2490974729241877,0.0104360790160268,0,0,1,0,0,0,1,train
1,0.2131147540983606,0.0,0.0,0.0,0.0,0.2483754512635378,0.0301900857249347,0,0,0,1,0,0,0,train
1,0.2950819672131147,0.0,0.0,0.0,0.131578947368421,0.2483754512635378,0.0115542303391725,1,0,0,0,0,0,1,test
1,0.3442622950819672,0.0,0.0,0.0,0.0526315789473684,0.2483754512635378,0.0175177040626164,1,0,0,0,0,0,0,train
1,0.278688524590164,0.0,0.0,0.0588235294117647,0.0,0.2483754512635378,0.0007454342154304,0,0,0,1,0,0,0,test
1,0.3114754098360656,0.0,0.0,0.0,0.0,0.2483754512635378,0.0011181513231457,1,0,0,0,0,0,0,train
1,0.1147540983606557,0.0,0.0,0.1176470588235294,0.0789473684210526,0.2490974729241877,0.0029817368617219,1,0,0,0,0,0,0,test
0,0.1475409836065574,0.0,0.0,0.0,0.0,0.2483754512635378,0.0003727171077152,1,0,0,0,0,0,0,test
1,0.4754098360655738,0.0,0.0,0.0,0.0526315789473684,0.2310469314079422,0.0003727171077152,0,0,1,0,0,0,0,train
1,0.459016393442623,0.0,0.0,0.0,0.3157894736842105,0.2483754512635378,0.0272083488632128,1,0,0,0,0,0,0,train
1,0.1475409836065574,0.0,0.0,0.0,0.0,0.2483754512635378,0.0003727171077152,0,0,1,0,0,0,0,train
1,0.2622950819672132,0.0,0.0,0.0,0.0,0.2483754512635378,0.0018635855385762,1,0,0,0,0,0,1,train
1,0.1967213114754099,0.0,0.0,0.0,0.1052631578947368,0.3667870036101083,0.0003727171077152,1,0,0,0,0,0,1,train
1,0.1147540983606557,0.0,0.0,0.0,0.0,0.2483754512635378,0.0,0,0,1,0,0,0,0,train
1,0.1311475409836066,0.0,0.125,0.0,0.131578947368421,0.2483754512635378,0.0003727171077152,1,0,0,0,0,0,0,train
1,0.6885245901639345,0.0,0.0,0.0,0.2368421052631578,0.2483754512635378,0.0003727171077152,1,0,0,0,0,0,0,train
1,0.5081967213114754,0.0,0.0,0.0,0.0,0.2483754512635378,0.0070816250465896,0,0,0,0,0,1,1,train
1,0.0491803278688524,0.0,0.0,0.0,0.0,0.2469314079422382,0.0003727171077152,1,0,0,0,0,0,0,test
1,0.5737704918032788,0.0,0.0,0.0,0.0263157894736842,0.4534296028880866,0.012299664554603,0,0,1,0,0,0,0,train
1,0.0491803278688524,0.0,0.0,0.0,0.0,0.2606498194945848,0.0115542303391725,1,0,0,0,0,0,1,train
1,0.180327868852459,0.0,0.0,0.0,0.0263157894736842,0.247653429602888,0.0003727171077152,0,0,0,1,0,0,0,train
1,0.180327868852459,0.0,0.0,0.0,0.1052631578947368,0.2303249097472924,0.0003727171077152,1,0,0,0,0,0,0,test
1,0.0491803278688524,0.0,0.0,0.0,0.0,0.2490974729241877,0.0003727171077152,0,0,0,1,0,0,0,test
0,0.0983606557377049,0.0,0.0,0.0,0.0526315789473684,0.659927797833935,0.0029817368617219,1,0,0,0,0,0,1,train
1,0.5409836065573771,0.0,0.0,0.0,0.0526315789473684,0.2490974729241877,0.0085724934774506,0,0,1,0,0,0,0,train
1,0.180327868852459,0.0,0.0,0.0,0.0263157894736842,0.2490974729241877,0.0,1,0,0,0,0,0,0,train
0,0.0983606557377049,0.0,0.0,0.0,0.0,0.2490974729241877,0.0,0,0,0,0,0,1,0,train
1,0.3114754098360656,0.0,0.0,0.0,0.131578947368421,0.2483754512635378,0.0003727171077152,0,0,0,1,0,0,0,test
0,0.5409836065573771,0.0,0.0,0.0,0.3684210526315789,0.2483754512635378,0.0980245993291092,0,0,1,0,0,0,0,train
1,0.5737704918032788,0.0,0.0,0.0,0.0263157894736842,0.2339350180505415,0.0078270592620201,0,0,1,0,0,0,0,train
1,0.1147540983606557,0.0,0.0,0.0,0.131578947368421,0.2483754512635378,0.0130450987700335,1,0,0,0,0,0,0,val
1,0.3278688524590164,0.0,0.0,0.0,0.0,0.2490974729241877,0.0003727171077152,0,0,0,1,0,0,0,test
1,0.0655737704918033,0.0,0.125,0.0588235294117647,0.0789473684210526,0.2490974729241877,0.1188967573611628,1,0,0,0,0,0,1,val
1,0.0491803278688524,0.0,0.0,0.0,0.0263157894736842,0.2483754512635378,0.0059634737234439,1,0,0,0,0,0,0,train
1,0.1639344262295082,0.0,0.125,0.0,0.3684210526315789,0.2700361010830325,0.0074543421543048,1,0,0,0,0,0,1,test
1,0.1147540983606557,0.0,0.0,0.0,0.0263157894736842,0.2483754512635378,0.0003727171077152,1,0,0,0,0,0,0,train
1,0.6229508196721312,0.0,0.0,0.0,0.0526315789473684,0.2462093862815884,0.0011181513231457,0,0,1,0,0,0,0,val
1,0.2622950819672132,0.0,0.0,0.0,0.5789473684210527,0.2281588447653429,0.0029817368617219,1,0,0,0,0,0,0,train
1,0.278688524590164,0.0,0.0,0.0,0.1842105263157894,0.2490974729241877,0.03056280283265,0,0,0,1,0,0,0,train
1,0.0655737704918033,0.0,0.0,0.1176470588235294,0.0,0.2469314079422382,0.0033544539694371,0,0,1,0,0,0,0,train
1,0.0819672131147541,0.0,0.0,0.0,0.0,0.2483754512635378,0.0141632500931792,1,0,0,0,0,0,1,test
1,0.1967213114754099,0.0,0.0,0.0,0.1052631578947368,0.2483754512635378,0.0201267238166231,1,0,0,0,0,0,0,train
1,0.3934426229508196,0.0,0.0,0.0,0.0263157894736842,0.2490974729241877,0.0029817368617219,1,0,0,0,0,0,1,train
1,0.5245901639344263,0.0,0.0,0.1176470588235294,0.631578947368421,0.2490974729241877,0.0178904211703317,1,0,0,0,0,0,1,train
1,0.3114754098360656,0.0,0.0,0.0,0.0,0.2483754512635378,0.0029817368617219,1,0,0,0,0,0,0,val
1,0.0819672131147541,0.0,0.0,0.0,0.0263157894736842,0.2490974729241877,0.0003727171077152,1,0,0,0,0,0,0,train
1,0.3770491803278689,0.0,0.0,0.0,0.0,0.2483754512635378,0.0003727171077152,0,0,1,0,0,0,0,train
1,0.5245901639344263,0.05,0.0,0.0,0.131578947368421,0.2700361010830325,0.0119269474468878,1,0,0,0,0,0,0,test
1,0.3770491803278689,0.0,0.0,0.0,0.5,0.2483754512635378,0.0126723816623183,0,0,0,1,0,0,1,train
1,0.3606557377049181,0.0,0.0,0.0,0.2105263157894736,0.2483754512635378,0.1263510995154677,0,0,0,0,0,1,1,train
1,0.0819672131147541,0.0,0.0,0.0,0.0,0.2483754512635378,0.0003727171077152,0,0,1,0,0,0,0,test
0,0.7540983606557378,0.0,0.0,0.0,0.0,0.2483754512635378,0.0003727171077152,0,0,0,0,0,1,0,train
1,0.5409836065573771,0.0,0.0,0.0,0.0,0.2483754512635378,0.0003727171077152,0,0,1,0,0,0,0,val
0,0.278688524590164,0.0,0.0,0.0,0.0789473684210526,0.2490974729241877,0.0003727171077152,1,0,0,0,0,0,1,test
1,0.180327868852459,0.0,0.0,0.0,0.0526315789473684,0.2490974729241877,0.0190085724934774,1,0,0,0,0,0,0,test
1,0.639344262295082,0.0,0.0,0.0,0.0,0.2469314079422382,0.0007454342154304,0,0,1,0,0,0,0,test
1,0.3114754098360656,0.0,0.0,0.0,0.0263157894736842,0.1025270758122743,0.0003727171077152,0,0,1,0,0,0,1,val
0,0.0819672131147541,0.0,0.0,0.0,0.0,0.2483754512635378,0.0003727171077152,0,0,0,0,0,1,0,train
1,0.6065573770491803,0.0,0.0,0.0,0.0263157894736842,0.2469314079422382,0.0003727171077152,0,0,1,0,0,0,0,test
1,0.1639344262295082,0.0,0.125,0.0,0.1578947368421052,0.2483754512635378,0.0003727171077152,1,0,0,0,0,0,1,train
1,0.1147540983606557,0.0,0.0,0.0,0.0263157894736842,0.2483754512635378,0.0037271710771524,0,0,1,0,0,0,0,val
1,0.7868852459016394,0.0,0.0,0.0,0.0,0.2483754512635378,0.0003727171077152,0,0,1,0,0,0,0,train
1,0.1639344262295082,0.0,0.0,0.0,0.0789473684210526,0.2490974729241877,0.0,1,0,0,0,0,0,0,train
1,0.0983606557377049,0.0,0.0,0.0,0.0,0.247653429602888,0.0003727171077152,1,0,0,0,0,0,0,train
1,0.9016393442622952,0.0,0.0,0.0,0.0,0.2483754512635378,0.0003727171077152,0,0,1,0,0,0,0,test
1,0.4262295081967213,0.0,0.0,0.0,0.0,0.2483754512635378,0.0007454342154304,1,0,0,0,0,0,0,test
1,0.3934426229508196,0.0,0.0,0.0,0.0,0.2490974729241877,0.0014908684308609,0,0,0,1,0,0,0,test
1,0.3606557377049181,0.0,0.0,0.0,0.1578947368421052,0.2483754512635378,0.0007454342154304,1,0,0,0,0,0,0,val
1,0.0491803278688524,0.0,0.0,0.0,0.0,0.2490974729241877,0.0026090197540067,0,0,0,1,0,0,0,val
1,0.6229508196721312,0.0,0.0,0.0,0.0,0.247653429602888,0.0003727171077152,0,0,1,0,0,0,1,train
1,0.3934426229508196,0.0,0.0,0.0,0.0789473684210526,0.2483754512635378,0.0003727171077152,1,0,0,0,0,0,0,train
1,0.5245901639344263,0.0,0.0,0.0,0.0263157894736842,0.2483754512635378,0.0007454342154304,0,0,1,0,0,0,0,train
1,0.2622950819672132,0.0,0.0,0.0,0.0,0.2483754512635378,0.0003727171077152,0,0,1,0,0,0,0,test
1,0.4754098360655738,0.0,0.0,0.0,0.0263157894736842,0.2483754512635378,0.0003727171077152,1,0,0,0,0,0,1,train
1,0.6557377049180328,0.0,0.0,0.0,0.0789473684210526,0.2483754512635378,0.0007454342154304,0,0,1,0,0,0,0,train
1,0.4918032786885246,0.0,0.0,0.0,0.0789473684210526,0.244043321299639,0.0003727171077152,0,0,1,0,0,0,0,train
0,0.0327868852459016,0.0,0.0,0.0,0.0,0.247653429602888,0.0011181513231457,0,0,1,0,0,0,0,train
1,0.180327868852459,0.0,0.0,0.0,0.0,0.2483754512635378,0.0003727171077152,1,0,0,0,0,0,0,train
1,0.3278688524590164,0.0,0.0,0.0,0.0263157894736842,0.2483754512635378,0.0003727171077152,0,0,0,0,0,1,0,train
0,0.4098360655737705,0.0,0.0,0.0,0.0,0.2490974729241877,0.0011181513231457,0,0,1,0,0,0,0,test
1,0.1147540983606557,0.0,0.0,0.0,0.0526315789473684,0.2483754512635378,0.0067089079388743,0,0,0,1,0,0,1,train
1,0.0655737704918033,0.0,0.0,0.1764705882352941,0.0,0.2483754512635378,0.0003727171077152,0,0,1,0,0,0,0,train
0,0.2295081967213115,0.0,0.0,0.0,0.0263157894736842,0.2411552346570397,0.0040998881848676,0,0,0,1,0,0,0,test
1,0.1311475409836066,0.0,0.0,0.0,0.2368421052631578,0.2483754512635378,0.0007454342154304,0,0,1,0,0,0,1,test
0,0.4918032786885246,0.0,0.0,0.0,0.0,0.2483754512635378,0.0003727171077152,0,0,0,0,0,1,0,train
1,0.8688524590163934,0.0,0.0,0.0,0.0263157894736842,0.2288808664259927,0.0014908684308609,0,0,1,0,0,0,0,train
0,0.7049180327868853,0.0,0.0,0.0,0.0,0.2483754512635378,0.0,0,0,1,0,0,0,0,train
0,0.0655737704918033,0.0,0.0,0.0,0.0526315789473684,0.2332129963898916,0.0011181513231457,0,0,1,0,0,0,0,train
1,0.180327868852459,0.0,0.0,0.0,0.0263157894736842,0.3083032490974729,0.0141632500931792,1,0,0,0,0,0,1,train
0,0.5901639344262296,0.0,0.0,0.0,0.0263157894736842,0.2332129963898916,0.0,0,0,1,0,0,0,0,train
1,0.0983606557377049,0.0,0.25,0.0,0.1578947368421052,0.2483754512635378,0.0003727171077152,0,0,1,0,0,0,0,test
0,0.1639344262295082,0.0,0.0,0.0,0.0,0.2483754512635378,0.0003727171077152,0,0,1,0,0,0,0,train
0,0.1147540983606557,0.0,0.0,0.0,0.0526315789473684,0.2490974729241877,0.0674617964964591,0,0,1,0,0,0,0,train
0,0.0655737704918033,0.0,0.0,0.0,0.0263157894736842,0.2288808664259927,0.0637346254193067,1,0,0,0,0,0,0,train
1,0.278688524590164,0.0,0.0,0.0,0.0,0.2483754512635378,0.0003727171077152,1,0,0,0,0,0,0,train
1,0.0491803278688524,0.0,0.0,0.0,0.0,0.2483754512635378,0.0003727171077152,1,0,0,0,0,0,0,train
1,0.5081967213114754,0.0,0.0,0.0,0.0263157894736842,0.2490974729241877,0.0003727171077152,0,0,1,0,0,0,0,train
1,0.0491803278688524,0.0,0.0,0.0,0.0263157894736842,0.2202166064981949,0.0238538948937756,1,0,0,0,0,0,0,train
1,0.7540983606557378,0.0,0.0,0.0,0.2105263157894736,0.2483754512635378,0.0003727171077152,0,0,1,0,0,0,0,train
0,0.1311475409836066,0.0,0.0,0.0,0.0263157894736842,0.2743682310469314,0.0163995527394707,1,0,0,0,0,0,0,train
1,0.3114754098360656,0.0,0.0,0.0,0.0789473684210526,0.2483754512635378,0.0007454342154304,1,0,0,0,0,0,0,train
0,0.2622950819672132,0.0,0.0,0.0,0.0263157894736842,0.2483754512635378,0.0432351844949683,1,0,0,0,0,0,1,train
1,0.6885245901639345,0.0,0.0,0.0,0.1052631578947368,0.2382671480144404,0.0026090197540067,0,0,0,1,0,0,0,train
1,0.6557377049180328,0.0,0.0,0.0,0.0,0.2483754512635378,0.0003727171077152,0,0,1,0,0,0,0,train
1,0.1475409836065574,0.0,0.0,0.0,0.0,0.2483754512635378,0.0212448751397689,0,0,1,0,0,0,0,train
1,0.1147540983606557,0.0,0.0,0.1176470588235294,0.0,0.2490974729241877,0.0007454342154304,1,0,0,0,0,0,0,train
1,0.6229508196721312,0.0,0.0,0.0,0.631578947368421,0.2649819494584837,0.0022363026462914,1,0,0,0,0,0,0,train
1,0.2459016393442623,0.0,0.0,0.0,0.0526315789473684,0.2483754512635378,0.0003727171077152,1,0,0,0,0,0,0,train
1,0.4754098360655738,0.0,0.0,0.0,0.3947368421052631,0.2057761732851985,0.0223630264629146,1,0,0,0,0,0,0,train
1,0.2295081967213115,0.0,0.0,0.0,0.1578947368421052,0.2483754512635378,0.0014908684308609,1,0,0,0,0,0,1,train
1,0.1147540983606557,0.0,0.0,0.0,0.0263157894736842,0.2483754512635378,0.0014908684308609,1,0,0,0,0,0,1,train
0,0.0327868852459016,0.0,0.0,0.0,0.0,0.2483754512635378,0.0003727171077152,1,0,0,0,0,0,0,train
1,0.2295081967213115,0.0,0.0,0.2352941176470588,0.2368421052631578,0.2483754512635378,0.0003727171077152,1,0,0,0,0,0,0,train
0,0.5081967213114754,0.0,0.0,0.0,0.0,0.2490974729241877,0.0003727171077152,1,0,0,0,0,0,0,test
1,0.0655737704918033,0.0,0.0,0.0,0.0263157894736842,0.2462093862815884,0.0003727171077152,1,0,0,0,0,0,0,train
1,0.0983606557377049,0.0,0.0,0.0,0.0,0.2483754512635378,0.0003727171077152,1,0,0,0,0,0,0,test
1,0.180327868852459,0.0,0.0,0.0,0.131578947368421,0.2483754512635378,0.1185240402534476,1,0,0,0,0,0,0,test
1,0.0655737704918033,0.0,0.0,0.0,0.0,0.2483754512635378,0.0044726052925829,0,0,1,0,0,0,0,train
1,0.2622950819672132,0.15,0.0,0.0,0.2105263157894736,0.2483754512635378,0.5333581811405144,1,0,0,0,0,0,0,train
0,0.1311475409836066,0.0,0.0,0.0,0.0789473684210526,0.2483754512635378,0.0003727171077152,1,0,0,0,0,0,0,train
1,0.5901639344262296,0.0,0.0,0.0,0.0526315789473684,0.2483754512635378,0.0029817368617219,0,0,1,0,0,0,0,train
1,0.6721311475409837,0.0,0.0,0.0,0.0263157894736842,0.2483754512635378,0.0003727171077152,1,0,0,0,0,0,0,train
1,0.0983606557377049,0.0,0.0,0.0,0.0263157894736842,0.2483754512635378,0.0018635855385762,0,0,0,0,0,1,1,train
1,0.7540983606557378,0.0,0.0,0.0,0.5263157894736842,0.2483754512635378,0.0007454342154304,1,0,0,0,0,0,0,train
0,0.0655737704918033,0.0,0.0,0.0,0.0,0.244043321299639,0.0022363026462914,1,0,0,0,0,0,0,train
0,0.1967213114754099,0.0,0.0,0.0,0.0789473684210526,0.2490974729241877,0.0003727171077152,1,0,0,0,0,0,1,train
0,0.1475409836065574,0.0,0.0,0.0,0.0,0.2490974729241877,0.0,0,0,1,0,0,0,0,test
1,0.0327868852459016,0.0,0.0,0.1176470588235294,0.0,0.2469314079422382,0.0,0,0,1,0,0,0,0,train
1,0.3114754098360656,0.0,0.0,0.0,0.0,0.2483754512635378,0.0003727171077152,0,0,0,0,0,1,0,train
1,0.1147540983606557,0.0,0.0,0.0,0.0526315789473684,0.2490974729241877,0.0003727171077152,0,0,0,0,0,1,0,train
0,0.2295081967213115,0.0,0.0,0.0,0.0,0.2483754512635378,0.0003727171077152,1,0,0,0,0,0,0,train
0,0.4262295081967213,0.0,0.0,0.0,0.0263157894736842,0.2469314079422382,0.0003727171077152,0,0,1,0,0,0,0,train
1,0.3770491803278689,0.0,0.0,0.0,0.2105263157894736,0.2483754512635378,0.0,1,0,0,0,0,0,0,test
1,0.1967213114754099,0.0,0.0,0.0,0.0789473684210526,0.2642599277978339,0.0096906448005963,0,0,1,0,0,0,0,train
1,0.1475409836065574,0.0,0.0,0.0,0.0526315789473684,0.2490974729241877,0.0253447633246366,1,0,0,0,0,0,1,train
1,0.0819672131147541,0.0,0.0,0.0,0.0263157894736842,0.2166064981949458,0.0007454342154304,1,0,0,0,0,0,0,train
1,0.2622950819672132,0.0,0.0,0.0,0.0526315789473684,0.2490974729241877,0.0007454342154304,0,0,0,1,0,0,0,train
0,0.2459016393442623,0.0,0.0,0.0,0.0789473684210526,0.2483754512635378,0.0003727171077152,1,0,0,0,0,0,0,test
1,0.2459016393442623,0.0,0.0,0.0,0.0789473684210526,0.2187725631768953,0.0518076779724189,0,0,1,0,0,0,0,train
1,0.2459016393442623,0.0,0.0,0.0,0.0,0.2483754512635378,0.0026090197540067,0,0,1,0,0,0,0,train
1,0.3770491803278689,0.0,0.0,0.0,0.0526315789473684,0.2823104693140794,0.0044726052925829,1,0,0,0,0,0,1,train
1,0.3114754098360656,0.0,0.0,0.0,0.0263157894736842,0.2483754512635378,0.0003727171077152,0,0,0,1,0,0,0,train
1,0.1639344262295082,0.0,0.0,0.0,0.2368421052631578,0.2483754512635378,0.0007454342154304,1,0,0,0,0,0,0,train
0,0.1147540983606557,0.0,0.0,0.0,0.0,0.2483754512635378,0.0003727171077152,1,0,0,0,0,0,1,train
0,0.1967213114754099,0.0,0.0,0.0,0.0263157894736842,0.2483754512635378,0.0007454342154304,1,0,0,0,0,0,0,train
0,0.4754098360655738,0.0,0.0,0.0,0.0,0.247653429602888,0.0003727171077152,1,0,0,0,0,0,0,test
1,0.3114754098360656,0.0,0.0,0.0,0.131578947368421,0.1732851985559566,0.0510622437569884,0,0,1,0,0,0,0,train
1,0.2131147540983606,0.0,0.0,0.0,0.2368421052631578,0.2490974729241877,0.0,0,0,1,0,0,0,1,train
0,0.1967213114754099,0.0,0.0,0.0,0.0263157894736842,0.2180505415162454,0.0,0,0,1,0,0,0,0,test
1,0.6885245901639345,0.0,0.0,0.0,0.2631578947368421,0.2483754512635378,0.2027581065970928,1,0,0,0,0,0,0,train
0,0.459016393442623,0.0,0.0,0.0,0.1842105263157894,0.2483754512635378,0.0070816250465896,1,0,0,0,0,0,0,val
1,0.7213114754098361,0.0,0.0,0.0,0.0789473684210526,0.2483754512635378,0.0003727171077152,0,0,1,0,0,0,0,train
1,0.1147540983606557,0.0,0.25,0.0588235294117647,0.2368421052631578,0.2490974729241877,0.0201267238166231,0,0,1,0,0,0,0,val
1,0.3278688524590164,0.0,0.0,0.0,0.0,0.2483754512635378,0.0003727171077152,0,1,0,0,0,0,0,val
1,0.180327868852459,0.0,0.0,0.0,0.131578947368421,0.2483754512635378,0.0007454342154304,1,0,0,0,0,0,0,test
1,0.3442622950819672,0.0,0.0,0.0,0.0526315789473684,0.2490974729241877,0.0,1,0,0,0,0,0,0,train
1,0.4918032786885246,0.0,0.0,0.0,0.0263157894736842,0.2490974729241877,0.0622437569884457,0,0,0,1,0,0,0,train
1,0.2131147540983606,0.0,0.0,0.0,0.0789473684210526,0.2483754512635378,0.0003727171077152,0,0,0,0,0,1,1,train
1,0.5245901639344263,0.0,0.0,0.0,0.0,0.2483754512635378,0.0003727171077152,0,0,1,0,0,0,0,train
1,0.1475409836065574,0.0,0.0,0.0,0.0,0.2490974729241877,0.0003727171077152,1,0,0,0,0,0,0,train
0,0.2295081967213115,0.0,0.0,0.0,0.0526315789473684,0.4945848375451263,0.029071934401789,1,0,0,0,0,0,0,train
0,0.0983606557377049,0.0,0.0,0.0,0.0526315789473684,0.2490974729241877,0.0,1,0,0,0,0,0,0,train
1,0.0491803278688524,0.05,0.125,0.0,0.0526315789473684,0.2259927797833935,0.0081997763697353,1,0,0,0,0,0,0,train
1,0.3770491803278689,0.0,0.0,0.0,0.0,0.2490974729241877,0.0,0,0,1,0,0,0,0,train
1,0.3278688524590164,0.0,0.0,0.0,0.0263157894736842,0.2483754512635378,0.0003727171077152,0,0,0,0,0,1,0,train
1,0.2295081967213115,0.0,0.0,0.0,0.0526315789473684,0.2490974729241877,0.0081997763697353,1,0,0,0,0,0,1,train
1,0.1475409836065574,0.0,0.0,0.0,0.131578947368421,0.548014440433213,0.0111815132314573,0,0,1,0,0,0,0,train
1,0.1147540983606557,0.0,0.0,0.0,0.0263157894736842,0.2490974729241877,0.0029817368617219,0,0,1,0,0,0,0,train
1,0.6065573770491803,0.0,0.0,0.0,0.0,0.2483754512635378,0.0111815132314573,0,0,1,0,0,0,1,val
1,0.1639344262295082,0.05,0.0,0.0,0.1842105263157894,0.2483754512635378,0.0003727171077152,1,0,0,0,0,0,1,train
0,0.3442622950819672,0.0,0.0,0.1176470588235294,0.2631578947368421,0.2483754512635378,0.0003727171077152,0,0,0,1,0,0,1,train
0,0.278688524590164,0.0,0.0,0.0,0.0263157894736842,0.2483754512635378,0.0003727171077152,0,0,1,0,0,0,0,train
1,0.2295081967213115,0.0,0.125,0.1764705882352941,0.3157894736842105,0.2483754512635378,0.0003727171077152,1,0,0,0,0,0,1,train
1,0.836065573770492,0.0,0.0,0.0,0.0,0.2483754512635378,0.0003727171077152,0,0,0,0,0,1,0,train
1,0.0491803278688524,0.0,0.0,0.0588235294117647,0.0263157894736842,0.2339350180505415,0.0003727171077152,0,0,1,0,0,0,0,train
1,0.3770491803278689,0.0,0.0,0.0,0.0263157894736842,0.2490974729241877,0.0007454342154304,0,0,1,0,0,0,0,train
1,0.0491803278688524,0.0,0.0,0.0,0.0,0.2469314079422382,0.0003727171077152,0,0,0,1,0,0,0,train
1,0.3278688524590164,0.0,0.0,0.0,0.0,0.2483754512635378,0.0018635855385762,1,0,0,0,0,0,0,train
1,0.2131147540983606,0.0,0.0,0.0,0.2631578947368421,0.3826714801444043,0.0,0,0,1,0,0,0,0,train
1,0.278688524590164,0.0,0.0,0.0,0.0526315789473684,0.2490974729241877,0.0126723816623183,0,0,1,0,0,0,1,train
1,0.2622950819672132,0.0,0.0,0.0,0.131578947368421,0.23971119133574,0.0007454342154304,1,0,0,0,0,0,0,train
1,0.5573770491803279,0.0,0.0,0.0,0.0,0.2483754512635378,0.0003727171077152,0,0,1,0,0,0,0,train
1,0.0491803278688524,0.0,0.0,0.0,0.0,0.2483754512635378,0.0,1,0,0,0,0,0,0,train
1,0.4098360655737705,0.0,0.0,0.0,0.2105263157894736,0.2483754512635378,0.0003727171077152,1,0,0,0,0,0,0,test
0,0.2295081967213115,0.0,0.0,0.0,0.0,0.2483754512635378,0.0003727171077152,0,0,1,0,0,0,0,train
0,0.0491803278688524,0.0,0.0,0.0,0.0,0.2483754512635378,0.0003727171077152,1,0,0,0,0,0,0,train
0,0.7704918032786886,0.0,0.0,0.0,0.0263157894736842,0.2483754512635378,0.0,0,0,1,0,0,0,0,train
0,0.1475409836065574,0.0,0.0,0.0,0.0,0.2490974729241877,0.0003727171077152,0,0,1,0,0,0,0,train
1,0.1147540983606557,0.0,0.0,0.0588235294117647,0.0263157894736842,0.6967509025270757,0.0391352963101006,1,0,0,0,0,0,0,test
1,0.3934426229508196,0.0,0.0,0.0,0.1578947368421052,0.2483754512635378,0.0,0,0,0,0,0,1,0,test
1,0.7377049180327869,0.0,0.0,0.0,0.1578947368421052,0.2483754512635378,0.0093179276928811,1,0,0,0,0,0,0,train
1,0.3606557377049181,0.0,0.0,0.0,0.0,0.2490974729241877,0.0,0,0,1,0,0,0,0,train
1,0.2622950819672132,0.0,0.0,0.0,0.0,0.2483754512635378,0.0003727171077152,0,0,0,1,0,0,0,test
1,0.1475409836065574,0.0,0.0,0.0,0.0263157894736842,0.2483754512635378,0.0003727171077152,0,0,1,0,0,0,0,test
1,0.180327868852459,0.0,0.0,0.0,0.0,0.2483754512635378,0.0003727171077152,0,0,0,1,0,0,0,test
0,0.5245901639344263,0.0,0.0,0.0,0.0,0.2483754512635378,0.0003727171077152,1,0,0,0,0,0,0,train
1,0.4754098360655738,0.0,0.0,0.0,0.0,0.2483754512635378,0.0003727171077152,0,0,1,0,0,0,0,test
1,0.4262295081967213,0.0,0.0,0.0,0.0526315789473684,0.247653429602888,0.0,0,0,1,0,0,0,0,val
1,0.6229508196721312,0.0,0.0,0.0,0.0,0.247653429602888,0.0003727171077152,0,0,0,1,0,0,0,train
1,0.0819672131147541,0.0,0.0,0.0,0.0,0.2483754512635378,0.0048453224002981,1,0,0,0,0,0,0,val
1,0.5901639344262296,0.0,0.0,0.0,0.2631578947368421,0.2490974729241877,0.0111815132314573,1,0,0,0,0,0,0,train
1,0.3278688524590164,0.0,0.0,0.0,0.4473684210526315,0.2483754512635378,0.0670890793887439,0,0,1,0,0,0,0,test
1,0.1147540983606557,0.0,0.0,0.0,0.0,0.2490974729241877,0.0003727171077152,0,0,0,1,0,0,1,test
1,0.2131147540983606,0.0,0.0,0.0,0.1052631578947368,0.1985559566787003,0.026090197540067,1,0,0,0,0,0,0,train
0,0.3442622950819672,0.0,0.0,0.0,0.0263157894736842,0.2187725631768953,0.0022363026462914,1,0,0,0,0,0,0,train
1,0.6229508196721312,0.0,0.0,0.0,0.1578947368421052,0.2483754512635378,0.0029817368617219,1,0,0,0,0,0,0,train
1,0.3442622950819672,0.0,0.0,0.0,0.0263157894736842,0.2281588447653429,0.010808796123742,0,0,1,0,0,0,0,train
1,0.180327868852459,0.0,0.0,0.0,0.0,0.2490974729241877,0.0003727171077152,0,0,1,0,0,0,0,test
1,0.1311475409836066,0.0,0.0,0.0,0.0,0.247653429602888,0.0003727171077152,0,0,1,0,0,0,0,test
0,0.5409836065573771,0.05,0.0,0.0,0.2631578947368421,0.3740072202166065,0.0242266120014908,1,0,0,0,0,0,0,train
0,0.6557377049180328,0.0,0.0,0.0,0.0,0.2483754512635378,0.0003727171077152,0,0,0,0,0,1,0,train
1,0.0491803278688524,0.0,0.0,0.0,0.0,0.2483754512635378,0.0156541185240402,1,0,0,0,0,0,1,train
1,0.0491803278688524,0.0,0.0,0.0,0.0,0.2483754512635378,0.0175177040626164,1,0,0,0,0,0,0,train
1,0.0819672131147541,0.0,0.0,0.0,0.0,0.2483754512635378,0.0570257174804323,1,0,0,0,0,0,0,train
1,0.459016393442623,0.0,0.0,0.0,0.0789473684210526,0.2483754512635378,0.0007454342154304,1,0,0,0,0,0,0,train
1,0.278688524590164,0.0,0.0,0.0,0.131578947368421,0.2490974729241877,0.5195676481550503,0,0,0,1,0,0,0,train
1,0.2622950819672132,0.0,0.0,0.0,0.3157894736842105,0.2036101083032491,0.0231084606783451,1,0,0,0,0,0,0,train
0,0.1967213114754099,0.0,0.0,0.0,0.0,0.2490974729241877,0.0,1,0,0,0,0,0,0,train
1,0.4754098360655738,0.0,0.0,0.0,0.0263157894736842,0.2483754512635378,0.0003727171077152,0,0,1,0,0,0,0,train
1,0.1967213114754099,0.0,0.0,0.0,0.1052631578947368,0.2310469314079422,0.0026090197540067,0,0,1,0,0,0,0,train
1,0.4754098360655738,0.0,0.0,0.0,0.0263157894736842,0.2324909747292418,0.0093179276928811,1,0,0,0,0,0,0,train
1,0.5245901639344263,0.0,0.0,0.0,0.2894736842105263,0.2267148014440433,0.0335445396943719,0,0,1,0,0,0,1,train
1,0.0983606557377049,0.0,0.0,0.1176470588235294,0.0263157894736842,0.2483754512635378,0.0003727171077152,0,0,1,0,0,0,0,test
1,0.4426229508196722,0.0,0.0,0.0,0.0789473684210526,0.2483754512635378,0.0003727171077152,0,0,1,0,0,0,0,val
1,0.3442622950819672,0.0,0.0,0.0,0.0789473684210526,0.2490974729241877,0.0,0,0,1,0,0,0,0,test
1,0.3606557377049181,0.0,0.0,0.0,0.0263157894736842,0.2483754512635378,0.0026090197540067,0,0,1,0,0,0,0,test
1,0.0983606557377049,0.0,0.0,0.0,0.0,0.2483754512635378,0.0003727171077152,1,0,0,0,0,0,0,train
1,0.0819672131147541,0.0,0.0,0.0588235294117647,0.0263157894736842,0.2483754512635378,0.0003727171077152,1,0,0,0,0,0,0,train
1,0.7049180327868853,0.0,0.0,0.0,0.0,0.2490974729241877,0.0,0,0,1,0,0,0,0,train
1,0.0819672131147541,0.0,0.0,0.0,0.0526315789473684,0.2346570397111913,0.0029817368617219,0,0,1,0,0,0,0,train
1,0.3606557377049181,0.05,0.0,0.0,0.3947368421052631,0.2483754512635378,0.0204994409243384,1,0,0,0,0,0,0,train
1,0.4262295081967213,0.0,0.0,0.0,0.0,0.2483754512635378,0.0014908684308609,1,0,0,0,0,0,0,train
0,0.0655737704918033,0.0,0.125,0.0,0.0789473684210526,0.247653429602888,0.0003727171077152,1,0,0,0,0,0,0,train
1,0.639344262295082,0.0,0.0,0.0,0.0526315789473684,0.2483754512635378,0.0655982109578829,1,0,0,0,0,0,0,train
1,0.0983606557377049,0.0,0.0,0.0,0.131578947368421,0.2483754512635378,0.0026090197540067,0,0,0,0,0,1,0,val
1,0.2459016393442623,0.0,0.0,0.0,0.2368421052631578,0.2490974729241877,0.0003727171077152,0,0,1,0,0,0,0,train
1,0.2131147540983606,0.0,0.125,0.0,0.131578947368421,0.2483754512635378,0.0201267238166231,0,0,0,0,0,1,0,train
1,0.6229508196721312,0.0,0.0,0.0,0.1842105263157894,0.2216606498194945,0.0033544539694371,0,0,1,0,0,0,0,test
1,0.8032786885245903,0.0,0.0,0.0,0.0526315789473684,0.2974729241877256,0.0365262765560939,0,0,0,1,0,0,0,train
1,0.639344262295082,0.0,0.0,0.0,0.6052631578947368,0.2483754512635378,0.0969064480059634,1,0,0,0,0,0,1,train
1,0.7704918032786886,0.0,0.0,0.0,0.0789473684210526,0.2483754512635378,0.0048453224002981,0,0,1,0,0,0,0,test
0,0.0655737704918033,0.0,0.0,0.0,0.0,0.2483754512635378,0.0003727171077152,0,0,1,0,0,0,0,test
0,0.278688524590164,0.0,0.0,0.0,0.0526315789473684,0.2382671480144404,0.0078270592620201,1,0,0,0,0,0,0,test
1,0.180327868852459,0.0,0.125,0.0,0.0526315789473684,0.2483754512635378,0.0011181513231457,1,0,0,0,0,0,1,train
1,0.0655737704918033,0.0,0.0,0.0,0.131578947368421,0.1833935018050541,0.0559075661572866,1,0,0,0,0,0,1,train
1,0.2131147540983606,0.0,0.0,0.0,0.1578947368421052,0.2209386281588447,0.0029817368617219,1,0,0,0,0,0,0,train
0,0.6229508196721312,0.0,0.0,0.0,0.0263157894736842,0.2483754512635378,0.0003727171077152,1,0,0,0,0,0,0,test
1,0.1147540983606557,0.0,0.0,0.0,0.0526315789473684,0.2281588447653429,0.010808796123742,0,0,1,0,0,0,0,test
1,0.2459016393442623,0.0,0.0,0.0,0.2631578947368421,0.2490974729241877,0.0003727171077152,0,0,1,0,0,0,0,train
1,0.1147540983606557,0.0,0.0,0.0,0.0526315789473684,0.2483754512635378,0.0208721580320536,0,0,1,0,0,0,0,test
0,0.1475409836065574,0.0,0.0,0.0,0.0789473684210526,0.2483754512635378,0.0026090197540067,1,0,0,0,0,0,0,test
1,0.3114754098360656,0.0,0.0,0.0,0.0263157894736842,0.2483754512635378,0.0055907566157286,1,0,0,0,0,0,0,test
1,0.3770491803278689,0.0,0.0,0.0,0.0526315789473684,0.2469314079422382,0.0003727171077152,0,0,1,0,0,0,0,train
1,0.278688524590164,0.0,0.0,0.0588235294117647,0.131578947368421,0.2353790613718411,0.0111815132314573,1,0,0,0,0,0,0,val
1,0.6065573770491803,0.0,0.0,0.0,0.0,0.2490974729241877,0.0007454342154304,0,0,1,0,0,0,0,train
1,0.1311475409836066,0.0,0.0,0.0,0.0526315789473684,0.2490974729241877,0.0022363026462914,1,0,0,0,0,0,1,train
1,0.278688524590164,0.0,0.0,0.0,0.1842105263157894,0.2483754512635378,0.0726798360044726,1,0,0,0,0,0,0,train
1,0.5245901639344263,0.0,0.0,0.0,0.0789473684210526,0.2490974729241877,0.0093179276928811,0,0,1,0,0,0,1,train
0,0.0983606557377049,0.0,0.0,0.0,0.0,0.2483754512635378,0.0003727171077152,1,0,0,0,0,0,0,train
1,0.2622950819672132,0.0,0.0,0.0,0.1578947368421052,0.2483754512635378,0.0014908684308609,1,0,0,0,0,0,1,test
1,0.0983606557377049,0.0,0.0,0.0,0.0789473684210526,0.2483754512635378,0.0011181513231457,0,0,0,0,0,1,1,train
0,0.1967213114754099,0.0,0.125,0.0,0.1052631578947368,0.2483754512635378,0.0115542303391725,1,0,0,0,0,0,0,test
0,0.278688524590164,0.0,0.0,0.0,0.0,0.2490974729241877,0.0,0,0,0,1,0,0,0,train
1,0.0983606557377049,0.0,0.0,0.0,0.0263157894736842,0.2433212996389891,0.0011181513231457,0,0,1,0,0,0,0,test
0,0.1639344262295082,0.0,0.0,0.0,0.0789473684210526,0.2483754512635378,0.0003727171077152,1,0,0,0,0,0,0,test
1,0.5245901639344263,0.0,0.0,0.0,0.131578947368421,0.1833935018050541,0.0339172568020872,0,0,0,0,0,1,0,train
1,0.2131147540983606,0.0,0.0,0.0,0.0,0.2483754512635378,0.0171449869549012,1,0,0,0,0,0,0,test
1,0.2131147540983606,0.0,0.0,0.0,0.0,0.2483754512635378,0.0003727171077152,0,0,1,0,0,0,0,train
0,0.2295081967213115,0.0,0.0,0.0,0.0789473684210526,0.2483754512635378,0.0003727171077152,1,0,0,0,0,0,0,train
1,0.180327868852459,0.0,0.0,0.0,0.1578947368421052,0.2469314079422382,0.0085724934774506,0,0,1,0,0,0,1,train
1,0.6721311475409837,0.0,0.0,0.0,0.0789473684210526,0.2433212996389891,0.0003727171077152,1,0,0,0,0,0,0,train
1,0.0983606557377049,0.0,0.0,0.0,0.0263157894736842,0.2483754512635378,0.0003727171077152,1,0,0,0,0,0,1,train
0,0.1475409836065574,0.0,0.0,0.0,0.0263157894736842,0.2014440433212996,0.0167722698471859,0,0,1,0,0,0,0,train
1,0.2459016393442623,0.0,0.0,0.0,0.0,0.2483754512635378,0.0529258292955646,1,0,0,0,0,0,0,train
0,0.278688524590164,0.0,0.0,0.0,0.0,0.2483754512635378,0.0003727171077152,0,0,0,0,0,1,0,test
0,0.3606557377049181,0.0,0.0,0.0,0.0,0.2462093862815884,0.0014908684308609,0,0,0,0,0,1,0,test
1,0.4426229508196722,0.0,0.0,0.0,0.0,0.2483754512635378,0.0003727171077152,0,0,0,0,0,1,0,train
1,0.0983606557377049,0.05,0.0,0.0588235294117647,0.2368421052631578,0.244043321299639,0.1103242638837122,1,0,0,0,0,0,1,train
1,0.1147540983606557,0.0,0.0,0.0,0.0,0.2483754512635378,0.0014908684308609,0,0,0,1,0,0,0,test
1,0.0983606557377049,0.0,0.0,0.0,0.0,0.2483754512635378,0.0003727171077152,1,0,0,0,0,0,0,train
1,0.0819672131147541,0.0,0.0,0.0,0.1578947368421052,0.2483754512635378,0.0126723816623183,0,0,0,1,0,0,0,val
1,0.0819672131147541,0.0,0.125,0.0,0.1842105263157894,0.2483754512635378,0.0014908684308609,1,0,0,0,0,0,1,train
1,0.4918032786885246,0.0,0.0,0.0,0.0,0.2483754512635378,0.0,0,0,0,1,0,0,0,val
1,0.7213114754098361,0.0,0.0,0.0,0.0,0.2483754512635378,0.0003727171077152,0,0,1,0,0,0,0,train
1,0.5573770491803279,0.0,0.0,0.0,0.5,0.2483754512635378,0.3592992918374953,1,0,0,0,0,0,0,train
1,0.1147540983606557,0.0,0.0,0.0,0.0263157894736842,0.2483754512635378,0.0067089079388743,0,0,0,0,0,1,0,train
1,0.5081967213114754,0.0,0.0,0.0,0.0263157894736842,0.2483754512635378,0.0018635855385762,1,0,0,0,0,0,0,train
1,0.5245901639344263,0.0,0.0,0.0,0.0,0.2490974729241877,0.0294446515095042,0,0,1,0,0,0,1,train
1,0.3114754098360656,0.0,0.0,0.0,0.3684210526315789,0.2483754512635378,0.0003727171077152,1,0,0,0,0,0,0,test
1,0.1311475409836066,0.0,0.0,0.0,0.0,0.2490974729241877,0.0003727171077152,0,0,1,0,0,0,0,train
1,0.1639344262295082,0.0,0.25,0.0,0.5526315789473684,0.2483754512635378,0.0395080134178158,1,0,0,0,0,0,0,train
1,0.4918032786885246,0.0,0.0,0.0,0.1052631578947368,0.2483754512635378,0.0003727171077152,0,0,0,0,0,1,0,train
1,0.1147540983606557,0.0,0.0,0.0,0.0263157894736842,0.1913357400722021,0.0026090197540067,1,0,0,0,0,0,0,train
1,0.0327868852459016,0.0,0.125,0.0,0.0263157894736842,0.2490974729241877,0.7379798732761833,1,0,0,0,0,0,1,train
1,0.1311475409836066,0.0,0.0,0.0,0.0263157894736842,0.2483754512635378,0.0007454342154304,0,0,0,1,0,0,0,train
1,0.180327868852459,0.0,0.0,0.0,0.0263157894736842,0.2483754512635378,0.0052180395080134,0,0,1,0,0,0,0,train
1,0.459016393442623,0.0,0.0,0.0,0.1052631578947368,0.2490974729241877,0.0003727171077152,0,0,1,0,0,0,0,test
1,0.0983606557377049,0.0,0.0,0.0,0.0,0.2490974729241877,0.0003727171077152,1,0,0,0,0,0,0,train
0,0.5409836065573771,0.0,0.0,0.0,0.0526315789473684,0.2490974729241877,0.0,0,0,0,1,0,0,0,train
1,0.180327868852459,0.0,0.0,0.0,0.131578947368421,0.2490974729241877,0.0204994409243384,1,0,0,0,0,0,0,train
1,0.6229508196721312,0.0,0.0,0.0,0.2631578947368421,0.2483754512635378,0.0048453224002981,0,0,0,1,0,0,1,train
1,0.2131147540983606,0.0,0.0,0.0,0.0263157894736842,0.1949458483754512,0.0011181513231457,0,0,0,1,0,0,0,train
1,0.4918032786885246,0.0,0.0,0.0,0.0,0.2483754512635378,0.0003727171077152,0,0,0,0,0,1,0,train
1,0.8196721311475411,0.0,0.0,0.0,0.0263157894736842,0.2223826714801444,0.0096906448005963,1,0,0,0,0,0,0,train
1,0.0983606557377049,0.0,0.0,0.0,0.0263157894736842,0.2483754512635378,0.0003727171077152,1,0,0,0,0,0,0,train
1,0.2295081967213115,0.0,0.0,0.0,0.0263157894736842,0.2483754512635378,0.0003727171077152,1,0,0,0,0,0,0,train
1,0.1147540983606557,0.0,0.0,0.0,0.0263157894736842,0.2483754512635378,0.0272083488632128,1,0,0,0,0,0,0,val
1,0.180327868852459,0.0,0.0,0.0,0.0263157894736842,0.2483754512635378,0.0160268356317555,0,0,1,0,0,0,0,train
1,0.3278688524590164,0.0,0.0,0.0,0.0526315789473684,0.2483754512635378,0.0003727171077152,0,0,1,0,0,0,0,test
1,0.5573770491803279,0.0,0.0,0.0,0.0789473684210526,0.2483754512635378,0.128214685054044,0,0,0,1,0,0,0,test
1,0.5737704918032788,0.0,0.0,0.0,0.0789473684210526,0.2418772563176895,0.0037271710771524,0,0,1,0,0,0,0,train
1,0.1475409836065574,0.0,0.0,0.0,0.0263157894736842,0.2490974729241877,0.0003727171077152,0,0,1,0,0,0,0,train
1,0.2459016393442623,0.0,0.0,0.0,0.0263157894736842,0.2483754512635378,0.0003727171077152,0,0,1,0,0,0,0,train
0,0.180327868852459,0.0,0.0,0.0,0.0,0.2483754512635378,0.0007454342154304,0,0,1,0,0,0,0,train
1,0.3278688524590164,0.0,0.0,0.0,0.5,0.2462093862815884,0.0007454342154304,1,0,0,0,0,0,1,train
1,0.180327868852459,0.0,0.0,0.0,0.0,0.2483754512635378,0.0003727171077152,0,0,1,0,0,0,0,train
1,0.3770491803278689,0.0,0.0,0.0,0.0,0.2483754512635378,0.0003727171077152,1,0,0,0,0,0,0,train
1,0.6721311475409837,0.0,0.0,0.0,0.2105263157894736,0.2483754512635378,0.0037271710771524,1,0,0,0,0,0,0,train
1,0.0491803278688524,0.0,0.0,0.0,0.0263157894736842,0.2483754512635378,0.0003727171077152,0,0,1,0,0,0,1,train
1,0.1967213114754099,0.0,0.0,0.0,0.0,0.2483754512635378,0.0003727171077152,1,0,0,0,0,0,0,train
1,0.4098360655737705,0.0,0.0,0.0,0.1052631578947368,0.2483754512635378,0.0178904211703317,0,0,1,0,0,0,0,train
0,0.0983606557377049,0.0,0.0,0.0588235294117647,0.0526315789473684,0.247653429602888,0.0,0,0,1,0,0,0,0,train
1,0.4426229508196722,0.0,0.0,0.0,0.3421052631578947,0.2483754512635378,0.0208721580320536,1,0,0,0,0,0,1,train
1,0.0819672131147541,0.0,0.0,0.0588235294117647,0.0,0.2490974729241877,0.0070816250465896,0,0,1,0,0,0,1,train
0,0.3606557377049181,0.0,0.0,0.0,0.131578947368421,0.2606498194945848,0.0204994409243384,0,0,1,0,0,0,0,train
0,0.0819672131147541,0.0,0.0,0.0,0.0,0.2483754512635378,0.0007454342154304,1,0,0,0,0,0,0,train
1,0.3442622950819672,0.0,0.0,0.0,0.0789473684210526,0.2483754512635378,0.0003727171077152,1,0,0,0,0,0,0,train
0,0.1311475409836066,0.0,0.0,0.0,0.0,0.247653429602888,0.0,0,0,1,0,0,0,0,val
1,0.0491803278688524,0.0,0.0,0.0,0.0,0.2490974729241877,0.0003727171077152,1,0,0,0,0,0,0,train
1,0.1967213114754099,0.0,0.125,0.0588235294117647,0.0789473684210526,0.2483754512635378,0.0242266120014908,0,0,1,0,0,0,0,train
1,0.4262295081967213,0.0,0.0,0.0,0.0,0.2490974729241877,0.0044726052925829,0,0,1,0,0,0,0,test
1,0.0819672131147541,0.0,0.0,0.0,0.0,0.2483754512635378,0.0007454342154304,1,0,0,0,0,0,0,train
0,0.5081967213114754,0.0,0.0,0.0,0.0263157894736842,0.2483754512635378,0.0003727171077152,1,0,0,0,0,0,0,train
1,0.1639344262295082,0.0,0.0,0.0,0.0526315789473684,0.2483754512635378,0.0037271710771524,0,0,1,0,0,0,1,train
1,0.3934426229508196,0.0,0.0,0.0,0.0526315789473684,0.2180505415162454,0.015281401416325,0,0,1,0,0,0,0,train
1,0.0819672131147541,0.0,0.25,0.0,0.1842105263157894,0.2490974729241877,0.0022363026462914,0,0,0,0,0,1,1,train
0,0.0983606557377049,0.0,0.0,0.0,0.0526315789473684,0.2483754512635378,0.0003727171077152,1,0,0,0,0,0,1,train
1,0.2131147540983606,0.0,0.0,0.0,0.0,0.2490974729241877,0.0,0,0,1,0,0,0,0,train
1,0.1147540983606557,0.0,0.0,0.0,0.0263157894736842,0.2483754512635378,0.0439806187103988,1,0,0,0,0,0,0,train
1,0.6065573770491803,0.0,0.0,0.0,0.3157894736842105,0.2483754512635378,0.3428997390980245,1,0,0,0,0,0,0,test
1,0.1311475409836066,0.05,0.375,0.0,0.631578947368421,0.2483754512635378,0.032053671263511,1,0,0,0,0,0,1,val
1,0.1475409836065574,0.0,0.0,0.0,0.0263157894736842,0.2483754512635378,0.0022363026462914,1,0,0,0,0,0,0,test
1,0.1311475409836066,0.0,0.0,0.0,0.0789473684210526,0.1602888086642599,0.0003727171077152,0,0,1,0,0,0,0,test
1,0.459016393442623,0.0,0.0,0.0,0.0,0.2483754512635378,0.0026090197540067,0,0,1,0,0,0,0,train
0,0.3278688524590164,0.0,0.0,0.0,0.0263157894736842,0.2483754512635378,0.0126723816623183,0,0,1,0,0,0,1,test
0,0.0983606557377049,0.0,0.0,0.0,0.0,0.2483754512635378,0.0003727171077152,1,0,0,0,0,0,0,train
0,0.3278688524590164,0.0,0.0,0.0,0.0,0.2483754512635378,0.0003727171077152,1,0,0,0,0,0,0,train
1,0.4918032786885246,0.0,0.0,0.0,0.1578947368421052,0.2483754512635378,0.0007454342154304,1,0,0,0,0,0,0,train
1,0.1967213114754099,0.0,0.0,0.0,0.1842105263157894,0.2483754512635378,0.0003727171077152,0,0,0,1,0,0,0,train
1,0.1475409836065574,0.0,0.0,0.0,0.2105263157894736,0.2873646209386281,0.0104360790160268,1,0,0,0,0,0,1,train
1,0.6065573770491803,0.0,0.0,0.0,0.0,0.2490974729241877,0.0003727171077152,0,0,1,0,0,0,0,train
1,0.3606557377049181,0.0,0.0,0.0,0.131578947368421,0.2490974729241877,0.0111815132314573,1,0,0,0,0,0,1,train
1,0.2459016393442623,0.05,0.0,0.0,0.2368421052631578,0.3010830324909747,0.0201267238166231,0,0,0,0,1,0,1,train
0,0.639344262295082,0.0,0.0,0.0,0.0,0.2483754512635378,0.029071934401789,1,0,0,0,0,0,0,train
1,0.1147540983606557,0.0,0.0,0.0,0.0,0.2483754512635378,0.0026090197540067,1,0,0,0,0,0,0,train
1,0.2131147540983606,0.0,0.0,0.0,0.0789473684210526,0.2483754512635378,0.0003727171077152,1,0,0,0,0,0,1,test
1,0.4098360655737705,0.0,0.0,0.0,0.1842105263157894,0.2490974729241877,0.0003727171077152,1,0,0,0,0,0,0,test
0,0.1147540983606557,0.0,0.0,0.0,0.0,0.2483754512635378,0.0018635855385762,0,0,1,0,0,0,0,train
1,0.3442622950819672,0.0,0.0,0.0,0.0263157894736842,0.2483754512635378,0.0003727171077152,0,0,0,1,0,0,0,train
1,0.3606557377049181,0.0,0.0,0.0,0.0263157894736842,0.2483754512635378,0.0007454342154304,1,0,0,0,0,0,0,train
1,0.278688524590164,0.0,0.0,0.0,0.0526315789473684,0.2483754512635378,0.0003727171077152,1,0,0,0,0,0,0,val
0,0.5245901639344263,0.0,0.0,0.0,0.1052631578947368,0.2483754512635378,0.0387625792023853,1,0,0,0,0,0,0,test
0,0.0819672131147541,0.0,0.0,0.0,0.0263157894736842,0.2490974729241877,0.0003727171077152,0,0,1,0,0,0,0,train
1,0.3278688524590164,0.0,0.0,0.0,0.0263157894736842,0.2483754512635378,0.0014908684308609,1,0,0,0,0,0,0,train
0,0.5901639344262296,0.0,0.0,0.0,0.0526315789473684,0.2469314079422382,0.0,0,0,1,0,0,0,0,train
1,0.1639344262295082,0.0,0.0,0.0,0.4736842105263157,0.2483754512635378,0.0067089079388743,1,0,0,0,0,0,1,test
1,0.5081967213114754,0.0,0.0,0.0,0.0263157894736842,0.2483754512635378,0.0007454342154304,1,0,0,0,0,0,0,train
1,0.2950819672131147,0.0,0.0,0.0,0.2894736842105263,0.2483754512635378,0.0003727171077152,1,0,0,0,0,0,0,train
0,0.3770491803278689,0.0,0.0,0.0,0.0,0.2483754512635378,0.0003727171077152,0,0,1,0,0,0,0,train
1,0.3606557377049181,0.05,0.0,0.0,0.2368421052631578,0.2483754512635378,0.0003727171077152,0,0,1,0,0,0,0,train
1,0.180327868852459,0.0,0.0,0.0588235294117647,0.2105263157894736,0.2101083032490974,0.0,0,0,1,0,0,0,0,test
1,0.2459016393442623,0.0,0.0,0.0,0.0,0.2483754512635378,0.0119269474468878,0,0,1,0,0,0,0,test
1,0.1311475409836066,0.0,0.0,0.0,0.1842105263157894,0.2353790613718411,0.0003727171077152,1,0,0,0,0,0,0,val
1,0.278688524590164,0.0,0.0,0.0,0.0263157894736842,0.2483754512635378,0.0003727171077152,1,0,0,0,0,0,0,train
1,0.1475409836065574,0.0,0.0,0.0,0.0789473684210526,0.2483754512635378,0.0003727171077152,1,0,0,0,0,0,0,test
0,0.2131147540983606,0.0,0.0,0.0,0.0789473684210526,0.2483754512635378,0.0003727171077152,1,0,0,0,0,0,0,train
0,0.2295081967213115,0.0,0.0,0.0,0.0,0.2483754512635378,0.0007454342154304,0,0,0,0,0,1,0,test
1,0.5245901639344263,0.0,0.0,0.0,0.0263157894736842,0.2483754512635378,0.0003727171077152,0,0,1,0,0,0,0,train
1,0.5573770491803279,0.0,0.0,0.0,0.0263157894736842,0.2483754512635378,0.0003727171077152,0,0,1,0,0,0,0,train
1,0.0983606557377049,0.0,0.0,0.0,0.0263157894736842,0.2483754512635378,0.0007454342154304,1,0,0,0,0,0,0,train
1,0.3278688524590164,0.0,0.0,0.0,0.0,0.2490974729241877,0.0022363026462914,1,0,0,0,0,0,0,train
1,0.5901639344262296,0.0,0.0,0.0,0.2894736842105263,0.2483754512635378,0.0003727171077152,1,0,0,0,0,0,0,train
1,0.8688524590163934,0.0,0.0,0.0,0.3421052631578947,0.2483754512635378,0.0003727171077152,0,0,1,0,0,0,0,train
0,0.3442622950819672,0.0,0.0,0.0,0.0263157894736842,0.2483754512635378,0.0145359672008945,0,0,1,0,0,0,0,test
0,0.2950819672131147,0.0,0.0,0.0,0.131578947368421,0.2490974729241877,0.0,1,0,0,0,0,0,1,test
1,0.6065573770491803,0.0,0.0,0.0,0.0,0.2483754512635378,0.0003727171077152,1,0,0,0,0,0,0,train
1,0.4426229508196722,0.0,0.0,0.0,0.0,0.2483754512635378,0.0003727171077152,1,0,0,0,0,0,1,train
1,0.1475409836065574,0.0,0.0,0.0,0.0,0.2490974729241877,0.0033544539694371,0,0,1,0,0,0,0,test
0,0.2131147540983606,0.0,0.25,0.0,0.2631578947368421,0.2469314079422382,0.0022363026462914,1,0,0,0,0,0,0,train
1,0.0983606557377049,0.0,0.0,0.0,0.2105263157894736,0.2490974729241877,0.013790532985464,0,0,1,0,0,0,0,train
1,0.1311475409836066,0.0,0.0,0.0,0.0,0.2483754512635378,0.0003727171077152,0,0,1,0,0,0,0,test
1,0.2459016393442623,0.0,0.0,0.0,0.0789473684210526,0.2122743682310469,0.0003727171077152,0,0,0,1,0,0,0,train
1,0.180327868852459,0.0,0.0,0.0,0.0,0.2483754512635378,0.0003727171077152,0,0,1,0,0,0,0,train
1,0.3114754098360656,0.0,0.0,0.0,0.0,0.2483754512635378,0.0003727171077152,1,0,0,0,0,0,1,train
1,0.459016393442623,0.0,0.0,0.0,0.0526315789473684,0.2483754512635378,0.0040998881848676,0,0,1,0,0,0,0,test
1,0.278688524590164,0.0,0.0,0.0,0.7105263157894737,0.1747292418772563,0.0003727171077152,1,0,0,0,0,0,0,train
1,0.4918032786885246,0.0,0.0,0.0,0.2631578947368421,0.2483754512635378,0.9403652627655608,1,0,0,0,0,0,0,train
1,0.1147540983606557,0.0,0.125,0.0588235294117647,0.2105263157894736,0.2483754512635378,0.2172940737979873,1,0,0,0,0,0,0,train
1,0.0819672131147541,0.0,0.0,0.0,0.0,0.2483754512635378,0.0003727171077152,1,0,0,0,0,0,1,train
1,0.4098360655737705,0.0,0.0,0.0,0.0526315789473684,0.2303249097472924,0.0003727171077152,0,0,1,0,0,0,0,test
0,0.5737704918032788,0.0,0.0,0.0,0.0,0.247653429602888,0.0003727171077152,0,0,1,0,0,0,0,train
1,0.1639344262295082,0.0,0.0,0.0,0.0,0.2490974729241877,0.0,1,0,0,0,0,0,0,val
1,0.0491803278688524,0.0,0.0,0.0,0.0263157894736842,0.2483754512635378,0.0003727171077152,0,0,1,0,0,0,0,train
1,0.2131147540983606,0.0,0.0,0.0,0.0,0.2483754512635378,0.0033544539694371,0,0,0,0,0,1,0,test
0,0.278688524590164,0.0,0.0,0.0,0.0263157894736842,0.2483754512635378,0.0003727171077152,1,0,0,0,0,0,0,train
1,0.6065573770491803,0.0,0.0,0.0,0.0789473684210526,0.2490974729241877,0.0003727171077152,0,0,1,0,0,0,0,train
1,0.1639344262295082,0.0,0.0,0.0,0.0,0.247653429602888,0.0003727171077152,1,0,0,0,0,0,0,train
1,0.4262295081967213,0.0,0.0,0.0,0.0,0.2483754512635378,0.0003727171077152,0,0,1,0,0,0,1,train
0,0.4918032786885246,0.0,0.0,0.0,0.0526315789473684,0.2014440433212996,0.012299664554603,0,0,1,0,0,0,0,train
1,0.0819672131147541,0.0,0.0,0.0,0.0526315789473684,0.2483754512635378,0.0003727171077152,0,0,0,0,0,1,0,train
1,0.5245901639344263,0.0,0.0,0.0,0.0526315789473684,0.2490974729241877,0.0,0,0,1,0,0,0,0,test
1,0.2131147540983606,0.0,0.0,0.0,0.0,0.2490974729241877,0.0081997763697353,1,0,0,0,0,0,0,train
1,0.3934426229508196,0.0,0.0,0.0,0.0,0.2483754512635378,0.0003727171077152,0,0,1,0,0,0,0,train
1,0.180327868852459,0.0,0.0,0.0,0.131578947368421,0.2483754512635378,0.1844949683190458,1,0,0,0,0,0,0,test
1,0.0819672131147541,0.0,0.0,0.0,0.0,0.2490974729241877,0.0007454342154304,0,0,0,1,0,0,0,train
1,0.2295081967213115,0.0,0.0,0.0,0.0,0.2490974729241877,0.0,0,0,0,0,0,1,0,test
1,0.8032786885245903,0.0,0.0,0.0,0.0,0.2483754512635378,0.0003727171077152,0,0,1,0,0,0,0,train
0,0.2295081967213115,0.0,0.0,0.0,0.2894736842105263,0.2490974729241877,0.0,1,0,0,0,0,0,0,test
1,0.4262295081967213,0.0,0.0,0.0,0.1842105263157894,0.2490974729241877,0.0014908684308609,1,0,0,0,0,0,0,train
1,0.1639344262295082,0.0,0.125,0.0,0.2368421052631578,0.2483754512635378,0.0018635855385762,0,0,1,0,0,0,0,train
1,0.2950819672131147,0.0,0.0,0.0,0.1052631578947368,0.0938628158844765,0.0,1,0,0,0,0,0,0,train
1,0.2950819672131147,0.0,0.0,0.0,0.2105263157894736,0.2483754512635378,0.0,0,0,0,0,0,1,0,test
0,0.1147540983606557,0.0,0.0,0.0,0.0,0.2490974729241877,0.0007454342154304,0,0,1,0,0,0,0,train
1,0.2459016393442623,0.0,0.0,0.0,0.1052631578947368,0.2425992779783393,0.0029817368617219,1,0,0,0,0,0,0,train
1,0.3278688524590164,0.0,0.0,0.0,0.0,0.2490974729241877,0.0,0,0,0,1,0,0,0,train
1,0.5573770491803279,0.0,0.0,0.0,0.131578947368421,0.2483754512635378,0.0026090197540067,0,0,0,1,0,0,1,val
1,0.5245901639344263,0.0,0.0,0.0,0.0,0.2483754512635378,0.0003727171077152,0,0,1,0,0,0,0,train
1,0.3114754098360656,0.0,0.0,0.0,0.1052631578947368,0.3465703971119133,0.0003727171077152,1,0,0,0,0,0,0,train
1,0.6557377049180328,0.0,0.0,0.0,0.0263157894736842,0.2483754512635378,0.0,0,0,1,0,0,0,1,train
1,0.1475409836065574,0.0,0.0,0.0,0.0,0.2490974729241877,0.0003727171077152,1,0,0,0,0,0,0,train
1,0.3442622950819672,0.0,0.0,0.0,0.131578947368421,0.2339350180505415,0.0070816250465896,0,0,1,0,0,0,0,train
1,0.0983606557377049,0.0,0.0,0.0,0.0,0.2483754512635378,0.0026090197540067,1,0,0,0,0,0,0,train
1,0.3278688524590164,0.05,0.0,0.0,0.2105263157894736,0.2483754512635378,0.0007454342154304,1,0,0,0,0,0,0,train
1,0.5573770491803279,0.0,0.0,0.0,0.1842105263157894,0.2324909747292418,0.0003727171077152,0,0,1,0,0,0,0,val
1,0.4754098360655738,0.0,0.0,0.0,0.0789473684210526,0.2490974729241877,0.0234811777860603,0,0,1,0,0,0,0,train
1,0.2295081967213115,0.0,0.0,0.0,0.0,0.244043321299639,0.0003727171077152,0,0,1,0,0,0,0,train
1,0.2622950819672132,0.0,0.125,0.0,0.7105263157894737,0.2483754512635378,0.0003727171077152,1,0,0,0,0,0,0,train
1,0.3934426229508196,0.0,0.0,0.0,0.131578947368421,0.2483754512635378,0.0204994409243384,1,0,0,0,0,0,0,test
1,0.0491803278688524,0.0,0.0,0.0588235294117647,0.0,0.2483754512635378,0.0003727171077152,0,0,1,0,0,0,0,train
1,0.6065573770491803,0.0,0.0,0.0,0.0526315789473684,0.2259927797833935,0.0104360790160268,0,0,0,1,0,0,0,test
1,0.5573770491803279,0.0,0.0,0.0,0.2105263157894736,0.2490974729241877,0.0145359672008945,0,0,1,0,0,0,0,train
1,0.1475409836065574,0.0,0.0,0.0,0.0263157894736842,0.2483754512635378,0.0007454342154304,1,0,0,0,0,0,0,train
0,0.1475409836065574,0.0,0.0,0.0,0.0,0.2490974729241877,0.0003727171077152,0,0,1,0,0,0,0,train
1,0.6229508196721312,0.0,0.0,0.0,0.0,0.2483754512635378,0.0003727171077152,0,0,1,0,0,0,0,train
1,0.4426229508196722,0.0,0.0,0.0,0.0,0.2447653429602888,0.0,1,0,0,0,0,0,0,train
1,0.0819672131147541,0.0,0.0,0.0,0.0263157894736842,0.2209386281588447,0.0078270592620201,1,0,0,0,0,0,0,train
0,0.180327868852459,0.0,0.0,0.0,0.0,0.2469314079422382,0.0003727171077152,1,0,0,0,0,0,0,train
1,0.0491803278688524,0.0,0.0,0.0,0.0,0.2454873646209386,0.0011181513231457,0,0,0,1,0,0,0,train
1,0.1475409836065574,0.0,0.125,0.0,0.2894736842105263,0.2483754512635378,0.0007454342154304,1,0,0,0,0,0,0,val
1,0.3278688524590164,0.0,0.0,0.0,0.1052631578947368,0.2483754512635378,0.0003727171077152,1,0,0,0,0,0,0,test
1,0.1967213114754099,0.0,0.0,0.0,0.0,0.2483754512635378,0.0003727171077152,0,0,0,0,0,1,0,train
0,0.0163934426229508,0.0,0.0,0.0,0.0263157894736842,0.2483754512635378,0.1617592247484159,1,0,0,0,0,0,1,train
0,0.3114754098360656,0.0,0.0,0.0,0.0263157894736842,0.2483754512635378,0.0003727171077152,0,0,1,0,0,0,0,train
1,0.2622950819672132,0.0,0.0,0.0,0.0,0.2483754512635378,0.0007454342154304,1,0,0,0,0,0,1,train
1,0.0491803278688524,0.0,0.0,0.0588235294117647,0.0263157894736842,0.2483754512635378,0.0026090197540067,1,0,0,0,0,0,0,test
0,0.3278688524590164,0.0,0.0,0.0,0.0789473684210526,0.2483754512635378,0.012299664554603,0,0,1,0,0,0,0,train
1,0.4754098360655738,0.0,0.0,0.0,0.0263157894736842,0.2490974729241877,0.0003727171077152,1,0,0,0,0,0,0,train
1,0.6229508196721312,0.0,0.0,0.0,0.0789473684210526,0.2483754512635378,0.0711889675736116,0,0,1,0,0,0,0,train
1,0.0819672131147541,0.0,0.0,0.0,0.0,0.2483754512635378,0.0111815132314573,1,0,0,0,0,0,0,train
1,0.639344262295082,0.0,0.0,0.0,0.0,0.247653429602888,0.0007454342154304,0,0,1,0,0,0,0,train
1,0.1147540983606557,0.0,0.125,0.0,0.2368421052631578,0.2368231046931407,0.0048453224002981,1,0,0,0,0,0,0,train
0,0.0819672131147541,0.0,0.0,0.0,0.0526315789473684,0.2606498194945848,0.0432351844949683,1,0,0,0,0,0,1,train
0,0.2950819672131147,0.0,0.0,0.0,0.0526315789473684,0.247653429602888,0.0003727171077152,1,0,0,0,0,0,0,test
1,0.3770491803278689,0.0,0.0,0.0,0.131578947368421,0.2483754512635378,0.0003727171077152,1,0,0,0,0,0,0,train
1,0.2131147540983606,0.0,0.0,0.0,0.0526315789473684,0.1992779783393501,0.0186358553857622,0,0,0,1,0,0,0,train
0,0.3442622950819672,0.0,0.0,0.0,0.0,0.2483754512635378,0.0003727171077152,0,0,0,0,0,1,0,train
1,0.0491803278688524,0.0,0.0,0.0,0.0263157894736842,0.2483754512635378,0.0037271710771524,1,0,0,0,0,0,1,train
1,0.2131147540983606,0.0,0.0,0.0,0.0526315789473684,0.2483754512635378,0.0003727171077152,1,0,0,0,0,0,0,val
1,0.3114754098360656,0.0,0.0,0.0,0.0,0.247653429602888,0.0003727171077152,0,0,1,0,0,0,0,val
1,0.1475409836065574,0.0,0.0,0.0,0.0,0.2483754512635378,0.0007454342154304,1,0,0,0,0,0,0,train
1,0.6721311475409837,0.0,0.0,0.0,0.0526315789473684,0.2353790613718411,0.0070816250465896,0,0,1,0,0,0,0,train
1,0.3442622950819672,0.0,0.0,0.0,0.5526315789473684,0.0931407942238267,0.0301900857249347,0,0,1,0,0,0,0,train
0,0.4098360655737705,0.0,0.0,0.0,0.0526315789473684,0.2483754512635378,0.0055907566157286,1,0,0,0,0,0,0,train
0,0.4098360655737705,0.0,0.0,0.0,0.0789473684210526,0.255595667870036,0.0003727171077152,0,0,1,0,0,0,1,test
0,0.5901639344262296,0.0,0.0,0.0,0.0263157894736842,0.2462093862815884,0.0011181513231457,0,0,1,0,0,0,0,train
1,0.2950819672131147,0.0,0.0,0.0,0.0789473684210526,0.2483754512635378,0.0957882966828177,0,0,0,0,0,1,1,train
1,0.6229508196721312,0.0,0.0,0.0,0.0,0.2483754512635378,0.0007454342154304,1,0,0,0,0,0,0,train
1,0.1147540983606557,0.05,0.0,0.0,0.0526315789473684,0.2483754512635378,0.0003727171077152,1,0,0,0,0,0,0,train
1,0.2622950819672132,0.0,0.25,0.0,0.2368421052631578,0.2483754512635378,0.0156541185240402,1,0,0,0,0,0,1,val
1,0.4918032786885246,0.0,0.0,0.0,0.1052631578947368,0.2483754512635378,0.0052180395080134,1,0,0,0,0,0,0,train
1,0.2622950819672132,0.05,0.0,0.0,0.5526315789473684,0.2483754512635378,0.0875885203130823,1,0,0,0,0,0,1,train
1,0.1639344262295082,0.0,0.0,0.0,0.0,0.2483754512635378,0.0003727171077152,0,0,1,0,0,0,0,train
1,0.2295081967213115,0.0,0.0,0.0,0.0263157894736842,0.2483754512635378,0.0089452105851658,0,0,1,0,0,0,0,train
0,0.2131147540983606,0.0,0.0,0.0,0.0526315789473684,0.2483754512635378,0.0007454342154304,0,0,1,0,0,0,0,train
0,0.2295081967213115,0.0,0.0,0.0588235294117647,0.1052631578947368,0.2483754512635378,0.0,0,0,1,0,0,0,0,train
1,0.4918032786885246,0.0,0.0,0.0,0.0,0.2490974729241877,0.0003727171077152,1,0,0,0,0,0,0,test
1,0.1147540983606557,0.05,0.25,0.0,0.2368421052631578,0.2801444043321299,0.0186358553857622,1,0,0,0,0,0,1,train
1,0.278688524590164,0.0,0.0,0.0,0.0263157894736842,0.2490974729241877,0.0,1,0,0,0,0,0,0,train
1,0.0655737704918033,0.0,0.0,0.0,0.0,0.2483754512635378,0.0003727171077152,1,0,0,0,0,0,0,train
1,0.1639344262295082,0.0,0.0,0.0,0.1052631578947368,0.2490974729241877,0.0003727171077152,1,0,0,0,0,0,0,test
1,0.1311475409836066,0.0,0.0,0.0,0.0,0.2483754512635378,0.0003727171077152,1,0,0,0,0,0,0,val
1,0.2622950819672132,0.0,0.0,0.0,0.0,0.2483754512635378,0.0003727171077152,0,0,1,0,0,0,0,train
1,0.0655737704918033,0.0,0.0,0.0,0.0789473684210526,0.2483754512635378,0.0234811777860603,1,0,0,0,0,0,0,train
1,0.4262295081967213,0.0,0.0,0.0,0.131578947368421,0.2490974729241877,0.0026090197540067,0,0,1,0,0,0,0,train
1,0.639344262295082,0.0,0.0,0.0,0.0263157894736842,0.2483754512635378,0.0063361908311591,0,0,1,0,0,0,0,train
1,0.0327868852459016,0.0,0.0,0.0,0.0,0.2483754512635378,0.0003727171077152,0,0,1,0,0,0,0,test
1,0.278688524590164,0.0,0.0,0.0,0.0526315789473684,0.2129963898916967,0.0048453224002981,0,0,1,0,0,0,0,train
1,0.6885245901639345,0.0,0.0,0.0,0.3421052631578947,0.23971119133574,0.0003727171077152,1,0,0,0,0,0,0,test
0,0.0655737704918033,0.0,0.0,0.0,0.0526315789473684,0.2483754512635378,0.0003727171077152,1,0,0,0,0,0,0,train
1,0.4098360655737705,0.0,0.0,0.0,0.0,0.2483754512635378,0.0003727171077152,0,0,0,1,0,0,0,train
1,0.8852459016393442,0.0,0.0,0.0,0.1842105263157894,0.2483754512635378,0.0,0,0,1,0,0,0,0,test
1,0.6885245901639345,0.0,0.0,0.0,0.0,0.2483754512635378,0.0048453224002981,1,0,0,0,0,0,0,train
1,0.1967213114754099,0.0,0.0,0.0,0.0263157894736842,0.2454873646209386,0.0007454342154304,1,0,0,0,0,0,0,train
0,0.4098360655737705,0.0,0.0,0.0,0.0,0.2483754512635378,0.0111815132314573,0,0,1,0,0,0,0,train
1,0.4918032786885246,0.0,0.0,0.0,0.0263157894736842,0.2433212996389891,0.0022363026462914,0,0,0,1,0,0,0,test
1,0.5901639344262296,0.0,0.0,0.0,0.0,0.2490974729241877,0.0,0,0,0,0,0,1,0,train
1,0.4426229508196722,0.0,0.0,0.0,0.0263157894736842,0.2483754512635378,0.0007454342154304,1,0,0,0,0,0,0,val
1,0.2950819672131147,0.0,0.0,0.0,0.0,0.2483754512635378,0.0014908684308609,0,0,0,0,0,1,0,val
1,0.2131147540983606,0.0,0.0,0.0,0.0263157894736842,0.2490974729241877,0.0018635855385762,0,0,1,0,0,0,0,test
1,0.3606557377049181,0.0,0.0,0.0,0.0,0.2483754512635378,0.0007454342154304,1,0,0,0,0,0,0,train
1,0.5245901639344263,0.0,0.0,0.0,0.0263157894736842,0.2462093862815884,0.0007454342154304,0,0,1,0,0,0,0,train
0,0.1311475409836066,0.0,0.0,0.0,0.0263157894736842,0.231768953068592,0.0,0,0,0,0,0,1,0,test
1,0.3770491803278689,0.0,0.0,0.0,0.1842105263157894,0.2490974729241877,0.0003727171077152,1,0,0,0,0,0,0,train
0,0.1639344262295082,0.0,0.0,0.0,0.0,0.2483754512635378,0.0063361908311591,0,0,1,0,0,0,0,train
1,0.1967213114754099,0.0,0.0,0.0,0.0263157894736842,0.2144404332129963,0.0178904211703317,1,0,0,0,0,0,0,train
1,0.278688524590164,0.0,0.0,0.0,0.131578947368421,0.2483754512635378,0.0,0,0,0,1,0,0,0,train
1,0.4426229508196722,0.0,0.0,0.0,0.0263157894736842,0.1985559566787003,0.0231084606783451,1,0,0,0,0,0,0,train
0,0.1967213114754099,0.0,0.0,0.0,0.0,0.247653429602888,0.0003727171077152,1,0,0,0,0,0,0,train
1,0.4426229508196722,0.0,0.0,0.0,0.0789473684210526,0.2483754512635378,0.0346626910175177,0,0,1,0,0,0,1,test
0,0.0983606557377049,0.0,0.0,0.0,0.0526315789473684,0.2483754512635378,0.0018635855385762,1,0,0,0,0,0,0,train
1,0.6229508196721312,0.0,0.0,0.0,0.0,0.2483754512635378,0.0003727171077152,0,0,1,0,0,0,0,train
1,0.0983606557377049,0.0,0.5,0.0,0.3684210526315789,0.2483754512635378,0.0231084606783451,1,0,0,0,0,0,1,val
1,0.3278688524590164,0.0,0.0,0.0,0.2894736842105263,0.2483754512635378,0.0067089079388743,1,0,0,0,0,0,0,train
1,0.0655737704918033,0.0,0.0,0.0,0.0,0.2483754512635378,0.0003727171077152,0,0,1,0,0,0,0,train
1,0.1639344262295082,0.0,0.0,0.0,0.131578947368421,0.2483754512635378,0.0003727171077152,1,0,0,0,0,0,0,train
1,0.1147540983606557,0.0,0.0,0.0,0.0263157894736842,0.2490974729241877,0.0014908684308609,0,0,1,0,0,0,0,train
1,0.5737704918032788,0.0,0.0,0.0,0.0263157894736842,0.2483754512635378,0.0,0,0,0,1,0,0,0,test
1,0.1967213114754099,0.0,0.0,0.0,0.0,0.2483754512635378,0.0007454342154304,1,0,0,0,0,0,0,train
1,0.2459016393442623,0.0,0.0,0.0,0.0,0.2490974729241877,0.0104360790160268,0,0,1,0,0,0,1,val
1,0.278688524590164,0.0,0.0,0.0,0.131578947368421,0.2483754512635378,0.090197540067089,1,0,0,0,0,0,1,train
0,0.2459016393442623,0.0,0.0,0.0,0.0,0.2483754512635378,0.0007454342154304,1,0,0,0,0,0,0,train
1,0.7704918032786886,0.0,0.0,0.0,0.2894736842105263,0.2483754512635378,0.0279537830786433,1,0,0,0,0,0,0,train
1,0.6721311475409837,0.0,0.0,0.0,0.0263157894736842,0.2310469314079422,0.0003727171077152,0,0,0,0,0,1,0,test
0,0.2459016393442623,0.0,0.0,0.0,0.0263157894736842,0.2483754512635378,0.0316809541557957,0,0,1,0,0,0,0,train
1,0.1311475409836066,0.0,0.0,0.0,0.2894736842105263,0.2953068592057761,0.090197540067089,0,0,0,0,1,0,1,train
1,0.0983606557377049,0.0,0.0,0.1764705882352941,0.0789473684210526,0.2483754512635378,0.0163995527394707,1,0,0,0,0,0,1,train
1,0.4098360655737705,0.0,0.0,0.0,0.131578947368421,0.2483754512635378,0.0003727171077152,1,0,0,0,0,0,0,train
1,0.3114754098360656,0.0,0.0,0.0,0.2894736842105263,0.2483754512635378,0.0007454342154304,1,0,0,0,0,0,1,train
1,0.5737704918032788,0.0,0.0,0.0,0.3421052631578947,0.2483754512635378,0.0339172568020872,1,0,0,0,0,0,0,train
1,0.4098360655737705,0.0,0.0,0.0,0.1052631578947368,0.2209386281588447,0.0018635855385762,1,0,0,0,0,0,0,train
0,0.1967213114754099,0.0,0.0,0.0,0.0263157894736842,0.2296028880866426,0.0,0,0,1,0,0,0,0,train
1,0.3114754098360656,0.0,0.0,0.0,0.1052631578947368,0.2490974729241877,0.0216175922474841,0,0,1,0,0,0,1,train
1,0.1147540983606557,0.0,0.0,0.0,0.0,0.2483754512635378,0.0007454342154304,0,0,1,0,0,0,0,train
1,0.1311475409836066,0.0,0.0,0.0,0.0263157894736842,0.2490974729241877,0.0003727171077152,0,0,0,1,0,0,0,test
0,0.1639344262295082,0.0,0.0,0.0,0.0,0.247653429602888,0.0003727171077152,0,0,1,0,0,0,0,test
1,0.6557377049180328,0.0,0.0,0.0,0.0263157894736842,0.2483754512635378,0.0037271710771524,0,0,1,0,0,0,0,train
1,0.2459016393442623,0.0,0.0,0.0,0.2105263157894736,0.2490974729241877,0.0011181513231457,1,0,0,0,0,0,0,train
1,0.3278688524590164,0.0,0.0,0.0,0.0,0.2483754512635378,0.0003727171077152,1,0,0,0,0,0,0,train
1,0.3278688524590164,0.0,0.0,0.0,0.0526315789473684,0.2339350180505415,0.0070816250465896,0,0,1,0,0,0,0,train
1,0.639344262295082,0.0,0.0,0.0,0.2368421052631578,0.2483754512635378,0.2128214685054044,1,0,0,0,0,0,0,train
1,0.2459016393442623,0.0,0.0,0.0,0.0526315789473684,0.2483754512635378,0.0,1,0,0,0,0,0,1,train
1,0.6557377049180328,0.0,0.0,0.0,0.0263157894736842,0.2483754512635378,0.0003727171077152,0,0,1,0,0,0,0,train
1,0.5737704918032788,0.0,0.0,0.0,0.0526315789473684,0.2483754512635378,0.015281401416325,0,0,1,0,0,0,0,train
1,0.278688524590164,0.0,0.0,0.0,0.1578947368421052,0.2483754512635378,0.0040998881848676,1,0,0,0,0,0,1,test
1,0.3442622950819672,0.0,0.0,0.0,0.0263157894736842,0.2483754512635378,0.0003727171077152,0,0,1,0,0,0,0,train
1,0.2950819672131147,0.0,0.0,0.0,0.0263157894736842,0.2389891696750902,0.0052180395080134,0,0,0,1,0,0,0,train
1,0.3114754098360656,0.0,0.0,0.0,0.0,0.2483754512635378,0.0003727171077152,1,0,0,0,0,0,0,train
1,0.3442622950819672,0.0,0.0,0.0,0.0,0.2483754512635378,0.0011181513231457,0,0,1,0,0,0,0,val
0,0.5573770491803279,0.0,0.0,0.0,0.0789473684210526,0.2310469314079422,0.0,0,0,1,0,0,0,0,train
1,0.6885245901639345,0.0,0.0,0.0,0.0263157894736842,0.2483754512635378,0.0003727171077152,0,0,0,0,0,1,0,train
1,0.3114754098360656,0.0,0.0,0.0,0.0526315789473684,0.2483754512635378,0.0003727171077152,0,0,0,1,0,0,0,train
1,0.4262295081967213,0.0,0.0,0.0,0.0,0.2483754512635378,0.0,0,0,0,1,0,0,1,train
1,0.0819672131147541,0.0,0.0,0.0,0.1578947368421052,0.2490974729241877,0.0003727171077152,1,0,0,0,0,0,1,train
0,0.1639344262295082,0.0,0.0,0.0,0.0526315789473684,0.2231046931407942,0.0134178158777487,0,0,1,0,0,0,0,val
1,0.1639344262295082,0.0,0.0,0.0,0.131578947368421,0.2490974729241877,0.0,1,0,0,0,0,0,0,train
1,0.3278688524590164,0.0,0.0,0.0,0.3157894736842105,0.2483754512635378,0.0003727171077152,0,0,1,0,0,0,0,train
1,0.3934426229508196,0.0,0.0,0.0,0.0,0.2483754512635378,0.0003727171077152,1,0,0,0,0,0,0,train
0,0.1147540983606557,0.0,0.0,0.0,0.0,0.2483754512635378,0.0003727171077152,0,0,1,0,0,0,0,train
1,0.2295081967213115,0.0,0.0,0.0,0.1842105263157894,0.2490974729241877,0.0268356317554975,1,0,0,0,0,0,1,test
0,0.278688524590164,0.0,0.0,0.0,0.0263157894736842,0.2274368231046931,0.010808796123742,0,0,1,0,0,0,0,train
1,0.3114754098360656,0.0,0.0,0.0,0.0,0.2483754512635378,0.047335072679836,0,0,1,0,0,0,0,train
0,0.2459016393442623,0.0,0.0,0.0,0.0526315789473684,0.2490974729241877,0.0,1,0,0,0,0,0,0,train
0,0.5409836065573771,0.0,0.0,0.0,0.1052631578947368,0.2411552346570397,0.0070816250465896,0,0,1,0,0,0,0,train
1,0.3442622950819672,0.0,0.0,0.0,0.0789473684210526,0.2483754512635378,0.0011181513231457,0,0,1,0,0,0,0,test
1,0.278688524590164,0.0,0.0,0.0,0.131578947368421,0.2483754512635378,0.0003727171077152,0,0,0,1,0,0,1,test
1,0.3606557377049181,0.0,0.0,0.0,0.0789473684210526,0.2483754512635378,0.0048453224002981,1,0,0,0,0,0,0,train
1,0.3114754098360656,0.0,0.0,0.0,0.0,0.2483754512635378,0.0003727171077152,0,0,0,0,0,1,0,train
1,0.4754098360655738,0.0,0.0,0.0,0.131578947368421,0.2490974729241877,0.0044726052925829,0,0,1,0,0,0,1,val
0,0.0819672131147541,0.0,0.0,0.0,0.0,0.2483754512635378,0.0003727171077152,0,0,1,0,0,0,0,train
1,0.7377049180327869,0.0,0.0,0.0,0.2631578947368421,0.2490974729241877,0.0007454342154304,0,0,1,0,0,0,1,test
1,0.3278688524590164,0.0,0.125,0.0,0.4210526315789473,0.2483754512635378,0.090197540067089,1,0,0,0,0,0,1,test
1,0.2131147540983606,0.0,0.0,0.0,0.1052631578947368,0.2483754512635378,0.0093179276928811,1,0,0,0,0,0,1,train
1,0.0819672131147541,0.0,0.0,0.0,0.0,0.2490974729241877,0.0003727171077152,1,0,0,0,0,0,0,test
1,0.3278688524590164,0.0,0.0,0.0,0.0263157894736842,0.2483754512635378,0.0469623555721207,0,0,0,1,0,0,0,val
0,0.4754098360655738,0.0,0.0,0.0,0.0,0.2469314079422382,0.0,0,0,1,0,0,0,0,train
1,0.0655737704918033,0.0,0.0,0.0,0.0263157894736842,0.2411552346570397,0.0033544539694371,0,0,1,0,0,0,0,train
1,0.1311475409836066,0.0,0.0,0.0,0.0263157894736842,0.4787003610108303,0.0029817368617219,0,0,1,0,0,0,0,train
0,0.7704918032786886,0.0,0.0,0.0,0.0,0.2490974729241877,0.0003727171077152,0,0,1,0,0,0,0,train
0,0.0655737704918033,0.0,0.0,0.0,0.0,0.2483754512635378,0.0003727171077152,1,0,0,0,0,0,0,train
1,0.2622950819672132,0.0,0.0,0.0,0.0,0.2490974729241877,0.0,0,0,0,1,0,0,0,train
0,0.3278688524590164,0.0,0.0,0.0,0.0,0.2483754512635378,0.0003727171077152,0,0,0,1,0,0,0,train
1,0.5081967213114754,0.0,0.0,0.0,0.0,0.2469314079422382,0.0003727171077152,0,0,0,1,0,0,0,train
1,0.6229508196721312,0.0,0.0,0.0,0.1842105263157894,0.1285198555956678,0.0081997763697353,1,0,0,0,0,0,0,test
1,0.2622950819672132,0.0,0.0,0.0,0.131578947368421,0.2483754512635378,0.0014908684308609,1,0,0,0,0,0,0,train
1,0.0491803278688524,0.0,0.125,0.1176470588235294,0.0263157894736842,0.2483754512635378,0.0063361908311591,1,0,0,0,0,0,0,train
1,0.459016393442623,0.0,0.0,0.0,0.2368421052631578,0.2483754512635378,0.0018635855385762,1,0,0,0,0,0,0,train
1,0.0655737704918033,0.0,0.0,0.0,0.0526315789473684,0.4296028880866426,0.0294446515095042,1,0,0,0,0,0,1,train
1,0.639344262295082,0.0,0.0,0.0,0.0263157894736842,0.2483754512635378,0.0044726052925829,0,0,1,0,0,0,0,train
1,0.3606557377049181,0.0,0.0,0.0,0.5526315789473684,0.2483754512635378,0.0111815132314573,1,0,0,0,0,0,0,test
0,0.1967213114754099,0.0,0.0,0.0,0.0263157894736842,0.2483754512635378,0.0003727171077152,1,0,0,0,0,0,0,train
1,0.0491803278688524,0.0,0.125,0.0,0.1052631578947368,0.2483754512635378,0.090197540067089,0,0,1,0,0,0,1,train
0,0.3442622950819672,0.0,0.25,0.0,0.5789473684210527,0.2483754512635378,0.0014908684308609,1,0,0,0,0,0,1,test
1,0.0983606557377049,0.0,0.0,0.0,0.0,0.2490974729241877,0.0,1,0,0,0,0,0,0,train
0,0.4426229508196722,0.0,0.0,0.0,0.0,0.2490974729241877,0.0003727171077152,0,0,1,0,0,0,0,train
1,0.5409836065573771,0.0,0.0,0.0,0.0789473684210526,0.2361010830324909,0.0007454342154304,1,0,0,0,0,0,0,train
1,0.1475409836065574,0.0,0.0,0.0,0.0,0.2483754512635378,0.0007454342154304,0,0,1,0,0,0,0,val
1,0.2295081967213115,0.0,0.0,0.0,0.0263157894736842,0.2483754512635378,0.0003727171077152,1,0,0,0,0,0,0,train
1,0.5081967213114754,0.0,0.0,0.0,0.0,0.2469314079422382,0.0003727171077152,0,0,1,0,0,0,0,test
1,0.180327868852459,0.0,0.0,0.0,0.0526315789473684,0.2483754512635378,0.0100633619083115,1,0,0,0,0,0,0,test
1,0.1967213114754099,0.0,0.0,0.0,0.1578947368421052,0.2483754512635378,0.0003727171077152,0,1,0,0,0,0,0,train
1,0.6065573770491803,0.0,0.0,0.0,0.3157894736842105,0.1992779783393501,0.029071934401789,1,0,0,0,0,0,1,train
1,0.1967213114754099,0.0,0.0,0.0,0.0,0.2490974729241877,0.0026090197540067,0,0,1,0,0,0,0,train
1,0.6229508196721312,0.0,0.0,0.0,0.0526315789473684,0.2209386281588447,0.0003727171077152,0,0,1,0,0,0,0,train
1,0.2459016393442623,0.0,0.0,0.0,0.1052631578947368,0.2490974729241877,0.0003727171077152,1,0,0,0,0,0,0,test
1,0.1639344262295082,0.0,0.0,0.0,0.0263157894736842,0.2483754512635378,0.0003727171077152,1,0,0,0,0,0,0,train
1,0.180327868852459,0.0,0.0,0.0,0.0263157894736842,0.2483754512635378,0.015281401416325,1,0,0,0,0,0,0,train
1,0.3278688524590164,0.0,0.0,0.0,0.0,0.2483754512635378,0.0003727171077152,0,0,1,0,0,0,0,train
1,0.3114754098360656,0.0,0.0,0.0,0.0,0.2483754512635378,0.0003727171077152,0,0,1,0,0,0,0,train
1,0.1967213114754099,0.0,0.0,0.0,0.0,0.2490974729241877,0.0,0,0,0,1,0,0,0,train
1,0.5409836065573771,0.05,0.0,0.0588235294117647,0.5,0.2483754512635378,0.0022363026462914,1,0,0,0,0,0,0,train
1,0.7704918032786886,0.0,0.0,0.0,0.1842105263157894,0.2483754512635378,0.0078270592620201,1,0,0,0,0,0,0,train
0,0.2295081967213115,0.0,0.0,0.0,0.0263157894736842,0.2483754512635378,0.0003727171077152,1,0,0,0,0,0,0,train
1,0.278688524590164,0.0,0.0,0.0,0.0263157894736842,0.2483754512635378,0.0,1,0,0,0,0,0,0,val
1,0.639344262295082,0.0,0.0,0.0,0.0263157894736842,0.2303249097472924,0.0003727171077152,0,0,1,0,0,0,0,train
1,0.1311475409836066,0.0,0.0,0.0,0.0263157894736842,0.2490974729241877,0.0,0,0,1,0,0,0,0,train
0,0.0819672131147541,0.0,0.375,0.0588235294117647,0.1842105263157894,0.0844765342960288,0.0134178158777487,0,0,0,1,0,0,1,train
0,0.2950819672131147,0.1,0.0,0.0,0.1052631578947368,0.2483754512635378,0.0007454342154304,1,0,0,0,0,0,1,train
1,0.278688524590164,0.0,0.0,0.0,0.0789473684210526,0.2483754512635378,0.0167722698471859,0,0,1,0,0,0,1,train
1,0.2459016393442623,0.0,0.0,0.0,0.0,0.2483754512635378,0.0026090197540067,1,0,0,0,0,0,0,test
1,0.4754098360655738,0.0,0.0,0.0,0.0,0.2490974729241877,0.0003727171077152,0,0,1,0,0,0,0,train
0,0.5737704918032788,0.0,0.0,0.0,0.0,0.2483754512635378,0.0003727171077152,0,0,0,1,0,0,0,val
0,0.2950819672131147,0.0,0.0,0.0,0.0263157894736842,0.2483754512635378,0.0048453224002981,1,0,0,0,0,0,1,train
0,0.1147540983606557,0.0,0.0,0.0,0.0,0.2483754512635378,0.0003727171077152,0,0,1,0,0,0,0,train
1,0.5573770491803279,0.0,0.0,0.0,0.2631578947368421,0.2490974729241877,0.0011181513231457,0,0,0,1,0,0,0,train
1,0.0819672131147541,0.0,0.0,0.0,0.0789473684210526,0.4288808664259927,0.1032426388371226,0,0,0,1,0,0,1,train
1,0.2622950819672132,0.0,0.0,0.0,0.1842105263157894,0.0722021660649819,0.0029817368617219,1,0,0,0,0,0,0,train
1,0.4426229508196722,0.05,0.0,0.0588235294117647,0.5263157894736842,0.2483754512635378,0.012299664554603,1,0,0,0,0,0,0,val
1,0.3934426229508196,0.0,0.0,0.0,0.2631578947368421,0.2483754512635378,0.0003727171077152,1,0,0,0,0,0,1,train
1,0.5081967213114754,0.0,0.0,0.0,0.1052631578947368,0.2303249097472924,0.0078270592620201,1,0,0,0,0,0,0,train
1,0.3606557377049181,0.0,0.0,0.0,0.0,0.2483754512635378,0.0111815132314573,0,0,1,0,0,0,1,train
1,0.0819672131147541,0.0,0.0,0.0,0.0,0.2483754512635378,0.0708162504658963,1,0,0,0,0,0,0,test
1,0.2131147540983606,0.0,0.0,0.0,0.0789473684210526,0.2490974729241877,0.0,0,0,1,0,0,0,0,train
0,0.1639344262295082,0.0,0.0,0.0,0.0,0.2490974729241877,0.0003727171077152,1,0,0,0,0,0,0,train
1,0.4426229508196722,0.0,0.0,0.0,0.0,0.2490974729241877,0.0149086843086097,0,0,1,0,0,0,0,train
1,0.3442622950819672,0.0,0.0,0.0,0.1842105263157894,0.2490974729241877,0.0130450987700335,1,0,0,0,0,0,1,train
1,0.1147540983606557,0.0,0.0,0.0,0.0526315789473684,0.2036101083032491,0.0119269474468878,0,0,1,0,0,0,0,train
1,0.0983606557377049,0.0,0.125,0.0,0.0263157894736842,0.2483754512635378,0.0003727171077152,1,0,0,0,0,0,0,val
1,0.459016393442623,0.0,0.0,0.0,0.0263157894736842,0.2483754512635378,0.0007454342154304,0,0,1,0,0,0,0,train
1,0.4754098360655738,0.0,0.0,0.0,0.0789473684210526,0.2483754512635378,0.0007454342154304,0,0,1,0,0,0,0,val
1,0.5901639344262296,0.0,0.0,0.0,0.0526315789473684,0.2967509025270758,0.0,0,0,1,0,0,0,1,train
0,0.2622950819672132,0.0,0.0,0.0,0.0,0.247653429602888,0.0003727171077152,0,0,1,0,0,0,0,train
1,0.2622950819672132,0.0,0.0,0.0,0.0789473684210526,0.2447653429602888,0.0011181513231457,0,0,0,1,0,0,0,train
1,0.2295081967213115,0.0,0.0,0.0,0.0263157894736842,0.1660649819494584,0.0432351844949683,1,0,0,0,0,0,0,train
1,0.180327868852459,0.0,0.0,0.0,0.0,0.2490974729241877,0.0003727171077152,1,0,0,0,0,0,0,val
0,0.6065573770491803,0.0,0.0,0.0,0.0263157894736842,0.2483754512635378,0.0003727171077152,1,0,0,0,0,0,0,train
1,0.1311475409836066,0.0,0.0,0.0,0.0,0.2483754512635378,0.0003727171077152,1,0,0,0,0,0,0,train
1,0.0983606557377049,0.0,0.0,0.0,0.0263157894736842,0.2490974729241877,0.0,1,0,0,0,0,0,0,train
1,0.180327868852459,0.0,0.0,0.0,0.0,0.2490974729241877,0.0003727171077152,0,0,1,0,0,0,0,train
1,0.2131147540983606,0.0,0.0,0.0,0.0,0.2483754512635378,0.0,0,0,0,0,0,1,0,train
1,0.1311475409836066,0.05,0.0,0.0,0.0526315789473684,0.2483754512635378,0.0003727171077152,0,0,1,0,0,0,0,train
1,0.5901639344262296,0.0,0.0,0.0,0.0526315789473684,0.2490974729241877,0.0361535594483786,0,0,1,0,0,0,0,train
1,0.2459016393442623,0.0,0.0,0.0,0.3684210526315789,0.2483754512635378,0.0003727171077152,1,0,0,0,0,0,1,test
1,0.278688524590164,0.0,0.125,0.0,0.2105263157894736,0.2490974729241877,0.0890793887439433,1,0,0,0,0,0,0,val
1,0.1147540983606557,0.0,0.0,0.0,0.0,0.2483754512635378,0.0003727171077152,1,0,0,0,0,0,0,train
1,0.1147540983606557,0.0,0.0,0.0,0.0,0.2490974729241877,0.0,1,0,0,0,0,0,0,test
1,0.5737704918032788,0.0,0.0,0.0,0.0,0.2490974729241877,0.0014908684308609,0,0,1,0,0,0,0,train
1,0.3770491803278689,0.0,0.0,0.0,0.0,0.2483754512635378,0.0003727171077152,0,0,1,0,0,0,0,train
1,0.0983606557377049,0.0,0.0,0.0,0.0263157894736842,0.2490974729241877,0.0,0,0,1,0,0,0,0,train
1,0.3278688524590164,0.0,0.0,0.0,0.2105263157894736,0.2259927797833935,0.090197540067089,0,0,1,0,0,0,0,train
1,0.0819672131147541,0.0,0.0,0.0,0.0,0.2483754512635378,0.0003727171077152,0,0,1,0,0,0,0,train
1,0.3934426229508196,0.0,0.0,0.0,0.0,0.2483754512635378,0.0003727171077152,1,0,0,0,0,0,0,train
1,0.2295081967213115,0.0,0.0,0.0,0.1052631578947368,0.2151624548736462,0.0011181513231457,0,0,1,0,0,0,0,val
1,0.0983606557377049,0.0,0.0,0.0,0.0789473684210526,0.6801444043321299,0.0003727171077152,0,0,0,1,0,0,1,train
0,0.2295081967213115,0.0,0.0,0.0,0.0789473684210526,0.2483754512635378,0.0003727171077152,1,0,0,0,0,0,0,train
1,0.3606557377049181,0.0,0.0,0.0,0.3421052631578947,0.2483754512635378,0.0018635855385762,1,0,0,0,0,0,0,train
1,0.3934426229508196,0.0,0.0,0.0,0.0263157894736842,0.163898916967509,0.0439806187103988,0,0,0,1,0,0,0,train
1,0.1475409836065574,0.0,0.0,0.0,0.0526315789473684,0.2490974729241877,0.0,1,0,0,0,0,0,0,test
1,0.2295081967213115,0.0,0.0,0.0,0.0263157894736842,0.2483754512635378,0.0014908684308609,1,0,0,0,0,0,1,train
1,0.3278688524590164,0.0,0.0,0.0,0.0526315789473684,0.2801444043321299,0.0026090197540067,1,0,0,0,0,0,1,test
1,0.180327868852459,0.0,0.0,0.0,0.0526315789473684,0.2483754512635378,0.0014908684308609,0,0,1,0,0,0,0,train
1,0.5081967213114754,0.0,0.0,0.0,0.0,0.2490974729241877,0.0,1,0,0,0,0,0,0,train
1,0.5245901639344263,0.0,0.0,0.0,0.0,0.247653429602888,0.0007454342154304,0,0,1,0,0,0,0,test
0,0.1639344262295082,0.0,0.0,0.0,0.0263157894736842,0.2483754512635378,0.0003727171077152,0,0,1,0,0,0,0,train
1,0.1147540983606557,0.0,0.0,0.0,0.0,0.2490974729241877,0.0171449869549012,1,0,0,0,0,0,1,val
1,0.1147540983606557,0.0,0.0,0.0,0.1052631578947368,0.2483754512635378,0.0003727171077152,1,0,0,0,0,0,1,train
1,0.4426229508196722,0.0,0.0,0.0,0.0526315789473684,0.2483754512635378,0.0003727171077152,0,0,1,0,0,0,0,train
1,0.3114754098360656,0.0,0.0,0.0,0.0526315789473684,0.2483754512635378,0.010808796123742,0,0,0,0,0,1,0,train
1,0.0983606557377049,0.0,0.0,0.0,0.0,0.2483754512635378,0.0007454342154304,0,0,0,1,0,0,0,train
1,0.3606557377049181,0.0,0.0,0.0,0.0526315789473684,0.2483754512635378,0.0007454342154304,0,0,1,0,0,0,0,val
0,0.2459016393442623,0.0,0.0,0.0,0.0,0.247653429602888,0.0003727171077152,0,0,0,1,0,0,0,test
1,0.5737704918032788,0.0,0.0,0.0,0.4736842105263157,0.2490974729241877,0.0003727171077152,0,0,0,1,0,0,0,train
1,0.6065573770491803,0.0,0.0,0.0,0.0,0.244043321299639,0.0022363026462914,0,0,0,1,0,0,0,test
1,0.2950819672131147,0.0,0.0,0.0,0.1052631578947368,0.2483754512635378,0.1062243756988445,0,0,1,0,0,0,0,train
1,0.1967213114754099,0.0,0.0,0.0,0.1578947368421052,0.2483754512635378,0.0111815132314573,0,0,0,0,0,1,1,train
1,0.6065573770491803,0.0,0.0,0.0,0.0,0.2483754512635378,0.0003727171077152,0,0,1,0,0,0,0,train
0,0.0819672131147541,0.0,0.0,0.0,0.0263157894736842,0.2447653429602888,0.0003727171077152,1,0,0,0,0,0,0,train
0,0.3606557377049181,0.0,0.0,0.0,0.3421052631578947,0.7920577617328519,0.0100633619083115,1,0,0,0,0,0,1,train
1,0.2295081967213115,0.0,0.0,0.0,0.0526315789473684,0.2490974729241877,0.0003727171077152,0,0,1,0,0,0,0,train
1,0.4754098360655738,0.0,0.0,0.0,0.0789473684210526,0.2483754512635378,0.0212448751397689,0,0,1,0,0,0,0,train
1,0.0655737704918033,0.0,0.125,0.0,0.0263157894736842,0.2483754512635378,0.0003727171077152,1,0,0,0,0,0,0,train
1,0.4754098360655738,0.0,0.0,0.0,0.0526315789473684,0.2483754512635378,0.0007454342154304,0,0,1,0,0,0,0,test
1,0.1639344262295082,0.0,0.0,0.0,0.131578947368421,0.2483754512635378,0.0346626910175177,1,0,0,0,0,0,0,train
1,0.2622950819672132,0.0,0.0,0.0,0.1052631578947368,0.2483754512635378,0.0003727171077152,1,0,0,0,0,0,0,train
1,0.7704918032786886,0.0,0.0,0.0,0.0,0.2490974729241877,0.0085724934774506,0,0,1,0,0,0,0,train
0,0.0819672131147541,0.0,0.0,0.0,0.0,0.2483754512635378,0.0003727171077152,0,0,1,0,0,0,0,train
0,0.4262295081967213,0.0,0.0,0.0,0.0,0.247653429602888,0.0003727171077152,0,0,1,0,0,0,0,test
1,0.0491803278688524,0.05,0.0,0.0,0.0263157894736842,0.3126353790613718,0.0145359672008945,0,0,0,1,0,0,1,train
1,0.0983606557377049,0.0,0.0,0.0,0.0263157894736842,0.2483754512635378,0.0003727171077152,1,0,0,0,0,0,0,test
1,0.5409836065573771,0.0,0.0,0.0,0.0263157894736842,0.2483754512635378,0.0003727171077152,0,0,1,0,0,0,0,train
1,0.3442622950819672,0.0,0.0,0.0,0.1578947368421052,0.2483754512635378,0.0003727171077152,0,0,1,0,0,0,0,val
1,0.0983606557377049,0.0,0.0,0.0,0.0263157894736842,0.2454873646209386,0.0003727171077152,0,0,1,0,0,0,0,test
1,0.2131147540983606,0.0,0.0,0.1176470588235294,0.2894736842105263,0.2490974729241877,0.0003727171077152,1,0,0,0,0,0,1,train
0,0.278688524590164,0.0,0.0,0.0,0.0,0.2483754512635378,0.0003727171077152,1,0,0,0,0,0,0,train
1,0.1967213114754099,0.0,0.0,0.0,0.0,0.2483754512635378,0.0003727171077152,0,0,0,0,0,1,0,train
1,0.2622950819672132,0.0,0.0,0.0,0.2105263157894736,0.1740072202166064,0.0003727171077152,0,0,1,0,0,0,0,test
0,0.3442622950819672,0.0,0.0,0.0,0.1052631578947368,0.2469314079422382,0.0003727171077152,1,0,0,0,0,0,0,train
1,0.180327868852459,0.0,0.0,0.0,0.1578947368421052,0.755956678700361,0.0018635855385762,1,0,0,0,0,0,0,test
1,0.5409836065573771,0.0,0.0,0.0,0.0,0.2483754512635378,0.0003727171077152,0,0,1,0,0,0,0,train
1,0.0655737704918033,0.0,0.0,0.0588235294117647,0.0263157894736842,0.2483754512635378,0.0883339545285128,0,0,1,0,0,0,0,val
1,0.180327868852459,0.0,0.0,0.0,0.0526315789473684,0.231768953068592,0.0085724934774506,0,0,1,0,0,0,0,train
1,0.2459016393442623,0.0,0.0,0.0,0.0789473684210526,0.2375451263537906,0.0081997763697353,0,0,1,0,0,0,1,train
1,0.5901639344262296,0.0,0.0,0.0,0.0,0.2483754512635378,0.0104360790160268,0,0,0,0,0,1,0,test
1,0.1967213114754099,0.0,0.0,0.0,0.0789473684210526,0.1292418772563177,0.0040998881848676,1,0,0,0,0,0,0,train
1,0.4918032786885246,0.0,0.0,0.0,0.2631578947368421,0.2490974729241877,0.0652254938501677,1,0,0,0,0,0,0,test
1,0.0819672131147541,0.0,0.0,0.0,0.0,0.2483754512635378,0.0011181513231457,1,0,0,0,0,0,0,val
1,0.0819672131147541,0.0,0.0,0.0,0.0526315789473684,0.2483754512635378,0.0003727171077152,0,0,1,0,0,0,1,train
1,0.4754098360655738,0.0,0.0,0.0,0.0263157894736842,0.2490974729241877,0.0003727171077152,0,1,0,0,0,0,0,train
1,0.0491803278688524,0.0,0.0,0.0,0.0,0.2483754512635378,0.0014908684308609,0,0,0,0,0,1,0,train
1,0.4918032786885246,0.0,0.0,0.0,0.0526315789473684,0.2483754512635378,0.0003727171077152,0,0,1,0,0,0,0,train
1,0.5245901639344263,0.0,0.0,0.0,0.0789473684210526,0.2483754512635378,0.0052180395080134,0,0,1,0,0,0,0,train
1,0.5081967213114754,0.1,0.0,0.0,0.3421052631578947,0.2483754512635378,0.0003727171077152,1,0,0,0,0,0,0,test
1,0.6557377049180328,0.0,0.0,0.0,0.0526315789473684,0.2483754512635378,0.0018635855385762,0,0,1,0,0,0,0,train
1,0.2131147540983606,0.0,0.0,0.0,0.1578947368421052,0.2490974729241877,0.0067089079388743,1,0,0,0,0,0,0,train
1,0.0819672131147541,0.0,0.0,0.1176470588235294,0.0263157894736842,0.2483754512635378,0.0003727171077152,1,0,0,0,0,0,0,test
1,0.2459016393442623,0.0,0.0,0.0,0.0,0.2483754512635378,0.0003727171077152,0,0,0,0,0,1,1,test
1,0.639344262295082,0.0,0.0,0.0,0.1578947368421052,0.2324909747292418,0.0003727171077152,0,0,1,0,0,0,0,train
0,0.2131147540983606,0.0,0.0,0.0,0.0,0.2469314079422382,0.0003727171077152,0,0,1,0,0,0,0,train
1,0.639344262295082,0.0,0.0,0.0,0.5,0.2483754512635378,0.0,1,0,0,0,0,0,0,test
1,0.639344262295082,0.0,0.0,0.0,0.3157894736842105,0.2490974729241877,0.0,0,0,1,0,0,0,0,train
1,0.4426229508196722,0.0,0.0,0.0,0.2894736842105263,0.2483754512635378,0.0003727171077152,1,0,0,0,0,0,0,val
1,0.3934426229508196,0.0,0.0,0.0,0.0,0.2490974729241877,0.0,0,0,1,0,0,0,0,train
1,0.4918032786885246,0.0,0.0,0.0,0.1842105263157894,0.2483754512635378,0.0003727171077152,0,0,0,0,0,1,0,train
1,0.0819672131147541,0.0,0.0,0.0,0.0,0.6252707581227437,0.0026090197540067,0,0,1,0,0,0,0,train
0,0.1639344262295082,0.0,0.0,0.0,0.0,0.2483754512635378,0.0003727171077152,0,0,1,0,0,0,0,train
1,0.1147540983606557,0.0,0.0,0.0,0.0263157894736842,0.2483754512635378,0.5605665300037271,1,0,0,0,0,0,1,test
0,0.2622950819672132,0.0,0.0,0.0,0.0789473684210526,0.2483754512635378,0.0037271710771524,0,0,1,0,0,0,0,train
1,0.1475409836065574,0.0,0.0,0.0,0.0,0.2483754512635378,0.0003727171077152,1,0,0,0,0,0,0,val
1,0.3442622950819672,0.0,0.0,0.0,0.1052631578947368,0.2490974729241877,0.0149086843086097,1,0,0,0,0,0,0,train
0,0.6065573770491803,0.0,0.0,0.0,0.1578947368421052,0.971841155234657,0.013790532985464,0,0,1,0,0,0,0,train
1,0.1475409836065574,0.0,0.0,0.0,0.1052631578947368,0.2483754512635378,0.0130450987700335,1,0,0,0,0,0,1,train
1,0.1311475409836066,0.0,0.0,0.0,0.0526315789473684,0.2483754512635378,0.0085724934774506,0,0,1,0,0,0,1,train
1,0.1475409836065574,0.0,0.0,0.0,0.0,0.2483754512635378,0.0003727171077152,0,0,1,0,0,0,0,train
1,0.180327868852459,0.0,0.0,0.0,0.1052631578947368,0.2483754512635378,0.0003727171077152,1,0,0,0,0,0,0,train
1,0.1475409836065574,0.0,0.0,0.0,0.1842105263157894,0.2483754512635378,0.0018635855385762,1,0,0,0,0,0,0,test
0,0.0983606557377049,0.0,0.0,0.0,0.0,0.2483754512635378,0.0026090197540067,0,0,1,0,0,0,0,val
1,0.0327868852459016,0.0,0.0,0.0,0.0,0.2483754512635378,0.0003727171077152,0,0,1,0,0,0,0,train
0,0.0819672131147541,0.0,0.0,0.0,0.0,0.2483754512635378,0.0160268356317555,0,0,1,0,0,0,0,train
0,0.4918032786885246,0.0,0.0,0.0,0.0,0.2490974729241877,0.0,1,0,0,0,0,0,0,train
0,0.3770491803278689,0.0,0.0,0.0,0.0789473684210526,0.2483754512635378,0.0003727171077152,0,0,1,0,0,0,0,val
0,0.5901639344262296,0.0,0.0,0.0,0.1842105263157894,0.1783393501805054,0.0074543421543048,0,0,1,0,0,0,0,train
0,0.0655737704918033,0.0,0.0,0.0,0.0526315789473684,0.2483754512635378,0.0003727171077152,0,0,1,0,0,0,0,train
1,0.2295081967213115,0.0,0.0,0.0,0.1842105263157894,0.2483754512635378,0.0003727171077152,1,0,0,0,0,0,0,test
1,0.4262295081967213,0.0,0.0,0.0,0.0,0.2483754512635378,0.0007454342154304,1,0,0,0,0,0,0,train
1,0.1639344262295082,0.0,0.0,0.0,0.0263157894736842,0.1841155234657039,0.0182631382780469,1,0,0,0,0,0,0,train
1,0.6885245901639345,0.0,0.0,0.0,0.0789473684210526,0.2483754512635378,0.0003727171077152,1,0,0,0,0,0,0,train
1,0.5081967213114754,0.0,0.0,0.0,0.0,0.2490974729241877,0.0,0,0,1,0,0,0,0,val
1,0.2295081967213115,0.0,0.0,0.0,0.2368421052631578,0.2064981949458483,0.0212448751397689,1,0,0,0,0,0,0,train
1,0.1967213114754099,0.0,0.0,0.0,0.2631578947368421,0.2490974729241877,0.0007454342154304,1,0,0,0,0,0,1,train
1,0.5573770491803279,0.0,0.0,0.0,0.0,0.2483754512635378,0.0003727171077152,0,0,1,0,0,0,0,train
1,0.2622950819672132,0.0,0.0,0.0,0.0,0.2483754512635378,0.0007454342154304,1,0,0,0,0,0,0,train
1,0.6065573770491803,0.0,0.0,0.0,0.131578947368421,0.2483754512635378,0.0014908684308609,1,0,0,0,0,0,1,train
1,0.3114754098360656,0.0,0.0,0.0,0.1578947368421052,0.2483754512635378,0.1006336190831159,1,0,0,0,0,0,0,train
1,0.2459016393442623,0.0,0.0,0.0,0.0,0.2483754512635378,0.0003727171077152,1,0,0,0,0,0,0,train
0,0.1475409836065574,0.0,0.0,0.0,0.0,0.2490974729241877,0.0003727171077152,1,0,0,0,0,0,0,train
1,0.2459016393442623,0.0,0.0,0.0,0.0,0.2483754512635378,0.0201267238166231,0,0,1,0,0,0,0,train
1,0.1311475409836066,0.0,0.0,0.0,0.0,0.2483754512635378,0.0007454342154304,1,0,0,0,0,0,0,train
1,0.180327868852459,0.0,0.0,0.0,0.0,0.2483754512635378,0.0007454342154304,1,0,0,0,0,0,0,train
1,0.2295081967213115,0.0,0.0,0.0,0.0263157894736842,0.2490974729241877,0.0,1,0,0,0,0,0,0,train
1,0.3114754098360656,0.0,0.0,0.0,0.1052631578947368,0.2490974729241877,0.0003727171077152,0,0,1,0,0,0,0,train
1,0.2131147540983606,0.0,0.0,0.0,0.3947368421052631,0.2490974729241877,0.0,1,0,0,0,0,0,0,train
1,0.2131147540983606,0.0,0.0,0.0,0.1578947368421052,0.2490974729241877,0.0134178158777487,1,0,0,0,0,0,0,train
0,0.2950819672131147,0.0,0.0,0.0,0.0526315789473684,0.2483754512635378,0.0007454342154304,0,0,1,0,0,0,0,train
1,0.278688524590164,0.0,0.0,0.0,0.1052631578947368,0.0259927797833935,0.0022363026462914,1,0,0,0,0,0,0,train
0,0.3114754098360656,0.0,0.0,0.0,0.0263157894736842,0.2411552346570397,0.0033544539694371,1,0,0,0,0,0,0,train
1,0.2622950819672132,0.0,0.0,0.0,0.131578947368421,0.2483754512635378,0.0022363026462914,0,0,1,0,0,0,1,val
0,0.5245901639344263,0.0,0.0,0.0,0.3157894736842105,0.4772563176895307,0.1621319418561312,1,0,0,0,0,0,1,train
0,0.4426229508196722,0.0,0.0,0.0,0.0263157894736842,0.2462093862815884,0.0011181513231457,1,0,0,0,0,0,0,train
1,0.8524590163934428,0.0,0.0,0.0,0.0,0.2483754512635378,0.0003727171077152,1,0,0,0,0,0,0,train
1,0.1311475409836066,0.0,0.0,0.0,0.0526315789473684,0.6873646209386282,0.013790532985464,1,0,0,0,0,0,0,train
1,0.0819672131147541,0.05,0.0,0.0,0.1052631578947368,0.2483754512635378,0.0026090197540067,1,0,0,0,0,0,0,train
1,0.1475409836065574,0.0,0.0,0.0,0.131578947368421,0.2404332129963898,0.0007454342154304,0,0,1,0,0,0,0,train
1,0.0819672131147541,0.0,0.0,0.0,0.0526315789473684,0.4902527075812274,0.0059634737234439,1,0,0,0,0,0,1,train
1,0.1311475409836066,0.0,0.0,0.0,0.0,0.2483754512635378,0.0003727171077152,1,0,0,0,0,0,0,test
0,0.0819672131147541,0.0,0.0,0.0,0.0526315789473684,0.2483754512635378,0.0003727171077152,0,0,1,0,0,0,0,train
0,0.459016393442623,0.0,0.0,0.0,0.0263157894736842,0.2483754512635378,0.0003727171077152,0,0,1,0,0,0,0,train
0,0.1475409836065574,0.05,0.0,0.0,0.0263157894736842,0.2490974729241877,0.0100633619083115,1,0,0,0,0,0,0,train
1,0.4426229508196722,0.0,0.0,0.0,0.1842105263157894,0.2483754512635378,0.0003727171077152,0,0,1,0,0,0,0,test
1,0.3934426229508196,0.0,0.0,0.0,0.0263157894736842,0.2404332129963898,0.0029817368617219,1,0,0,0,0,0,0,train
1,0.5081967213114754,0.0,0.0,0.0,0.0789473684210526,0.2490974729241877,0.0081997763697353,0,0,1,0,0,0,0,test
1,0.180327868852459,0.0,0.0,0.0,0.0,0.2490974729241877,0.0,0,0,0,1,0,0,0,train
0,0.5573770491803279,0.0,0.0,0.0,0.0263157894736842,0.2433212996389891,0.0007454342154304,0,0,1,0,0,0,0,test
1,0.3114754098360656,0.0,0.0,0.0,0.1052631578947368,0.2490974729241877,0.0003727171077152,0,0,0,1,0,0,1,train
1,0.1311475409836066,0.0,0.0,0.0,0.0263157894736842,0.2483754512635378,0.0026090197540067,1,0,0,0,0,0,0,train
1,0.4754098360655738,0.0,0.0,0.0,0.0263157894736842,0.2296028880866426,0.0063361908311591,0,0,0,1,0,0,0,train
1,0.1147540983606557,0.0,0.0,0.0,0.0263157894736842,0.2490974729241877,0.0,1,0,0,0,0,0,0,test
1,0.0491803278688524,0.05,0.0,0.0,0.0263157894736842,0.2483754512635378,0.0484532240029817,1,0,0,0,0,0,1,train
1,0.4918032786885246,0.0,0.0,0.0,0.0,0.2490974729241877,0.0003727171077152,1,0,0,0,0,0,0,train
0,0.3606557377049181,0.0,0.0,0.0,0.0263157894736842,0.2093862815884476,0.0,0,0,1,0,0,0,0,train
0,0.0983606557377049,0.0,0.0,0.0,0.0,0.2483754512635378,0.0003727171077152,0,0,0,0,0,1,0,train
1,0.0655737704918033,0.0,0.0,0.0,0.0,0.2483754512635378,0.0003727171077152,1,0,0,0,0,0,1,val
1,0.3278688524590164,0.0,0.0,0.0,0.0526315789473684,0.2490974729241877,0.0,0,0,1,0,0,0,0,train
1,0.5901639344262296,0.0,0.0,0.0,0.0526315789473684,0.2483754512635378,0.0003727171077152,0,0,0,0,0,1,0,train
1,0.0983606557377049,0.0,0.0,0.0,0.0263157894736842,0.2490974729241877,0.0040998881848676,0,0,0,1,0,0,0,train
0,0.4262295081967213,0.0,0.0,0.0,0.0,0.2483754512635378,0.0126723816623183,0,0,1,0,0,0,1,train
1,0.7540983606557378,0.0,0.0,0.0,0.0,0.2483754512635378,0.0003727171077152,0,0,1,0,0,0,0,train
0,0.4426229508196722,0.0,0.0,0.0,0.0,0.2483754512635378,0.0003727171077152,0,0,0,0,0,1,0,train
1,0.5081967213114754,0.0,0.0,0.0,0.0263157894736842,0.2483754512635378,0.0018635855385762,1,0,0,0,0,0,0,train
1,0.2459016393442623,0.0,0.0,0.0,0.0,0.2483754512635378,0.0003727171077152,0,1,0,0,0,0,0,test
1,0.4262295081967213,0.0,0.0,0.0,0.0526315789473684,0.2483754512635378,0.0003727171077152,0,0,0,1,0,0,0,train
1,0.5409836065573771,0.0,0.0,0.0,0.0789473684210526,0.2483754512635378,0.0011181513231457,1,0,0,0,0,0,0,train
1,0.5245901639344263,0.0,0.0,0.0,0.0,0.2490974729241877,0.0014908684308609,1,0,0,0,0,0,0,train
1,0.2459016393442623,0.0,0.25,0.0,0.0526315789473684,0.2332129963898916,0.0081997763697353,0,0,1,0,0,0,0,test
0,0.5901639344262296,0.0,0.0,0.0,0.0,0.2483754512635378,0.0111815132314573,0,0,1,0,0,0,0,train
1,0.2459016393442623,0.0,0.0,0.0588235294117647,0.3684210526315789,0.1927797833935018,0.0040998881848676,0,0,1,0,0,0,0,train
1,0.2622950819672132,0.0,0.0,0.0,0.0789473684210526,0.2483754512635378,0.0003727171077152,0,0,1,0,0,0,0,train
1,0.0491803278688524,0.0,0.0,0.0,0.0263157894736842,0.2483754512635378,0.0163995527394707,1,0,0,0,0,0,1,test
1,0.2459016393442623,0.0,0.0,0.0,0.131578947368421,0.2490974729241877,0.0,1,0,0,0,0,0,0,train
1,0.2295081967213115,0.0,0.0,0.0588235294117647,0.2368421052631578,0.2483754512635378,0.0085724934774506,1,0,0,0,0,0,1,train
1,0.4426229508196722,0.0,0.0,0.0,0.0263157894736842,0.2490974729241877,0.0003727171077152,0,0,1,0,0,0,0,train
0,0.180327868852459,0.0,0.0,0.0,0.0,0.2483754512635378,0.0007454342154304,1,0,0,0,0,0,0,train
1,0.4262295081967213,0.0,0.0,0.0,0.0789473684210526,0.1870036101083032,0.0003727171077152,1,0,0,0,0,0,0,train
0,0.1639344262295082,0.0,0.0,0.0,0.0,0.2483754512635378,0.0003727171077152,1,0,0,0,0,0,0,train
1,0.1475409836065574,0.0,0.0,0.0,0.0263157894736842,0.2483754512635378,0.0003727171077152,0,0,1,0,0,0,0,test
0,0.1967213114754099,0.0,0.0,0.0,0.0,0.2490974729241877,0.0,1,0,0,0,0,0,0,val
1,0.2295081967213115,0.0,0.0,0.0,0.0,0.2483754512635378,0.0007454342154304,1,0,0,0,0,0,0,train
1,0.1475409836065574,0.0,0.0,0.0,0.131578947368421,0.2483754512635378,0.0003727171077152,0,0,1,0,0,0,0,train
0,0.7213114754098361,0.0,0.0,0.0,0.0263157894736842,0.247653429602888,0.0003727171077152,0,0,0,0,0,1,0,train
1,0.0491803278688524,0.0,0.0,0.0,0.0,0.2483754512635378,0.0026090197540067,1,0,0,0,0,0,0,train
1,0.2295081967213115,0.0,0.0,0.0,0.0,0.2483754512635378,0.0070816250465896,0,0,1,0,0,0,0,val
1,0.6229508196721312,0.0,0.0,0.0,0.0789473684210526,0.2288808664259927,0.0055907566157286,1,0,0,0,0,0,0,train
0,0.4262295081967213,0.0,0.0,0.0,0.0,0.2483754512635378,0.0003727171077152,1,0,0,0,0,0,0,train
0,0.1147540983606557,0.0,0.0,0.0,0.1578947368421052,0.2483754512635378,0.0093179276928811,0,0,1,0,0,0,0,train
0,0.0327868852459016,0.0,0.0,0.0,0.0,0.2483754512635378,0.0003727171077152,1,0,0,0,0,0,0,train
1,0.278688524590164,0.0,0.0,0.0,0.0263157894736842,0.2483754512635378,0.0007454342154304,1,0,0,0,0,0,0,train
1,0.0983606557377049,0.0,0.0,0.0,0.0,0.2483754512635378,0.0003727171077152,1,0,0,0,0,0,0,train
0,0.3606557377049181,0.0,0.0,0.0,0.0526315789473684,0.244043321299639,0.0014908684308609,0,0,0,1,0,0,0,test
0,0.0491803278688524,0.0,0.0,0.0,0.0526315789473684,0.1971119133574007,0.0003727171077152,1,0,0,0,0,0,0,train
1,0.3278688524590164,0.0,0.0,0.0,0.2368421052631578,0.2483754512635378,0.0003727171077152,1,0,0,0,0,0,1,train
1,0.2950819672131147,0.0,0.0,0.0,0.2368421052631578,0.2490974729241877,0.0797614610510622,0,0,1,0,0,0,1,train
1,0.2295081967213115,0.0,0.0,0.0,0.0789473684210526,0.2483754512635378,0.4606783451360417,1,0,0,0,0,0,0,train
1,0.0819672131147541,0.0,0.0,0.0588235294117647,0.0526315789473684,0.2483754512635378,0.0130450987700335,0,0,0,1,0,0,0,train
1,0.0819672131147541,0.0,0.0,0.0,0.0789473684210526,0.2483754512635378,0.0219903093551994,0,0,1,0,0,0,1,test
0,0.8196721311475411,0.0,0.0,0.0,0.131578947368421,0.2462093862815884,0.0003727171077152,1,0,0,0,0,0,0,val
0,0.1311475409836066,0.0,0.0,0.0,0.0526315789473684,0.2490974729241877,0.0,0,0,1,0,0,0,0,val
1,0.5409836065573771,0.0,0.0,0.0,0.0,0.2483754512635378,0.0014908684308609,1,0,0,0,0,0,1,train
1,0.1147540983606557,0.0,0.0,0.0,0.0,0.2483754512635378,0.0003727171077152,1,0,0,0,0,0,0,train
1,0.5409836065573771,0.0,0.0,0.0,0.3684210526315789,0.2411552346570397,0.0167722698471859,1,0,0,0,0,0,0,train
1,0.2950819672131147,0.0,0.0,0.0,0.0,0.2483754512635378,0.0011181513231457,0,0,0,0,0,1,0,train
1,0.1639344262295082,0.0,0.0,0.0,0.131578947368421,0.1942238267148014,0.0011181513231457,0,0,1,0,0,0,0,test
1,0.0327868852459016,0.0,0.0,0.0,0.0,0.2462093862815884,0.0014908684308609,1,0,0,0,0,0,0,train
0,0.2131147540983606,0.0,0.0,0.0,0.0,0.2490974729241877,0.0003727171077152,1,0,0,0,0,0,0,train
1,0.639344262295082,0.0,0.0,0.0,0.0,0.2490974729241877,0.0003727171077152,1,0,0,0,0,0,0,train
1,0.278688524590164,0.0,0.0,0.0,0.0789473684210526,0.2324909747292418,0.0156541185240402,0,0,0,1,0,0,1,train
1,0.3442622950819672,0.0,0.0,0.0,0.0,0.2483754512635378,0.0003727171077152,0,0,1,0,0,0,0,train
1,0.0983606557377049,0.0,0.125,0.0,0.0263157894736842,0.2483754512635378,0.012299664554603,1,0,0,0,0,0,0,train
0,0.180327868852459,0.0,0.0,0.0,0.0,0.2483754512635378,0.0037271710771524,0,0,0,1,0,0,1,test
1,0.1311475409836066,0.0,0.0,0.0,0.1052631578947368,0.2490974729241877,0.0059634737234439,1,0,0,0,0,0,1,train
1,0.6885245901639345,0.0,0.0,0.0,0.0526315789473684,0.2490974729241877,0.0003727171077152,1,0,0,0,0,0,0,test
1,0.0655737704918033,0.0,0.0,0.0588235294117647,0.0263157894736842,0.2483754512635378,0.0014908684308609,0,0,1,0,0,0,0,test
1,0.1639344262295082,0.0,0.0,0.0,0.0789473684210526,0.2490974729241877,0.0,1,0,0,0,0,0,0,test
1,0.1639344262295082,0.0,0.0,0.0,0.0526315789473684,0.2483754512635378,0.0018635855385762,1,0,0,0,0,0,0,test
1,0.6065573770491803,0.0,0.0,0.0,0.0,0.2483754512635378,0.0011181513231457,0,0,1,0,0,0,1,train
1,0.1639344262295082,0.0,0.0,0.0,0.0526315789473684,0.2483754512635378,0.0007454342154304,0,0,0,1,0,0,1,train
0,0.0655737704918033,0.0,0.0,0.0,0.0,0.2483754512635378,0.0003727171077152,0,0,0,1,0,0,0,train
1,0.4426229508196722,0.0,0.0,0.0,0.131578947368421,0.4151624548736462,0.0003727171077152,1,0,0,0,0,0,0,train
1,0.0983606557377049,0.0,0.0,0.0,0.0263157894736842,0.2483754512635378,0.0007454342154304,1,0,0,0,0,0,1,train
1,0.4754098360655738,0.0,0.0,0.0,0.0263157894736842,0.2483754512635378,0.0186358553857622,1,0,0,0,0,0,0,train
1,0.5901639344262296,0.0,0.0,0.0,0.1578947368421052,0.2490974729241877,0.0003727171077152,0,0,1,0,0,0,0,train
0,0.3934426229508196,0.0,0.0,0.0,0.0,0.2483754512635378,0.0003727171077152,0,0,1,0,0,0,0,test
1,0.278688524590164,0.0,0.0,0.0,0.131578947368421,0.2346570397111913,0.0003727171077152,0,0,1,0,0,0,0,train
1,0.5737704918032788,0.0,0.0,0.0,0.0263157894736842,0.2483754512635378,0.0003727171077152,0,0,1,0,0,0,0,test
0,0.2131147540983606,0.0,0.0,0.0,0.0526315789473684,0.2483754512635378,0.0007454342154304,1,0,0,0,0,0,0,train
1,0.459016393442623,0.0,0.0,0.0,0.3947368421052631,0.2483754512635378,0.0928065598210957,0,0,0,1,0,0,0,train
1,0.0819672131147541,0.0,0.0,0.0,0.1052631578947368,0.2483754512635378,0.0007454342154304,0,0,0,0,0,1,0,train
1,0.4754098360655738,0.0,0.0,0.0,0.2368421052631578,0.2483754512635378,0.0003727171077152,1,0,0,0,0,0,0,train
1,0.2131147540983606,0.0,0.0,0.0,0.1052631578947368,0.2483754512635378,0.5631755497577339,0,0,0,1,0,0,0,train
1,0.5245901639344263,0.0,0.0,0.0,0.0,0.2483754512635378,0.0089452105851658,1,0,0,0,0,0,0,train
0,0.0655737704918033,0.0,0.125,0.0,0.0526315789473684,0.2483754512635378,0.0011181513231457,1,0,0,0,0,0,0,test
1,0.4426229508196722,0.0,0.0,0.0,0.0263157894736842,0.2332129963898916,0.0,0,0,0,1,0,0,0,train
0,0.1967213114754099,0.0,0.0,0.0,0.0526315789473684,0.2483754512635378,0.0003727171077152,1,0,0,0,0,0,0,train
1,0.5245901639344263,0.0,0.0,0.0,0.0,0.2490974729241877,0.0,1,0,0,0,0,0,0,test
0,0.0983606557377049,0.0,0.0,0.0,0.0526315789473684,0.2483754512635378,0.012299664554603,0,0,0,0,0,1,1,test
0,0.3934426229508196,0.0,0.0,0.0,0.0789473684210526,0.2469314079422382,0.0029817368617219,0,0,1,0,0,0,0,train
1,0.2131147540983606,0.0,0.0,0.0,0.0,0.2490974729241877,0.0003727171077152,0,0,0,1,0,0,0,train
1,0.1147540983606557,0.0,0.0,0.0,0.131578947368421,0.2483754512635378,0.0160268356317555,1,0,0,0,0,0,1,train
1,0.2950819672131147,0.0,0.0,0.0,0.1052631578947368,0.2490974729241877,0.0208721580320536,1,0,0,0,0,0,0,val
1,0.1639344262295082,0.0,0.0,0.0,0.131578947368421,0.2490974729241877,0.0,0,0,1,0,0,0,0,train
1,0.2131147540983606,0.0,0.0,0.0,0.0,0.2483754512635378,0.0003727171077152,0,0,1,0,0,0,1,train
1,0.0819672131147541,0.0,0.0,0.0,0.0,0.2483754512635378,0.0905702571748043,1,0,0,0,0,0,0,val
1,0.180327868852459,0.0,0.0,0.0,0.1052631578947368,0.2483754512635378,0.0,0,0,1,0,0,0,1,train
1,0.2622950819672132,0.0,0.0,0.0,0.0263157894736842,0.2483754512635378,0.0003727171077152,1,0,0,0,0,0,0,val
0,0.2950819672131147,0.0,0.0,0.0,0.0,0.2490974729241877,0.0,0,0,0,1,0,0,0,test
1,0.0819672131147541,0.0,0.0,0.1176470588235294,0.0789473684210526,0.2483754512635378,0.0253447633246366,1,0,0,0,0,0,1,train
1,0.2131147540983606,0.0,0.0,0.0,0.3947368421052631,0.2490974729241877,0.0208721580320536,1,0,0,0,0,0,0,train
1,0.5737704918032788,0.0,0.0,0.0,0.0,0.2490974729241877,0.0,0,0,1,0,0,0,0,train
1,0.2622950819672132,0.0,0.0,0.0,0.3157894736842105,0.2490974729241877,0.0130450987700335,1,0,0,0,0,0,0,train
0,0.7377049180327869,0.0,0.0,0.0,0.0263157894736842,0.2490974729241877,0.0,1,0,0,0,0,0,0,train
0,0.0491803278688524,0.0,0.0,0.0,0.0,0.2490974729241877,0.010808796123742,1,0,0,0,0,0,1,val
1,0.6557377049180328,0.0,0.0,0.0,0.1052631578947368,0.2490974729241877,0.0178904211703317,0,0,1,0,0,0,1,train
0,0.0819672131147541,0.0,0.0,0.0,0.0,0.2483754512635378,0.0055907566157286,1,0,0,0,0,0,0,train
1,0.6229508196721312,0.0,0.0,0.0,0.3421052631578947,0.23971119133574,0.0026090197540067,0,0,1,0,0,0,0,val
0,0.5573770491803279,0.0,0.0,0.0,0.0,0.2447653429602888,0.0003727171077152,0,0,1,0,0,0,0,train
1,0.6229508196721312,0.0,0.0,0.0,0.0,0.2483754512635378,0.0026090197540067,1,0,0,0,0,0,0,train
0,0.3114754098360656,0.0,0.0,0.0,0.0,0.2483754512635378,0.0003727171077152,1,0,0,0,0,0,0,train
0,0.5245901639344263,0.0,0.0,0.0,0.0,0.2490974729241877,0.0007454342154304,0,0,1,0,0,0,0,train
1,0.0655737704918033,0.0,0.0,0.0,0.0,0.2483754512635378,0.0782705926202012,1,0,0,0,0,0,1,test
0,0.4098360655737705,0.0,0.0,0.0,0.0,0.2490974729241877,0.0,0,0,1,0,0,0,1,train
1,0.1967213114754099,0.0,0.0,0.0,0.0263157894736842,0.2483754512635378,0.0130450987700335,0,0,1,0,0,0,0,test
1,0.180327868852459,0.0,0.0,0.0,0.0,0.2483754512635378,0.0003727171077152,0,1,0,0,0,0,0,val
1,0.0983606557377049,0.0,0.0,0.0,0.0,0.2483754512635378,0.0003727171077152,0,0,1,0,0,0,0,test
1,0.180327868852459,0.0,0.0,0.0,0.1842105263157894,0.2483754512635378,0.0134178158777487,1,0,0,0,0,0,1,train
0,0.0983606557377049,0.0,0.0,0.0,0.0,0.247653429602888,0.0003727171077152,0,0,1,0,0,0,0,val
0,0.918032786885246,0.0,0.0,0.0,0.0,0.2483754512635378,0.0003727171077152,1,0,0,0,0,0,0,test
1,0.1475409836065574,0.0,0.0,0.0588235294117647,0.2105263157894736,0.2490974729241877,0.0007454342154304,1,0,0,0,0,0,1,test
1,0.180327868852459,0.0,0.0,0.0,0.131578947368421,0.2490974729241877,0.0,0,0,1,0,0,0,0,train
0,0.278688524590164,0.0,0.0,0.0,0.131578947368421,0.2483754512635378,0.0003727171077152,1,0,0,0,0,0,0,val
1,0.2950819672131147,0.0,0.0,0.0,0.0263157894736842,0.2483754512635378,0.0003727171077152,0,0,1,0,0,0,0,train
1,0.1311475409836066,0.0,0.0,0.0,0.0526315789473684,0.2490974729241877,0.0100633619083115,0,0,1,0,0,0,0,train
0,0.1311475409836066,0.0,0.0,0.0,0.0263157894736842,0.2483754512635378,0.0003727171077152,1,0,0,0,0,0,0,train
1,0.1639344262295082,0.0,0.0,0.0,0.0,0.2483754512635378,0.0026090197540067,0,0,1,0,0,0,0,train
1,0.5409836065573771,0.0,0.0,0.0,0.0263157894736842,0.247653429602888,0.0141632500931792,0,0,1,0,0,0,1,test
0,0.278688524590164,0.0,0.0,0.0,0.0,0.2483754512635378,0.0003727171077152,0,0,0,1,0,0,0,train
0,0.0819672131147541,0.0,0.0,0.0,0.0,0.2483754512635378,0.0003727171077152,1,0,0,0,0,0,0,train
0,0.0819672131147541,0.0,0.125,0.0,0.0526315789473684,0.2483754512635378,0.0003727171077152,0,0,0,1,0,0,0,train
0,0.2459016393442623,0.0,0.0,0.0,0.131578947368421,0.2483754512635378,0.5136041744316064,1,0,0,0,0,0,0,train
1,0.6721311475409837,0.0,0.0,0.0,0.0789473684210526,0.2469314079422382,0.0007454342154304,0,0,1,0,0,0,0,train
1,0.1311475409836066,0.0,0.0,0.0,0.1052631578947368,0.2490974729241877,0.0268356317554975,0,0,1,0,0,0,1,train
1,0.2950819672131147,0.0,0.0,0.0,0.0,0.2483754512635378,0.0115542303391725,0,0,1,0,0,0,0,train
1,0.3278688524590164,0.0,0.0,0.0,0.0526315789473684,0.2483754512635378,0.0003727171077152,0,0,0,0,0,1,0,train
1,0.1639344262295082,0.0,0.0,0.0,0.0526315789473684,0.2483754512635378,0.0011181513231457,0,0,0,1,0,0,0,test
1,0.3606557377049181,0.0,0.0,0.0,0.0263157894736842,0.2483754512635378,0.0007454342154304,0,0,1,0,0,0,0,val
1,0.0983606557377049,0.0,0.125,0.1176470588235294,0.0526315789473684,0.6541516245487364,0.0,1,0,0,0,0,0,0,test
0,0.1311475409836066,0.0,0.0,0.0,0.0,0.2483754512635378,0.0,1,0,0,0,0,0,0,val
1,0.6721311475409837,0.0,0.0,0.0,0.131578947368421,0.2483754512635378,0.4405516213194185,1,0,0,0,0,0,0,train
0,0.5901639344262296,0.0,0.0,0.0,0.1578947368421052,0.2483754512635378,0.0003727171077152,1,0,0,0,0,0,0,train
1,0.2131147540983606,0.0,0.0,0.0,0.1052631578947368,0.2483754512635378,0.0100633619083115,0,0,1,0,0,0,1,test
1,0.2622950819672132,0.0,0.0,0.0,0.0,0.2483754512635378,0.0026090197540067,0,0,1,0,0,0,0,train
1,0.4754098360655738,0.0,0.0,0.0,0.0526315789473684,0.244043321299639,0.0026090197540067,0,0,1,0,0,0,0,train
1,0.5409836065573771,0.0,0.0,0.0588235294117647,0.3157894736842105,0.2483754512635378,0.0126723816623183,1,0,0,0,0,0,1,train
1,0.1147540983606557,0.0,0.0,0.0,0.0263157894736842,0.2324909747292418,0.0,0,0,1,0,0,0,0,train
1,0.1147540983606557,0.0,0.0,0.0,0.0,0.2483754512635378,0.0283265001863585,0,0,0,0,0,1,1,test
1,0.4262295081967213,0.0,0.0,0.0,0.0526315789473684,0.5140794223826715,0.0003727171077152,0,0,0,1,0,0,1,train
1,0.2950819672131147,0.0,0.0,0.0,0.0263157894736842,0.2483754512635378,0.0231084606783451,0,0,1,0,0,0,0,train
1,0.5081967213114754,0.0,0.0,0.0,0.0,0.2490974729241877,0.0,0,0,1,0,0,0,0,train
1,0.2131147540983606,0.0,0.0,0.0,0.0,0.2483754512635378,0.0447260529258292,1,0,0,0,0,0,0,test
1,0.1967213114754099,0.0,0.0,0.0588235294117647,0.0263157894736842,0.2483754512635378,0.0003727171077152,0,0,1,0,0,0,0,test
1,0.0491803278688524,0.0,0.125,0.0,0.0263157894736842,0.2483754512635378,0.1699590011181513,1,0,0,0,0,0,1,train
1,0.0491803278688524,0.0,0.0,0.0,0.0,0.2483754512635378,0.0003727171077152,1,0,0,0,0,0,0,train
0,0.7704918032786886,0.0,0.0,0.0,0.0,0.2483754512635378,0.0003727171077152,1,0,0,0,0,0,0,test
0,0.6721311475409837,0.0,0.0,0.0,0.0,0.2483754512635378,0.0,0,0,1,0,0,0,0,train
1,0.6721311475409837,0.0,0.0,0.0,0.0,0.2483754512635378,0.0007454342154304,1,0,0,0,0,0,0,train
1,0.0983606557377049,0.0,0.0,0.0,0.0,0.2483754512635378,0.0011181513231457,1,0,0,0,0,0,0,train
1,0.3606557377049181,0.0,0.0,0.0,0.0,0.2490974729241877,0.0003727171077152,1,0,0,0,0,0,0,train
1,0.2622950819672132,0.05,0.0,0.0,0.2631578947368421,0.2483754512635378,0.0469623555721207,1,0,0,0,0,0,1,train
1,0.5573770491803279,0.0,0.0,0.0,0.0263157894736842,0.2483754512635378,0.0003727171077152,1,0,0,0,0,0,0,val
1,0.0983606557377049,0.0,0.0,0.0,0.3947368421052631,0.2267148014440433,0.044353335818114,1,0,0,0,0,0,1,test
1,0.3278688524590164,0.0,0.0,0.0,0.0526315789473684,0.2483754512635378,0.0011181513231457,1,0,0,0,0,0,1,train
0,0.0655737704918033,0.0,0.0,0.0,0.0,0.2447653429602888,0.0003727171077152,1,0,0,0,0,0,0,train
1,0.4098360655737705,0.0,0.0,0.0,0.0,0.2483754512635378,0.0011181513231457,1,0,0,0,0,0,0,train
1,0.6065573770491803,0.0,0.0,0.0,0.0,0.2483754512635378,0.013790532985464,1,0,0,0,0,0,0,train
1,0.1311475409836066,0.0,0.0,0.0,0.0526315789473684,0.2483754512635378,0.0040998881848676,1,0,0,0,0,0,0,train
1,0.0819672131147541,0.0,0.0,0.0588235294117647,0.0263157894736842,0.2483754512635378,0.0003727171077152,0,0,1,0,0,0,0,test
0,0.4754098360655738,0.0,0.0,0.0,0.0,0.2483754512635378,0.0011181513231457,0,0,0,0,0,1,0,test
1,0.1311475409836066,0.0,0.0,0.0,0.0,0.2483754512635378,0.0007454342154304,1,0,0,0,0,0,0,train
1,0.3770491803278689,0.0,0.0,0.0,0.0263157894736842,0.2216606498194945,0.0186358553857622,0,0,0,1,0,0,0,train
1,0.1967213114754099,0.0,0.0,0.0,0.0789473684210526,0.4115523465703971,0.026090197540067,0,0,1,0,0,0,0,train
1,0.0491803278688524,0.0,0.0,0.0588235294117647,0.0,0.2483754512635378,0.0003727171077152,0,0,1,0,0,0,0,train
0,0.2295081967213115,0.0,0.0,0.0588235294117647,0.0,0.2483754512635378,0.0003727171077152,0,0,1,0,0,0,0,train
1,0.5409836065573771,0.0,0.0,0.0,0.0789473684210526,0.2490974729241877,0.0,1,0,0,0,0,0,0,train
1,0.278688524590164,0.0,0.0,0.0,0.0526315789473684,0.2483754512635378,0.0003727171077152,0,0,1,0,0,0,0,train
0,0.3114754098360656,0.0,0.0,0.0,0.0789473684210526,0.2483754512635378,0.010808796123742,1,0,0,0,0,0,0,train
1,0.0983606557377049,0.0,0.0,0.0,0.0,0.2483754512635378,0.0003727171077152,1,0,0,0,0,0,1,train
0,0.2459016393442623,0.0,0.0,0.0,0.0789473684210526,0.2483754512635378,0.0007454342154304,1,0,0,0,0,0,0,val
0,0.1967213114754099,0.0,0.0,0.0,0.1052631578947368,0.2483754512635378,0.0111815132314573,0,0,1,0,0,0,0,train
0,0.3934426229508196,0.0,0.0,0.0,0.0263157894736842,0.2418772563176895,0.0,1,0,0,0,0,0,0,val
0,0.3606557377049181,0.0,0.0,0.0,0.3947368421052631,0.2483754512635378,0.0245993291092061,1,0,0,0,0,0,1,train
1,0.0491803278688524,0.0,0.0,0.0,0.0,0.2490974729241877,0.0011181513231457,1,0,0,0,0,0,0,train
1,0.0983606557377049,0.0,0.0,0.0,0.0,0.2490974729241877,0.0,0,0,1,0,0,0,0,train
1,0.3770491803278689,0.0,0.0,0.0,0.0,0.2483754512635378,0.0003727171077152,1,0,0,0,0,0,0,train
1,0.3442622950819672,0.0,0.0,0.0,0.0263157894736842,0.2483754512635378,0.0003727171077152,1,0,0,0,0,0,0,train
0,0.0983606557377049,0.0,0.0,0.0,0.0789473684210526,0.2483754512635378,0.0014908684308609,1,0,0,0,0,0,0,test
0,0.0983606557377049,0.0,0.0,0.0,0.0263157894736842,0.2324909747292418,0.0156541185240402,1,0,0,0,0,0,0,val
1,0.3442622950819672,0.0,0.0,0.0,0.9210526315789472,0.2166064981949458,0.0052180395080134,1,0,0,0,0,0,0,train
0,0.1311475409836066,0.0,0.0,0.0,0.1052631578947368,0.2483754512635378,0.0003727171077152,0,0,0,0,0,1,1,train
1,0.4262295081967213,0.0,0.0,0.0,0.0,0.2483754512635378,0.0126723816623183,1,0,0,0,0,0,0,train
1,0.3934426229508196,0.0,0.0,0.0,0.0,0.2483754512635378,0.0003727171077152,0,0,1,0,0,0,0,val
1,0.4426229508196722,0.0,0.0,0.0,0.0263157894736842,0.247653429602888,0.0003727171077152,0,0,1,0,0,0,0,train
1,0.1147540983606557,0.0,0.125,0.0,0.1842105263157894,0.2483754512635378,0.013790532985464,1,0,0,0,0,0,1,train
0,0.1639344262295082,0.0,0.0,0.0,0.1842105263157894,0.6866425992779783,0.0540439806187103,0,0,1,0,0,0,0,test
1,0.2459016393442623,0.0,0.0,0.0,0.0,0.2483754512635378,0.0018635855385762,0,0,1,0,0,0,0,test
1,0.1147540983606557,0.0,0.0,0.0,0.0,0.2483754512635378,0.0011181513231457,0,0,1,0,0,0,0,train
1,0.2295081967213115,0.0,0.125,0.0,0.131578947368421,0.2418772563176895,0.0033544539694371,1,0,0,0,0,0,0,train
1,0.0819672131147541,0.0,0.0,0.0,0.0,0.2483754512635378,0.0014908684308609,1,0,0,0,0,0,0,train
1,0.3442622950819672,0.0,0.0,0.0,0.0,0.2483754512635378,0.0007454342154304,0,0,1,0,0,0,0,test
1,0.1475409836065574,0.0,0.0,0.0,0.3157894736842105,0.2483754512635378,0.0003727171077152,1,0,0,0,0,0,1,test
0,0.278688524590164,0.0,0.0,0.0,0.1052631578947368,0.2483754512635378,0.0007454342154304,0,0,1,0,0,0,0,train
1,0.0819672131147541,0.0,0.0,0.0,0.0263157894736842,0.2072202166064982,0.0063361908311591,1,0,0,0,0,0,0,train
0,0.3278688524590164,0.0,0.0,0.0,0.0,0.2490974729241877,0.0003727171077152,1,0,0,0,0,0,0,train
1,0.1967213114754099,0.0,0.0,0.0,0.1052631578947368,0.2418772563176895,0.0026090197540067,1,0,0,0,0,0,0,train
1,0.1967213114754099,0.0,0.0,0.0,0.0263157894736842,0.2483754512635378,0.0029817368617219,0,0,1,0,0,0,0,train
0,0.1967213114754099,0.0,0.0,0.0,0.0,0.2490974729241877,0.0,0,0,1,0,0,0,0,test
1,0.2131147540983606,0.0,0.0,0.0,0.0526315789473684,0.2483754512635378,0.0,1,0,0,0,0,0,0,train
1,0.2622950819672132,0.0,0.0,0.0,0.0,0.2483754512635378,0.0402534476332463,0,0,0,0,0,1,0,val
0,0.1147540983606557,0.0,0.0,0.0,0.0,0.2483754512635378,0.0163995527394707,1,0,0,0,0,0,0,train
0,0.1311475409836066,0.0,0.0,0.0,0.0263157894736842,0.23971119133574,0.0033544539694371,0,0,1,0,0,0,0,train
0,0.3114754098360656,0.0,0.0,0.0,0.0,0.2483754512635378,0.0003727171077152,1,0,0,0,0,0,0,train
1,0.2622950819672132,0.0,0.0,0.0588235294117647,0.0789473684210526,0.2483754512635378,0.0003727171077152,0,0,1,0,0,0,0,test
0,0.3278688524590164,0.0,0.0,0.0,0.0,0.2483754512635378,0.0093179276928811,0,0,0,1,0,0,0,train
0,0.2131147540983606,0.0,0.0,0.0,0.0,0.2483754512635378,0.0007454342154304,1,0,0,0,0,0,0,train
0,0.180327868852459,0.0,0.0,0.0,0.0,0.2490974729241877,0.0,0,0,1,0,0,0,0,val
1,0.0655737704918033,0.0,0.0,0.0,0.0,0.2483754512635378,0.0003727171077152,1,0,0,0,0,0,0,train
0,0.5409836065573771,0.0,0.0,0.0,0.0,0.2469314079422382,0.0003727171077152,0,0,0,1,0,0,0,train
1,0.4754098360655738,0.0,0.0,0.0,0.0,0.2483754512635378,0.0819977636973537,1,0,0,0,0,0,1,train
1,0.0491803278688524,0.0,0.0,0.0,0.0263157894736842,0.2483754512635378,0.0003727171077152,1,0,0,0,0,0,0,train
1,0.0819672131147541,0.0,0.0,0.0588235294117647,0.131578947368421,0.2483754512635378,0.0055907566157286,1,0,0,0,0,0,1,train
1,0.0819672131147541,0.0,0.0,0.0,0.0,0.2483754512635378,0.0003727171077152,0,0,0,0,0,1,0,test
0,0.0983606557377049,0.0,0.0,0.0,0.0,0.2483754512635378,0.0029817368617219,0,0,1,0,0,0,0,train
0,0.0819672131147541,0.0,0.0,0.0,0.0,0.247653429602888,0.0003727171077152,0,0,0,1,0,0,0,test
0,0.0163934426229508,0.0,0.0,0.0,0.0,0.2483754512635378,0.0003727171077152,1,0,0,0,0,0,1,train
1,0.2295081967213115,0.0,0.0,0.0,0.0,0.2483754512635378,0.0022363026462914,0,0,1,0,0,0,1,train
0,0.3442622950819672,0.0,0.0,0.0,0.0,0.2469314079422382,0.0003727171077152,0,0,1,0,0,0,1,train
1,0.2459016393442623,0.0,0.0,0.0,0.0526315789473684,0.2483754512635378,0.0965337308982482,1,0,0,0,0,0,0,test
0,0.2950819672131147,0.0,0.0,0.0,0.0,0.2483754512635378,0.0003727171077152,0,0,1,0,0,0,0,train
1,0.7049180327868853,0.0,0.0,0.0,0.0263157894736842,0.1906137184115523,0.0301900857249347,0,0,0,1,0,0,0,train
0,0.3606557377049181,0.0,0.0,0.0,0.0,0.2490974729241877,0.0,0,0,1,0,0,0,0,train
1,0.5737704918032788,0.0,0.0,0.0,0.1052631578947368,0.2462093862815884,0.0007454342154304,1,0,0,0,0,0,0,test
0,0.1639344262295082,0.0,0.0,0.0,0.0,0.2483754512635378,0.0003727171077152,0,0,1,0,0,0,0,val
1,0.3278688524590164,0.0,0.0,0.0,0.0526315789473684,0.2490974729241877,0.010808796123742,0,0,0,1,0,0,0,train
1,0.6065573770491803,0.0,0.0,0.0,0.0,0.2483754512635378,0.0003727171077152,0,0,1,0,0,0,0,train
1,0.0655737704918033,0.05,0.0,0.0,0.0263157894736842,0.2483754512635378,0.0007454342154304,1,0,0,0,0,0,0,train
0,0.2622950819672132,0.0,0.0,0.0,0.0263157894736842,0.2483754512635378,0.0007454342154304,1,0,0,0,0,0,0,test
1,0.6065573770491803,0.0,0.0,0.0,0.0263157894736842,0.2368231046931407,0.0014908684308609,0,0,1,0,0,0,0,train
1,0.0983606557377049,0.0,0.0,0.0,0.0526315789473684,0.2490974729241877,0.0003727171077152,0,0,0,1,0,0,0,val
1,0.3770491803278689,0.0,0.0,0.0,0.0,0.2490974729241877,0.0,0,0,0,0,0,1,0,train
1,0.3770491803278689,0.0,0.0,0.0,0.0,0.247653429602888,0.0003727171077152,0,0,0,1,0,0,0,train
1,0.7049180327868853,0.0,0.0,0.0,0.3157894736842105,0.2483754512635378,0.090197540067089,1,0,0,0,0,0,0,val
1,0.639344262295082,0.0,0.0,0.0,0.0789473684210526,0.2490974729241877,0.0007454342154304,1,0,0,0,0,0,0,train
0,0.3278688524590164,0.0,0.0,0.0,0.0526315789473684,0.2483754512635378,0.0003727171077152,0,0,1,0,0,0,0,test
1,0.0819672131147541,0.0,0.0,0.0,0.0,0.2483754512635378,0.0160268356317555,1,0,0,0,0,0,1,train
1,0.0819672131147541,0.0,0.0,0.0,0.0789473684210526,0.2483754512635378,0.0037271710771524,0,0,1,0,0,0,0,train
1,0.0327868852459016,0.0,0.0,0.0,0.0,0.2483754512635378,0.0003727171077152,1,0,0,0,0,0,0,train
1,0.4262295081967213,0.0,0.0,0.0,0.0263157894736842,0.2483754512635378,0.0003727171077152,0,0,1,0,0,0,0,train
0,0.3278688524590164,0.0,0.0,0.0,0.0263157894736842,0.2324909747292418,0.0007454342154304,0,0,1,0,0,0,0,train
1,0.2295081967213115,0.0,0.0,0.0,0.0,0.2483754512635378,0.0003727171077152,0,0,0,0,0,1,0,val
1,0.180327868852459,0.0,0.0,0.0,0.0,0.2490974729241877,0.0003727171077152,1,0,0,0,0,0,0,train
1,0.0819672131147541,0.0,0.0,0.0,0.0789473684210526,0.2483754512635378,0.0518076779724189,1,0,0,0,0,0,1,val
1,0.0983606557377049,0.0,0.0,0.0588235294117647,0.0263157894736842,0.2324909747292418,0.0007454342154304,0,0,1,0,0,0,0,val
1,0.4426229508196722,0.0,0.0,0.0,0.0,0.2490974729241877,0.0,0,0,0,0,0,1,0,train
1,0.0491803278688524,0.0,0.125,0.0,0.0526315789473684,0.2483754512635378,0.0003727171077152,1,0,0,0,0,0,0,test
0,0.180327868852459,0.0,0.0,0.0,0.0,0.2490974729241877,0.0003727171077152,1,0,0,0,0,0,0,train
1,0.1147540983606557,0.0,0.0,0.0,0.0263157894736842,0.2490974729241877,0.0,1,0,0,0,0,0,0,train
1,0.459016393442623,0.0,0.0,0.0,0.3421052631578947,0.2483754512635378,0.0529258292955646,0,0,0,1,0,0,0,train
1,0.1475409836065574,0.0,0.0,0.0,0.0526315789473684,0.2483754512635378,0.0007454342154304,0,0,1,0,0,0,0,train
1,0.5081967213114754,0.0,0.0,0.0,0.0,0.2483754512635378,0.0003727171077152,1,0,0,0,0,0,0,train
1,0.3114754098360656,0.0,0.0,0.0,0.0263157894736842,0.2483754512635378,0.0007454342154304,0,0,0,1,0,0,0,train
1,0.0491803278688524,0.0,0.0,0.0,0.0,0.2483754512635378,0.0003727171077152,0,0,1,0,0,0,1,val
0,0.1639344262295082,0.0,0.0,0.0,0.1052631578947368,0.2483754512635378,0.0007454342154304,1,0,0,0,0,0,0,train
0,0.1639344262295082,0.0,0.0,0.0,0.0,0.2490974729241877,0.0003727171077152,1,0,0,0,0,0,0,train
1,0.6557377049180328,0.0,0.0,0.0,0.0789473684210526,0.2462093862815884,0.0003727171077152,0,0,1,0,0,0,0,test
1,0.0655737704918033,0.0,0.0,0.0,0.0,0.2483754512635378,0.0033544539694371,0,0,1,0,0,0,1,train
1,0.2131147540983606,0.0,0.0,0.0,0.131578947368421,0.2483754512635378,0.0007454342154304,1,0,0,0,0,0,0,train
1,0.2459016393442623,0.0,0.0,0.0,0.0,0.2490974729241877,0.0149086843086097,1,0,0,0,0,0,0,test
0,0.0819672131147541,0.0,0.125,0.0,0.0263157894736842,0.2490974729241877,0.0,1,0,0,0,0,0,0,train
1,0.2295081967213115,0.0,0.0,0.0,0.2894736842105263,0.2483754512635378,0.0525531121878494,0,0,1,0,0,0,0,train
1,0.0655737704918033,0.0,0.0,0.0,0.0,0.2490974729241877,0.0003727171077152,0,0,1,0,0,0,0,train
0,0.278688524590164,0.0,0.0,0.0,0.0526315789473684,0.2483754512635378,0.0268356317554975,1,0,0,0,0,0,0,train
1,0.278688524590164,0.0,0.0,0.0,0.0526315789473684,0.2389891696750902,0.090197540067089,0,0,0,1,0,0,0,test
0,0.5901639344262296,0.0,0.0,0.0,0.0263157894736842,0.244043321299639,0.0,0,0,1,0,0,0,0,train
1,0.180327868852459,0.0,0.0,0.0,0.0,0.2483754512635378,0.0335445396943719,0,0,1,0,0,0,0,val
0,0.2950819672131147,0.0,0.0,0.0,0.0,0.2490974729241877,0.0003727171077152,1,0,0,0,0,0,0,train
1,0.1147540983606557,0.0,0.0,0.0,0.0,0.2490974729241877,0.0007454342154304,1,0,0,0,0,0,0,train
1,0.180327868852459,0.0,0.0,0.0,0.0526315789473684,0.2483754512635378,0.0003727171077152,1,0,0,0,0,0,0,train
1,0.2131147540983606,0.0,0.0,0.0,0.0,0.2490974729241877,0.0186358553857622,0,0,0,1,0,0,1,train
1,0.3442622950819672,0.0,0.0,0.0,0.0,0.2490974729241877,0.0,0,0,1,0,0,0,0,train
0,0.0819672131147541,0.0,0.0,0.0,0.0,0.2490974729241877,0.0,1,0,0,0,0,0,0,train
0,0.0819672131147541,0.0,0.0,0.0,0.0263157894736842,0.2483754512635378,0.0003727171077152,1,0,0,0,0,0,0,train
0,0.3114754098360656,0.0,0.0,0.0,0.0,0.2469314079422382,0.0003727171077152,0,0,0,1,0,0,0,train
0,0.7049180327868853,0.0,0.0,0.0,0.0263157894736842,0.1920577617328519,0.0193812896011926,1,0,0,0,0,0,0,train
1,0.1967213114754099,0.0,0.125,0.0,0.2368421052631578,0.2483754512635378,0.0130450987700335,1,0,0,0,0,0,1,train
1,0.0819672131147541,0.0,0.0,0.0,0.0263157894736842,0.2483754512635378,0.0134178158777487,1,0,0,0,0,0,0,val
0,0.1475409836065574,0.0,0.0,0.0,0.0,0.247653429602888,0.0350354081252329,1,0,0,0,0,0,1,train
1,0.3278688524590164,0.0,0.125,0.0,0.2631578947368421,0.2483754512635378,0.0018635855385762,1,0,0,0,0,0,0,val
1,0.3934426229508196,0.0,0.0,0.0,0.0263157894736842,0.2483754512635378,0.0029817368617219,1,0,0,0,0,0,0,train
1,0.2131147540983606,0.0,0.0,0.0,0.0,0.2483754512635378,0.0003727171077152,1,0,0,0,0,0,0,train
1,0.4098360655737705,0.0,0.0,0.0,0.0263157894736842,0.2483754512635378,0.0018635855385762,1,0,0,0,0,0,1,test
1,0.3442622950819672,0.0,0.0,0.0,0.0,0.2483754512635378,0.0022363026462914,0,0,1,0,0,0,0,train
1,0.2131147540983606,0.0,0.0,0.0,0.0,0.2483754512635378,0.0014908684308609,1,0,0,0,0,0,0,train
0,0.2459016393442623,0.0,0.0,0.0,0.0,0.2490974729241877,0.0007454342154304,1,0,0,0,0,0,0,test
1,0.0491803278688524,0.0,0.125,0.0,0.0263157894736842,0.3321299638989169,0.0022363026462914,0,0,1,0,0,0,1,val
1,0.0819672131147541,0.0,0.0,0.0,0.0263157894736842,0.2483754512635378,0.0447260529258292,1,0,0,0,0,0,1,train
0,0.180327868852459,0.0,0.0,0.0,0.0,0.2483754512635378,0.0104360790160268,0,0,1,0,0,0,0,test
1,0.7213114754098361,0.0,0.0,0.0,0.0526315789473684,0.2462093862815884,0.0003727171077152,0,0,1,0,0,0,0,train
0,0.4262295081967213,0.0,0.0,0.0,0.0,0.2483754512635378,0.0003727171077152,0,0,1,0,0,0,0,test
1,0.1967213114754099,0.0,0.0,0.0,0.0,0.2490974729241877,0.0,1,0,0,0,0,0,0,train
1,0.5409836065573771,0.0,0.0,0.0,0.0789473684210526,0.2483754512635378,0.0033544539694371,0,0,1,0,0,0,0,train
1,0.0491803278688524,0.0,0.0,0.0,0.0,0.2483754512635378,0.0011181513231457,1,0,0,0,0,0,0,test
1,0.1475409836065574,0.0,0.0,0.0,0.0789473684210526,0.2483754512635378,0.0033544539694371,1,0,0,0,0,0,1,train
1,0.1639344262295082,0.0,0.0,0.0,0.0,0.2490974729241877,0.0,0,0,0,1,0,0,0,train
0,0.2131147540983606,0.0,0.0,0.0,0.0,0.2483754512635378,0.0007454342154304,1,0,0,0,0,0,0,test
0,0.5081967213114754,0.0,0.0,0.0,0.0526315789473684,0.2483754512635378,0.0003727171077152,0,0,1,0,0,0,0,train
0,0.3770491803278689,0.0,0.0,0.0,0.0526315789473684,0.2483754512635378,0.0253447633246366,0,0,0,0,0,1,0,train
1,0.0327868852459016,0.0,0.0,0.2941176470588235,0.0,0.2483754512635378,0.0003727171077152,0,0,1,0,0,0,0,train
1,0.0819672131147541,0.0,0.125,0.0,0.1052631578947368,0.2490974729241877,0.1483414088706671,1,0,0,0,0,0,1,train
1,0.1311475409836066,0.0,0.0,0.0,0.0,0.2483754512635378,0.0011181513231457,0,0,1,0,0,0,0,train
1,0.1639344262295082,0.0,0.0,0.0,0.0263157894736842,0.2490974729241877,0.0003727171077152,0,0,1,0,0,0,0,val
1,0.5573770491803279,0.0,0.0,0.0,0.1052631578947368,0.2454873646209386,0.0018635855385762,1,0,0,0,0,0,0,train
1,0.2950819672131147,0.0,0.0,0.0,0.0263157894736842,0.2483754512635378,0.0014908684308609,0,0,0,1,0,0,0,train
1,0.5901639344262296,0.0,0.0,0.0,0.131578947368421,0.3566787003610108,0.0350354081252329,0,0,0,1,0,0,0,train
1,0.5901639344262296,0.0,0.0,0.0,0.0789473684210526,0.2014440433212996,0.0245993291092061,1,0,0,0,0,0,0,train
1,0.0655737704918033,0.0,0.0,0.0,0.0,0.2490974729241877,0.0,1,0,0,0,0,0,0,train
1,0.0983606557377049,0.0,0.0,0.1176470588235294,0.0526315789473684,0.2483754512635378,0.012299664554603,0,0,1,0,0,0,0,train
1,0.2295081967213115,0.0,0.0,0.0,0.0526315789473684,0.2483754512635378,0.0909429742825195,1,0,0,0,0,0,0,train
0,0.2622950819672132,0.0,0.0,0.0,0.1578947368421052,0.2483754512635378,0.0003727171077152,1,0,0,0,0,0,0,val
1,0.5409836065573771,0.0,0.0,0.0,0.2105263157894736,0.2483754512635378,0.0096906448005963,1,0,0,0,0,0,0,train
1,0.1639344262295082,0.0,0.0,0.0,0.0,0.2483754512635378,0.0003727171077152,1,0,0,0,0,0,0,train
1,0.0819672131147541,0.0,0.0,0.0,0.0,0.2490974729241877,0.0003727171077152,0,0,1,0,0,0,0,train
1,0.1147540983606557,0.0,0.0,0.0,0.0526315789473684,0.2483754512635378,0.0033544539694371,0,0,1,0,0,0,0,train
1,0.1639344262295082,0.0,0.0,0.0,0.0526315789473684,0.2483754512635378,0.0324263883712262,0,0,1,0,0,0,0,train
0,0.2295081967213115,0.0,0.0,0.0,0.0,0.2490974729241877,0.0003727171077152,1,0,0,0,0,0,1,test
1,0.278688524590164,0.0,0.0,0.0,0.1842105263157894,0.2483754512635378,0.010808796123742,1,0,0,0,0,0,0,val
1,0.2459016393442623,0.0,0.0,0.0,0.4210526315789473,0.2490974729241877,0.012299664554603,1,0,0,0,0,0,1,train
1,0.1967213114754099,0.0,0.0,0.0,0.0263157894736842,0.2483754512635378,0.0007454342154304,0,0,0,0,0,1,0,train
0,0.6557377049180328,0.0,0.0,0.0,0.0263157894736842,0.2469314079422382,0.0,0,0,1,0,0,0,0,train
1,0.0655737704918033,0.0,0.0,0.0,0.0526315789473684,0.2490974729241877,0.0026090197540067,1,0,0,0,0,0,0,train
1,0.1639344262295082,0.0,0.0,0.0,0.0526315789473684,0.2512635379061371,0.0007454342154304,0,0,1,0,0,0,1,test
1,0.1311475409836066,0.0,0.125,0.0,0.1578947368421052,0.2483754512635378,0.0014908684308609,1,0,0,0,0,0,1,test
1,0.0819672131147541,0.0,0.0,0.0,0.0,0.2490974729241877,0.0003727171077152,0,0,1,0,0,0,0,train
1,0.1311475409836066,0.0,0.0,0.0,0.0,0.2483754512635378,0.0007454342154304,1,0,0,0,0,0,0,train
1,0.1147540983606557,0.0,0.0,0.0,0.0263157894736842,0.2490974729241877,0.0,1,0,0,0,0,0,0,train
1,0.3606557377049181,0.0,0.0,0.0,0.0526315789473684,0.2483754512635378,0.0003727171077152,0,0,0,0,1,0,0,train
1,0.6229508196721312,0.0,0.0,0.0,0.0263157894736842,0.2483754512635378,0.0003727171077152,1,0,0,0,0,0,0,train
1,0.5409836065573771,0.0,0.0,0.0,0.0789473684210526,0.1862815884476534,0.0406261647409616,0,0,1,0,0,0,0,train
1,0.2950819672131147,0.0,0.0,0.0,0.0,0.2483754512635378,0.1043607901602683,1,0,0,0,0,0,0,val
1,0.5409836065573771,0.0,0.0,0.0,0.0,0.2483754512635378,0.0007454342154304,0,0,1,0,0,0,0,train
0,0.278688524590164,0.1,0.0,0.0,0.2368421052631578,0.2483754512635378,0.0648527767424524,1,0,0,0,0,0,0,train
1,0.0655737704918033,0.0,0.125,0.0,0.0526315789473684,0.2490974729241877,0.0532985464032799,0,0,1,0,0,0,1,train
1,0.4098360655737705,0.0,0.0,0.0,0.0526315789473684,0.2194945848375451,0.015281401416325,0,0,1,0,0,0,0,train
1,0.0655737704918033,0.0,0.0,0.0,0.0526315789473684,0.2028880866425992,0.0186358553857622,1,0,0,0,0,0,0,train
1,0.2131147540983606,0.0,0.0,0.0,0.1052631578947368,0.2974729241877256,0.0003727171077152,1,0,0,0,0,0,1,train
1,0.1147540983606557,0.0,0.0,0.0588235294117647,0.0789473684210526,0.2483754512635378,0.0029817368617219,0,0,1,0,0,0,0,test
0,0.5573770491803279,0.0,0.0,0.0,0.0,0.2483754512635378,0.0003727171077152,0,0,1,0,0,0,0,train
1,0.278688524590164,0.0,0.0,0.0,0.0,0.2483754512635378,0.0003727171077152,0,0,0,1,0,0,0,val
0,0.0983606557377049,0.0,0.0,0.0,0.0,0.2469314079422382,0.0096906448005963,0,0,1,0,0,0,0,train
1,0.639344262295082,0.0,0.0,0.0,0.0,0.2490974729241877,0.0026090197540067,0,0,0,0,0,1,0,train
1,0.3278688524590164,0.0,0.0,0.0,0.0526315789473684,0.2483754512635378,0.0003727171077152,0,0,1,0,0,0,0,test
1,0.0655737704918033,0.0,0.0,0.0,0.0263157894736842,0.2014440433212996,0.0234811777860603,1,0,0,0,0,0,0,test
1,0.1311475409836066,0.0,0.0,0.0,0.0263157894736842,0.247653429602888,0.0003727171077152,0,0,0,1,0,0,0,train
1,0.1147540983606557,0.1,0.375,0.0,0.2105263157894736,0.0830324909747292,0.015281401416325,1,0,0,0,0,0,0,test
1,0.2622950819672132,0.0,0.0,0.0,0.0526315789473684,0.2483754512635378,0.0003727171077152,1,0,0,0,0,0,0,train
0,0.0983606557377049,0.0,0.0,0.0,0.0,0.2483754512635378,0.0040998881848676,0,0,1,0,0,0,0,train
1,0.0983606557377049,0.0,0.0,0.0,0.1052631578947368,0.2202166064981949,0.0149086843086097,0,0,0,0,0,1,0,train
1,0.5081967213114754,0.0,0.0,0.0,0.1052631578947368,0.2490974729241877,0.0011181513231457,0,0,1,0,0,0,1,train
1,0.6065573770491803,0.0,0.0,0.0,0.0,0.2483754512635378,0.0003727171077152,0,0,1,0,0,0,0,train
1,0.6065573770491803,0.0,0.0,0.0,0.2631578947368421,0.2483754512635378,0.062616474096161,1,0,0,0,0,0,1,train
1,0.2295081967213115,0.0,0.0,0.0,0.2368421052631578,0.2483754512635378,0.0417443160641073,1,0,0,0,0,0,0,train
1,0.6065573770491803,0.0,0.0,0.0,0.0,0.2483754512635378,0.0003727171077152,0,0,1,0,0,0,0,train
1,0.0819672131147541,0.0,0.0,0.0,0.0789473684210526,0.2490974729241877,0.0022363026462914,1,0,0,0,0,0,0,train
1,0.5901639344262296,0.0,0.0,0.0,0.0526315789473684,0.2281588447653429,0.0149086843086097,0,0,1,0,0,0,1,train
1,0.3606557377049181,0.0,0.0,0.0,0.0,0.2483754512635378,0.0074543421543048,0,1,0,0,0,0,0,val
1,0.1475409836065574,0.0,0.0,0.0,0.0,0.2483754512635378,0.0029817368617219,1,0,0,0,0,0,1,train
1,0.2950819672131147,0.0,0.0,0.0,0.1052631578947368,0.3104693140794223,0.0044726052925829,0,0,1,0,0,0,1,train
0,0.180327868852459,0.0,0.0,0.0,0.131578947368421,0.2490974729241877,0.0003727171077152,1,0,0,0,0,0,0,test
0,0.4426229508196722,0.0,0.0,0.0,0.0,0.2483754512635378,0.0003727171077152,0,0,1,0,0,0,0,test
1,0.1147540983606557,0.0,0.0,0.0,0.0526315789473684,0.2483754512635378,0.0238538948937756,0,0,0,0,0,1,0,train
1,0.3606557377049181,0.0,0.0,0.0,0.1052631578947368,0.2483754512635378,0.0003727171077152,0,0,1,0,0,0,1,train
1,0.3278688524590164,0.0,0.0,0.0,0.1842105263157894,0.2483754512635378,0.0055907566157286,1,0,0,0,0,0,1,test
1,0.6885245901639345,0.0,0.0,0.0,0.0,0.2483754512635378,0.0003727171077152,0,0,1,0,0,0,0,train
1,0.639344262295082,0.0,0.0,0.0,0.0789473684210526,0.1220216606498194,0.0115542303391725,0,0,1,0,0,0,0,val
1,0.1311475409836066,0.0,0.0,0.0,0.0789473684210526,0.2490974729241877,0.010808796123742,1,0,0,0,0,0,1,test
0,0.3114754098360656,0.0,0.0,0.0,0.0,0.2483754512635378,0.0003727171077152,1,0,0,0,0,0,0,test
1,0.3770491803278689,0.0,0.0,0.0,0.0263157894736842,0.2483754512635378,0.0003727171077152,0,0,1,0,0,0,0,test
0,0.2459016393442623,0.0,0.0,0.0,0.0,0.2483754512635378,0.0204994409243384,0,0,0,0,0,1,0,train
1,0.639344262295082,0.0,0.0,0.0,0.0263157894736842,0.2483754512635378,0.0003727171077152,1,0,0,0,0,0,0,train
1,0.2622950819672132,0.0,0.0,0.0,0.0789473684210526,0.2483754512635378,0.0003727171077152,1,0,0,0,0,0,0,train
1,0.180327868852459,0.0,0.0,0.0,0.0263157894736842,0.2483754512635378,0.0003727171077152,1,0,0,0,0,0,1,val
1,0.4426229508196722,0.0,0.0,0.0,0.2105263157894736,0.2490974729241877,0.0003727171077152,0,0,0,1,0,0,0,test
1,0.0655737704918033,0.0,0.0,0.0,0.0263157894736842,0.2433212996389891,0.0040998881848676,0,0,1,0,0,0,0,test
1,0.0491803278688524,0.0,0.0,0.0,0.0,0.2483754512635378,0.0167722698471859,1,0,0,0,0,0,0,val
1,0.6229508196721312,0.0,0.0,0.0,0.0263157894736842,0.2483754512635378,0.0003727171077152,0,0,1,0,0,0,0,train
1,0.4918032786885246,0.0,0.0,0.0,0.1052631578947368,0.2483754512635378,0.0003727171077152,1,0,0,0,0,0,0,train
1,0.1475409836065574,0.0,0.0,0.0,0.0263157894736842,0.2483754512635378,0.0003727171077152,0,0,0,1,0,0,0,train
1,0.2622950819672132,0.0,0.0,0.0,0.0263157894736842,0.2483754512635378,0.0190085724934774,0,0,0,1,0,0,0,train
1,0.2459016393442623,0.0,0.125,0.0,0.1578947368421052,0.2483754512635378,0.0007454342154304,1,0,0,0,0,0,1,test
1,0.6557377049180328,0.0,0.0,0.0,0.0263157894736842,0.2483754512635378,0.0007454342154304,0,0,1,0,0,0,0,train
0,0.2459016393442623,0.0,0.0,0.0,0.0263157894736842,0.2469314079422382,0.0003727171077152,1,0,0,0,0,0,0,train
0,0.3606557377049181,0.0,0.0,0.0,0.0526315789473684,0.2483754512635378,0.0376444278792396,1,0,0,0,0,0,0,val
1,0.0655737704918033,0.0,0.0,0.0,0.0,0.2490974729241877,0.0003727171077152,0,0,1,0,0,0,0,train
1,0.3442622950819672,0.0,0.0,0.0,0.0526315789473684,0.2483754512635378,0.0055907566157286,0,0,1,0,0,0,0,train
0,0.0819672131147541,0.0,0.0,0.0,0.0789473684210526,0.2223826714801444,0.027581065970928,1,0,0,0,0,0,0,train
1,0.278688524590164,0.0,0.0,0.0588235294117647,0.0263157894736842,0.2490974729241877,0.0,0,0,1,0,0,0,0,train
1,0.0655737704918033,0.0,0.0,0.0,0.0,0.2483754512635378,0.0003727171077152,0,0,0,1,0,0,0,train
1,0.3114754098360656,0.0,0.0,0.0,0.1052631578947368,0.2483754512635378,0.0003727171077152,0,0,0,1,0,0,0,train
1,0.6885245901639345,0.0,0.0,0.0,0.0,0.2483754512635378,0.0003727171077152,0,0,0,1,0,0,0,train
0,0.3442622950819672,0.0,0.0,0.0,0.0263157894736842,0.2483754512635378,0.0026090197540067,0,0,1,0,0,0,0,train
1,0.1147540983606557,0.0,0.0,0.0,0.0263157894736842,0.2483754512635378,0.0872158032053671,1,0,0,0,0,0,0,train
0,0.8524590163934428,0.0,0.0,0.0,0.0,0.2483754512635378,0.0003727171077152,0,0,0,0,0,1,0,train
1,0.5737704918032788,0.0,0.0,0.0,0.1578947368421052,0.2483754512635378,0.0003727171077152,1,0,0,0,0,0,0,train
1,0.3114754098360656,0.0,0.0,0.0,0.0,0.2454873646209386,0.0078270592620201,0,0,1,0,0,0,0,train
1,0.1639344262295082,0.0,0.0,0.0,0.0263157894736842,0.2483754512635378,0.0003727171077152,1,0,0,0,0,0,0,val
1,0.0491803278688524,0.0,0.0,0.0,0.0263157894736842,0.2483754512635378,0.0585165859112933,1,0,0,0,0,0,0,train
1,0.2295081967213115,0.0,0.0,0.0,0.0526315789473684,0.2483754512635378,0.2098397316436824,1,0,0,0,0,0,0,train
1,0.6229508196721312,0.0,0.0,0.0,0.0,0.2483754512635378,0.0022363026462914,1,0,0,0,0,0,0,test
1,0.1967213114754099,0.0,0.0,0.0,0.0789473684210526,0.2483754512635378,0.0003727171077152,0,0,1,0,0,0,0,train
1,0.1475409836065574,0.0,0.0,0.0,0.0263157894736842,0.2483754512635378,0.5452851285874022,1,0,0,0,0,0,0,train
1,0.3770491803278689,0.0,0.0,0.0588235294117647,0.1842105263157894,0.2490974729241877,0.0029817368617219,1,0,0,0,0,0,1,train
1,0.2295081967213115,0.0,0.125,0.1764705882352941,0.1842105263157894,0.2483754512635378,0.0003727171077152,1,0,0,0,0,0,1,train
1,0.1311475409836066,0.0,0.0,0.0,0.1842105263157894,0.1581227436823104,0.0003727171077152,0,0,1,0,0,0,0,train
1,0.2295081967213115,0.0,0.0,0.0,0.0789473684210526,0.2483754512635378,0.0193812896011926,1,0,0,0,0,0,0,train
1,0.459016393442623,0.0,0.0,0.0,0.0789473684210526,0.2483754512635378,0.0007454342154304,1,0,0,0,0,0,0,train
1,0.0983606557377049,0.0,0.0,0.0,0.0263157894736842,0.2483754512635378,0.0003727171077152,1,0,0,0,0,0,1,test
1,0.5245901639344263,0.0,0.0,0.0,0.0789473684210526,0.2483754512635378,0.0044726052925829,0,0,1,0,0,0,0,test
1,0.3114754098360656,0.0,0.0,0.0,0.0789473684210526,0.2483754512635378,0.0003727171077152,1,0,0,0,0,0,0,train
1,0.3114754098360656,0.0,0.0,0.0,0.0263157894736842,0.2490974729241877,0.0007454342154304,0,0,0,1,0,0,0,train
1,0.0491803278688524,0.0,0.0,0.0,0.0263157894736842,0.2180505415162454,0.0033544539694371,0,0,1,0,0,0,0,train
1,0.9344262295081968,0.0,0.0,0.0,0.0263157894736842,0.1682310469314079,0.0380171449869549,0,0,0,1,0,0,0,test
1,0.3606557377049181,0.0,0.0,0.0,0.0789473684210526,0.2490974729241877,0.0149086843086097,0,0,1,0,0,0,0,val
0,0.5737704918032788,0.0,0.0,0.0,0.0,0.2490974729241877,0.0,0,0,1,0,0,0,0,test
1,0.2459016393442623,0.0,0.0,0.0,0.1052631578947368,0.2483754512635378,0.0003727171077152,1,0,0,0,0,0,0,test
0,0.0655737704918033,0.0,0.0,0.0,0.0,0.2483754512635378,0.0003727171077152,1,0,0,0,0,0,0,train
1,0.1147540983606557,0.0,0.0,0.0,0.131578947368421,0.2483754512635378,0.0167722698471859,1,0,0,0,0,0,1,train
1,0.0983606557377049,0.0,0.0,0.0,0.0526315789473684,0.2483754512635378,0.0003727171077152,0,0,1,0,0,0,0,train
0,0.1311475409836066,0.0,0.0,0.0,0.0263157894736842,0.2490974729241877,0.0007454342154304,1,0,0,0,0,0,0,train
1,0.6229508196721312,0.0,0.0,0.0,0.2368421052631578,0.2483754512635378,0.7197167349981364,1,0,0,0,0,0,0,train
1,0.0983606557377049,0.0,0.0,0.0,0.0263157894736842,0.2483754512635378,0.0003727171077152,0,0,1,0,0,0,1,train
1,0.1311475409836066,0.0,0.0,0.0,0.131578947368421,0.2483754512635378,0.0022363026462914,0,0,1,0,0,0,0,train
1,0.7540983606557378,0.0,0.0,0.0,0.3421052631578947,0.2288808664259927,0.0003727171077152,1,0,0,0,0,0,0,train
1,0.0983606557377049,0.0,0.0,0.0,0.0,0.2483754512635378,0.0029817368617219,0,0,1,0,0,0,0,train
1,0.278688524590164,0.0,0.0,0.0,0.763157894736842,0.1761732851985559,0.0033544539694371,1,0,0,0,0,0,0,train
0,0.639344262295082,0.0,0.0,0.0,0.0,0.2454873646209386,0.0003727171077152,0,0,1,0,0,0,0,train
0,0.459016393442623,0.0,0.0,0.0,0.0,0.2483754512635378,0.0011181513231457,0,0,1,0,0,0,0,test
1,0.6229508196721312,0.0,0.0,0.0,0.4210526315789473,0.2483754512635378,0.0532985464032799,1,0,0,0,0,0,0,train
0,0.3442622950819672,0.0,0.0,0.0,0.0,0.2483754512635378,0.0,0,0,1,0,0,0,0,test
1,0.8196721311475411,0.0,0.0,0.0,0.1052631578947368,0.2483754512635378,0.0040998881848676,0,0,1,0,0,0,0,train
1,0.1639344262295082,0.0,0.0,0.0,0.0263157894736842,0.2483754512635378,0.0026090197540067,1,0,0,0,0,0,1,train
1,0.3278688524590164,0.0,0.0,0.0,0.0,0.2483754512635378,0.0003727171077152,0,0,1,0,0,0,0,val
0,0.1147540983606557,0.0,0.0,0.0,0.0789473684210526,0.2324909747292418,0.0003727171077152,1,0,0,0,0,0,0,train
1,0.1147540983606557,0.0,0.0,0.0588235294117647,0.0526315789473684,0.2490974729241877,0.0007454342154304,0,0,1,0,0,0,0,train
1,0.2131147540983606,0.0,0.0,0.0,0.0526315789473684,0.2490974729241877,0.0059634737234439,0,0,1,0,0,0,0,train
0,0.278688524590164,0.0,0.0,0.0,0.3421052631578947,0.2490974729241877,0.0007454342154304,1,0,0,0,0,0,0,train
1,0.2622950819672132,0.0,0.75,0.0588235294117647,0.5,0.2483754512635378,0.0003727171077152,1,0,0,0,0,0,0,test
1,0.639344262295082,0.0,0.0,0.0,0.0,0.2483754512635378,0.0003727171077152,0,0,0,0,0,1,0,train
0,0.3934426229508196,0.0,0.0,0.0,0.0263157894736842,0.2483754512635378,0.0003727171077152,1,0,0,0,0,0,0,train
1,0.0983606557377049,0.0,0.0,0.0,0.0263157894736842,0.2057761732851985,0.0141632500931792,0,0,1,0,0,0,0,train
1,0.3770491803278689,0.05,0.125,0.0,0.631578947368421,0.2483754512635378,0.0026090197540067,1,0,0,0,0,0,1,train
1,0.1475409836065574,0.0,0.0,0.0,0.0,0.2483754512635378,0.0003727171077152,0,0,1,0,0,0,0,train
1,0.2622950819672132,0.0,0.0,0.0,0.131578947368421,0.2490974729241877,0.0059634737234439,0,0,1,0,0,0,0,train
1,0.5245901639344263,0.0,0.0,0.0,0.0,0.2490974729241877,0.0,0,0,0,1,0,0,0,train
1,0.1147540983606557,0.0,0.125,0.0,0.1578947368421052,0.2490974729241877,0.0,0,0,1,0,0,0,1,train
1,0.1475409836065574,0.0,0.0,0.0,0.0526315789473684,0.2483754512635378,0.0588893030190085,1,0,0,0,0,0,0,test
1,0.1475409836065574,0.0,0.0,0.0,0.0,0.2483754512635378,0.0018635855385762,1,0,0,0,0,0,0,train
1,0.1967213114754099,0.0,0.0,0.0,0.0,0.2483754512635378,0.0003727171077152,0,0,1,0,0,0,0,test
1,0.0983606557377049,0.0,0.0,0.0,0.0789473684210526,0.2483754512635378,0.0048453224002981,1,0,0,0,0,0,0,test
1,0.3442622950819672,0.0,0.0,0.0,0.0,0.2483754512635378,0.0003727171077152,1,0,0,0,0,0,0,train
1,0.2295081967213115,0.0,0.0,0.0,0.1578947368421052,0.2888086642599278,0.0130450987700335,1,0,0,0,0,0,1,train
1,0.1311475409836066,0.0,0.125,0.0,0.631578947368421,0.2490974729241877,0.0022363026462914,1,0,0,0,0,0,1,train
1,0.1967213114754099,0.0,0.0,0.0,0.0526315789473684,0.2483754512635378,0.0003727171077152,0,0,0,0,0,1,0,test
1,0.0327868852459016,0.05,0.125,0.0588235294117647,0.1052631578947368,0.2592057761732851,0.6813268729034663,1,0,0,0,0,0,1,train
1,0.1147540983606557,0.0,0.0,0.0,0.0,0.2483754512635378,0.0216175922474841,0,0,1,0,0,0,0,test
1,0.1147540983606557,0.0,0.0,0.0,0.0526315789473684,0.2483754512635378,0.0003727171077152,1,0,0,0,0,0,1,test
0,0.1147540983606557,0.0,0.0,0.0,0.0,0.2483754512635378,0.0018635855385762,1,0,0,0,0,0,0,train
1,0.3278688524590164,0.0,0.0,0.0,0.0,0.2490974729241877,0.0003727171077152,1,0,0,0,0,0,0,train
1,0.3606557377049181,0.0,0.0,0.0,0.0,0.2490974729241877,0.0242266120014908,0,0,0,1,0,0,0,train
0,0.5081967213114754,0.0,0.0,0.0,0.1052631578947368,0.2483754512635378,0.0014908684308609,0,0,1,0,0,0,0,train
0,0.278688524590164,0.0,0.0,0.0,0.0526315789473684,0.2469314079422382,0.0048453224002981,0,0,1,0,0,0,0,val
1,0.1147540983606557,0.0,0.0,0.0,0.0,0.2483754512635378,0.0007454342154304,0,0,0,0,0,1,0,train
1,0.0491803278688524,0.0,0.0,0.0,0.0263157894736842,0.2483754512635378,0.0070816250465896,0,0,1,0,0,0,0,train
0,0.0983606557377049,0.0,0.0,0.0,0.0526315789473684,0.179783393501805,0.0011181513231457,0,0,1,0,0,0,0,test
1,0.1639344262295082,0.0,0.0,0.0,0.0789473684210526,0.2483754512635378,0.0190085724934774,0,0,1,0,0,0,0,train
0,0.2622950819672132,0.0,0.0,0.0,0.0263157894736842,0.3559566787003609,0.0078270592620201,1,0,0,0,0,0,0,train
1,0.639344262295082,0.0,0.0,0.0,0.2105263157894736,0.2483754512635378,0.0115542303391725,1,0,0,0,0,0,0,val
1,0.3606557377049181,0.0,0.0,0.0,0.3947368421052631,0.2483754512635378,0.1036153559448378,1,0,0,0,0,0,1,train
0,0.4098360655737705,0.0,0.0,0.0,0.0,0.2490974729241877,0.0212448751397689,1,0,0,0,0,0,0,train
1,0.4098360655737705,0.0,0.0,0.0,0.3157894736842105,0.2483754512635378,0.0193812896011926,0,0,1,0,0,0,0,test
1,0.2295081967213115,0.0,0.0,0.0,0.0,0.2483754512635378,0.0003727171077152,0,1,0,0,0,0,0,train
1,0.0491803278688524,0.0,0.0,0.0,0.0,0.2483754512635378,0.0007454342154304,1,0,0,0,0,0,1,train
1,0.5409836065573771,0.0,0.0,0.0,0.0526315789473684,0.2483754512635378,0.0033544539694371,1,0,0,0,0,0,0,test
1,0.0327868852459016,0.0,0.0,0.0,0.0,0.2483754512635378,0.0044726052925829,1,0,0,0,0,0,1,test
1,0.3442622950819672,0.0,0.0,0.0,0.0263157894736842,0.1776173285198555,0.0003727171077152,0,0,1,0,0,0,0,train
1,0.6557377049180328,0.0,0.0,0.0,0.0263157894736842,0.247653429602888,0.0007454342154304,0,0,0,1,0,0,0,val
0,0.1639344262295082,0.0,0.0,0.0588235294117647,0.0263157894736842,0.2490974729241877,0.0,0,0,0,0,0,1,0,train
0,0.1967213114754099,0.0,0.0,0.0,0.0526315789473684,0.2483754512635378,0.0003727171077152,1,0,0,0,0,0,0,train
1,0.0655737704918033,0.0,0.0,0.0,0.0263157894736842,0.2490974729241877,0.0100633619083115,1,0,0,0,0,0,1,train
1,0.5245901639344263,0.0,0.0,0.0,0.0263157894736842,0.2483754512635378,0.0003727171077152,0,0,1,0,0,0,0,test
1,0.1967213114754099,0.0,0.0,0.0,0.131578947368421,0.2483754512635378,0.0059634737234439,1,0,0,0,0,0,0,train
1,0.1639344262295082,0.0,0.0,0.0,0.0,0.2483754512635378,0.0003727171077152,0,0,1,0,0,0,1,train
1,0.1311475409836066,0.0,0.0,0.0588235294117647,0.0526315789473684,0.2490974729241877,0.0,0,0,0,1,0,0,0,test
0,0.5409836065573771,0.0,0.0,0.0,0.0,0.2483754512635378,0.0007454342154304,0,0,1,0,0,0,0,train
1,0.0491803278688524,0.0,0.0,0.0,0.0263157894736842,0.2490974729241877,0.0011181513231457,1,0,0,0,0,0,0,train
1,0.180327868852459,0.0,0.0,0.0,0.0,0.2483754512635378,0.0052180395080134,0,0,1,0,0,0,1,train
1,0.4098360655737705,0.0,0.0,0.0,0.0,0.2483754512635378,0.0003727171077152,0,0,1,0,0,0,0,val
1,0.0655737704918033,0.0,0.0,0.0,0.0263157894736842,0.2490974729241877,0.0134178158777487,1,0,0,0,0,0,0,train
1,0.2950819672131147,0.0,0.0,0.0,0.0,0.2490974729241877,0.0003727171077152,1,0,0,0,0,0,0,train
1,0.0983606557377049,0.0,0.0,0.0,0.0,0.2483754512635378,0.0003727171077152,1,0,0,0,0,0,0,train
1,0.1311475409836066,0.0,0.125,0.0,0.131578947368421,0.2483754512635378,0.0003727171077152,1,0,0,0,0,0,0,train
1,0.1475409836065574,0.0,0.0,0.0,0.2105263157894736,0.2490974729241877,0.013790532985464,1,0,0,0,0,0,0,train
1,0.1311475409836066,0.0,0.0,0.0,0.0526315789473684,0.2490974729241877,0.0,0,0,1,0,0,0,0,train
1,0.0983606557377049,0.0,0.0,0.0,0.0263157894736842,0.1314079422382671,0.058143868803578,1,0,0,0,0,0,0,test
0,0.180327868852459,0.0,0.0,0.0,0.0,0.2469314079422382,0.0003727171077152,1,0,0,0,0,0,0,test
1,0.2622950819672132,0.05,0.0,0.0,0.131578947368421,0.2490974729241877,0.0,1,0,0,0,0,0,0,test
1,0.0819672131147541,0.0,0.0,0.0,0.0526315789473684,0.2483754512635378,0.0,0,0,0,0,0,1,0,test
0,0.180327868852459,0.0,0.0,0.0,0.0263157894736842,0.2483754512635378,0.0003727171077152,1,0,0,0,0,0,0,train
1,0.0983606557377049,0.0,0.0,0.0,0.0263157894736842,0.2490974729241877,0.0003727171077152,1,0,0,0,0,0,0,train
1,0.5245901639344263,0.0,0.0,0.0,0.0,0.2483754512635378,0.0003727171077152,0,0,1,0,0,0,0,train
0,0.0983606557377049,0.0,0.0,0.0,0.0,0.2483754512635378,0.0003727171077152,1,0,0,0,0,0,0,train
0,0.2131147540983606,0.0,0.0,0.0,0.0,0.2490974729241877,0.0011181513231457,1,0,0,0,0,0,0,train
1,0.0655737704918033,0.0,0.0,0.0,0.0,0.2483754512635378,0.0055907566157286,1,0,0,0,0,0,0,test
1,0.0655737704918033,0.0,0.0,0.0,0.0,0.2483754512635378,0.0003727171077152,0,0,1,0,0,0,0,train
1,0.1475409836065574,0.0,0.0,0.0,0.0,0.2490974729241877,0.0003727171077152,0,0,1,0,0,0,0,train
0,0.0491803278688524,0.0,0.0,0.0,0.0,0.2483754512635378,0.0003727171077152,0,0,0,0,0,1,0,test
1,1.016393442622951,0.0,0.0,0.0,0.0,0.2483754512635378,0.0003727171077152,0,0,1,0,0,0,0,test
1,0.6557377049180328,0.0,0.0,0.0,0.0263157894736842,0.2187725631768953,0.0,0,0,1,0,0,0,0,train
1,0.8196721311475411,0.0,0.0,0.0,0.1578947368421052,0.2483754512635378,0.0007454342154304,1,0,0,0,0,0,0,train
1,0.0819672131147541,0.0,0.0,0.0,0.0263157894736842,0.2490974729241877,0.0175177040626164,1,0,0,0,0,0,0,test
1,0.0983606557377049,0.0,0.0,0.0,0.0,0.2483754512635378,0.0052180395080134,0,0,1,0,0,0,0,train
1,0.3770491803278689,0.0,0.0,0.0,0.0526315789473684,0.2187725631768953,0.0156541185240402,0,0,1,0,0,0,0,train
1,0.0491803278688524,0.0,0.0,0.0588235294117647,0.0,0.2483754512635378,0.0331718225866567,0,0,1,0,0,0,1,train
1,0.1311475409836066,0.0,0.0,0.0,0.0789473684210526,0.2490974729241877,0.0014908684308609,1,0,0,0,0,0,1,train
1,0.2950819672131147,0.0,0.0,0.0,0.0263157894736842,0.2483754512635378,0.0003727171077152,0,0,1,0,0,0,0,train
1,0.0491803278688524,0.0,0.0,0.0,0.0,0.2483754512635378,0.0018635855385762,1,0,0,0,0,0,1,test
0,0.2131147540983606,0.0,0.0,0.0,0.0263157894736842,0.2483754512635378,0.0003727171077152,1,0,0,0,0,0,0,train
1,0.5081967213114754,0.0,0.0,0.0,0.1052631578947368,0.2433212996389891,0.0014908684308609,0,0,1,0,0,0,0,train
1,0.0983606557377049,0.0,0.0,0.0,0.0,0.2490974729241877,0.0007454342154304,0,0,1,0,0,0,0,train
1,0.4262295081967213,0.0,0.0,0.0,0.0263157894736842,0.2332129963898916,0.0003727171077152,0,0,1,0,0,0,0,train
0,0.1147540983606557,0.0,0.0,0.0,0.0263157894736842,0.23971119133574,0.0018635855385762,1,0,0,0,0,0,0,train
1,0.1147540983606557,0.0,0.0,0.0,0.0263157894736842,0.2483754512635378,0.0014908684308609,1,0,0,0,0,0,0,train
1,0.4262295081967213,0.0,0.0,0.0,0.0,0.2483754512635378,0.0003727171077152,0,0,0,1,0,0,0,train
1,0.2459016393442623,0.0,0.0,0.0,0.0,0.2483754512635378,0.0003727171077152,1,0,0,0,0,0,0,train
1,0.0327868852459016,0.0,0.0,0.0,0.0,0.2483754512635378,0.0253447633246366,1,0,0,0,0,0,1,val
1,0.4262295081967213,0.0,0.0,0.0,0.0789473684210526,0.2462093862815884,0.010808796123742,0,0,1,0,0,0,0,train
0,0.3770491803278689,0.0,0.0,0.0,0.0,0.2490974729241877,0.0003727171077152,1,0,0,0,0,0,0,train
1,0.1967213114754099,0.0,0.0,0.0,0.0263157894736842,0.2483754512635378,0.0081997763697353,1,0,0,0,0,0,0,train
1,0.1311475409836066,0.0,0.0,0.0,0.0263157894736842,0.2483754512635378,0.0003727171077152,1,0,0,0,0,0,1,train
0,0.2295081967213115,0.0,0.0,0.0,0.0,0.2469314079422382,0.0,0,0,0,1,0,0,0,train
1,0.1311475409836066,0.0,0.0,0.0,0.0526315789473684,0.2057761732851985,0.0,0,0,1,0,0,0,0,train
0,0.4098360655737705,0.0,0.0,0.0588235294117647,0.2368421052631578,0.2483754512635378,0.0007454342154304,1,0,0,0,0,0,0,train
1,0.3442622950819672,0.0,0.0,0.0,0.0263157894736842,0.2462093862815884,0.0026090197540067,0,0,1,0,0,0,0,train
1,0.7377049180327869,0.0,0.0,0.0,0.131578947368421,0.2483754512635378,0.0033544539694371,0,0,1,0,0,0,0,train
1,0.0983606557377049,0.0,0.0,0.1176470588235294,0.0789473684210526,0.2483754512635378,0.0003727171077152,0,0,1,0,0,0,0,train
1,0.0491803278688524,0.05,0.0,0.1764705882352941,0.0526315789473684,0.2490974729241877,0.0424897502795378,0,0,1,0,0,0,0,train
0,0.4918032786885246,0.0,0.0,0.0,0.0,0.2483754512635378,0.0186358553857622,0,0,1,0,0,0,0,train
1,0.3114754098360656,0.0,0.0,0.0,0.0,0.2483754512635378,0.0048453224002981,1,0,0,0,0,0,0,train
0,0.0327868852459016,0.0,0.0,0.0,0.0,0.2483754512635378,0.0003727171077152,0,0,0,0,0,1,0,train
0,0.7540983606557378,0.0,0.0,0.0,0.0,0.2483754512635378,0.0003727171077152,0,0,1,0,0,0,0,train
1,0.0655737704918033,0.0,0.0,0.0,0.0,0.2490974729241877,0.0003727171077152,0,0,1,0,0,0,0,test
1,0.4098360655737705,0.0,0.0,0.0,0.2105263157894736,0.2483754512635378,0.0007454342154304,0,0,1,0,0,0,0,train
1,0.2459016393442623,0.0,0.0,0.0,0.2631578947368421,0.2490974729241877,0.0439806187103988,0,0,1,0,0,0,0,train
1,0.1311475409836066,0.0,0.0,0.0,0.0263157894736842,0.2483754512635378,0.0003727171077152,1,0,0,0,0,0,0,train
0,0.2459016393442623,0.0,0.0,0.0,0.0263157894736842,0.2454873646209386,0.0003727171077152,0,0,1,0,0,0,0,train
1,0.1147540983606557,0.0,0.0,0.0,0.0789473684210526,0.2072202166064982,0.0216175922474841,0,0,1,0,0,0,0,train
0,0.1967213114754099,0.0,0.0,0.0,0.0789473684210526,0.2122743682310469,0.0,1,0,0,0,0,0,0,test
1,0.4262295081967213,0.0,0.0,0.0,0.0,0.2483754512635378,0.0007454342154304,1,0,0,0,0,0,0,train
1,0.2131147540983606,0.0,0.0,0.0,0.0,0.2490974729241877,0.0111815132314573,1,0,0,0,0,0,0,train
0,0.1147540983606557,0.0,0.0,0.0,0.0,0.2469314079422382,0.0,0,0,0,1,0,0,0,train
0,0.4098360655737705,0.0,0.0,0.0,0.0526315789473684,0.2368231046931407,0.0063361908311591,1,0,0,0,0,0,0,train
1,0.2622950819672132,0.0,0.0,0.0,0.0526315789473684,0.2483754512635378,0.0003727171077152,0,0,0,0,0,1,0,train
1,0.4262295081967213,0.0,0.0,0.0,0.0,0.2483754512635378,0.0018635855385762,0,0,0,0,0,1,0,train
1,0.1967213114754099,0.0,0.125,0.0,0.3684210526315789,0.1920577617328519,0.03056280283265,0,0,0,1,0,0,1,test
0,0.6065573770491803,0.0,0.0,0.0,0.0,0.2483754512635378,0.0003727171077152,0,0,0,1,0,0,0,train
1,0.180327868852459,0.15,0.0,0.0,0.1578947368421052,0.2303249097472924,0.0096906448005963,1,0,0,0,0,0,0,test
1,0.2131147540983606,0.0,0.0,0.0,0.0,0.2483754512635378,0.0003727171077152,0,0,0,0,0,1,0,test
1,0.5573770491803279,0.0,0.0,0.0,0.0,0.2483754512635378,0.0003727171077152,0,0,0,0,0,1,0,train
1,0.6721311475409837,0.0,0.0,0.0,0.0,0.2483754512635378,0.0059634737234439,0,0,1,0,0,0,0,train
1,0.5081967213114754,0.0,0.0,0.0,0.0263157894736842,0.2490974729241877,0.0011181513231457,1,0,0,0,0,0,1,test
1,0.2950819672131147,0.0,0.0,0.0,0.2894736842105263,0.2483754512635378,0.0145359672008945,0,0,1,0,0,0,1,val
0,0.0819672131147541,0.0,0.0,0.0,0.0263157894736842,0.2483754512635378,0.0003727171077152,1,0,0,0,0,0,0,test
1,0.5409836065573771,0.0,0.0,0.0,0.0263157894736842,0.2404332129963898,0.0026090197540067,0,0,0,1,0,0,0,test
1,0.2622950819672132,0.0,0.0,0.0,0.0,0.2490974729241877,0.0,1,0,0,0,0,0,0,train
1,0.2295081967213115,0.0,0.0,0.0,0.0,0.2483754512635378,0.0003727171077152,0,0,0,0,0,1,0,train
1,0.5901639344262296,0.0,0.0,0.0,0.0263157894736842,0.2483754512635378,0.0,1,0,0,0,0,0,0,train
1,0.2950819672131147,0.0,0.0,0.0,0.0,0.2490974729241877,0.0,1,0,0,0,0,0,0,train
1,0.7049180327868853,0.0,0.0,0.0,0.0,0.2462093862815884,0.0141632500931792,0,0,1,0,0,0,0,train
0,0.3278688524590164,0.0,0.0,0.0,0.0,0.2483754512635378,0.0003727171077152,1,0,0,0,0,0,0,train
1,0.3770491803278689,0.0,0.0,0.0,0.2368421052631578,0.2483754512635378,0.0037271710771524,0,0,0,1,0,0,0,train
1,0.2295081967213115,0.0,0.0,0.0,0.0,0.2490974729241877,0.0003727171077152,1,0,0,0,0,0,0,test
1,0.459016393442623,0.0,0.0,0.0,0.4736842105263157,0.1667870036101083,0.0242266120014908,1,0,0,0,0,0,0,train
1,0.0491803278688524,0.0,0.0,0.0,0.1052631578947368,0.2483754512635378,0.0007454342154304,1,0,0,0,0,0,0,train
1,0.8196721311475411,0.0,0.0,0.0,0.0526315789473684,0.2490974729241877,0.0,1,0,0,0,0,0,0,train
1,0.0983606557377049,0.0,0.0,0.0,0.0,0.2483754512635378,0.0007454342154304,1,0,0,0,0,0,0,train
1,0.3770491803278689,0.0,0.0,0.0,0.0263157894736842,0.2483754512635378,0.0216175922474841,0,0,1,0,0,0,1,train
1,0.1967213114754099,0.0,0.0,0.0,0.0,0.2483754512635378,0.0037271710771524,0,0,0,0,0,1,0,train
1,0.3770491803278689,0.0,0.0,0.0,0.0263157894736842,0.2483754512635378,0.0011181513231457,1,0,0,0,0,0,0,train
1,0.6065573770491803,0.0,0.0,0.0,0.1052631578947368,0.2483754512635378,0.0018635855385762,0,0,0,0,0,1,0,train
1,0.3442622950819672,0.0,0.0,0.0,0.0526315789473684,0.1891696750902527,0.0003727171077152,0,0,0,1,0,0,0,train
1,0.2459016393442623,0.0,0.0,0.0,0.0263157894736842,0.2462093862815884,0.0011181513231457,0,0,1,0,0,0,0,train
1,0.0819672131147541,0.0,0.0,0.0,0.0,0.2483754512635378,0.0003727171077152,1,0,0,0,0,0,0,test
0,0.5409836065573771,0.0,0.0,0.0,0.0,0.247653429602888,0.0003727171077152,0,0,1,0,0,0,0,train
1,0.2950819672131147,0.0,0.0,0.0,0.0263157894736842,0.2483754512635378,0.0003727171077152,0,0,1,0,0,0,0,val
1,0.639344262295082,0.0,0.0,0.0,0.0,0.2490974729241877,0.0134178158777487,0,0,0,1,0,0,0,train
1,0.4098360655737705,0.0,0.0,0.0,0.0,0.2490974729241877,0.0,1,0,0,0,0,0,0,train
1,0.4754098360655738,0.0,0.0,0.0,0.0,0.2483754512635378,0.0003727171077152,0,0,0,0,0,1,0,test
1,0.6885245901639345,0.0,0.0,0.0,0.0263157894736842,0.2483754512635378,0.0003727171077152,1,0,0,0,0,0,0,train
1,0.0983606557377049,0.0,0.0,0.0,0.0,0.2483754512635378,0.0033544539694371,1,0,0,0,0,0,1,train
0,0.1639344262295082,0.0,0.0,0.0,0.0,0.2447653429602888,0.0003727171077152,0,0,1,0,0,0,0,val
1,0.8032786885245903,0.0,0.0,0.0,0.0526315789473684,0.1913357400722021,0.0171449869549012,0,0,1,0,0,0,0,train
1,0.5901639344262296,0.0,0.0,0.0,0.0263157894736842,0.247653429602888,0.0011181513231457,0,0,0,0,0,1,0,train
0,0.1311475409836066,0.0,0.0,0.0,0.0263157894736842,0.148014440433213,0.0014908684308609,1,0,0,0,0,0,0,train
0,0.2622950819672132,0.0,0.0,0.0,0.0,0.2490974729241877,0.0003727171077152,0,0,0,0,0,1,0,train
1,0.4918032786885246,0.0,0.0,0.0,0.0263157894736842,0.2339350180505415,0.0078270592620201,0,0,0,0,0,1,0,train
1,0.3114754098360656,0.0,0.0,0.0,0.0,0.2483754512635378,0.0003727171077152,1,0,0,0,0,0,0,train
1,0.1639344262295082,0.0,0.0,0.0,0.2105263157894736,0.2483754512635378,0.0011181513231457,1,0,0,0,0,0,1,test
1,0.4426229508196722,0.0,0.0,0.0,0.0526315789473684,0.2490974729241877,0.0011181513231457,0,0,1,0,0,0,0,train
1,0.0327868852459016,0.0,0.0,0.0588235294117647,0.0526315789473684,0.2483754512635378,0.012299664554603,1,0,0,0,0,0,1,train
1,0.5573770491803279,0.0,0.0,0.0,0.0,0.2490974729241877,0.0003727171077152,1,0,0,0,0,0,0,train
1,0.180327868852459,0.0,0.0,0.0,0.0,0.2483754512635378,0.0003727171077152,1,0,0,0,0,0,0,train
1,0.2622950819672132,0.0,0.0,0.2352941176470588,0.2894736842105263,0.2490974729241877,0.0003727171077152,1,0,0,0,0,0,1,train
1,0.1639344262295082,0.0,0.0,0.0,0.1578947368421052,0.2490974729241877,0.0301900857249347,1,0,0,0,0,0,1,test
1,0.180327868852459,0.0,0.0,0.0,0.0,0.2490974729241877,0.0,1,0,0,0,0,0,0,test
0,0.6065573770491803,0.0,0.0,0.0,0.0526315789473684,0.2404332129963898,0.0070816250465896,0,0,1,0,0,0,0,train
1,0.8196721311475411,0.0,0.0,0.0,0.0,0.2469314079422382,0.0003727171077152,0,0,0,1,0,0,0,train
1,0.0327868852459016,0.0,0.0,0.0,0.0,0.2483754512635378,0.0003727171077152,1,0,0,0,0,0,0,train
1,0.0819672131147541,0.0,0.0,0.0,0.0,0.2490974729241877,0.0119269474468878,1,0,0,0,0,0,0,train
1,0.6065573770491803,0.0,0.0,0.0,0.0,0.2483754512635378,0.0003727171077152,1,0,0,0,0,0,1,train
1,0.0983606557377049,0.0,0.0,0.0,0.0,0.2483754512635378,0.0022363026462914,0,0,0,1,0,0,0,train
1,0.9672131147540984,0.0,0.0,0.0,0.0,0.2490974729241877,0.0,1,0,0,0,0,0,0,train
1,0.5573770491803279,0.0,0.0,0.0,0.0789473684210526,0.2483754512635378,0.0003727171077152,0,0,1,0,0,0,0,train
1,0.3442622950819672,0.0,0.0,0.0,0.0,0.2490974729241877,0.0,0,0,0,1,0,0,0,test
0,0.5409836065573771,0.0,0.0,0.0,0.0263157894736842,0.2274368231046931,0.0003727171077152,0,0,1,0,0,0,0,train
1,0.2622950819672132,0.0,0.0,0.0,0.0526315789473684,0.2404332129963898,0.0044726052925829,1,0,0,0,0,0,0,train
1,0.0819672131147541,0.0,0.0,0.0,0.0,0.2483754512635378,0.0018635855385762,0,0,1,0,0,0,0,train
1,0.2295081967213115,0.0,0.0,0.0,0.0526315789473684,0.2483754512635378,0.0003727171077152,0,0,1,0,0,0,0,val
1,0.3278688524590164,0.05,0.625,0.0,0.2105263157894736,0.2490974729241877,0.0059634737234439,1,0,0,0,0,0,0,train
1,0.2622950819672132,0.0,0.0,0.0,0.0263157894736842,0.2483754512635378,0.0190085724934774,0,0,1,0,0,0,0,train
1,0.1639344262295082,0.0,0.0,0.0,0.0263157894736842,0.2808664259927798,0.0126723816623183,0,0,0,1,0,0,0,train
1,0.5901639344262296,0.0,0.0,0.0,0.0263157894736842,0.2483754512635378,0.0003727171077152,1,0,0,0,0,0,0,train
1,0.1147540983606557,0.0,0.0,0.0,0.0526315789473684,0.2490974729241877,0.0,0,0,1,0,0,0,1,train
1,0.2622950819672132,0.0,0.0,0.0,0.0263157894736842,0.2483754512635378,0.0003727171077152,0,0,0,1,0,0,0,train
1,0.4426229508196722,0.0,0.0,0.0,0.1842105263157894,0.2483754512635378,0.0026090197540067,1,0,0,0,0,0,0,train
1,0.4426229508196722,0.0,0.0,0.0,0.0263157894736842,0.2411552346570397,0.0,0,0,1,0,0,0,0,train
1,0.1639344262295082,0.05,0.0,0.0,0.3157894736842105,0.2483754512635378,0.0007454342154304,1,0,0,0,0,0,0,train
1,0.3770491803278689,0.0,0.0,0.0,0.0526315789473684,0.2490974729241877,0.0,1,0,0,0,0,0,0,train
1,0.1639344262295082,0.0,0.0,0.0,0.0526315789473684,0.2483754512635378,0.6261647409616101,1,0,0,0,0,0,0,train
0,0.1147540983606557,0.0,0.0,0.0,0.1052631578947368,0.2483754512635378,0.0003727171077152,1,0,0,0,0,0,0,test
0,0.0819672131147541,0.0,0.0,0.1176470588235294,0.0263157894736842,0.2483754512635378,0.0,0,0,1,0,0,0,0,train
1,0.1967213114754099,0.0,0.0,0.0,0.0526315789473684,0.2483754512635378,0.0003727171077152,1,0,0,0,0,0,1,train
0,0.6229508196721312,0.0,0.0,0.0,0.0526315789473684,0.2151624548736462,0.0007454342154304,1,0,0,0,0,0,0,train
1,0.278688524590164,0.0,0.0,0.0,0.0789473684210526,0.2483754512635378,0.0,0,0,1,0,0,0,0,val
1,0.2622950819672132,0.0,0.0,0.0,0.3421052631578947,0.2483754512635378,0.0480805068952664,0,0,1,0,0,0,1,test
1,0.4098360655737705,0.0,0.0,0.0,0.0263157894736842,0.2483754512635378,0.0003727171077152,0,0,1,0,0,0,0,train
1,0.1475409836065574,0.0,0.625,0.0588235294117647,0.7105263157894737,0.2490974729241877,0.0711889675736116,1,0,0,0,0,0,1,test
1,0.1311475409836066,0.0,0.0,0.0,0.1842105263157894,0.2483754512635378,0.0995154677599701,1,0,0,0,0,0,0,test
1,0.1475409836065574,0.0,0.0,0.0,0.0,0.2483754512635378,0.0003727171077152,0,0,0,1,0,0,0,test
1,0.3770491803278689,0.0,0.0,0.0,0.0263157894736842,0.2490974729241877,0.0231084606783451,0,0,1,0,0,0,0,train
1,0.1967213114754099,0.0,0.0,0.0,0.1052631578947368,0.2483754512635378,0.0003727171077152,1,0,0,0,0,0,1,train
1,0.1967213114754099,0.0,0.0,0.0,0.0263157894736842,0.2483754512635378,0.0007454342154304,0,0,1,0,0,0,0,train
1,0.2459016393442623,0.0,0.0,0.0,0.0263157894736842,0.2368231046931407,0.0026090197540067,1,0,0,0,0,0,0,train
1,0.3606557377049181,0.0,0.0,0.0,0.2894736842105263,0.2483754512635378,0.0,1,0,0,0,0,0,1,train
1,0.6229508196721312,0.0,0.0,0.0,0.0263157894736842,0.2490974729241877,0.0055907566157286,0,0,1,0,0,0,0,train
1,0.0655737704918033,0.0,0.0,0.0,0.0263157894736842,0.2231046931407942,0.0033544539694371,0,0,1,0,0,0,0,train
1,0.5409836065573771,0.0,0.0,0.0,0.1052631578947368,0.2288808664259927,0.0007454342154304,1,0,0,0,0,0,0,train
1,0.2950819672131147,0.0,0.0,0.0,0.0,0.2490974729241877,0.0003727171077152,0,0,1,0,0,0,0,val
1,0.1147540983606557,0.0,0.0,0.0,0.0789473684210526,0.2483754512635378,0.029071934401789,0,0,0,1,0,0,1,val
1,0.1967213114754099,0.0,0.0,0.0,0.0,0.2490974729241877,0.0,0,0,1,0,0,0,0,train
0,0.0491803278688524,0.0,0.0,0.0,0.0,0.2483754512635378,0.0242266120014908,0,0,1,0,0,0,0,test
1,0.3278688524590164,0.0,0.0,0.0,0.0,0.2490974729241877,0.0003727171077152,0,0,0,1,0,0,0,val
1,0.180327868852459,0.0,0.0,0.0,0.2105263157894736,0.2483754512635378,0.0003727171077152,0,0,0,0,0,1,1,val
0,0.3606557377049181,0.0,0.0,0.0,0.0526315789473684,0.2483754512635378,0.0003727171077152,1,0,0,0,0,0,0,train
1,0.3114754098360656,0.0,0.0,0.0,0.0526315789473684,0.23971119133574,0.0026090197540067,1,0,0,0,0,0,0,test
0,0.3114754098360656,0.0,0.0,0.0,0.0,0.2469314079422382,0.0003727171077152,1,0,0,0,0,0,0,train
0,0.0819672131147541,0.0,0.0,0.0,0.0526315789473684,0.247653429602888,0.0111815132314573,1,0,0,0,0,0,1,train
1,0.6065573770491803,0.0,0.0,0.0,0.0,0.2483754512635378,0.0003727171077152,0,0,0,1,0,0,0,test
1,0.0163934426229508,0.0,0.0,0.0,0.0263157894736842,0.2483754512635378,0.0033544539694371,1,0,0,0,0,0,1,val
1,0.1147540983606557,0.0,0.0,0.0,0.0,0.2483754512635378,0.0011181513231457,1,0,0,0,0,0,0,train
1,0.4918032786885246,0.0,0.0,0.0,0.0789473684210526,0.6974729241877256,0.0022363026462914,0,0,1,0,0,0,0,train
1,0.1311475409836066,0.0,0.0,0.0,0.1578947368421052,0.2490974729241877,0.0033544539694371,1,0,0,0,0,0,0,train
1,0.0327868852459016,0.0,0.0,0.0,0.0,0.2483754512635378,0.0111815132314573,1,0,0,0,0,0,0,val
0,0.4098360655737705,0.0,0.0,0.0,0.0,0.2483754512635378,0.0003727171077152,0,0,1,0,0,0,0,train
1,0.278688524590164,0.0,0.0,0.0,0.0526315789473684,0.2483754512635378,0.0003727171077152,1,0,0,0,0,0,0,test
1,0.1147540983606557,0.0,0.0,0.0,0.1578947368421052,0.2772563176895307,0.0204994409243384,0,0,1,0,0,0,1,train
1,0.6065573770491803,0.0,0.0,0.0,0.0,0.2483754512635378,0.0003727171077152,0,0,1,0,0,0,0,train
0,0.5573770491803279,0.0,0.0,0.0,0.0,0.2490974729241877,0.0,1,0,0,0,0,0,0,test
0,0.2459016393442623,0.0,0.0,0.0,0.0,0.2483754512635378,0.0026090197540067,1,0,0,0,0,0,0,train
1,0.1967213114754099,0.0,0.0,0.0,0.0,0.2483754512635378,0.0003727171077152,0,0,0,0,0,1,0,test
1,0.8032786885245903,0.0,0.0,0.0,0.2105263157894736,0.2483754512635378,0.0007454342154304,1,0,0,0,0,0,0,train
1,0.2131147540983606,0.0,0.0,0.0,0.1842105263157894,0.2483754512635378,0.0003727171077152,1,0,0,0,0,0,0,train
1,0.1967213114754099,0.0,0.0,0.0,0.1052631578947368,0.2483754512635378,0.0018635855385762,1,0,0,0,0,0,0,train
1,0.6065573770491803,0.0,0.0,0.0,0.0,0.2483754512635378,0.0059634737234439,0,0,1,0,0,0,0,train
1,0.1147540983606557,0.0,0.0,0.0,0.0,0.2490974729241877,0.0003727171077152,1,0,0,0,0,0,0,test
1,0.1147540983606557,0.0,0.0,0.0,0.0,0.2490974729241877,0.0003727171077152,1,0,0,0,0,0,0,train
1,0.4754098360655738,0.0,0.0,0.0,0.4473684210526315,0.2093862815884476,0.0003727171077152,1,0,0,0,0,0,0,train
1,0.0655737704918033,0.0,0.0,0.0,0.0,0.2490974729241877,0.0,1,0,0,0,0,0,0,train
1,0.3114754098360656,0.0,0.0,0.0,0.2105263157894736,0.2490974729241877,0.0231084606783451,1,0,0,0,0,0,0,train
1,0.8196721311475411,0.0,0.0,0.0,0.1842105263157894,0.2483754512635378,0.0059634737234439,0,0,1,0,0,0,1,train
1,0.3114754098360656,0.0,0.0,0.0,0.0,0.2490974729241877,0.0003727171077152,0,0,1,0,0,0,0,val
0,0.3934426229508196,0.0,0.0,0.0,0.0263157894736842,0.2137184115523465,0.0081997763697353,1,0,0,0,0,0,0,train
1,0.1967213114754099,0.0,0.0,0.0,0.1052631578947368,0.2483754512635378,0.0003727171077152,1,0,0,0,0,0,0,val
1,0.2622950819672132,0.0,0.0,0.0,0.0263157894736842,0.2469314079422382,0.0014908684308609,1,0,0,0,0,0,0,train
1,0.1639344262295082,0.0,0.0,0.0,0.0,0.2483754512635378,0.0007454342154304,0,0,0,0,0,1,0,train
1,0.3114754098360656,0.0,0.0,0.0,0.1052631578947368,0.2361010830324909,0.03056280283265,0,0,1,0,0,0,1,train
1,0.5573770491803279,0.0,0.0,0.0,0.0,0.2483754512635378,0.0003727171077152,0,0,0,1,0,0,0,train
1,0.2950819672131147,0.0,0.0,0.0,0.0526315789473684,0.2368231046931407,0.0003727171077152,0,0,1,0,0,0,0,train
1,0.1311475409836066,0.0,0.0,0.0,0.0526315789473684,0.2469314079422382,0.0003727171077152,0,0,1,0,0,0,0,train
1,0.0983606557377049,0.0,0.0,0.0,0.0,0.2490974729241877,0.0055907566157286,0,0,1,0,0,0,0,train
1,0.1475409836065574,0.0,0.0,0.0,0.0,0.2483754512635378,0.0007454342154304,1,0,0,0,0,0,0,train
0,0.3114754098360656,0.0,0.0,0.0,0.0,0.2490974729241877,0.0003727171077152,0,0,1,0,0,0,0,train
1,0.2131147540983606,0.0,0.0,0.0,0.0263157894736842,0.7184115523465704,0.0026090197540067,1,0,0,0,0,0,0,train
1,0.3114754098360656,0.0,0.0,0.0,0.0263157894736842,0.2483754512635378,0.0,0,0,0,1,0,0,0,train
1,0.6557377049180328,0.0,0.0,0.0,0.131578947368421,0.2483754512635378,0.0052180395080134,0,0,1,0,0,0,0,train
0,0.3770491803278689,0.0,0.0,0.0,0.0,0.2490974729241877,0.0003727171077152,1,0,0,0,0,0,0,test
1,0.2459016393442623,0.0,0.0,0.0,0.0,0.2483754512635378,0.0003727171077152,0,0,0,1,0,0,0,train
1,0.2459016393442623,0.0,0.0,0.0,0.0,0.2490974729241877,0.0,1,0,0,0,0,0,0,test
1,0.0655737704918033,0.0,0.0,0.0,0.0,0.2483754512635378,0.0,0,0,0,1,0,0,0,train
0,0.2459016393442623,0.0,0.0,0.0,0.0,0.2483754512635378,0.0003727171077152,0,0,1,0,0,0,0,test
1,0.1147540983606557,0.0,0.0,0.0,0.0,0.2483754512635378,0.0003727171077152,1,0,0,0,0,0,0,test
1,0.3114754098360656,0.0,0.0,0.0,0.0,0.2483754512635378,0.0,1,0,0,0,0,0,1,train
1,0.0491803278688524,0.0,0.0,0.0,0.0,0.2483754512635378,0.0003727171077152,1,0,0,0,0,0,0,test
1,0.3114754098360656,0.05,0.75,0.0,0.3421052631578947,0.2483754512635378,0.0003727171077152,0,0,1,0,0,0,0,train
1,0.0983606557377049,0.0,0.0,0.0,0.0526315789473684,0.2483754512635378,0.0208721580320536,1,0,0,0,0,0,0,test
1,0.278688524590164,0.0,0.0,0.0,0.0,0.2483754512635378,0.0007454342154304,1,0,0,0,0,0,0,test
1,0.180327868852459,0.2,0.125,0.0,0.2631578947368421,0.2483754512635378,0.0011181513231457,0,0,1,0,0,0,1,train
1,0.3770491803278689,0.1,0.0,0.0,0.1578947368421052,0.2483754512635378,0.0264629146477823,1,0,0,0,0,0,1,train
1,0.0655737704918033,0.0,0.0,0.0,0.0789473684210526,0.223826714801444,0.0406261647409616,1,0,0,0,0,0,1,train
1,0.2622950819672132,0.1,0.125,0.0,0.131578947368421,0.43971119133574,0.0033544539694371,1,0,0,0,0,0,0,train
1,0.459016393442623,0.0,0.0,0.0,0.0526315789473684,0.2368231046931407,0.0014908684308609,1,0,0,0,0,0,0,val
1,0.3770491803278689,0.0,0.0,0.0,0.0,0.2483754512635378,0.0014908684308609,0,0,1,0,0,0,0,train
1,0.1147540983606557,0.0,0.0,0.0,0.0526315789473684,0.2490974729241877,0.0003727171077152,1,0,0,0,0,0,0,train
1,0.1475409836065574,0.0,0.0,0.0,0.0263157894736842,0.2483754512635378,0.5784569511740588,1,0,0,0,0,0,0,train
1,0.2131147540983606,0.05,0.125,0.0588235294117647,0.3421052631578947,0.2483754512635378,0.0007454342154304,1,0,0,0,0,0,1,test
1,0.0819672131147541,0.0,0.0,0.0,0.0,0.2469314079422382,0.0,0,0,1,0,0,0,0,test
0,0.5081967213114754,0.0,0.0,0.0,0.0,0.2469314079422382,0.0003727171077152,0,0,1,0,0,0,0,val
1,0.5081967213114754,0.0,0.0,0.0,0.2105263157894736,0.231768953068592,0.0771524412970555,0,0,1,0,0,0,0,train
1,0.3770491803278689,0.0,0.0,0.0,0.1842105263157894,0.247653429602888,0.0003727171077152,1,0,0,0,0,0,0,test
0,0.0327868852459016,0.0,0.0,0.0,0.0,0.2490974729241877,0.0003727171077152,0,0,1,0,0,0,1,val
1,0.4262295081967213,0.0,0.0,0.0,0.2105263157894736,0.2483754512635378,0.0007454342154304,1,0,0,0,0,0,1,train
1,0.3770491803278689,0.0,0.0,0.0,0.0,0.2490974729241877,0.0,0,0,1,0,0,0,0,train
1,0.2131147540983606,0.0,0.125,0.0,0.131578947368421,0.2483754512635378,0.0007454342154304,1,0,0,0,0,0,1,test
1,0.3934426229508196,0.0,0.0,0.0,0.0263157894736842,0.2469314079422382,0.0003727171077152,0,0,0,1,0,0,0,train
0,0.8032786885245903,0.0,0.0,0.0,0.0,0.2483754512635378,0.0007454342154304,1,0,0,0,0,0,0,train
1,0.3934426229508196,0.0,0.0,0.0,0.0263157894736842,0.2469314079422382,0.0,0,0,1,0,0,0,0,train
1,0.1147540983606557,0.0,0.0,0.0,0.0,0.2483754512635378,0.0126723816623183,1,0,0,0,0,0,0,train
1,0.4098360655737705,0.0,0.0,0.0,0.0526315789473684,0.2483754512635378,0.0003727171077152,0,0,0,0,0,1,0,train
1,0.0819672131147541,0.0,0.0,0.0,0.1578947368421052,0.2490974729241877,0.0872158032053671,0,0,1,0,0,0,1,test
1,0.0819672131147541,0.0,0.125,0.0,0.0526315789473684,0.2483754512635378,0.0003727171077152,1,0,0,0,0,0,0,train
1,0.2459016393442623,0.0,0.0,0.0,0.0526315789473684,0.2483754512635378,0.0007454342154304,0,0,1,0,0,0,0,val
1,0.3770491803278689,0.0,0.0,0.0,0.0,0.2490974729241877,0.0003727171077152,0,0,1,0,0,0,0,train
0,0.2131147540983606,0.0,0.0,0.0,0.0263157894736842,0.247653429602888,0.0003727171077152,0,0,1,0,0,0,0,train
0,0.0819672131147541,0.0,0.0,0.0,0.0526315789473684,0.3400722021660649,0.0007454342154304,1,0,0,0,0,0,1,train
1,0.5737704918032788,0.0,0.0,0.0,0.131578947368421,0.2483754512635378,0.0182631382780469,1,0,0,0,0,0,0,train
1,0.2950819672131147,0.0,0.0,0.0,0.0263157894736842,0.2490974729241877,0.0,1,0,0,0,0,0,0,train
1,0.6557377049180328,0.0,0.0,0.0,0.2631578947368421,0.2490974729241877,0.0,0,0,1,0,0,0,0,train
1,0.7213114754098361,0.0,0.0,0.0,0.0,0.2483754512635378,0.0011181513231457,0,0,1,0,0,0,0,train
1,0.1147540983606557,0.0,0.0,0.0,0.1052631578947368,0.2483754512635378,0.0003727171077152,0,0,1,0,0,0,0,train
1,0.459016393442623,0.0,0.0,0.0,0.0526315789473684,0.2389891696750902,0.0059634737234439,0,0,1,0,0,0,0,train
1,0.2295081967213115,0.0,0.0,0.0,0.1578947368421052,0.2490974729241877,0.0,0,0,1,0,0,0,0,train
1,0.6229508196721312,0.0,0.0,0.0,0.3421052631578947,0.2064981949458483,0.0149086843086097,0,0,1,0,0,0,0,train
1,0.1147540983606557,0.0,0.0,0.0,0.0263157894736842,0.3848375451263537,0.013790532985464,1,0,0,0,0,0,0,train
0,0.6557377049180328,0.0,0.0,0.0,0.0,0.2483754512635378,0.0,0,0,1,0,0,0,0,test
1,0.4262295081967213,0.0,0.0,0.0,0.131578947368421,0.2151624548736462,0.0044726052925829,0,0,1,0,0,0,0,train
1,0.0327868852459016,0.0,0.0,0.0,0.0,0.2490974729241877,0.0003727171077152,1,0,0,0,0,0,1,train
0,0.2950819672131147,0.0,0.0,0.0,0.0263157894736842,0.2490974729241877,0.0003727171077152,1,0,0,0,0,0,0,train
1,0.6721311475409837,0.0,0.0,0.0,0.0,0.2490974729241877,0.0,0,0,1,0,0,0,0,train
1,0.180327868852459,0.0,0.0,0.0,0.131578947368421,0.2483754512635378,0.0011181513231457,1,0,0,0,0,0,1,train
0,0.0491803278688524,0.0,0.0,0.0,0.0,0.2483754512635378,0.0003727171077152,1,0,0,0,0,0,0,train
1,0.1639344262295082,0.0,0.0,0.0,0.0,0.2483754512635378,0.0007454342154304,0,0,1,0,0,0,0,train
0,0.3934426229508196,0.0,0.0,0.0,0.4210526315789473,0.2483754512635378,0.0074543421543048,1,0,0,0,0,0,0,test
1,0.0491803278688524,0.0,0.25,0.0588235294117647,0.0789473684210526,0.2469314079422382,0.010808796123742,1,0,0,0,0,0,1,train
0,0.5081967213114754,0.0,0.0,0.0,0.0263157894736842,0.2303249097472924,0.0,0,0,1,0,0,0,0,test
0,0.0983606557377049,0.0,0.0,0.0,0.0,0.2490974729241877,0.0003727171077152,0,0,1,0,0,0,0,train
0,0.6065573770491803,0.0,0.0,0.0,0.0263157894736842,0.2483754512635378,0.0007454342154304,1,0,0,0,0,0,0,train
1,0.0163934426229508,0.05,0.25,0.0,0.0789473684210526,0.1046931407942238,0.0003727171077152,1,0,0,0,0,0,1,test
1,0.0491803278688524,0.0,0.0,0.0,0.0263157894736842,0.2483754512635378,0.0003727171077152,0,0,1,0,0,0,0,test
1,0.2622950819672132,0.0,0.0,0.0,0.1052631578947368,0.2490974729241877,0.0,1,0,0,0,0,0,0,train
1,0.1475409836065574,0.0,0.0,0.0,0.0526315789473684,0.2483754512635378,0.0029817368617219,1,0,0,0,0,0,0,train
1,0.3114754098360656,0.15,0.0,0.0,0.3157894736842105,0.2483754512635378,0.094670145359672,1,0,0,0,0,0,0,train
1,0.3606557377049181,0.0,0.0,0.0,0.0263157894736842,0.2021660649819494,0.0242266120014908,1,0,0,0,0,0,0,train
1,0.0819672131147541,0.0,0.0,0.0,0.0,0.2490974729241877,0.0171449869549012,0,0,1,0,0,0,0,test
1,0.2622950819672132,0.0,0.0,0.0,0.5,0.1942238267148014,0.0283265001863585,1,0,0,0,0,0,1,test
1,0.1475409836065574,0.0,0.0,0.0588235294117647,0.131578947368421,0.2483754512635378,0.0585165859112933,1,0,0,0,0,0,1,test
1,0.5245901639344263,0.0,0.0,0.0,0.0263157894736842,0.2483754512635378,0.0003727171077152,1,0,0,0,0,0,0,train
1,0.0655737704918033,0.0,0.125,0.1176470588235294,0.0263157894736842,0.2483754512635378,0.0011181513231457,1,0,0,0,0,0,0,train
1,0.2622950819672132,0.0,0.0,0.0,0.0263157894736842,0.2490974729241877,0.0085724934774506,1,0,0,0,0,0,0,train
1,0.6229508196721312,0.0,0.0,0.0,0.0263157894736842,0.31985559566787,0.0033544539694371,1,0,0,0,0,0,0,test
1,0.0491803278688524,0.0,0.0,0.0,0.0,0.2490974729241877,0.0,0,0,1,0,0,0,0,train
1,0.4426229508196722,0.0,0.0,0.0,0.0263157894736842,0.2483754512635378,0.0003727171077152,0,0,0,0,0,1,0,train
1,0.1967213114754099,0.0,0.0,0.0,0.0263157894736842,0.2490974729241877,0.0,1,0,0,0,0,0,0,val
1,0.7049180327868853,0.0,0.0,0.0,0.0,0.2490974729241877,0.0022363026462914,0,0,1,0,0,0,0,test
1,0.1475409836065574,0.0,0.0,0.0,0.0789473684210526,0.2483754512635378,0.0,0,0,1,0,0,0,0,train
1,0.3770491803278689,0.0,0.0,0.0,0.0526315789473684,0.2483754512635378,0.0003727171077152,0,0,0,1,0,0,0,train
1,0.6885245901639345,0.0,0.0,0.0,0.0,0.2483754512635378,0.0003727171077152,0,0,1,0,0,0,0,train
1,0.0819672131147541,0.0,0.0,0.0,0.0263157894736842,0.2490974729241877,0.0014908684308609,1,0,0,0,0,0,0,train
1,0.3606557377049181,0.0,0.0,0.0,0.0,0.2483754512635378,0.0003727171077152,0,0,1,0,0,0,0,train
1,0.1967213114754099,0.0,0.0,0.0,0.0,0.244043321299639,0.0018635855385762,0,0,1,0,0,0,0,test
0,0.0327868852459016,0.0,0.0,0.0,0.0263157894736842,0.2194945848375451,0.0003727171077152,0,0,1,0,0,0,0,test
0,0.0327868852459016,0.0,0.0,0.0,0.0,0.2483754512635378,0.0048453224002981,1,0,0,0,0,0,0,train
1,0.4918032786885246,0.0,0.0,0.0,0.0,0.2483754512635378,0.0011181513231457,0,1,0,0,0,0,0,test
1,0.0983606557377049,0.0,0.0,0.0,0.0,0.2483754512635378,0.0007454342154304,1,0,0,0,0,0,1,train
1,0.1967213114754099,0.0,0.0,0.0,0.131578947368421,0.2483754512635378,0.0003727171077152,1,0,0,0,0,0,0,train
1,0.1147540983606557,0.0,0.0,0.0,0.0,0.2483754512635378,0.0007454342154304,1,0,0,0,0,0,0,train
1,0.3278688524590164,0.0,0.0,0.0,0.0,0.2490974729241877,0.0011181513231457,0,0,1,0,0,0,0,train
1,0.1475409836065574,0.0,0.0,0.0,0.0263157894736842,0.2483754512635378,0.0111815132314573,1,0,0,0,0,0,0,train
1,0.0983606557377049,0.0,0.0,0.0,0.0263157894736842,0.2490974729241877,0.0525531121878494,1,0,0,0,0,0,0,train
1,0.7540983606557378,0.0,0.0,0.0,0.2105263157894736,0.2462093862815884,0.0003727171077152,1,0,0,0,0,0,1,train
1,0.1311475409836066,0.0,0.0,0.0,0.0789473684210526,0.2490974729241877,0.0,0,0,1,0,0,0,0,train
1,0.4918032786885246,0.0,0.0,0.0,0.0,0.2483754512635378,0.012299664554603,0,0,1,0,0,0,0,test
1,0.0491803278688524,0.0,0.0,0.0,0.0,0.2483754512635378,0.0003727171077152,1,0,0,0,0,0,0,train
1,0.3114754098360656,0.0,0.0,0.0,0.4473684210526315,0.2483754512635378,0.0324263883712262,1,0,0,0,0,0,0,test
1,0.4426229508196722,0.05,0.0,0.0,0.4210526315789473,0.2483754512635378,0.029071934401789,1,0,0,0,0,0,0,test
1,0.2131147540983606,0.0,0.0,0.0,0.0789473684210526,0.2483754512635378,0.0007454342154304,0,0,1,0,0,0,1,test
1,0.1639344262295082,0.0,0.0,0.0,0.2368421052631578,0.2483754512635378,0.013790532985464,0,1,0,0,0,0,0,val
0,0.180327868852459,0.0,0.0,0.0,0.0263157894736842,0.2202166064981949,0.0055907566157286,1,0,0,0,0,0,0,test
1,0.3442622950819672,0.0,0.0,0.0,0.0263157894736842,0.2483754512635378,0.0003727171077152,0,0,1,0,0,0,0,train
1,0.2459016393442623,0.0,0.0,0.0,0.0,0.2483754512635378,0.0003727171077152,0,0,1,0,0,0,0,train
1,0.4918032786885246,0.0,0.0,0.0,0.0,0.2490974729241877,0.0033544539694371,0,1,0,0,0,0,0,test
1,0.1475409836065574,0.0,0.0,0.0,0.0789473684210526,0.2483754512635378,0.0100633619083115,1,0,0,0,0,0,0,train
1,0.0983606557377049,0.0,0.0,0.0,0.0,0.2483754512635378,0.0119269474468878,0,0,0,1,0,0,0,test
0,0.0983606557377049,0.0,0.0,0.0,0.0,0.2490974729241877,0.0,0,0,1,0,0,0,0,train
0,0.2131147540983606,0.0,0.0,0.1176470588235294,0.3684210526315789,0.2490974729241877,0.0003727171077152,0,0,1,0,0,0,0,train
1,0.2295081967213115,0.0,0.0,0.0,0.0263157894736842,0.2382671480144404,0.0011181513231457,0,0,0,1,0,0,0,train
1,0.7213114754098361,0.0,0.0,0.0,0.0,0.2490974729241877,0.0003727171077152,0,0,1,0,0,0,0,val
1,0.6229508196721312,0.0,0.0,0.0,0.0526315789473684,0.2483754512635378,0.0044726052925829,0,0,1,0,0,0,0,val
1,0.1639344262295082,0.0,0.0,0.0,0.1578947368421052,0.2483754512635378,0.0003727171077152,1,0,0,0,0,0,0,train
0,0.1311475409836066,0.0,0.0,0.0,0.1578947368421052,0.2483754512635378,0.0011181513231457,1,0,0,0,0,0,1,train
1,0.5409836065573771,0.0,0.0,0.0,0.0,0.2483754512635378,0.0,0,0,0,1,0,0,0,train
1,0.5409836065573771,0.0,0.0,0.0,0.0263157894736842,0.2483754512635378,0.0011181513231457,0,0,0,1,0,0,0,test
1,0.1639344262295082,0.0,0.0,0.0588235294117647,0.1842105263157894,0.2483754512635378,0.029071934401789,1,0,0,0,0,0,0,train
0,0.2950819672131147,0.0,0.0,0.0,0.0263157894736842,0.2483754512635378,0.0003727171077152,1,0,0,0,0,0,0,train
0,0.3278688524590164,0.0,0.0,0.0,0.0,0.2490974729241877,0.0003727171077152,0,0,1,0,0,0,0,train
1,0.0819672131147541,0.0,0.0,0.0,0.0263157894736842,0.247653429602888,0.0,1,0,0,0,0,0,0,train
1,0.1639344262295082,0.0,0.0,0.0,0.131578947368421,0.2483754512635378,0.0096906448005963,0,0,1,0,0,0,1,test
0,0.3278688524590164,0.0,0.0,0.0,0.0,0.2483754512635378,0.0003727171077152,0,0,0,0,0,1,0,train
1,0.180327868852459,0.0,0.0,0.0,0.0,0.2483754512635378,0.0007454342154304,1,0,0,0,0,0,0,train
0,0.2622950819672132,0.0,0.0,0.0,0.0263157894736842,0.2418772563176895,0.0007454342154304,0,1,0,0,0,0,0,train
1,0.2622950819672132,0.0,0.0,0.0,0.2105263157894736,0.2483754512635378,0.0,1,0,0,0,0,0,0,train
1,0.1311475409836066,0.0,0.0,0.0,0.1578947368421052,0.2483754512635378,0.0003727171077152,1,0,0,0,0,0,1,val
1,0.6557377049180328,0.0,0.0,0.0,0.0,0.2483754512635378,0.0007454342154304,1,0,0,0,0,0,0,train
1,0.3114754098360656,0.0,0.0,0.0,0.1578947368421052,0.231768953068592,0.0119269474468878,0,0,0,1,0,0,1,test
1,0.7049180327868853,0.0,0.0,0.0,0.2368421052631578,0.431768953068592,0.0357808423406634,1,0,0,0,0,0,0,val
1,0.4262295081967213,0.0,0.0,0.0,0.0,0.2483754512635378,0.0011181513231457,1,0,0,0,0,0,0,train
1,0.1311475409836066,0.0,0.0,0.0,0.0789473684210526,1.0122743682310469,0.0,1,0,0,0,0,0,0,val
1,0.459016393442623,0.0,0.0,0.0,0.0789473684210526,0.223826714801444,0.0547894148341408,1,0,0,0,0,0,1,test
1,0.2950819672131147,0.0,0.0,0.0,0.131578947368421,0.2483754512635378,0.0014908684308609,0,0,1,0,0,0,0,test
0,0.0819672131147541,0.0,0.0,0.0,0.0,0.2483754512635378,0.0003727171077152,0,0,0,0,0,1,0,test
1,0.5737704918032788,0.0,0.0,0.0,0.0789473684210526,0.2483754512635378,0.0022363026462914,1,0,0,0,0,0,1,train
1,0.2459016393442623,0.0,0.0,0.0,0.131578947368421,0.9906137184115524,0.0007454342154304,0,0,0,0,0,1,0,test
1,0.278688524590164,0.0,0.0,0.0,0.2105263157894736,0.2483754512635378,0.0033544539694371,1,0,0,0,0,0,0,train
0,0.3442622950819672,0.0,0.0,0.0,0.0789473684210526,0.2483754512635378,0.0003727171077152,0,0,1,0,0,0,0,train
1,0.0491803278688524,0.05,0.0,0.0,0.0263157894736842,0.2483754512635378,0.0003727171077152,0,0,0,1,0,0,1,train
1,0.1311475409836066,0.05,0.0,0.0,0.2631578947368421,0.2483754512635378,0.0111815132314573,1,0,0,0,0,0,1,train
0,0.0491803278688524,0.0,0.375,0.0588235294117647,0.0789473684210526,0.2483754512635378,0.0119269474468878,0,0,1,0,0,0,1,train
1,0.3114754098360656,0.0,0.0,0.0,0.2105263157894736,0.2483754512635378,0.0003727171077152,1,0,0,0,0,0,0,test
1,0.180327868852459,0.0,0.0,0.0,0.0263157894736842,0.1935018050541516,0.0003727171077152,0,0,1,0,0,0,0,train
1,0.6721311475409837,0.0,0.0,0.0,0.1052631578947368,0.2014440433212996,0.0245993291092061,1,0,0,0,0,0,0,train
0,0.6229508196721312,0.0,0.0,0.0,0.0,0.2483754512635378,0.0003727171077152,0,0,1,0,0,0,0,train
1,0.1967213114754099,0.0,0.0,0.0,0.0,0.2483754512635378,0.0,0,0,1,0,0,0,0,train
1,0.1475409836065574,0.0,0.0,0.0,0.0526315789473684,0.2483754512635378,0.0033544539694371,1,0,0,0,0,0,0,train
1,0.180327868852459,0.0,0.0,0.0,0.0,0.2483754512635378,0.0007454342154304,0,0,0,0,0,1,0,test
1,0.0983606557377049,0.0,0.0,0.0,0.0263157894736842,0.4050541516245487,0.0003727171077152,1,0,0,0,0,0,0,test
0,0.1475409836065574,0.0,0.0,0.0,0.1578947368421052,0.2483754512635378,0.0003727171077152,0,0,1,0,0,0,0,train
1,0.4098360655737705,0.0,0.0,0.0,0.3947368421052631,0.2483754512635378,0.5560939247111443,1,0,0,0,0,0,1,train
0,0.5737704918032788,0.0,0.0,0.0,0.131578947368421,0.2483754512635378,0.0007454342154304,1,0,0,0,0,0,0,train
1,0.1311475409836066,0.0,0.125,0.0,0.1578947368421052,0.2433212996389891,0.0055907566157286,1,0,0,0,0,0,0,train
0,0.0983606557377049,0.0,0.0,0.0,0.0263157894736842,0.2483754512635378,0.0003727171077152,0,0,1,0,0,0,0,test
1,0.1967213114754099,0.0,0.0,0.0,0.0,0.2490974729241877,0.0,1,0,0,0,0,0,0,train
1,0.1311475409836066,0.0,0.0,0.0,0.1052631578947368,0.2483754512635378,0.0037271710771524,1,0,0,0,0,0,0,train
1,0.3114754098360656,0.0,0.0,0.0,0.1052631578947368,0.2483754512635378,0.0037271710771524,0,0,0,1,0,0,0,train
1,0.5901639344262296,0.0,0.0,0.0,0.1052631578947368,0.2483754512635378,0.0007454342154304,1,0,0,0,0,0,0,train
1,0.1311475409836066,0.0,0.0,0.1764705882352941,0.2631578947368421,0.2490974729241877,0.0033544539694371,0,0,1,0,0,0,1,train
1,0.4426229508196722,0.0,0.0,0.0,0.0,0.2483754512635378,0.0003727171077152,0,0,1,0,0,0,0,train
1,0.4754098360655738,0.0,0.0,0.0,0.0263157894736842,0.2483754512635378,0.0003727171077152,0,0,1,0,0,0,0,train
1,0.1967213114754099,0.0,0.0,0.0,0.1842105263157894,0.4433212996389891,0.0003727171077152,0,0,0,1,0,0,1,train
1,0.5245901639344263,0.0,0.0,0.0,0.0263157894736842,0.7494584837545126,0.0208721580320536,0,0,1,0,0,0,0,train
1,0.639344262295082,0.0,0.0,0.0,0.0789473684210526,0.2115523465703971,0.0044726052925829,0,0,1,0,0,0,0,val
1,0.2131147540983606,0.0,0.0,0.0,0.0526315789473684,0.2483754512635378,0.0007454342154304,1,0,0,0,0,0,0,train
1,0.1639344262295082,0.0,0.0,0.0,0.0526315789473684,0.2483754512635378,0.0003727171077152,1,0,0,0,0,0,0,test
0,0.0491803278688524,0.0,0.0,0.0,0.0,0.2483754512635378,0.0003727171077152,1,0,0,0,0,0,0,train
1,0.1147540983606557,0.0,0.0,0.0588235294117647,0.1052631578947368,0.2483754512635378,0.0040998881848676,1,0,0,0,0,0,1,train
1,0.3114754098360656,0.0,0.0,0.0,0.1842105263157894,0.2483754512635378,0.0003727171077152,1,0,0,0,0,0,0,train
1,0.6229508196721312,0.0,0.0,0.0,0.0,0.2483754512635378,0.0026090197540067,0,0,0,0,0,1,0,train
1,0.0983606557377049,0.0,0.0,0.0,0.0,0.2483754512635378,0.0003727171077152,1,0,0,0,0,0,0,train
1,0.4754098360655738,0.0,0.0,0.0,0.131578947368421,0.2483754512635378,0.0018635855385762,0,0,1,0,0,0,0,train
1,0.7868852459016394,0.0,0.0,0.0,0.0526315789473684,0.2483754512635378,0.0212448751397689,0,0,1,0,0,0,0,test
1,0.9508196721311476,0.0,0.0,0.0,0.0,0.247653429602888,0.0007454342154304,0,1,0,0,0,0,0,test
1,0.278688524590164,0.0,0.0,0.0,0.0263157894736842,0.2490974729241877,0.0003727171077152,1,0,0,0,0,0,0,train
1,0.0983606557377049,0.0,0.0,0.0,0.0,0.2483754512635378,0.0007454342154304,1,0,0,0,0,0,0,train
1,0.2950819672131147,0.0,0.0,0.0,0.0,0.2483754512635378,0.0026090197540067,0,0,1,0,0,0,0,train
1,0.0163934426229508,0.0,0.0,0.0,0.0,0.2483754512635378,0.0212448751397689,1,0,0,0,0,0,1,train
1,0.3606557377049181,0.0,0.0,0.0,0.0526315789473684,0.2483754512635378,0.0003727171077152,1,0,0,0,0,0,0,train
1,0.1639344262295082,0.0,0.0,0.0,0.0,0.2483754512635378,0.0078270592620201,0,0,1,0,0,0,1,train
1,0.1475409836065574,0.0,0.0,0.0,0.0,0.2483754512635378,0.0007454342154304,0,0,1,0,0,0,0,test
1,0.1147540983606557,0.0,0.0,0.0,0.1842105263157894,0.2483754512635378,0.0067089079388743,1,0,0,0,0,0,0,train
1,0.2459016393442623,0.0,0.0,0.0,0.1052631578947368,0.2086642599277978,0.0003727171077152,0,0,1,0,0,0,0,train
0,0.0983606557377049,0.0,0.0,0.0,0.0,0.247653429602888,0.0003727171077152,1,0,0,0,0,0,0,train
1,0.4262295081967213,0.0,0.0,0.0,0.0,0.2483754512635378,0.0145359672008945,0,0,1,0,0,0,0,test
1,0.4262295081967213,0.0,0.0,0.0,0.0,0.2483754512635378,0.0003727171077152,1,0,0,0,0,0,0,train
0,0.0819672131147541,0.0,0.0,0.0,0.0,0.2490974729241877,0.0003727171077152,1,0,0,0,0,0,0,train
1,0.1475409836065574,0.0,0.0,0.0588235294117647,0.0,0.2490974729241877,0.0,1,0,0,0,0,0,0,train
1,0.6065573770491803,0.0,0.0,0.0,0.0,0.2483754512635378,0.0003727171077152,0,0,1,0,0,0,0,train
1,0.8032786885245903,0.0,0.0,0.0,0.0,0.2483754512635378,0.012299664554603,0,0,0,1,0,0,1,val
1,0.4426229508196722,0.0,0.0,0.0,0.1578947368421052,0.703971119133574,0.015281401416325,0,0,0,1,0,0,0,train
1,0.2622950819672132,0.0,0.0,0.0,0.0,0.2483754512635378,0.012299664554603,1,0,0,0,0,0,1,test
1,0.0983606557377049,0.0,0.0,0.0,0.0263157894736842,0.2483754512635378,0.0033544539694371,1,0,0,0,0,0,0,train
1,0.3934426229508196,0.0,0.0,0.0,0.1842105263157894,0.2483754512635378,0.0003727171077152,1,0,0,0,0,0,0,train
1,0.1967213114754099,0.0,0.0,0.0,0.0789473684210526,0.2447653429602888,0.0007454342154304,0,0,0,1,0,0,0,train
1,0.3606557377049181,0.0,0.0,0.0,0.1578947368421052,0.2483754512635378,0.0026090197540067,0,0,1,0,0,0,0,test
1,0.0983606557377049,0.0,0.0,0.0,0.1052631578947368,0.1624548736462093,0.0,0,1,0,0,0,0,1,train
1,0.1967213114754099,0.0,0.0,0.0,0.3421052631578947,0.2483754512635378,0.0007454342154304,0,0,0,0,0,1,1,train
1,0.1967213114754099,0.0,0.0,0.0,0.1052631578947368,0.4844765342960289,0.0022363026462914,1,0,0,0,0,0,0,train
1,0.1475409836065574,0.0,0.0,0.0,0.0263157894736842,0.2483754512635378,0.0115542303391725,0,0,1,0,0,0,0,train
1,0.3114754098360656,0.0,0.0,0.0,0.0789473684210526,0.2483754512635378,0.0301900857249347,1,0,0,0,0,0,0,train
1,0.1147540983606557,0.0,0.0,0.0,0.0263157894736842,0.2490974729241877,0.0,1,0,0,0,0,0,0,train
1,0.4426229508196722,0.0,0.0,0.0,0.0526315789473684,0.2483754512635378,0.0029817368617219,0,0,1,0,0,0,0,train
1,0.2131147540983606,0.0,0.0,0.0,0.0263157894736842,0.2469314079422382,0.0003727171077152,0,0,1,0,0,0,0,train
1,0.0819672131147541,0.0,0.0,0.0,0.0,0.2483754512635378,0.0014908684308609,1,0,0,0,0,0,0,train
1,0.0491803278688524,0.0,0.0,0.0,0.0,0.2490974729241877,0.0007454342154304,1,0,0,0,0,0,0,test
1,0.278688524590164,0.0,0.0,0.0,0.0,0.2483754512635378,0.0003727171077152,1,0,0,0,0,0,0,train
0,0.2295081967213115,0.0,0.0,0.0,0.131578947368421,0.2281588447653429,0.0018635855385762,0,0,1,0,0,0,0,val
1,0.5573770491803279,0.0,0.0,0.0,0.0526315789473684,0.2173285198555956,0.0201267238166231,0,0,1,0,0,0,0,val
1,0.1147540983606557,0.0,0.0,0.0,0.0526315789473684,0.2483754512635378,0.0014908684308609,1,0,0,0,0,0,0,train
1,0.2622950819672132,0.0,0.125,0.0,0.3947368421052631,0.2483754512635378,0.0003727171077152,0,0,1,0,0,0,0,test
1,0.5245901639344263,0.0,0.0,0.0,0.2368421052631578,0.2483754512635378,0.1222512113306,1,0,0,0,0,0,0,train
0,0.1967213114754099,0.0,0.0,0.0,0.1052631578947368,0.2483754512635378,0.0003727171077152,1,0,0,0,0,0,0,val
1,0.3114754098360656,0.0,0.0,0.0,0.0789473684210526,0.2483754512635378,0.0063361908311591,0,0,1,0,0,0,0,test
1,0.3114754098360656,0.0,0.0,0.0,0.2105263157894736,0.2483754512635378,0.0003727171077152,1,0,0,0,0,0,0,train
0,0.2131147540983606,0.0,0.0,0.0,0.0,0.2490974729241877,0.0014908684308609,0,0,1,0,0,0,0,train
1,0.0655737704918033,0.0,0.0,0.0,0.0,0.2483754512635378,0.0070816250465896,1,0,0,0,0,0,1,train
1,0.1967213114754099,0.0,0.0,0.0,0.0263157894736842,0.2483754512635378,0.0003727171077152,1,0,0,0,0,0,0,train
0,0.0327868852459016,0.0,0.0,0.0,0.0263157894736842,0.2483754512635378,0.0003727171077152,0,0,0,0,0,1,0,test
1,0.180327868852459,0.0,0.0,0.0,0.0,0.2490974729241877,0.0003727171077152,1,0,0,0,0,0,0,train
1,0.0983606557377049,0.0,0.0,0.0,0.0,0.2483754512635378,0.0007454342154304,0,0,1,0,0,0,0,train
0,0.459016393442623,0.0,0.0,0.0,0.0263157894736842,0.4938628158844765,0.0115542303391725,0,0,1,0,0,0,1,test
0,0.2950819672131147,0.0,0.0,0.0,0.0263157894736842,0.2483754512635378,0.0003727171077152,1,0,0,0,0,0,0,test
1,0.0819672131147541,0.0,0.0,0.0,0.0,0.2483754512635378,0.0719344017890421,1,0,0,0,0,0,1,train
1,0.180327868852459,0.0,0.0,0.0,0.1578947368421052,0.2483754512635378,0.0119269474468878,1,0,0,0,0,0,1,train
0,0.0655737704918033,0.0,0.0,0.0,0.0263157894736842,0.2462093862815884,0.0003727171077152,0,0,0,1,0,0,0,train
1,0.180327868852459,0.0,0.0,0.0,0.1052631578947368,0.2483754512635378,0.0003727171077152,1,0,0,0,0,0,0,train
0,0.1311475409836066,0.0,0.0,0.0,0.0,0.2447653429602888,0.0014908684308609,1,0,0,0,0,0,0,test
1,0.2295081967213115,0.0,0.0,0.0,0.0263157894736842,0.2483754512635378,0.0368989936638091,1,0,0,0,0,0,0,train
1,0.4426229508196722,0.0,0.0,0.0,0.0,0.2490974729241877,0.0040998881848676,0,0,0,1,0,0,0,train
1,0.1967213114754099,0.0,0.0,0.0,0.0263157894736842,0.2483754512635378,0.0313082370480805,1,0,0,0,0,0,0,train
1,0.1147540983606557,0.0,0.0,0.0,0.0,0.2483754512635378,0.0003727171077152,1,0,0,0,0,0,0,train
1,0.0983606557377049,0.0,0.0,0.0,0.131578947368421,0.2490974729241877,0.0007454342154304,1,0,0,0,0,0,0,test
1,0.180327868852459,0.0,0.0,0.0,0.0,0.2483754512635378,0.0022363026462914,0,0,1,0,0,0,1,train
1,0.0491803278688524,0.0,0.0,0.0,0.0263157894736842,0.2483754512635378,0.0003727171077152,0,0,1,0,0,0,0,train
1,0.3278688524590164,0.05,0.25,0.1176470588235294,0.5789473684210527,0.2245487364620938,0.0070816250465896,1,0,0,0,0,0,1,val
1,0.7213114754098361,0.0,0.0,0.0,0.131578947368421,0.291696750902527,0.0089452105851658,0,0,0,1,0,0,0,train
0,0.459016393442623,0.0,0.0,0.0,0.0263157894736842,0.2274368231046931,0.0003727171077152,0,0,1,0,0,0,0,train
1,0.4754098360655738,0.0,0.0,0.0,0.0526315789473684,0.2274368231046931,0.0182631382780469,0,0,1,0,0,0,0,test
1,0.1475409836065574,0.0,0.0,0.0,0.0263157894736842,0.2194945848375451,0.0003727171077152,0,0,0,1,0,0,0,train
1,0.1967213114754099,0.0,0.0,0.0,0.3421052631578947,0.2483754512635378,0.1770406261647409,1,0,0,0,0,0,1,train
1,0.4918032786885246,0.0,0.0,0.0,0.0526315789473684,0.2180505415162454,0.0003727171077152,0,0,1,0,0,0,1,test
1,0.1311475409836066,0.0,0.0,0.0,0.0526315789473684,0.2303249097472924,0.0007454342154304,1,0,0,0,0,0,0,train
0,0.3934426229508196,0.0,0.0,0.0,0.0,0.2483754512635378,0.0003727171077152,0,0,1,0,0,0,0,test
1,0.2622950819672132,0.0,0.0,0.0,0.0263157894736842,0.2483754512635378,0.0007454342154304,1,0,0,0,0,0,0,train
0,0.836065573770492,0.0,0.0,0.0,0.0526315789473684,0.2490974729241877,0.0,0,0,1,0,0,0,0,train
1,0.0983606557377049,0.0,0.0,0.0588235294117647,0.131578947368421,0.2332129963898916,0.0003727171077152,0,0,1,0,0,0,1,val
1,0.4426229508196722,0.0,0.0,0.0,0.0263157894736842,0.2483754512635378,0.0003727171077152,1,0,0,0,0,0,0,train
1,0.1639344262295082,0.0,0.0,0.0,0.0789473684210526,0.43971119133574,0.0286992172940737,1,0,0,0,0,0,0,train
1,0.5573770491803279,0.0,0.0,0.0,0.0526315789473684,0.2483754512635378,0.0070816250465896,1,0,0,0,0,0,0,test
1,0.1967213114754099,0.0,0.0,0.0,0.0,0.2483754512635378,0.0003727171077152,0,0,1,0,0,0,0,train
0,0.1311475409836066,0.0,0.0,0.0,0.0,0.2490974729241877,0.0,0,0,0,1,0,0,0,train
1,0.2295081967213115,0.0,0.125,0.0,0.131578947368421,0.3537906137184115,0.013790532985464,0,0,1,0,0,0,1,test
1,0.4754098360655738,0.0,0.0,0.0,0.2894736842105263,0.1740072202166064,0.0208721580320536,0,0,1,0,0,0,0,train
1,0.2295081967213115,0.0,0.0,0.0,0.0526315789473684,0.2072202166064982,0.0350354081252329,1,0,0,0,0,0,0,val
1,0.1967213114754099,0.0,0.0,0.0,0.0,0.2490974729241877,0.0,0,0,0,1,0,0,0,train
0,0.0655737704918033,0.0,0.0,0.0,0.0,0.2490974729241877,0.0003727171077152,1,0,0,0,0,0,0,train
1,0.278688524590164,0.0,0.0,0.0,0.1578947368421052,0.2483754512635378,0.0003727171077152,1,0,0,0,0,0,0,test
1,0.278688524590164,0.0,0.0,0.0,0.0263157894736842,0.2483754512635378,0.0361535594483786,1,0,0,0,0,0,0,test
1,0.1147540983606557,0.0,0.0,0.0,0.0526315789473684,0.2483754512635378,0.0003727171077152,1,0,0,0,0,0,0,train
1,0.6557377049180328,0.0,0.0,0.0,0.0789473684210526,0.2462093862815884,0.0,0,0,1,0,0,0,0,train
1,0.2459016393442623,0.0,0.0,0.0,0.0526315789473684,0.2324909747292418,0.0,0,0,1,0,0,0,0,train
1,0.4262295081967213,0.0,0.0,0.0,0.1052631578947368,0.2483754512635378,0.0003727171077152,0,0,1,0,0,0,0,train
1,0.1967213114754099,0.0,0.0,0.0,0.0789473684210526,0.2483754512635378,0.0007454342154304,1,0,0,0,0,0,0,test
0,0.3442622950819672,0.0,0.0,0.0,0.0526315789473684,0.2490974729241877,0.0026090197540067,0,0,0,1,0,0,0,test
1,0.1639344262295082,0.0,0.0,0.0,0.0,0.2483754512635378,0.0003727171077152,0,0,1,0,0,0,0,train
1,0.2622950819672132,0.0,0.0,0.0,0.0263157894736842,0.2483754512635378,0.0003727171077152,1,0,0,0,0,0,0,train
1,0.1311475409836066,0.0,0.0,0.0,0.0263157894736842,0.2274368231046931,0.0029817368617219,1,0,0,0,0,0,1,train
1,0.0819672131147541,0.0,0.0,0.0,0.0,0.2483754512635378,0.0007454342154304,1,0,0,0,0,0,0,train
1,0.2131147540983606,0.0,0.0,0.0,0.0,0.2483754512635378,0.0003727171077152,1,0,0,0,0,0,0,train
1,0.3278688524590164,0.0,0.0,0.0,0.0263157894736842,0.2483754512635378,0.0003727171077152,0,0,0,0,0,1,0,test
1,0.4262295081967213,0.0,0.0,0.0,0.0,0.2483754512635378,0.0003727171077152,1,0,0,0,0,0,0,train
1,0.5573770491803279,0.0,0.0,0.0,0.0,0.2490974729241877,0.0003727171077152,1,0,0,0,0,0,0,train
1,0.2131147540983606,0.0,0.0,0.0,0.2368421052631578,0.2490974729241877,0.0003727171077152,1,0,0,0,0,0,1,train
0,0.0491803278688524,0.0,0.125,0.0,0.0526315789473684,0.2404332129963898,0.0044726052925829,1,0,0,0,0,0,0,train
1,0.9672131147540984,0.0,0.0,0.0,0.0263157894736842,0.2483754512635378,0.0011181513231457,0,0,1,0,0,0,0,val
1,0.7049180327868853,0.0,0.0,0.0,0.1052631578947368,0.2483754512635378,0.044353335818114,0,0,1,0,0,0,0,train
0,0.3770491803278689,0.0,0.0,0.0,0.0,0.2483754512635378,0.0003727171077152,1,0,0,0,0,0,0,train
0,0.0983606557377049,0.0,0.0,0.0,0.0,0.2483754512635378,0.0003727171077152,0,0,1,0,0,0,0,train
0,0.2622950819672132,0.0,0.0,0.0,0.131578947368421,0.2483754512635378,0.0003727171077152,1,0,0,0,0,0,0,val
1,0.1475409836065574,0.0,0.0,0.0,0.0263157894736842,0.2490974729241877,0.0003727171077152,0,0,0,1,0,0,0,test
1,0.1967213114754099,0.0,0.0,0.0,0.0263157894736842,0.2483754512635378,0.0003727171077152,1,0,0,0,0,0,0,test
1,0.6721311475409837,0.0,0.0,0.0,0.0,0.2462093862815884,0.0007454342154304,0,0,0,1,0,0,0,test
1,0.6065573770491803,0.0,0.0,0.0,0.0263157894736842,0.2483754512635378,0.0141632500931792,0,0,1,0,0,0,1,val
0,0.0655737704918033,0.0,0.125,0.0,0.0263157894736842,0.4613718411552346,0.0115542303391725,1,0,0,0,0,0,0,train
1,0.5737704918032788,0.0,0.0,0.0,0.131578947368421,0.2490974729241877,0.0007454342154304,1,0,0,0,0,0,0,val
1,0.5245901639344263,0.0,0.0,0.0,0.0263157894736842,0.2483754512635378,0.0003727171077152,0,0,1,0,0,0,0,train
1,0.0491803278688524,0.0,0.0,0.0588235294117647,0.0526315789473684,0.2483754512635378,0.0007454342154304,0,0,0,1,0,0,1,test
0,0.1147540983606557,0.0,0.0,0.0,0.0,0.2483754512635378,0.0007454342154304,0,0,1,0,0,0,0,train
0,0.2131147540983606,0.0,0.0,0.0,0.0526315789473684,0.2490974729241877,0.0436079016026835,0,0,1,0,0,0,0,train
0,0.1311475409836066,0.0,0.0,0.0,0.0263157894736842,0.2483754512635378,0.0055907566157286,1,0,0,0,0,0,0,test
1,0.1147540983606557,0.0,0.0,0.0,0.0,0.2483754512635378,0.0003727171077152,0,0,1,0,0,0,0,train
1,0.2295081967213115,0.0,0.0,0.0,0.0,0.2490974729241877,0.0,1,0,0,0,0,0,0,train
1,0.3606557377049181,0.0,0.0,0.0,0.131578947368421,0.2483754512635378,0.0003727171077152,0,0,1,0,0,0,0,train
1,0.278688524590164,0.0,0.0,0.0,0.0,0.247653429602888,0.0003727171077152,1,0,0,0,0,0,0,train
1,0.1475409836065574,0.0,0.0,0.0,0.0526315789473684,0.2483754512635378,0.0014908684308609,1,0,0,0,0,0,0,train
1,0.2950819672131147,0.0,0.0,0.0,0.0263157894736842,0.2483754512635378,0.015281401416325,0,1,0,0,0,0,0,train
1,0.1967213114754099,0.0,0.0,0.0,0.0526315789473684,0.2332129963898916,0.0,0,0,1,0,0,0,0,train
1,0.1967213114754099,0.0,0.0,0.0,0.0,0.2490974729241877,0.0044726052925829,1,0,0,0,0,0,0,test
1,0.3770491803278689,0.0,0.0,0.0,0.5,0.2490974729241877,0.0003727171077152,1,0,0,0,0,0,0,test
0,0.0491803278688524,0.0,0.0,0.0,0.0263157894736842,0.1776173285198555,0.0242266120014908,0,0,1,0,0,0,0,test
0,0.180327868852459,0.0,0.0,0.0,0.0,0.2469314079422382,0.0,0,0,1,0,0,0,0,train
1,0.1147540983606557,0.0,0.0,0.0,0.0,0.2483754512635378,0.0,0,0,1,0,0,0,0,train
1,0.5245901639344263,0.0,0.0,0.0,0.0,0.2483754512635378,0.0011181513231457,0,0,1,0,0,0,0,train
1,0.278688524590164,0.0,0.0,0.0,0.1052631578947368,0.2483754512635378,0.0033544539694371,0,0,1,0,0,0,0,val
1,0.4098360655737705,0.0,0.0,0.0,0.1052631578947368,0.2303249097472924,0.0,1,0,0,0,0,0,1,train
0,0.7049180327868853,0.0,0.0,0.0,0.0,0.2483754512635378,0.0003727171077152,0,0,1,0,0,0,0,test
0,0.0655737704918033,0.0,0.0,0.0,0.1052631578947368,0.2490974729241877,0.0003727171077152,1,0,0,0,0,0,1,test
1,0.4262295081967213,0.0,0.0,0.0,0.3157894736842105,0.2483754512635378,0.0402534476332463,1,0,0,0,0,0,0,test
0,0.2622950819672132,0.0,0.0,0.0,0.0263157894736842,0.2339350180505415,0.0059634737234439,1,0,0,0,0,0,0,train
1,0.0983606557377049,0.0,0.0,0.0,0.0,0.2483754512635378,0.0026090197540067,0,0,0,0,0,1,0,train
0,0.2622950819672132,0.0,0.0,0.0,0.0263157894736842,0.2772563176895307,0.0096906448005963,0,0,1,0,0,0,0,train
0,0.0327868852459016,0.0,0.0,0.0588235294117647,0.0,0.2483754512635378,0.0022363026462914,1,0,0,0,0,0,1,train
1,0.1967213114754099,0.0,0.0,0.0,0.0,0.2483754512635378,0.0003727171077152,1,0,0,0,0,0,0,train
0,0.4098360655737705,0.0,0.0,0.0,0.0,0.2483754512635378,0.0003727171077152,1,0,0,0,0,0,0,train
1,0.3114754098360656,0.0,0.0,0.0,0.2368421052631578,0.2483754512635378,0.0659709280655982,0,0,0,1,0,0,0,train
0,0.180327868852459,0.0,0.0,0.0,0.0263157894736842,0.2483754512635378,0.0003727171077152,0,0,0,1,0,0,0,train
1,0.4262295081967213,0.0,0.0,0.0,0.1052631578947368,0.2483754512635378,0.3559448378680581,0,0,1,0,0,0,0,train
0,0.0983606557377049,0.0,0.0,0.0,0.0,0.2490974729241877,0.0,0,0,1,0,0,0,0,train
1,0.2950819672131147,0.0,0.0,0.0,0.3157894736842105,0.2303249097472924,0.0048453224002981,0,0,1,0,0,0,0,test
1,0.3442622950819672,0.0,0.0,0.0,0.0,0.2483754512635378,0.0033544539694371,0,0,1,0,0,0,1,train
1,0.2295081967213115,0.0,0.0,0.0,0.0526315789473684,0.2483754512635378,0.0003727171077152,1,0,0,0,0,0,0,train
1,0.1967213114754099,0.0,0.0,0.0,0.0263157894736842,0.1898916967509025,0.0003727171077152,1,0,0,0,0,0,0,test
1,0.3278688524590164,0.0,0.0,0.0,0.0,0.2490974729241877,0.0,1,0,0,0,0,0,0,train
0,0.1475409836065574,0.0,0.0,0.0,0.2105263157894736,0.2324909747292418,0.0048453224002981,1,0,0,0,0,0,0,train
1,0.1967213114754099,0.3,0.0,0.0,0.2105263157894736,0.2483754512635378,0.0003727171077152,1,0,0,0,0,0,1,train
0,0.1311475409836066,0.0,0.0,0.0,0.0263157894736842,0.247653429602888,0.0007454342154304,0,0,1,0,0,0,0,train
1,0.3114754098360656,0.0,0.0,0.0,0.0789473684210526,0.2483754512635378,0.0014908684308609,0,0,1,0,0,0,0,test
1,0.3114754098360656,0.0,0.0,0.0,0.2368421052631578,0.2115523465703971,0.0052180395080134,0,0,0,1,0,0,0,train
1,0.180327868852459,0.0,0.0,0.0,0.0263157894736842,0.2483754512635378,0.0003727171077152,0,0,1,0,0,0,0,train
1,0.2295081967213115,0.0,0.0,0.0,0.0789473684210526,0.2483754512635378,0.0100633619083115,0,0,1,0,0,0,0,test
1,0.0491803278688524,0.0,0.25,0.3529411764705882,0.2105263157894736,0.2707581227436823,0.6134923592992918,1,0,0,0,0,0,1,test
1,0.0491803278688524,0.0,0.0,0.0,0.0263157894736842,0.2483754512635378,0.0003727171077152,0,0,1,0,0,0,0,test
1,0.4754098360655738,0.0,0.0,0.0,0.3421052631578947,0.2490974729241877,0.0301900857249347,0,0,1,0,0,0,1,train
0,0.2950819672131147,0.0,0.0,0.0,0.1052631578947368,0.23971119133574,0.0,1,0,0,0,0,0,0,train
1,0.2295081967213115,0.0,0.0,0.0,0.1052631578947368,0.2490974729241877,0.0096906448005963,0,0,1,0,0,0,1,test
1,0.4098360655737705,0.0,0.0,0.0,0.0263157894736842,0.2483754512635378,0.0003727171077152,0,0,1,0,0,0,0,test
1,0.1475409836065574,0.0,0.0,0.0,0.0526315789473684,0.2483754512635378,0.0491986582184122,1,0,0,0,0,0,0,train
1,0.7213114754098361,0.0,0.0,0.0,0.0526315789473684,0.2346570397111913,0.0003727171077152,0,0,1,0,0,0,0,train
1,0.0491803278688524,0.0,0.0,0.0,0.0263157894736842,0.2332129963898916,0.0081997763697353,1,0,0,0,0,0,0,train
1,0.2622950819672132,0.0,0.0,0.0,0.0,0.2483754512635378,0.0003727171077152,0,1,0,0,0,0,0,test
1,0.459016393442623,0.0,0.0,0.0,0.0263157894736842,0.247653429602888,0.0003727171077152,0,0,0,1,0,0,0,train
1,0.3606557377049181,0.1,0.0,0.0,0.6052631578947368,0.2707581227436823,0.0119269474468878,1,0,0,0,0,0,1,train
1,0.3278688524590164,0.0,0.0,0.0,0.0789473684210526,0.2490974729241877,0.0003727171077152,0,0,1,0,0,0,0,train
1,0.3770491803278689,0.0,0.0,0.0,0.1842105263157894,0.2483754512635378,0.0216175922474841,1,0,0,0,0,0,0,train
1,0.0491803278688524,0.0,0.0,0.0,0.0263157894736842,0.2411552346570397,0.0040998881848676,0,0,1,0,0,0,0,train
0,0.918032786885246,0.0,0.0,0.0,0.0,0.2483754512635378,0.0,0,0,1,0,0,0,0,train
0,0.1475409836065574,0.0,0.0,0.0,0.0,0.2490974729241877,0.0,0,0,0,1,0,0,0,train
1,0.1967213114754099,0.0,0.125,0.0,0.0263157894736842,0.2483754512635378,0.0007454342154304,1,0,0,0,0,0,0,train
0,0.2459016393442623,0.0,0.0,0.0,0.0789473684210526,0.247653429602888,0.0007454342154304,0,0,1,0,0,0,1,train
1,0.0983606557377049,0.0,0.0,0.0,0.0526315789473684,0.2490974729241877,0.0,0,0,1,0,0,0,0,test
1,0.5573770491803279,0.0,0.0,0.0,0.0,0.2483754512635378,0.0003727171077152,0,1,0,0,0,0,0,val
0,0.180327868852459,0.0,0.0,0.0,0.0,0.2483754512635378,0.0,0,0,1,0,0,0,0,train
0,0.1967213114754099,0.0,0.0,0.0588235294117647,0.0263157894736842,0.2490974729241877,0.0,0,0,1,0,0,0,0,train
1,0.2459016393442623,0.0,0.0,0.0,0.0,0.2483754512635378,0.0167722698471859,1,0,0,0,0,0,0,train
1,0.3278688524590164,0.0,0.0,0.0,0.0263157894736842,0.2483754512635378,0.0014908684308609,0,0,0,1,0,0,0,train
0,0.1639344262295082,0.0,0.0,0.0,0.131578947368421,0.2483754512635378,0.0007454342154304,1,0,0,0,0,0,0,train
1,0.1639344262295082,0.0,0.0,0.0,0.0789473684210526,0.2483754512635378,0.604547148714126,0,0,0,1,0,0,0,train
0,0.5573770491803279,0.0,0.0,0.0,0.0789473684210526,0.2490974729241877,0.0,1,0,0,0,0,0,0,val
1,0.0491803278688524,0.0,0.0,0.1764705882352941,0.0263157894736842,0.2310469314079422,0.0074543421543048,0,0,0,1,0,0,0,train
0,0.0655737704918033,0.0,0.0,0.0,0.0263157894736842,0.2483754512635378,0.0007454342154304,0,0,0,1,0,0,0,train
1,0.2295081967213115,0.0,0.0,0.0,0.0789473684210526,0.2490974729241877,0.0022363026462914,0,0,0,1,0,0,0,train
1,0.1147540983606557,0.0,0.0,0.0,0.0,0.2490974729241877,0.0081997763697353,1,0,0,0,0,0,1,train
0,0.1475409836065574,0.0,0.0,0.0,0.0,0.2483754512635378,0.0003727171077152,1,0,0,0,0,0,0,test
1,0.278688524590164,0.0,0.0,0.0,0.0,0.2490974729241877,0.0003727171077152,0,0,1,0,0,0,0,train
1,0.3606557377049181,0.0,0.0,0.0,0.0526315789473684,0.2483754512635378,0.0003727171077152,1,0,0,0,0,0,0,train
0,0.180327868852459,0.0,0.0,0.0,0.0,0.2483754512635378,0.0178904211703317,0,0,0,0,0,1,0,train
1,0.0983606557377049,0.0,0.0,0.1176470588235294,0.0526315789473684,0.2483754512635378,0.0257174804323518,1,0,0,0,0,0,1,test
1,0.0983606557377049,0.25,0.125,0.0,0.2631578947368421,0.2490974729241877,0.0495713753261274,1,0,0,0,0,0,1,train
1,0.5901639344262296,0.0,0.0,0.0,0.3421052631578947,0.2483754512635378,1.0,1,0,0,0,0,0,0,train
1,0.1311475409836066,0.0,0.0,0.0,0.131578947368421,0.2483754512635378,0.0003727171077152,0,0,0,1,0,0,0,train
1,0.5245901639344263,0.0,0.0,0.0,0.0263157894736842,0.2490974729241877,0.0033544539694371,0,0,1,0,0,0,0,train
1,0.5409836065573771,0.0,0.0,0.0,0.0,0.2483754512635378,0.0003727171077152,0,0,0,1,0,0,0,val
1,0.180327868852459,0.0,0.0,0.0,0.0789473684210526,0.2483754512635378,0.0003727171077152,1,0,0,0,0,0,0,train
0,0.1147540983606557,0.0,0.0,0.0,0.0,0.2490974729241877,0.0003727171077152,0,0,1,0,0,0,0,train
1,0.459016393442623,0.0,0.0,0.0,0.0263157894736842,0.2483754512635378,0.0040998881848676,0,0,1,0,0,0,0,train
1,0.2459016393442623,0.0,0.0,0.1176470588235294,0.2368421052631578,0.2288808664259927,0.0380171449869549,1,0,0,0,0,0,1,test
1,0.2131147540983606,0.0,0.125,0.0,0.5,0.2483754512635378,0.0,0,0,0,1,0,0,1,train
1,0.0491803278688524,0.0,0.0,0.0,0.0,0.2483754512635378,0.0014908684308609,0,0,0,0,0,1,0,test
1,0.0819672131147541,0.0,0.0,0.0,0.0263157894736842,0.2209386281588447,0.0003727171077152,1,0,0,0,0,0,0,val
1,0.278688524590164,0.0,0.0,0.0,0.1052631578947368,0.2483754512635378,0.0070816250465896,1,0,0,0,0,0,0,val
1,0.1311475409836066,0.0,0.0,0.0,0.0263157894736842,0.2483754512635378,0.0003727171077152,0,0,0,0,0,1,0,train
1,0.1475409836065574,0.0,0.0,0.0,0.0,0.2490974729241877,0.0007454342154304,0,0,1,0,0,0,0,train
1,0.0655737704918033,0.0,0.125,0.1764705882352941,0.0526315789473684,0.2483754512635378,0.0003727171077152,1,0,0,0,0,0,0,train
0,0.180327868852459,0.0,0.0,0.0,0.0,0.2483754512635378,0.0011181513231457,1,0,0,0,0,0,1,train
1,0.2131147540983606,0.0,0.0,0.0,0.0,0.2483754512635378,0.0007454342154304,1,0,0,0,0,0,0,train
0,0.180327868852459,0.0,0.0,0.0,0.0,0.2490974729241877,0.0,0,0,0,1,0,0,0,train
0,0.7704918032786886,0.0,0.0,0.0,0.0,0.2483754512635378,0.0003727171077152,0,0,1,0,0,0,0,train
0,0.2622950819672132,0.0,0.0,0.0,0.0263157894736842,0.2454873646209386,0.0014908684308609,0,0,0,1,0,0,0,train
1,0.0983606557377049,0.0,0.0,0.1176470588235294,0.1578947368421052,0.2490974729241877,0.0,0,0,1,0,0,0,0,test
1,0.459016393442623,0.0,0.0,0.0,0.0,0.2490974729241877,0.0003727171077152,1,0,0,0,0,0,0,test
1,0.1311475409836066,0.0,0.0,0.0,0.0789473684210526,0.2194945848375451,0.015281401416325,0,0,0,0,0,1,0,train
1,0.180327868852459,0.0,0.0,0.0,0.1842105263157894,0.2490974729241877,0.0003727171077152,1,0,0,0,0,0,0,train
0,0.6229508196721312,0.0,0.0,0.0,0.0789473684210526,0.2483754512635378,0.0003727171077152,0,0,1,0,0,0,0,train
1,0.0491803278688524,0.0,0.0,0.0,0.0,0.2490974729241877,0.0003727171077152,1,0,0,0,0,0,0,train
1,0.3606557377049181,0.0,0.0,0.0,0.0,0.2490974729241877,0.0279537830786433,1,0,0,0,0,0,1,train
1,0.0655737704918033,0.0,0.0,0.0,0.0526315789473684,0.2483754512635378,0.0,1,0,0,0,0,0,1,train
1,0.3442622950819672,0.0,0.0,0.0,0.0,0.2483754512635378,0.0003727171077152,0,0,1,0,0,0,0,train
1,0.2950819672131147,0.0,0.0,0.0,0.0263157894736842,0.2490974729241877,0.0,0,0,1,0,0,0,0,train
1,0.1967213114754099,0.0,0.0,0.0,0.0,0.2483754512635378,0.0007454342154304,1,0,0,0,0,0,0,train
1,0.6229508196721312,0.0,0.0,0.0,0.4473684210526315,0.2787003610108303,0.0085724934774506,0,0,1,0,0,0,1,val
1,0.2950819672131147,0.0,0.0,0.0,0.0,0.2483754512635378,0.0007454342154304,1,0,0,0,0,0,0,test
1,0.2295081967213115,0.0,0.0,0.0,0.0,0.2483754512635378,0.0007454342154304,1,0,0,0,0,0,0,test
1,0.0819672131147541,0.0,0.0,0.0,0.0,0.2483754512635378,0.0003727171077152,0,0,0,0,0,1,0,train
1,0.5573770491803279,0.0,0.0,0.0,0.0,0.2483754512635378,0.0003727171077152,0,0,1,0,0,0,0,test
1,0.3278688524590164,0.0,0.0,0.0,0.131578947368421,0.2483754512635378,0.0022363026462914,1,0,0,0,0,0,0,train
1,0.459016393442623,0.0,0.0,0.0,0.0,0.2490974729241877,0.0,0,0,1,0,0,0,0,train
1,0.0327868852459016,0.0,0.0,0.0,0.0526315789473684,0.2368231046931407,0.0063361908311591,1,0,0,0,0,0,1,train
1,0.7377049180327869,0.0,0.0,0.0,0.0,0.2483754512635378,0.0003727171077152,0,0,1,0,0,0,0,test
1,0.1475409836065574,0.0,0.0,0.0,0.0263157894736842,0.2483754512635378,0.0003727171077152,1,0,0,0,0,0,1,test
1,0.1475409836065574,0.0,0.0,0.0,0.0,0.2483754512635378,0.0026090197540067,1,0,0,0,0,0,0,train
1,0.0983606557377049,0.1,0.125,0.0,0.2631578947368421,0.067870036101083,0.0003727171077152,1,0,0,0,0,0,0,test
1,0.1475409836065574,0.0,0.0,0.0,0.0,0.2490974729241877,0.0242266120014908,1,0,0,0,0,0,0,test
0,0.4918032786885246,0.0,0.0,0.0,0.0,0.2483754512635378,0.0037271710771524,1,0,0,0,0,0,0,test
0,0.1311475409836066,0.0,0.0,0.0,0.0263157894736842,0.2324909747292418,0.0003727171077152,1,0,0,0,0,0,0,train
1,0.6557377049180328,0.0,0.0,0.0,0.0,0.2490974729241877,0.0,0,0,0,0,0,1,0,train
0,0.5409836065573771,0.0,0.0,0.0,0.1052631578947368,0.2057761732851985,0.0223630264629146,1,0,0,0,0,0,0,train
1,0.3770491803278689,0.0,0.0,0.0,0.0,0.2483754512635378,0.0022363026462914,1,0,0,0,0,0,0,test
1,0.0491803278688524,0.0,0.0,0.0,0.0,0.2483754512635378,0.0003727171077152,1,0,0,0,0,0,0,train
1,0.1311475409836066,0.0,0.0,0.0,0.0,0.2483754512635378,0.0003727171077152,0,0,0,0,0,1,0,val
0,0.3442622950819672,0.0,0.0,0.0,0.0789473684210526,0.2483754512635378,0.0055907566157286,1,0,0,0,0,0,0,train
1,0.459016393442623,0.0,0.0,0.0,0.0,0.2483754512635378,0.0003727171077152,0,0,1,0,0,0,0,train
1,0.6229508196721312,0.0,0.0,0.0,0.0526315789473684,0.2483754512635378,0.1080879612374207,0,0,0,1,0,0,0,train
1,0.2459016393442623,0.0,0.125,0.0,0.1842105263157894,0.2483754512635378,0.0432351844949683,0,0,0,0,0,1,1,train
1,0.0327868852459016,0.0,0.125,0.0,0.0263157894736842,0.2454873646209386,0.0391352963101006,0,0,0,0,1,0,1,train
1,0.2295081967213115,0.0,0.0,0.0,0.0,0.2483754512635378,0.0003727171077152,0,0,1,0,0,0,0,train
1,0.7540983606557378,0.0,0.0,0.0,0.0263157894736842,0.247653429602888,0.0003727171077152,0,0,0,1,0,0,0,train
1,0.1311475409836066,0.0,0.0,0.0,0.0526315789473684,0.2324909747292418,0.0003727171077152,1,0,0,0,0,0,0,train
0,0.1967213114754099,0.0,0.0,0.0,0.0263157894736842,0.2779783393501805,0.0029817368617219,0,0,1,0,0,0,0,train
1,0.0655737704918033,0.0,0.0,0.0,0.0526315789473684,0.2483754512635378,0.0003727171077152,1,0,0,0,0,0,0,train
0,0.4098360655737705,0.0,0.0,0.0,0.0,0.2490974729241877,0.0003727171077152,0,0,1,0,0,0,0,val
0,0.6065573770491803,0.0,0.0,0.0,0.0,0.2483754512635378,0.0003727171077152,0,0,1,0,0,0,0,val
1,0.2622950819672132,0.0,0.0,0.0,0.0,0.2490974729241877,0.0286992172940737,0,0,0,1,0,0,0,train
1,0.0327868852459016,0.0,0.0,0.1176470588235294,0.0263157894736842,0.2483754512635378,0.0007454342154304,1,0,0,0,0,0,0,test
1,0.180327868852459,0.0,0.5,0.0588235294117647,0.3947368421052631,0.4129963898916967,0.0696980991427506,1,0,0,0,0,0,1,train
1,0.6065573770491803,0.0,0.0,0.0,0.1842105263157894,0.2490974729241877,0.0067089079388743,0,0,1,0,0,0,0,train
1,0.0655737704918033,0.0,0.0,0.0,0.0263157894736842,0.2483754512635378,0.0026090197540067,1,0,0,0,0,0,0,train
1,0.6065573770491803,0.0,0.0,0.0,0.0263157894736842,0.2483754512635378,0.0033544539694371,1,0,0,0,0,0,0,test
1,0.0491803278688524,0.0,0.0,0.1764705882352941,0.0,0.2483754512635378,0.0104360790160268,1,0,0,0,0,0,1,train
1,0.3278688524590164,0.05,0.0,0.0,0.1578947368421052,0.2115523465703971,0.0193812896011926,1,0,0,0,0,0,0,test
1,0.0819672131147541,0.0,0.0,0.0,0.0,0.2483754512635378,0.0003727171077152,1,0,0,0,0,0,0,test
0,0.1639344262295082,0.0,0.0,0.0,0.0263157894736842,0.247653429602888,0.0003727171077152,0,0,1,0,0,0,0,train
1,0.4426229508196722,0.0,0.0,0.0,0.0,0.2490974729241877,0.0003727171077152,0,0,0,0,0,1,0,test
1,0.3442622950819672,0.0,0.0,0.0,0.0263157894736842,0.2483754512635378,0.0052180395080134,1,0,0,0,0,0,0,train
1,1.0,0.0,0.0,0.0,0.0263157894736842,0.2332129963898916,0.0003727171077152,0,0,1,0,0,0,0,train
1,0.4918032786885246,0.0,0.0,0.0,0.0263157894736842,0.2483754512635378,0.0003727171077152,0,0,1,0,0,0,0,test
1,0.2131147540983606,0.05,0.0,0.0,0.131578947368421,0.2483754512635378,0.0026090197540067,1,0,0,0,0,0,0,train
1,0.6229508196721312,0.0,0.0,0.0,0.0263157894736842,0.2483754512635378,0.0014908684308609,0,0,1,0,0,0,0,test
1,0.4098360655737705,0.0,0.0,0.0,0.0526315789473684,0.2483754512635378,0.0007454342154304,1,0,0,0,0,0,0,train
1,0.0327868852459016,0.0,0.0,0.1176470588235294,0.0,0.2483754512635378,0.0003727171077152,0,0,0,1,0,0,0,train
1,0.3770491803278689,0.0,0.0,0.0,0.0,0.2462093862815884,0.0059634737234439,1,0,0,0,0,0,0,train
1,0.0983606557377049,0.0,0.0,0.0,0.0263157894736842,0.2483754512635378,0.0003727171077152,0,0,0,0,0,1,0,val
0,0.2459016393442623,0.0,0.0,0.0,0.0263157894736842,0.2483754512635378,0.0003727171077152,1,0,0,0,0,0,0,test
1,0.0655737704918033,0.0,0.0,0.0,0.0,0.2483754512635378,0.0033544539694371,1,0,0,0,0,0,0,train
1,0.2622950819672132,0.0,0.0,0.0,0.0789473684210526,0.2483754512635378,0.0003727171077152,1,0,0,0,0,0,0,train
1,0.2950819672131147,0.0,0.0,0.0,0.0,0.2490974729241877,0.0,0,0,1,0,0,0,0,train
1,0.836065573770492,0.0,0.0,0.0,0.0,0.2483754512635378,0.0003727171077152,0,0,1,0,0,0,0,test
1,0.2295081967213115,0.0,0.0,0.0,0.131578947368421,0.2483754512635378,0.0018635855385762,0,0,1,0,0,0,1,train
1,0.459016393442623,0.0,0.0,0.0,0.0,0.2483754512635378,0.0294446515095042,0,0,1,0,0,0,0,train
1,0.2622950819672132,0.0,0.0,0.0,0.0263157894736842,0.2389891696750902,0.0003727171077152,0,0,1,0,0,0,0,test
0,0.2295081967213115,0.0,0.0,0.0,0.0,0.2490974729241877,0.0044726052925829,0,0,0,1,0,0,0,train
1,0.3442622950819672,0.0,0.0,0.0,0.0,0.2483754512635378,0.0003727171077152,1,0,0,0,0,0,0,test
1,0.1147540983606557,0.0,0.0,0.0588235294117647,0.1578947368421052,0.2483754512635378,0.013790532985464,1,0,0,0,0,0,1,train
1,0.180327868852459,0.0,0.0,0.0,0.0526315789473684,0.247653429602888,0.0067089079388743,0,0,1,0,0,0,0,val
0,0.3606557377049181,0.0,0.0,0.0,0.0,0.2483754512635378,0.0011181513231457,0,0,1,0,0,0,0,train
1,0.2950819672131147,0.0,0.0,0.0,0.2631578947368421,0.2880866425992779,0.0026090197540067,0,0,1,0,0,0,1,train
1,0.5245901639344263,0.0,0.0,0.0,0.131578947368421,0.2433212996389891,0.0003727171077152,0,0,1,0,0,0,0,train
1,0.3114754098360656,0.0,0.0,0.0,0.1052631578947368,0.2483754512635378,0.0067089079388743,1,0,0,0,0,0,1,test
1,0.2622950819672132,0.0,0.0,0.0,0.0263157894736842,0.2490974729241877,0.0048453224002981,1,0,0,0,0,0,0,train
0,0.278688524590164,0.0,0.0,0.0,0.0,0.2483754512635378,0.0003727171077152,0,0,0,1,0,0,0,train
1,0.0819672131147541,0.0,0.0,0.0588235294117647,0.2631578947368421,0.2483754512635378,0.026090197540067,0,0,1,0,0,0,0,test
1,0.0327868852459016,0.0,0.0,0.0,0.0,0.247653429602888,0.0040998881848676,0,0,0,0,0,1,0,test
1,0.1311475409836066,0.0,0.0,0.0,0.0526315789473684,0.2483754512635378,0.0003727171077152,0,0,1,0,0,0,0,test
1,0.6721311475409837,0.0,0.0,0.0,0.0526315789473684,0.2382671480144404,0.0003727171077152,0,0,1,0,0,0,1,train
1,0.3114754098360656,0.0,0.0,0.0,0.0526315789473684,0.2404332129963898,0.0104360790160268,0,0,1,0,0,0,0,train
1,0.0655737704918033,0.0,0.0,0.0,0.0263157894736842,0.2483754512635378,0.0059634737234439,1,0,0,0,0,0,0,train
1,0.1147540983606557,0.0,0.0,0.0,0.131578947368421,0.2483754512635378,0.1263510995154677,1,0,0,0,0,0,0,train
1,0.0327868852459016,0.0,0.0,0.0,0.0263157894736842,0.2483754512635378,0.0003727171077152,1,0,0,0,0,0,1,train
1,0.3442622950819672,0.0,0.0,0.0,0.2105263157894736,0.1949458483754512,0.0074543421543048,0,0,1,0,0,0,0,test
1,0.5245901639344263,0.0,0.0,0.0,0.0526315789473684,0.2490974729241877,0.0003727171077152,0,0,0,1,0,0,0,test
1,0.0327868852459016,0.05,0.0,0.0,0.0263157894736842,0.2346570397111913,0.0011181513231457,1,0,0,0,0,0,0,train
1,0.3442622950819672,0.0,0.0,0.0,0.0263157894736842,0.2144404332129963,0.0003727171077152,0,0,1,0,0,0,0,train
1,0.5409836065573771,0.0,0.0,0.0,0.0263157894736842,0.2483754512635378,0.0007454342154304,0,0,1,0,0,0,1,train
1,0.1967213114754099,0.0,0.0,0.0,0.0526315789473684,0.2483754512635378,0.0003727171077152,1,0,0,0,0,0,0,train
1,0.3442622950819672,0.0,0.0,0.0,0.0,0.2483754512635378,0.0011181513231457,0,0,0,0,0,1,0,val
1,0.1311475409836066,0.0,0.0,0.0,0.0526315789473684,0.2483754512635378,0.012299664554603,1,0,0,0,0,0,0,train
1,0.0327868852459016,0.0,0.0,0.0,0.0,0.2483754512635378,0.0003727171077152,0,0,0,0,0,1,0,train
0,0.5409836065573771,0.0,0.0,0.0,0.1842105263157894,0.135740072202166,0.0544166977264256,0,0,1,0,0,0,0,train
0,0.1311475409836066,0.0,0.0,0.0,0.0,0.2462093862815884,0.0003727171077152,0,0,1,0,0,0,0,train
1,0.1311475409836066,0.0,0.0,0.0,0.131578947368421,0.2483754512635378,0.0,1,0,0,0,0,0,0,test
1,0.0327868852459016,0.0,0.0,0.1176470588235294,0.0,0.2483754512635378,0.0003727171077152,0,0,1,0,0,0,0,train
1,0.1639344262295082,0.0,0.0,0.0,0.0,0.2490974729241877,0.0603801714498695,1,0,0,0,0,0,1,train
0,0.0491803278688524,0.0,0.0,0.0,0.0,0.2462093862815884,0.0003727171077152,1,0,0,0,0,0,0,train
1,0.1147540983606557,0.0,0.0,0.0,0.0,0.2483754512635378,0.1669772642564293,0,0,0,0,0,1,1,val
1,0.1967213114754099,0.0,0.0,0.0,0.0,0.2483754512635378,0.0007454342154304,0,0,1,0,0,0,0,train
1,0.0491803278688524,0.0,0.25,0.4117647058823529,0.0526315789473684,0.2469314079422382,0.0003727171077152,0,0,1,0,0,0,1,val
1,0.278688524590164,0.0,0.0,0.0,0.5789473684210527,0.2490974729241877,0.0007454342154304,1,0,0,0,0,0,1,test
1,0.5245901639344263,0.0,0.0,0.0,0.0526315789473684,0.2483754512635378,0.143496086470369,0,0,1,0,0,0,1,train
1,0.1147540983606557,0.0,0.0,0.0,0.131578947368421,0.2483754512635378,0.012299664554603,1,0,0,0,0,0,0,train
1,0.1311475409836066,0.0,0.0,0.0,0.0,0.2483754512635378,0.0216175922474841,1,0,0,0,0,0,0,train
1,0.0655737704918033,0.0,0.0,0.0,0.0,0.2483754512635378,0.0003727171077152,1,0,0,0,0,0,0,train
1,0.180327868852459,0.0,0.0,0.0,0.0,0.2490974729241877,0.0,1,0,0,0,0,0,0,train
1,0.5573770491803279,0.0,0.0,0.0,0.0263157894736842,0.2483754512635378,0.0003727171077152,0,0,1,0,0,0,0,test
1,0.0491803278688524,0.0,0.0,0.0,0.0,0.2483754512635378,0.0029817368617219,1,0,0,0,0,0,0,train
1,0.0491803278688524,0.0,0.0,0.0,0.0263157894736842,0.2490974729241877,0.0,0,0,1,0,0,0,0,train
1,0.0983606557377049,0.0,0.0,0.0,0.0789473684210526,0.2490974729241877,0.0346626910175177,1,0,0,0,0,0,0,train
0,0.1967213114754099,0.0,0.0,0.0,0.0,0.2483754512635378,0.0003727171077152,0,0,1,0,0,0,0,train
1,0.3770491803278689,0.0,0.125,0.0,0.2368421052631578,0.2483754512635378,0.0007454342154304,1,0,0,0,0,0,0,test
1,0.4918032786885246,0.0,0.0,0.0,0.1578947368421052,0.2303249097472924,0.0018635855385762,0,0,1,0,0,0,0,train
0,0.2622950819672132,0.0,0.0,0.0,0.0263157894736842,0.2483754512635378,0.0003727171077152,1,0,0,0,0,0,0,test
0,0.4918032786885246,0.0,0.0,0.0,0.4473684210526315,0.2483754512635378,0.1364144614237793,0,0,1,0,0,0,0,train
1,0.2131147540983606,0.0,0.0,0.0,0.0263157894736842,0.6700361010830325,0.0022363026462914,0,0,0,1,0,0,0,train
1,0.1311475409836066,0.0,0.0,0.0,0.0,0.2483754512635378,0.0003727171077152,0,0,0,1,0,0,0,test
1,0.1147540983606557,0.0,0.0,0.0,0.0263157894736842,0.2490974729241877,0.0,1,0,0,0,0,0,0,train
1,0.6229508196721312,0.0,0.0,0.0,0.1578947368421052,0.2483754512635378,0.0003727171077152,0,0,1,0,0,0,0,train
1,0.0819672131147541,0.0,0.0,0.0,0.0,0.2490974729241877,0.0,1,0,0,0,0,0,0,train
1,0.0491803278688524,0.0,0.0,0.0,0.0,0.2483754512635378,0.0003727171077152,0,0,1,0,0,0,0,train
1,0.7868852459016394,0.0,0.0,0.0,0.0,0.2483754512635378,0.0007454342154304,0,0,1,0,0,0,0,test
1,0.1639344262295082,0.0,0.0,0.0,0.1842105263157894,0.2483754512635378,0.0193812896011926,1,0,0,0,0,0,0,train
1,0.180327868852459,0.0,0.0,0.0,0.0,0.2490974729241877,0.0,0,0,1,0,0,0,0,test
1,0.3442622950819672,0.0,0.0,0.0,0.0,0.2483754512635378,0.0003727171077152,0,0,1,0,0,0,0,train
1,0.2131147540983606,0.0,0.0,0.0,0.0263157894736842,0.2483754512635378,0.0003727171077152,0,0,1,0,0,0,0,train
1,0.0655737704918033,0.0,0.0,0.0,0.0,0.2483754512635378,0.0201267238166231,1,0,0,0,0,0,0,train
0,0.0655737704918033,0.0,0.0,0.0,0.0,0.2483754512635378,0.0003727171077152,0,0,1,0,0,0,0,train
1,0.278688524590164,0.0,0.0,0.1176470588235294,0.0789473684210526,0.2490974729241877,0.0003727171077152,0,0,1,0,0,0,0,train
1,0.6229508196721312,0.0,0.0,0.0,0.0263157894736842,0.2483754512635378,0.0003727171077152,0,0,1,0,0,0,0,train
0,0.2622950819672132,0.0,0.0,0.0,0.0,0.2483754512635378,0.0003727171077152,1,0,0,0,0,0,0,train
1,0.4098360655737705,0.0,0.0,0.0,0.0526315789473684,0.2483754512635378,0.0003727171077152,0,0,1,0,0,0,0,train
1,0.3278688524590164,0.0,0.0,0.0,0.0,0.2483754512635378,0.0003727171077152,0,0,1,0,0,0,0,train
1,0.3442622950819672,0.0,0.0,0.0,0.0789473684210526,0.2483754512635378,0.0003727171077152,0,0,1,0,0,0,0,train
1,0.1311475409836066,0.0,0.0,0.0,0.0526315789473684,0.2490974729241877,0.0,1,0,0,0,0,0,0,test
0,0.6065573770491803,0.0,0.0,0.0,0.0,0.2483754512635378,0.0007454342154304,0,0,1,0,0,0,0,test
1,0.7049180327868853,0.0,0.0,0.0,0.6578947368421052,0.2483754512635378,0.0003727171077152,1,0,0,0,0,0,0,train
1,0.2459016393442623,0.0,0.0,0.0,0.0,0.2483754512635378,0.0040998881848676,0,0,0,0,0,1,0,train
1,0.3606557377049181,0.0,0.0,0.0,0.1052631578947368,0.2490974729241877,0.0048453224002981,0,0,1,0,0,0,0,test
1,0.2459016393442623,0.0,0.0,0.0,0.0789473684210526,0.2490974729241877,0.0,1,0,0,0,0,0,0,test
1,0.1311475409836066,0.0,0.0,0.0,0.0,0.2483754512635378,0.0003727171077152,0,0,1,0,0,0,1,train
1,0.1639344262295082,0.0,0.0,0.0,0.0,0.2483754512635378,0.0003727171077152,1,0,0,0,0,0,0,val
1,0.4426229508196722,0.0,0.0,0.0,0.0,0.2483754512635378,0.0003727171077152,0,0,1,0,0,0,0,train
0,0.639344262295082,0.0,0.0,0.0,0.1052631578947368,0.2483754512635378,0.0961610137905329,0,0,1,0,0,0,0,train
1,0.1311475409836066,0.0,0.0,0.0,0.0789473684210526,0.2483754512635378,0.090197540067089,1,0,0,0,0,0,1,train
1,0.278688524590164,0.0,0.0,0.0,0.0263157894736842,0.2483754512635378,0.0003727171077152,1,0,0,0,0,0,0,train
1,0.5901639344262296,0.0,0.0,0.0,0.0,0.2490974729241877,0.0007454342154304,0,0,0,1,0,0,0,train
0,0.180327868852459,0.0,0.0,0.0,0.0,0.2483754512635378,0.0011181513231457,1,0,0,0,0,0,0,train
0,0.3606557377049181,0.0,0.0,0.0,0.0,0.2483754512635378,0.0003727171077152,0,0,1,0,0,0,0,train
0,0.1147540983606557,0.0,0.0,0.0588235294117647,0.0,0.2483754512635378,0.0003727171077152,1,0,0,0,0,0,0,test
1,0.4262295081967213,0.0,0.0,0.0,0.0789473684210526,0.2483754512635378,0.0570257174804323,1,0,0,0,0,0,0,test
1,0.4918032786885246,0.0,0.0,0.0,0.0263157894736842,0.2267148014440433,0.0,0,0,1,0,0,0,0,test
0,0.6721311475409837,0.0,0.0,0.0,0.0263157894736842,0.0310469314079422,0.0223630264629146,0,0,1,0,0,0,0,train
1,0.180327868852459,0.0,0.0,0.0,0.0,0.2483754512635378,0.0029817368617219,1,0,0,0,0,0,0,train
1,0.6229508196721312,0.0,0.0,0.0,0.0,0.2462093862815884,0.0,0,0,1,0,0,0,0,train
0,0.1475409836065574,0.0,0.0,0.0,0.0,0.2483754512635378,0.0003727171077152,1,0,0,0,0,0,0,train
0,0.180327868852459,0.0,0.0,0.0,0.0,0.2483754512635378,0.0003727171077152,0,0,1,0,0,0,0,train
0,0.2622950819672132,0.0,0.0,0.0,0.1052631578947368,0.2483754512635378,0.0003727171077152,0,0,1,0,0,0,0,test
0,0.0655737704918033,0.0,0.0,0.0,0.0,0.2490974729241877,0.0,1,0,0,0,0,0,0,train
1,0.2131147540983606,0.0,0.0,0.0,0.0,0.2483754512635378,0.0011181513231457,0,0,1,0,0,0,0,train
1,0.4754098360655738,0.0,0.0,0.0,0.0789473684210526,0.2483754512635378,0.0007454342154304,1,0,0,0,0,0,0,train
0,0.0327868852459016,0.0,0.0,0.0,0.0263157894736842,0.2137184115523465,0.013790532985464,0,0,1,0,0,0,0,train
1,0.3442622950819672,0.0,0.0,0.0,0.1052631578947368,0.2483754512635378,0.044353335818114,1,0,0,0,0,0,0,train
1,0.1967213114754099,0.0,0.0,0.0,0.0526315789473684,0.2483754512635378,0.0026090197540067,0,0,0,1,0,0,0,train
1,0.7049180327868853,0.0,0.0,0.0,0.0526315789473684,0.2490974729241877,0.0003727171077152,1,0,0,0,0,0,0,test
1,0.3114754098360656,0.0,0.0,0.0,0.0789473684210526,0.2490974729241877,0.0,0,0,0,1,0,0,0,train
1,0.3278688524590164,0.0,0.0,0.0,0.0263157894736842,0.2483754512635378,0.0096906448005963,0,0,0,0,0,1,1,train
1,0.1967213114754099,0.0,0.0,0.0,0.0,0.2483754512635378,0.0003727171077152,1,0,0,0,0,0,0,train
1,0.4754098360655738,0.0,0.0,0.0,0.0,0.2483754512635378,0.0007454342154304,0,0,0,0,0,1,0,test
1,0.6229508196721312,0.0,0.0,0.0,0.131578947368421,0.0772563176895306,0.0887066716362281,0,0,1,0,0,0,0,test
0,0.6557377049180328,0.0,0.0,0.0,0.0263157894736842,0.0,0.0003727171077152,0,0,0,1,0,0,0,train
1,0.1639344262295082,0.0,0.0,0.0,0.3157894736842105,0.1992779783393501,0.0141632500931792,1,0,0,0,0,0,1,train
1,0.6721311475409837,0.0,0.0,0.0,0.0263157894736842,0.2483754512635378,0.0234811777860603,1,0,0,0,0,0,0,val
1,0.0819672131147541,0.0,0.125,0.0,0.1052631578947368,0.2483754512635378,0.0011181513231457,0,0,1,0,0,0,1,test
0,0.3770491803278689,0.0,0.0,0.0,0.0,0.2483754512635378,0.0003727171077152,0,0,0,1,0,0,0,train
1,0.0655737704918033,0.0,0.0,0.0,0.0,0.2483754512635378,0.0033544539694371,1,0,0,0,0,0,0,train
1,0.1311475409836066,0.0,0.0,0.0,0.131578947368421,0.2483754512635378,0.0003727171077152,1,0,0,0,0,0,0,train
1,0.4262295081967213,0.0,0.0,0.0,0.0263157894736842,0.2490974729241877,0.0007454342154304,0,0,1,0,0,0,0,val
0,0.2622950819672132,0.0,0.0,0.0,0.0,0.2483754512635378,0.0003727171077152,1,0,0,0,0,0,1,test
1,0.180327868852459,0.0,0.0,0.0,0.2105263157894736,0.2483754512635378,0.0,1,0,0,0,0,0,0,train
0,0.2131147540983606,0.0,0.0,0.0,0.0,0.2454873646209386,0.0014908684308609,1,0,0,0,0,0,0,train
1,0.0491803278688524,0.0,0.0,0.0,0.0526315789473684,0.2418772563176895,0.0003727171077152,0,0,1,0,0,0,0,train
1,0.2622950819672132,0.0,0.0,0.0,0.1052631578947368,0.2483754512635378,0.0003727171077152,0,0,1,0,0,0,0,train
1,0.5901639344262296,0.0,0.0,0.0,0.5526315789473684,0.2483754512635378,0.0003727171077152,1,0,0,0,0,0,0,train
1,0.0327868852459016,0.0,0.5,0.0,0.1052631578947368,0.2483754512635378,0.0003727171077152,0,0,1,0,0,0,0,train
1,0.2131147540983606,0.0,0.0,0.0,0.0263157894736842,0.2483754512635378,0.0134178158777487,0,0,1,0,0,0,1,train
1,0.0655737704918033,0.0,0.0,0.0,0.0,0.2490974729241877,0.0033544539694371,0,0,1,0,0,0,0,train
1,0.2950819672131147,0.0,0.0,0.0,0.1578947368421052,0.2483754512635378,0.0003727171077152,1,0,0,0,0,0,0,train
1,0.5245901639344263,0.0,0.0,0.0,0.3947368421052631,0.2483754512635378,0.0003727171077152,1,0,0,0,0,0,0,train
0,0.5081967213114754,0.0,0.0,0.0,0.0,0.2483754512635378,0.0003727171077152,0,0,0,0,0,1,0,train
1,0.2131147540983606,0.0,0.0,0.0,0.0263157894736842,0.2483754512635378,0.0003727171077152,1,0,0,0,0,0,0,test
1,0.0491803278688524,0.05,0.0,0.0588235294117647,0.0526315789473684,0.2483754512635378,0.0134178158777487,1,0,0,0,0,0,0,test
1,0.180327868852459,0.0,0.0,0.0,0.0,0.2483754512635378,0.0003727171077152,0,0,0,0,0,1,0,train
1,0.7049180327868853,0.0,0.0,0.0,0.0,0.2483754512635378,0.0003727171077152,0,0,0,1,0,0,0,test
0,0.1147540983606557,0.0,0.0,0.0,0.0526315789473684,0.2606498194945848,0.0003727171077152,0,0,1,0,0,0,1,test
0,0.1311475409836066,0.0,0.0,0.0,0.0263157894736842,0.2267148014440433,0.0003727171077152,0,0,0,0,0,1,0,test
1,0.3278688524590164,0.0,0.0,0.0,0.131578947368421,0.2483754512635378,0.0003727171077152,0,0,1,0,0,0,0,train
1,0.278688524590164,0.0,0.0,0.0,0.0526315789473684,0.2483754512635378,0.0003727171077152,0,0,1,0,0,0,0,train
1,0.5245901639344263,0.0,0.0,0.0,0.2631578947368421,0.2144404332129963,0.0014908684308609,1,0,0,0,0,0,0,test
1,0.180327868852459,0.0,0.0,0.0,0.0263157894736842,0.2361010830324909,0.0011181513231457,0,0,1,0,0,0,0,train
1,0.459016393442623,0.0,0.0,0.0,0.0,0.2490974729241877,0.0,0,0,1,0,0,0,0,train
1,0.5737704918032788,0.0,0.0,0.0,0.0263157894736842,0.2483754512635378,0.0007454342154304,0,0,1,0,0,0,0,train
0,0.1475409836065574,0.0,0.0,0.0,0.0263157894736842,0.2483754512635378,0.0096906448005963,0,0,1,0,0,0,1,train
1,0.180327868852459,0.0,0.0,0.0,0.1052631578947368,0.247653429602888,0.0003727171077152,0,0,1,0,0,0,0,val
1,0.0983606557377049,0.0,0.0,0.0,0.0263157894736842,0.2483754512635378,0.0003727171077152,0,0,1,0,0,0,0,train
1,0.3606557377049181,0.0,0.0,0.0,0.5263157894736842,0.2483754512635378,0.0380171449869549,1,0,0,0,0,0,0,train
0,0.2950819672131147,0.0,0.0,0.0,0.0263157894736842,0.2483754512635378,0.0003727171077152,1,0,0,0,0,0,0,train
1,0.639344262295082,0.0,0.0,0.0,0.1842105263157894,0.2483754512635378,0.0566530003727171,0,0,1,0,0,0,0,test
1,0.1311475409836066,0.0,0.0,0.0,0.0263157894736842,0.2483754512635378,0.0003727171077152,1,0,0,0,0,0,0,test
1,0.1311475409836066,0.0,0.0,0.0588235294117647,0.0526315789473684,0.244043321299639,0.0026090197540067,1,0,0,0,0,0,0,train
0,0.4918032786885246,0.0,0.0,0.0,0.0,0.2483754512635378,0.0003727171077152,0,0,1,0,0,0,0,train
1,0.5573770491803279,0.0,0.0,0.0,0.1842105263157894,0.2483754512635378,0.0003727171077152,0,0,1,0,0,0,0,train
0,0.4098360655737705,0.0,0.0,0.0,0.0,0.2483754512635378,0.0003727171077152,1,0,0,0,0,0,0,train
1,0.0983606557377049,0.0,0.0,0.0,0.0789473684210526,0.2490974729241877,0.0216175922474841,0,0,1,0,0,0,0,train
1,0.0819672131147541,0.0,0.125,0.0,0.0526315789473684,0.2483754512635378,0.0085724934774506,0,0,0,1,0,0,0,train
1,0.6229508196721312,0.0,0.0,0.0,0.7368421052631579,0.1992779783393501,0.0078270592620201,1,0,0,0,0,0,0,test
1,0.0491803278688524,0.0,0.0,0.0,0.0,0.2490974729241877,0.0,1,0,0,0,0,0,0,test
0,0.1147540983606557,0.0,0.0,0.0,0.0,0.2490974729241877,0.0048453224002981,0,0,1,0,0,0,0,train
1,0.459016393442623,0.0,0.0,0.0,0.0,0.2483754512635378,0.0003727171077152,0,0,1,0,0,0,0,train
0,0.0983606557377049,0.0,0.0,0.0,0.0,0.2490974729241877,0.0026090197540067,1,0,0,0,0,0,0,train
1,0.0983606557377049,0.0,0.0,0.0,0.0,0.2490974729241877,0.0,0,0,0,0,0,1,0,test
1,0.3606557377049181,0.0,0.0,0.0,0.0,0.2490974729241877,0.0,0,0,0,1,0,0,0,test
1,0.2950819672131147,0.0,0.0,0.0,0.0263157894736842,0.2490974729241877,0.0,0,0,0,1,0,0,0,train
1,0.0983606557377049,0.0,0.0,0.0,0.0,0.2490974729241877,0.0003727171077152,0,0,1,0,0,0,0,train
0,0.6065573770491803,0.0,0.0,0.0,0.0526315789473684,0.2483754512635378,0.0003727171077152,1,0,0,0,0,0,0,train
1,0.3278688524590164,0.0,0.0,0.0,0.3684210526315789,0.2483754512635378,0.0033544539694371,1,0,0,0,0,0,0,train
1,0.2131147540983606,0.0,0.0,0.0,0.0263157894736842,0.2483754512635378,0.0003727171077152,1,0,0,0,0,0,0,train
0,0.1967213114754099,0.0,0.0,0.0,0.0789473684210526,0.2483754512635378,0.0003727171077152,1,0,0,0,0,0,0,train
1,0.5573770491803279,0.0,0.0,0.0,0.0263157894736842,0.7646209386281588,0.0149086843086097,0,0,1,0,0,0,0,test
1,0.3114754098360656,0.0,0.0,0.0,0.4210526315789473,0.2483754512635378,0.0506895266492732,1,0,0,0,0,0,1,train
0,0.3770491803278689,0.0,0.0,0.0,0.0263157894736842,0.2490974729241877,0.010808796123742,0,0,1,0,0,0,0,train
1,0.0327868852459016,0.0,0.0,0.0,0.0,0.2483754512635378,0.0003727171077152,1,0,0,0,0,0,1,test
1,0.0655737704918033,0.0,0.0,0.0,0.0263157894736842,0.2490974729241877,0.0033544539694371,0,0,1,0,0,0,0,val
1,0.3278688524590164,0.0,0.0,0.0,0.1842105263157894,0.2483754512635378,0.0737979873276183,1,0,0,0,0,0,0,train
1,0.2131147540983606,0.0,0.0,0.0,0.0,0.2483754512635378,0.0029817368617219,1,0,0,0,0,0,0,train
1,0.1639344262295082,0.0,0.0,0.0,0.0,0.2490974729241877,0.0115542303391725,0,0,1,0,0,0,0,train
1,0.0491803278688524,0.0,0.125,0.0,0.0526315789473684,0.2483754512635378,0.0003727171077152,0,0,0,1,0,0,1,val
1,0.3442622950819672,0.0,0.0,0.0,0.0263157894736842,0.2483754512635378,0.0003727171077152,1,0,0,0,0,0,0,test
1,0.2295081967213115,0.0,0.125,0.0,0.0526315789473684,0.4606498194945848,0.026090197540067,0,0,1,0,0,0,0,val
1,0.4426229508196722,0.0,0.0,0.0,0.0,0.2490974729241877,0.0003727171077152,0,0,0,1,0,0,0,train
1,0.2950819672131147,0.0,0.0,0.1176470588235294,0.1842105263157894,0.2259927797833935,0.0026090197540067,1,0,0,0,0,0,0,train
1,0.1475409836065574,0.0,0.0,0.0,0.2368421052631578,0.2483754512635378,0.0149086843086097,1,0,0,0,0,0,1,val
1,0.1967213114754099,0.0,0.0,0.0,0.0,0.2490974729241877,0.0,0,0,0,1,0,0,0,train
1,0.7049180327868853,0.0,0.0,0.0,0.2105263157894736,0.223826714801444,0.0130450987700335,1,0,0,0,0,0,0,train
1,0.4098360655737705,0.0,0.0,0.0,0.0526315789473684,0.2490974729241877,0.0003727171077152,1,0,0,0,0,0,0,train
1,0.1311475409836066,0.0,0.0,0.0,0.0263157894736842,0.2483754512635378,0.0003727171077152,1,0,0,0,0,0,0,train
1,0.2295081967213115,0.0,0.375,0.0,0.1842105263157894,0.2483754512635378,0.0022363026462914,1,0,0,0,0,0,0,train
0,0.639344262295082,0.0,0.0,0.0,0.0526315789473684,0.2483754512635378,0.0003727171077152,0,0,1,0,0,0,0,train
0,0.3606557377049181,0.0,0.0,0.0,0.0,0.2490974729241877,0.0,0,0,1,0,0,0,0,train
1,0.180327868852459,0.0,0.0,0.0,0.0263157894736842,0.2483754512635378,0.0,0,0,1,0,0,0,0,test
0,0.0491803278688524,0.0,0.0,0.0,0.0263157894736842,0.3444043321299639,0.0,0,0,1,0,0,0,0,train
1,0.2950819672131147,0.0,0.0,0.0,0.0526315789473684,0.2462093862815884,0.0,1,0,0,0,0,0,0,train
1,0.6721311475409837,0.0,0.0,0.0,0.4473684210526315,0.1126353790613718,0.0346626910175177,1,0,0,0,0,0,0,train
1,0.278688524590164,0.0,0.0,0.0,0.1578947368421052,0.2490974729241877,0.0003727171077152,1,0,0,0,0,0,1,train
1,0.5081967213114754,0.0,0.0,0.0,0.0,0.2483754512635378,0.0003727171077152,0,0,0,1,0,0,0,train
1,0.0491803278688524,0.0,0.125,0.0,0.0526315789473684,0.2483754512635378,0.0029817368617219,1,0,0,0,0,0,1,train
1,0.0819672131147541,0.0,0.0,0.0,0.0263157894736842,0.311913357400722,0.0659709280655982,0,0,0,1,0,0,0,val
1,0.2459016393442623,0.0,0.0,0.0,0.0,0.2483754512635378,0.0003727171077152,0,0,0,1,0,0,0,train
1,0.0327868852459016,0.05,0.0,0.0,0.0263157894736842,0.2772563176895307,0.0141632500931792,1,0,0,0,0,0,1,train
1,0.1639344262295082,0.0,0.0,0.0,0.0263157894736842,0.2209386281588447,0.0052180395080134,0,0,1,0,0,0,0,test
1,0.6065573770491803,0.0,0.0,0.0,0.131578947368421,0.2483754512635378,0.1121878494222884,1,0,0,0,0,0,0,train
1,0.1311475409836066,0.0,0.0,0.0,0.0,0.2483754512635378,0.0003727171077152,0,0,1,0,0,0,0,train
0,0.5573770491803279,0.0,0.0,0.0,0.1578947368421052,0.23971119133574,0.0208721580320536,0,0,1,0,0,0,0,train
1,0.5573770491803279,0.0,0.0,0.0,0.4210526315789473,0.2483754512635378,0.0003727171077152,1,0,0,0,0,0,1,train
1,0.6885245901639345,0.0,0.0,0.0,0.0526315789473684,0.2483754512635378,0.0040998881848676,0,0,1,0,0,0,0,train
1,0.4262295081967213,0.0,0.0,0.0,0.0,0.2483754512635378,0.0007454342154304,0,0,1,0,0,0,0,train
1,0.1967213114754099,0.0,0.0,0.0,0.0263157894736842,0.2361010830324909,0.0063361908311591,0,0,0,1,0,0,0,val
0,0.1147540983606557,0.0,0.0,0.0,0.0526315789473684,0.2483754512635378,0.0003727171077152,1,0,0,0,0,0,0,train
1,0.3442622950819672,0.0,0.0,0.0,0.0789473684210526,0.2209386281588447,0.0018635855385762,1,0,0,0,0,0,0,train
1,0.0655737704918033,0.0,0.0,0.0,0.0263157894736842,0.2404332129963898,0.0115542303391725,0,0,1,0,0,0,0,train
0,0.1639344262295082,0.0,0.0,0.0,0.0,0.2483754512635378,0.0022363026462914,1,0,0,0,0,0,0,test
1,0.1967213114754099,0.0,0.0,0.0,0.0,0.2490974729241877,0.0,0,0,1,0,0,0,0,train
1,0.3442622950819672,0.0,0.0,0.0,0.2368421052631578,0.2490974729241877,0.0,1,0,0,0,0,0,0,val
0,0.459016393442623,0.0,0.0,0.0,0.0263157894736842,0.2483754512635378,0.0003727171077152,0,0,0,0,0,1,0,train
1,0.4754098360655738,0.0,0.0,0.0,0.0789473684210526,0.2483754512635378,0.0014908684308609,0,0,0,0,0,1,0,train
1,0.1311475409836066,0.0,0.0,0.0,0.131578947368421,0.2483754512635378,0.0126723816623183,1,0,0,0,0,0,0,train
1,0.2459016393442623,0.0,0.0,0.0,0.0789473684210526,0.1552346570397111,0.0484532240029817,1,0,0,0,0,0,0,train
0,0.0819672131147541,0.0,0.0,0.0,0.0,0.2483754512635378,0.0093179276928811,1,0,0,0,0,0,0,test
1,0.5901639344262296,0.0,0.0,0.0,0.0,0.2483754512635378,0.0007454342154304,0,0,1,0,0,0,0,val
1,0.5245901639344263,0.0,0.0,0.0,0.0526315789473684,0.2490974729241877,0.0115542303391725,1,0,0,0,0,0,0,test
1,0.1147540983606557,0.0,0.0,0.0,0.0263157894736842,0.2483754512635378,0.0003727171077152,0,0,1,0,0,0,0,train
0,0.459016393442623,0.0,0.0,0.0,0.0,0.2490974729241877,0.0,0,0,1,0,0,0,0,train
1,0.0655737704918033,0.0,0.0,0.0,0.0,0.2483754512635378,0.0003727171077152,0,0,1,0,0,0,0,train
1,0.3278688524590164,0.05,0.0,0.0,0.2631578947368421,0.2490974729241877,0.647409616101379,0,0,1,0,0,0,1,train
1,0.0,0.25,0.0,0.1176470588235294,0.1052631578947368,0.2541516245487364,0.0089452105851658,1,0,0,0,0,0,1,train
0,0.0819672131147541,0.0,0.0,0.0,0.0,0.2483754512635378,0.0044726052925829,0,0,1,0,0,0,0,test
0,0.2295081967213115,0.0,0.0,0.0588235294117647,0.2105263157894736,0.2433212996389891,0.0026090197540067,0,0,0,1,0,0,1,val
1,0.1475409836065574,0.0,0.0,0.0,0.1578947368421052,0.8563176895306859,0.044353335818114,1,0,0,0,0,0,0,train
1,0.1147540983606557,0.0,0.0,0.0,0.0526315789473684,0.2490974729241877,0.0,0,0,1,0,0,0,0,test
1,0.5737704918032788,0.0,0.0,0.0,0.0,0.2483754512635378,0.0040998881848676,0,0,1,0,0,0,0,train
1,0.3442622950819672,0.0,0.0,0.0,0.0,0.2469314079422382,0.0003727171077152,1,0,0,0,0,0,0,train
1,0.3114754098360656,0.0,0.0,0.0,0.0526315789473684,0.2483754512635378,0.0003727171077152,0,0,0,0,0,1,1,train
0,0.0983606557377049,0.0,0.0,0.0,0.1842105263157894,0.2483754512635378,0.0003727171077152,1,0,0,0,0,0,0,train
1,0.2459016393442623,0.0,0.0,0.0,0.0,0.2483754512635378,0.0003727171077152,0,0,1,0,0,0,0,train
0,0.0983606557377049,0.0,0.0,0.2352941176470588,0.0263157894736842,0.231768953068592,0.0003727171077152,0,0,1,0,0,0,0,train
1,0.459016393442623,0.0,0.0,0.0,0.0263157894736842,0.2462093862815884,0.0003727171077152,0,0,1,0,0,0,0,train
1,0.2295081967213115,0.0,0.0,0.0,0.1842105263157894,0.2483754512635378,0.0003727171077152,0,0,0,1,0,0,0,train
1,0.0983606557377049,0.0,0.0,0.0,0.0526315789473684,0.2310469314079422,0.0033544539694371,0,0,0,1,0,0,0,test
0,0.3278688524590164,0.0,0.0,0.0,0.0,0.2483754512635378,0.0011181513231457,0,0,1,0,0,0,0,train
1,0.639344262295082,0.0,0.0,0.0,0.0526315789473684,0.2288808664259927,0.0033544539694371,0,0,1,0,0,0,0,test
1,0.4098360655737705,0.0,0.0,0.0,0.0,0.2483754512635378,0.0007454342154304,0,0,1,0,0,0,0,train
1,0.0655737704918033,0.0,0.0,0.0,0.0,0.2490974729241877,0.0,1,0,0,0,0,0,0,train
0,0.1639344262295082,0.0,0.0,0.0,0.2368421052631578,0.2404332129963898,0.0134178158777487,1,0,0,0,0,0,1,val
1,0.5409836065573771,0.0,0.0,0.0,0.0789473684210526,0.2483754512635378,0.0,0,0,1,0,0,0,0,train
1,0.3770491803278689,0.0,0.0,0.0,0.0789473684210526,0.2483754512635378,0.0003727171077152,0,0,0,1,0,0,0,train
1,0.0983606557377049,0.0,0.0,0.0,0.0263157894736842,0.2483754512635378,0.0003727171077152,0,0,1,0,0,0,0,val
1,0.1475409836065574,0.05,0.25,0.0588235294117647,0.1578947368421052,0.2483754512635378,0.0029817368617219,1,0,0,0,0,0,0,train
1,0.1147540983606557,0.0,0.0,0.0,0.0,0.2483754512635378,0.0055907566157286,1,0,0,0,0,0,0,train
1,0.6229508196721312,0.0,0.0,0.0,0.0789473684210526,0.2490974729241877,0.0,0,0,1,0,0,0,0,val
0,0.180327868852459,0.0,0.0,0.0,0.0263157894736842,0.2483754512635378,0.0007454342154304,1,0,0,0,0,0,0,train
1,0.0491803278688524,0.0,0.0,0.0,0.0,0.2483754512635378,0.0,1,0,0,0,0,0,0,train
0,0.1639344262295082,0.0,0.0,0.0,0.0,0.2483754512635378,0.0003727171077152,1,0,0,0,0,0,0,train
1,0.278688524590164,0.0,0.0,0.0,0.0526315789473684,0.2490974729241877,0.0026090197540067,1,0,0,0,0,0,0,train
1,0.0819672131147541,0.0,0.0,0.0,0.0,0.2483754512635378,0.0003727171077152,0,0,1,0,0,0,0,val
1,0.4918032786885246,0.0,0.0,0.0,0.1052631578947368,0.2490974729241877,0.0011181513231457,1,0,0,0,0,0,0,train
1,0.3114754098360656,0.0,0.0,0.0,0.0526315789473684,0.2490974729241877,0.0868430860976518,1,0,0,0,0,0,0,train
1,0.2459016393442623,0.0,0.0,0.0,0.0,0.2483754512635378,0.0022363026462914,1,0,0,0,0,0,0,train
1,0.0819672131147541,0.0,0.0,0.0588235294117647,0.131578947368421,0.2483754512635378,0.0007454342154304,1,0,0,0,0,0,1,train
1,0.0983606557377049,0.0,0.0,0.0,0.0,0.2490974729241877,0.0003727171077152,1,0,0,0,0,0,0,train
1,0.4262295081967213,0.0,0.0,0.0,0.0526315789473684,0.2483754512635378,0.0018635855385762,1,0,0,0,0,0,0,train
1,0.1311475409836066,0.0,0.0,0.0,0.1052631578947368,0.699638989169675,0.0055907566157286,1,0,0,0,0,0,0,train
0,0.1311475409836066,0.0,0.0,0.0,0.0,0.2483754512635378,0.0003727171077152,1,0,0,0,0,0,0,train
1,0.180327868852459,0.0,0.0,0.0,0.0526315789473684,0.2483754512635378,0.0052180395080134,1,0,0,0,0,0,0,train
1,0.1311475409836066,0.0,0.0,0.0588235294117647,0.0,0.2483754512635378,0.0003727171077152,0,0,0,1,0,0,0,train
1,0.1967213114754099,0.0,0.0,0.0,0.0263157894736842,0.2483754512635378,0.0003727171077152,0,0,1,0,0,0,0,train
1,0.3934426229508196,0.0,0.0,0.0,0.0263157894736842,0.247653429602888,0.0003727171077152,0,0,0,0,0,1,0,train
0,0.1639344262295082,0.0,0.0,0.0,0.0,0.2483754512635378,0.0003727171077152,1,0,0,0,0,0,1,train
1,0.0327868852459016,0.0,0.0,0.0,0.0,0.2483754512635378,0.0197540067089079,1,0,0,0,0,0,0,train
0,0.0983606557377049,0.0,0.25,0.0,0.1842105263157894,0.2483754512635378,0.0003727171077152,0,0,1,0,0,0,0,train
0,0.0491803278688524,0.0,0.0,0.0,0.0263157894736842,0.2483754512635378,0.0119269474468878,1,0,0,0,0,0,0,train
1,0.1475409836065574,0.0,0.0,0.0,0.2105263157894736,0.2483754512635378,0.0096906448005963,1,0,0,0,0,0,1,train
1,0.3934426229508196,0.0,0.0,0.0,0.0,0.2490974729241877,0.0022363026462914,0,0,1,0,0,0,0,test
1,0.4098360655737705,0.0,0.0,0.0,0.0263157894736842,0.1545126353790613,0.0003727171077152,0,0,1,0,0,0,0,train
0,0.6065573770491803,0.0,0.0,0.0,0.0,0.2469314079422382,0.0003727171077152,0,0,1,0,0,0,0,train
1,0.0819672131147541,0.0,0.0,0.0,0.0,0.2490974729241877,0.0003727171077152,1,0,0,0,0,0,0,train
0,0.7540983606557378,0.0,0.0,0.0,0.0,0.2483754512635378,0.0014908684308609,1,0,0,0,0,0,0,train
1,0.4918032786885246,0.0,0.0,0.0,0.0,0.2483754512635378,0.0007454342154304,0,0,0,0,0,1,0,train
1,0.1967213114754099,0.0,0.0,0.0,0.0,0.2483754512635378,0.0003727171077152,0,0,1,0,0,0,0,test
0,0.0655737704918033,0.0,0.0,0.0,0.0263157894736842,0.2469314079422382,0.0,1,0,0,0,0,0,0,test
1,0.0983606557377049,0.0,0.0,0.0,0.0,0.2490974729241877,0.0,0,0,1,0,0,0,0,train
1,0.5081967213114754,0.0,0.0,0.0,0.0526315789473684,0.2202166064981949,0.0149086843086097,0,0,0,1,0,0,0,train
1,0.5245901639344263,0.0,0.0,0.0,0.0526315789473684,0.2259927797833935,0.0003727171077152,0,0,1,0,0,0,0,train
1,0.1967213114754099,0.0,0.0,0.0,0.0789473684210526,0.2483754512635378,0.0767797241893402,1,0,0,0,0,0,0,train
1,0.0491803278688524,0.0,0.25,0.0,0.0526315789473684,0.3292418772563177,0.0178904211703317,1,0,0,0,0,0,1,test
1,0.2131147540983606,0.0,0.0,0.0,0.0263157894736842,0.2483754512635378,0.0067089079388743,1,0,0,0,0,0,0,test
1,0.0819672131147541,0.0,0.0,0.0,0.0,0.2483754512635378,0.0003727171077152,0,0,0,1,0,0,0,train
1,0.1639344262295082,0.0,0.0,0.0,0.2894736842105263,0.2483754512635378,0.0007454342154304,1,0,0,0,0,0,1,train
1,0.0983606557377049,0.0,0.0,0.0588235294117647,0.0,0.2483754512635378,0.0003727171077152,1,0,0,0,0,0,0,train
1,0.2131147540983606,0.0,0.0,0.0,0.0263157894736842,0.2490974729241877,0.0003727171077152,0,0,0,0,0,1,0,train
1,0.180327868852459,0.0,0.0,0.0,0.0789473684210526,0.2490974729241877,0.0003727171077152,1,0,0,0,0,0,1,train
1,0.1639344262295082,0.0,0.0,0.0,0.1052631578947368,0.2483754512635378,0.0126723816623183,1,0,0,0,0,0,1,train
1,0.5081967213114754,0.0,0.0,0.0,0.0,0.2483754512635378,0.0003727171077152,0,0,1,0,0,0,0,test
1,0.3934426229508196,0.0,0.0,0.0,0.0,0.2490974729241877,0.0,0,0,1,0,0,0,0,val
1,0.3278688524590164,0.0,0.0,0.0,0.1052631578947368,0.2483754512635378,0.029071934401789,1,0,0,0,0,0,0,train
1,0.2950819672131147,0.0,0.0,0.0,0.0,0.2483754512635378,0.0003727171077152,1,0,0,0,0,0,0,train
1,0.180327868852459,0.0,0.0,0.0,0.2894736842105263,0.2483754512635378,0.0003727171077152,1,0,0,0,0,0,0,train
1,0.3442622950819672,0.0,0.0,0.0,0.0526315789473684,0.2483754512635378,0.0003727171077152,1,0,0,0,0,0,0,train
1,0.4754098360655738,0.0,0.0,0.0,0.0,0.2483754512635378,0.0011181513231457,0,0,1,0,0,0,0,val
1,0.6065573770491803,0.0,0.0,0.0,0.3157894736842105,0.2202166064981949,0.0029817368617219,1,0,0,0,0,0,0,train
1,0.7377049180327869,0.0,0.0,0.0,0.0526315789473684,0.2483754512635378,0.0007454342154304,1,0,0,0,0,0,0,train
1,0.6065573770491803,0.0,0.0,0.0,0.7105263157894737,0.2483754512635378,0.0007454342154304,0,0,1,0,0,0,0,train
1,0.5901639344262296,0.0,0.0,0.0,0.0526315789473684,0.2483754512635378,0.0007454342154304,0,0,0,0,0,1,1,train
1,0.3114754098360656,0.0,0.0,0.0,0.0263157894736842,0.2425992779783393,0.0003727171077152,0,0,1,0,0,0,0,train
1,0.1147540983606557,0.0,0.0,0.0,0.1052631578947368,0.1263537906137184,0.0014908684308609,1,0,0,0,0,0,0,test
1,0.2622950819672132,0.0,0.0,0.0,0.0,0.2483754512635378,0.0119269474468878,1,0,0,0,0,0,0,train
1,0.639344262295082,0.0,0.0,0.0,0.0,0.2483754512635378,0.0003727171077152,0,0,0,0,0,1,0,train
1,0.459016393442623,0.0,0.0,0.0,0.0526315789473684,0.2093862815884476,0.0,0,0,1,0,0,0,0,train
1,0.2295081967213115,0.0,0.0,0.0588235294117647,0.2105263157894736,0.2483754512635378,0.0011181513231457,1,0,0,0,0,0,0,test
1,0.278688524590164,0.0,0.0,0.0,0.1052631578947368,0.3184115523465703,0.0406261647409616,1,0,0,0,0,0,1,train
1,0.1311475409836066,0.0,0.0,0.0,0.0526315789473684,0.2483754512635378,0.0059634737234439,1,0,0,0,0,0,1,train
1,0.180327868852459,0.0,0.0,0.0,0.0526315789473684,0.2483754512635378,0.0011181513231457,1,0,0,0,0,0,0,train
1,0.5737704918032788,0.0,0.0,0.0,0.5263157894736842,0.2469314079422382,0.0510622437569884,1,0,0,0,0,0,0,train
1,0.639344262295082,0.0,0.0,0.0,0.0263157894736842,0.2382671480144404,0.0003727171077152,0,0,0,1,0,0,0,train
1,0.180327868852459,0.0,0.125,0.0,0.0789473684210526,0.1631768953068592,0.0033544539694371,1,0,0,0,0,0,1,train
1,0.1475409836065574,0.0,0.0,0.0,0.0,0.2483754512635378,0.0163995527394707,0,0,1,0,0,0,0,train
1,0.4918032786885246,0.0,0.0,0.0,0.0,0.2483754512635378,0.0003727171077152,0,0,1,0,0,0,0,train
1,0.180327868852459,0.0,0.0,0.0,0.0,0.2490974729241877,0.0007454342154304,0,0,0,1,0,0,1,train
1,0.1147540983606557,0.0,0.0,0.0,0.0263157894736842,0.2490974729241877,0.0003727171077152,0,0,1,0,0,0,1,test
1,0.8032786885245903,0.0,0.0,0.0,0.0,0.2483754512635378,0.0007454342154304,0,0,1,0,0,0,0,train
1,0.180327868852459,0.0,0.0,0.0588235294117647,0.0526315789473684,0.2490974729241877,0.0,1,0,0,0,0,0,0,test
0,0.5737704918032788,0.0,0.0,0.0,0.0789473684210526,0.2483754512635378,0.0007454342154304,1,0,0,0,0,0,0,train
1,0.0819672131147541,0.0,0.0,0.0,0.0263157894736842,0.2202166064981949,0.0450987700335445,0,0,1,0,0,0,0,train
1,0.5081967213114754,0.0,0.0,0.0,0.0,0.2462093862815884,0.0003727171077152,1,0,0,0,0,0,0,train
0,0.4262295081967213,0.0,0.0,0.0,0.0,0.2483754512635378,0.0003727171077152,0,0,1,0,0,0,0,train
0,0.6065573770491803,0.0,0.0,0.0,0.0,0.2483754512635378,0.0003727171077152,0,0,0,1,0,0,0,test
1,0.459016393442623,0.0,0.0,0.0,0.0,0.2483754512635378,0.0,1,0,0,0,0,0,0,train
0,0.4918032786885246,0.0,0.0,0.0,0.0,0.2483754512635378,0.0037271710771524,1,0,0,0,0,0,1,test
1,0.9672131147540984,0.0,0.0,0.0,0.0263157894736842,0.2483754512635378,0.0003727171077152,1,0,0,0,0,0,1,train
1,0.5901639344262296,0.0,0.0,0.0,0.0789473684210526,0.2483754512635378,0.0003727171077152,0,0,1,0,0,0,0,train
1,0.1311475409836066,0.0,0.0,0.0,0.3947368421052631,0.2483754512635378,0.0160268356317555,1,0,0,0,0,0,0,test
1,0.1475409836065574,0.0,0.0,0.0,0.0263157894736842,0.1870036101083032,0.0022363026462914,0,0,0,1,0,0,0,train
1,0.3442622950819672,0.0,0.0,0.0,0.0526315789473684,0.2490974729241877,0.0067089079388743,0,0,1,0,0,0,0,train
1,0.278688524590164,0.0,0.0,0.0,0.3421052631578947,0.2483754512635378,0.0014908684308609,0,0,0,1,0,0,0,train
1,0.3770491803278689,0.0,0.0,0.0,0.1578947368421052,0.2483754512635378,0.0022363026462914,1,0,0,0,0,0,0,train
1,0.2295081967213115,0.0,0.0,0.0,0.0263157894736842,0.2483754512635378,0.042862467387253,1,0,0,0,0,0,0,val
1,0.4918032786885246,0.0,0.0,0.0,0.3157894736842105,0.231768953068592,0.0,1,0,0,0,0,0,0,train
1,0.3442622950819672,0.0,0.0,0.0,0.0526315789473684,0.1624548736462093,0.0238538948937756,0,0,1,0,0,0,0,test
1,0.5573770491803279,0.0,0.0,0.0,0.0,0.2483754512635378,0.0439806187103988,1,0,0,0,0,0,1,test
1,0.6229508196721312,0.0,0.0,0.0,0.1052631578947368,0.2129963898916967,0.0134178158777487,1,0,0,0,0,0,1,train
0,0.459016393442623,0.0,0.0,0.0,0.0,0.2490974729241877,0.0,0,0,1,0,0,0,0,test
0,0.0655737704918033,0.0,0.0,0.0,0.0,0.247653429602888,0.0003727171077152,1,0,0,0,0,0,0,test
1,0.2295081967213115,0.0,0.0,0.0,0.0263157894736842,0.2151624548736462,0.0003727171077152,0,0,0,1,0,0,0,train
1,0.3442622950819672,0.0,0.0,0.0,0.2105263157894736,0.2483754512635378,0.0149086843086097,1,0,0,0,0,0,0,train
1,0.278688524590164,0.0,0.0,0.0,0.2368421052631578,0.2483754512635378,0.0018635855385762,1,0,0,0,0,0,0,test
1,0.1311475409836066,0.0,0.0,0.0,0.0263157894736842,0.2490974729241877,0.0,1,0,0,0,0,0,0,train
1,0.1475409836065574,0.0,0.0,0.0,0.0263157894736842,0.2490974729241877,0.0003727171077152,1,0,0,0,0,0,0,train
1,0.1475409836065574,0.0,0.0,0.0,0.131578947368421,0.2288808664259927,0.0827431979127842,1,0,0,0,0,0,1,val
0,0.2622950819672132,0.0,0.0,0.0,0.2631578947368421,0.2649819494584837,0.0052180395080134,0,0,1,0,0,0,1,train
1,0.1475409836065574,0.0,0.0,0.0,0.0526315789473684,0.3241877256317689,0.0119269474468878,1,0,0,0,0,0,0,train
1,0.1475409836065574,0.0,0.0,0.0,0.1578947368421052,0.9898916967509024,0.0052180395080134,0,0,0,1,0,0,0,train
0,0.2295081967213115,0.0,0.0,0.0,0.0,0.2490974729241877,0.0,1,0,0,0,0,0,1,train
1,0.4098360655737705,0.0,0.0,0.0,0.1052631578947368,0.2093862815884476,0.0003727171077152,0,0,1,0,0,0,0,train
1,0.5573770491803279,0.0,0.0,0.0,0.1842105263157894,0.2483754512635378,0.0119269474468878,1,0,0,0,0,0,1,test
1,0.0491803278688524,0.0,0.0,0.0,0.0526315789473684,0.2490974729241877,0.0003727171077152,1,0,0,0,0,0,1,train
1,0.0491803278688524,0.0,0.0,0.0,0.0263157894736842,0.2736462093862816,0.1472232575475214,1,0,0,0,0,0,1,train
1,0.1311475409836066,0.0,0.0,0.0,0.0,0.2483754512635378,0.0,0,0,0,1,0,0,0,train
1,0.2131147540983606,0.0,0.0,0.0,0.0263157894736842,0.2483754512635378,0.0003727171077152,1,0,0,0,0,0,0,train
1,0.2622950819672132,0.0,0.0,0.0,0.0263157894736842,0.2483754512635378,0.0003727171077152,0,0,1,0,0,0,0,train
1,0.2295081967213115,0.0,0.0,0.0,0.0,0.2483754512635378,0.0003727171077152,1,0,0,0,0,0,0,train
0,0.5245901639344263,0.0,0.0,0.0,0.0,0.2469314079422382,0.0003727171077152,0,0,1,0,0,0,1,test
1,0.1475409836065574,0.0,0.0,0.0,0.0263157894736842,0.2483754512635378,0.0607528885575847,1,0,0,0,0,0,0,train
0,0.1311475409836066,0.0,0.125,0.0,0.1052631578947368,0.2483754512635378,0.0007454342154304,1,0,0,0,0,0,0,test
1,0.1475409836065574,0.05,0.0,0.0,0.1052631578947368,0.2483754512635378,0.0003727171077152,1,0,0,0,0,0,1,train
1,0.6557377049180328,0.0,0.0,0.0,0.0,0.2483754512635378,0.0003727171077152,1,0,0,0,0,0,0,train
1,0.0983606557377049,0.0,0.625,0.0588235294117647,0.3947368421052631,0.2483754512635378,0.0007454342154304,1,0,0,0,0,0,1,test
1,0.5245901639344263,0.0,0.0,0.0,0.0,0.2483754512635378,0.0003727171077152,0,0,1,0,0,0,0,train
1,0.459016393442623,0.0,0.0,0.0,0.0,0.2483754512635378,0.0003727171077152,0,0,0,1,0,0,0,train
1,0.2622950819672132,0.0,0.0,0.0,0.2631578947368421,0.2483754512635378,0.0003727171077152,1,0,0,0,0,0,0,train
1,0.6229508196721312,0.0,0.0,0.0,0.0526315789473684,0.1711191335740072,0.0003727171077152,0,0,0,1,0,0,0,train
1,0.1311475409836066,0.0,0.0,0.0,0.0526315789473684,0.2483754512635378,0.0011181513231457,0,0,1,0,0,0,0,test
1,0.2131147540983606,0.0,0.0,0.0,0.0,0.2483754512635378,0.0193812896011926,0,0,1,0,0,0,0,train
1,0.3442622950819672,0.0,0.0,0.0,0.0,0.2483754512635378,0.0067089079388743,1,0,0,0,0,0,0,test
0,0.0655737704918033,0.0,0.0,0.0,0.0,0.2483754512635378,0.0003727171077152,1,0,0,0,0,0,0,test
0,0.1147540983606557,0.0,0.0,0.0,0.0,0.2483754512635378,0.0003727171077152,1,0,0,0,0,0,0,train
0,0.0491803278688524,0.0,0.125,0.0,0.0526315789473684,0.2483754512635378,0.0003727171077152,1,0,0,0,0,0,0,train
1,0.0327868852459016,0.0,0.0,0.0,0.0263157894736842,0.2483754512635378,0.0003727171077152,0,0,1,0,0,0,0,train
1,0.5901639344262296,0.0,0.0,0.0,0.3157894736842105,0.2490974729241877,0.142005218039508,1,0,0,0,0,0,1,train
0,0.1475409836065574,0.0,0.0,0.0,0.0526315789473684,0.2483754512635378,0.0014908684308609,1,0,0,0,0,0,1,test
0,0.6065573770491803,0.0,0.0,0.0,0.0,0.2483754512635378,0.0003727171077152,0,0,1,0,0,0,0,test
1,0.0983606557377049,0.0,0.0,0.0,0.0,0.2483754512635378,0.0003727171077152,1,0,0,0,0,0,0,test
1,0.0327868852459016,0.0,0.0,0.0588235294117647,0.0,0.2490974729241877,0.0,1,0,0,0,0,0,1,train
0,0.2622950819672132,0.0,0.0,0.0,0.0263157894736842,0.2339350180505415,0.0003727171077152,0,0,1,0,0,0,0,train
1,0.0983606557377049,0.0,0.0,0.0,0.0,0.2490974729241877,0.0003727171077152,1,0,0,0,0,0,0,train
1,0.3934426229508196,0.0,0.0,0.0,0.2105263157894736,0.2483754512635378,0.0003727171077152,0,0,1,0,0,0,0,train
0,0.3606557377049181,0.0,0.0,0.0,0.0263157894736842,0.1963898916967509,0.0003727171077152,1,0,0,0,0,0,0,train
1,0.0327868852459016,0.0,0.0,0.0,0.0,0.2483754512635378,0.0014908684308609,0,0,1,0,0,0,0,test
1,0.0327868852459016,0.0,0.0,0.0,0.0,0.2483754512635378,0.0007454342154304,1,0,0,0,0,0,0,test
1,0.1475409836065574,0.0,0.0,0.0,0.131578947368421,0.2483754512635378,0.0003727171077152,1,0,0,0,0,0,0,train
1,0.0327868852459016,0.0,0.0,0.0,0.0,0.2483754512635378,0.0026090197540067,0,0,1,0,0,0,1,train
1,0.0327868852459016,0.0,0.0,0.0,0.0,0.2469314079422382,0.0,1,0,0,0,0,0,0,train
1,0.180327868852459,0.0,0.0,0.0,0.2368421052631578,0.2490974729241877,0.0003727171077152,1,0,0,0,0,0,1,train
0,0.0983606557377049,0.0,0.0,0.0,0.0,0.2490974729241877,0.0,1,0,0,0,0,0,0,train
1,0.1475409836065574,0.0,0.0,0.0,0.0,0.2490974729241877,0.0003727171077152,0,0,1,0,0,0,0,train
1,0.0983606557377049,0.0,0.0,0.0,0.0,0.247653429602888,0.0003727171077152,0,0,1,0,0,0,0,train
1,0.2131147540983606,0.0,0.125,0.0,0.1578947368421052,0.2685920577617328,0.0182631382780469,1,0,0,0,0,0,1,test
0,0.459016393442623,0.0,0.0,0.0,0.1052631578947368,0.2086642599277978,0.0208721580320536,1,0,0,0,0,0,0,train
1,0.5737704918032788,0.0,0.0,0.0,0.0789473684210526,0.0750902527075812,0.0283265001863585,1,0,0,0,0,0,0,train
1,0.5901639344262296,0.0,0.0,0.0,0.0,0.2490974729241877,0.0,0,0,1,0,0,0,0,train
0,0.278688524590164,0.0,0.0,0.0,0.1842105263157894,0.2483754512635378,0.0003727171077152,1,0,0,0,0,0,1,train
0,0.5737704918032788,0.0,0.0,0.0,0.0,0.2483754512635378,0.0003727171077152,1,0,0,0,0,0,0,train
1,0.1311475409836066,0.0,0.0,0.0,0.2368421052631578,0.2483754512635378,0.0003727171077152,1,0,0,0,0,0,1,train
1,0.1147540983606557,0.0,0.0,0.0,0.1578947368421052,0.2490974729241877,0.0037271710771524,1,0,0,0,0,0,1,test
0,0.5081967213114754,0.0,0.0,0.0,0.0,0.2490974729241877,0.0,0,0,1,0,0,0,0,val
1,0.639344262295082,0.0,0.0,0.0,0.0,0.247653429602888,0.0,0,0,1,0,0,0,0,train
0,0.2622950819672132,0.0,0.0,0.0,0.0,0.4021660649819494,0.0048453224002981,0,0,0,0,0,1,0,train
1,0.1147540983606557,0.0,0.0,0.0,0.131578947368421,0.2483754512635378,0.0130450987700335,0,0,1,0,0,0,1,train
0,0.3934426229508196,0.0,0.0,0.0,0.0263157894736842,0.2483754512635378,0.0003727171077152,1,0,0,0,0,0,0,test
1,0.5409836065573771,0.0,0.0,0.0,0.0263157894736842,0.2490974729241877,0.0,1,0,0,0,0,0,0,test
1,0.2131147540983606,0.0,0.125,0.0,0.131578947368421,0.2490974729241877,0.0003727171077152,0,0,0,0,0,1,0,val
1,0.5737704918032788,0.0,0.0,0.0,0.3421052631578947,0.2483754512635378,0.522176667909057,1,0,0,0,0,0,0,train
0,0.4098360655737705,0.0,0.0,0.0,0.1578947368421052,0.2490974729241877,0.0,1,0,0,0,0,0,0,train
1,0.2622950819672132,0.0,0.0,0.0,0.0,0.2469314079422382,0.0003727171077152,1,0,0,0,0,0,0,train
1,0.5409836065573771,0.0,0.0,0.0,0.0,0.2483754512635378,0.0022363026462914,1,0,0,0,0,0,0,train
1,0.1311475409836066,0.0,0.0,0.0,0.0263157894736842,0.2483754512635378,0.0003727171077152,0,0,1,0,0,0,0,val
1,0.4754098360655738,0.0,0.0,0.0,0.131578947368421,0.2483754512635378,0.0007454342154304,1,0,0,0,0,0,0,train
1,0.0655737704918033,0.0,0.0,0.0588235294117647,0.0,0.2483754512635378,0.0003727171077152,0,0,1,0,0,0,0,train
0,0.2950819672131147,0.0,0.0,0.0,0.0,0.2490974729241877,0.0003727171077152,0,0,1,0,0,0,0,train
0,0.2950819672131147,0.0,0.0,0.0,0.0263157894736842,0.2490974729241877,0.0003727171077152,0,0,0,1,0,0,0,train
1,0.0491803278688524,0.0,0.0,0.0,0.0526315789473684,0.2245487364620938,0.0126723816623183,1,0,0,0,0,0,0,train
1,0.1147540983606557,0.0,0.375,0.0588235294117647,0.1578947368421052,0.2483754512635378,0.0003727171077152,1,0,0,0,0,0,0,test
1,0.1475409836065574,0.0,0.0,0.0,0.0263157894736842,0.4541516245487365,0.0011181513231457,0,0,0,1,0,0,1,test
1,0.2459016393442623,0.0,0.0,0.0,0.0,0.247653429602888,0.0003727171077152,0,0,1,0,0,0,0,test
0,0.1639344262295082,0.0,0.0,0.0,0.0263157894736842,0.2483754512635378,0.0003727171077152,1,0,0,0,0,0,0,test
1,0.1639344262295082,0.05,0.0,0.0,0.131578947368421,0.2483754512635378,0.0637346254193067,1,0,0,0,0,0,1,test
1,0.0327868852459016,0.0,0.0,0.0,0.0,0.2490974729241877,0.0,0,0,1,0,0,0,0,train
1,0.1475409836065574,0.0,0.0,0.0,0.0526315789473684,0.2483754512635378,0.0003727171077152,1,0,0,0,0,0,0,test
0,0.0983606557377049,0.0,0.0,0.0,0.0,0.2483754512635378,0.0003727171077152,0,0,0,0,0,1,0,train
1,0.2131147540983606,0.0,0.0,0.0,0.2105263157894736,0.2267148014440433,0.0104360790160268,0,0,1,0,0,0,0,train
0,0.3442622950819672,0.0,0.0,0.0,0.0263157894736842,0.2541516245487364,0.0234811777860603,1,0,0,0,0,0,0,train
1,0.1311475409836066,0.0,0.0,0.0,0.0,0.2483754512635378,0.0003727171077152,1,0,0,0,0,0,0,test
1,0.6065573770491803,0.0,0.0,0.0,0.0,0.2483754512635378,0.0003727171077152,0,0,0,1,0,0,0,train
1,0.5245901639344263,0.0,0.0,0.0,0.131578947368421,0.2483754512635378,0.0003727171077152,0,0,0,1,0,0,1,train
1,0.6229508196721312,0.0,0.0,0.0,0.131578947368421,0.2483754512635378,0.0003727171077152,0,0,1,0,0,0,0,val
0,0.4918032786885246,0.0,0.0,0.0,0.0263157894736842,0.2483754512635378,0.0003727171077152,1,0,0,0,0,0,0,train
1,0.0491803278688524,0.0,0.0,0.0,0.0263157894736842,0.2483754512635378,0.0078270592620201,1,0,0,0,0,0,0,train
1,0.278688524590164,0.0,0.0,0.0,0.0,0.2483754512635378,0.0,0,0,1,0,0,0,0,train
1,0.2295081967213115,0.0,0.0,0.0,0.0,0.2483754512635378,0.0093179276928811,1,0,0,0,0,0,0,train
1,0.2459016393442623,0.0,0.0,0.0,0.0263157894736842,0.1841155234657039,0.0175177040626164,0,0,0,1,0,0,0,train
1,0.1147540983606557,0.0,0.0,0.0,0.0526315789473684,0.179783393501805,0.0231084606783451,1,0,0,0,0,0,0,train
1,0.1311475409836066,0.0,0.0,0.0,0.3421052631578947,0.2714801444043321,0.0040998881848676,1,0,0,0,0,0,0,test
0,0.4262295081967213,0.0,0.0,0.0,0.0,0.2483754512635378,0.0003727171077152,0,0,0,1,0,0,0,val
0,0.4754098360655738,0.0,0.0,0.0,0.0263157894736842,0.2050541516245487,0.0007454342154304,0,0,0,1,0,0,0,train
1,0.5081967213114754,0.0,0.0,0.0,0.0,0.2483754512635378,0.0003727171077152,0,0,1,0,0,0,0,train
0,0.3606557377049181,0.0,0.0,0.0,0.0,0.2490974729241877,0.0,0,0,1,0,0,0,0,test
1,0.0655737704918033,0.0,0.0,0.0,0.1052631578947368,0.2404332129963898,0.0003727171077152,1,0,0,0,0,0,0,test
0,0.5409836065573771,0.0,0.0,0.0,0.0263157894736842,0.1783393501805054,0.0007454342154304,0,0,1,0,0,0,0,train
1,0.5081967213114754,0.0,0.0,0.0,0.0263157894736842,0.2303249097472924,0.0003727171077152,0,0,1,0,0,0,0,train
1,0.1967213114754099,0.0,0.0,0.0588235294117647,0.2105263157894736,0.2187725631768953,0.0130450987700335,1,0,0,0,0,0,1,train
1,0.3770491803278689,0.0,0.0,0.1764705882352941,0.3157894736842105,0.2490974729241877,0.0003727171077152,1,0,0,0,0,0,1,train
1,0.459016393442623,0.0,0.0,0.0,0.0,0.2483754512635378,0.0003727171077152,0,0,1,0,0,0,0,train
1,0.639344262295082,0.0,0.0,0.0,0.0526315789473684,0.2483754512635378,0.0003727171077152,1,0,0,0,0,0,0,train
0,0.4262295081967213,0.0,0.0,0.0,0.0263157894736842,0.2267148014440433,0.0115542303391725,0,0,1,0,0,0,0,test
1,0.2295081967213115,0.0,0.0,0.0,0.0,0.2490974729241877,0.0003727171077152,1,0,0,0,0,0,0,test
1,0.2950819672131147,0.0,0.0,0.0,0.0263157894736842,0.2483754512635378,0.0003727171077152,1,0,0,0,0,0,0,train
1,0.1967213114754099,0.0,0.0,0.0,0.0263157894736842,0.2483754512635378,0.0003727171077152,1,0,0,0,0,0,0,train
1,0.1639344262295082,0.0,0.0,0.0,0.0,0.2483754512635378,0.0018635855385762,1,0,0,0,0,0,0,test
1,0.180327868852459,0.05,0.0,0.0,0.2105263157894736,0.2483754512635378,0.0026090197540067,1,0,0,0,0,0,1,train
1,0.0491803278688524,0.0,0.0,0.0,0.0263157894736842,0.2483754512635378,0.0059634737234439,1,0,0,0,0,0,0,train
1,0.0819672131147541,0.05,0.0,0.0,0.131578947368421,0.2664259927797834,0.0003727171077152,1,0,0,0,0,0,1,train
1,0.1475409836065574,0.0,0.0,0.0,0.0,0.2483754512635378,0.0003727171077152,0,0,0,0,0,1,0,val
1,0.1147540983606557,0.0,0.0,0.0,0.1052631578947368,0.2274368231046931,0.0003727171077152,0,0,1,0,0,0,0,train
1,0.278688524590164,0.0,0.0,0.0,0.0526315789473684,0.2483754512635378,0.0003727171077152,0,0,0,0,0,1,0,train
1,0.278688524590164,0.0,0.0,0.0,0.0,0.2483754512635378,0.0007454342154304,0,0,0,1,0,0,1,train
0,0.1147540983606557,0.0,0.0,0.0,0.0263157894736842,0.2483754512635378,0.0026090197540067,1,0,0,0,0,0,1,train
1,0.278688524590164,0.0,0.0,0.0,0.2368421052631578,0.2483754512635378,0.0003727171077152,1,0,0,0,0,0,0,test
1,0.2295081967213115,0.0,0.0,0.0,0.0,0.2483754512635378,0.0003727171077152,1,0,0,0,0,0,0,train
0,0.0819672131147541,0.0,0.0,0.0,0.0,0.2483754512635378,0.0003727171077152,1,0,0,0,0,0,0,val
1,0.0819672131147541,0.05,0.125,0.1176470588235294,0.1052631578947368,0.2483754512635378,0.0864703689899366,1,0,0,0,0,0,0,train
0,0.1311475409836066,0.0,0.0,0.0,0.0,0.2483754512635378,0.0003727171077152,1,0,0,0,0,0,0,train
1,0.0983606557377049,0.0,0.0,0.0,0.0263157894736842,0.2483754512635378,0.0003727171077152,1,0,0,0,0,0,0,train
1,0.3114754098360656,0.0,0.0,0.0,0.0,0.2483754512635378,0.0003727171077152,1,0,0,0,0,0,0,test
1,0.180327868852459,0.0,0.0,0.0,0.0,0.2483754512635378,0.0003727171077152,1,0,0,0,0,0,0,train
1,0.2622950819672132,0.0,0.0,0.0,0.0,0.247653429602888,0.0007454342154304,0,0,0,0,0,1,0,train
1,0.5081967213114754,0.0,0.0,0.0,0.0789473684210526,0.2483754512635378,0.0003727171077152,0,0,1,0,0,0,0,train
1,0.2131147540983606,0.0,0.0,0.0,0.0526315789473684,0.2483754512635378,0.0003727171077152,1,0,0,0,0,0,0,val
1,0.6721311475409837,0.0,0.0,0.0,0.0,0.2483754512635378,0.0003727171077152,0,0,1,0,0,0,0,train
1,0.0819672131147541,0.0,0.0,0.0588235294117647,0.0263157894736842,0.2483754512635378,0.0003727171077152,1,0,0,0,0,0,0,train
1,0.0655737704918033,0.0,0.0,0.0,0.0263157894736842,0.2483754512635378,0.0018635855385762,1,0,0,0,0,0,0,train
1,0.2950819672131147,0.0,0.0,0.0,0.0,0.2483754512635378,0.0003727171077152,1,0,0,0,0,0,0,test
1,0.2131147540983606,0.0,0.0,0.0,0.0789473684210526,0.2490974729241877,0.0,0,0,1,0,0,0,0,train
0,0.180327868852459,0.0,0.0,0.0,0.0,0.2469314079422382,0.0003727171077152,0,0,0,1,0,0,0,train
1,0.1147540983606557,0.0,0.0,0.0,0.1842105263157894,0.4353790613718411,0.0055907566157286,1,0,0,0,0,0,0,train
1,0.1311475409836066,0.0,0.0,0.0,0.0,0.2483754512635378,0.0007454342154304,0,0,1,0,0,0,0,train
1,0.0983606557377049,0.0,0.0,0.0,0.0,0.2483754512635378,0.0003727171077152,1,0,0,0,0,0,0,test
1,0.4098360655737705,0.0,0.0,0.0,0.0263157894736842,0.2469314079422382,0.0003727171077152,0,0,0,0,0,1,0,train
1,0.1475409836065574,0.05,0.25,0.0,0.2894736842105263,0.2483754512635378,0.0011181513231457,1,0,0,0,0,0,0,train
1,0.1639344262295082,0.0,0.0,0.0,0.1052631578947368,0.2483754512635378,0.0708162504658963,0,0,1,0,0,0,0,test
0,0.2459016393442623,0.0,0.0,0.0,0.0,0.2483754512635378,0.0003727171077152,0,0,0,0,0,1,0,train
1,0.5901639344262296,0.0,0.0,0.0,0.0789473684210526,0.2483754512635378,0.0115542303391725,0,0,1,0,0,0,1,val
1,0.639344262295082,0.0,0.0,0.0,0.0,0.2483754512635378,0.0003727171077152,0,0,1,0,0,0,0,train
1,0.1967213114754099,0.0,0.0,0.0,0.0526315789473684,0.2483754512635378,0.0059634737234439,1,0,0,0,0,0,0,train
1,0.1475409836065574,0.0,0.0,0.0,0.0,0.2483754512635378,0.0003727171077152,0,0,0,0,0,1,0,test
0,0.2131147540983606,0.0,0.0,0.0,0.1052631578947368,0.2490974729241877,0.0003727171077152,1,0,0,0,0,0,0,train
1,0.180327868852459,0.0,0.0,0.0,0.0,0.2483754512635378,0.0003727171077152,0,0,1,0,0,0,0,test
0,0.180327868852459,0.0,0.0,0.0,0.0,0.247653429602888,0.0003727171077152,0,0,0,1,0,0,1,train
1,0.2459016393442623,0.0,0.0,0.0,0.0526315789473684,0.2454873646209386,0.0003727171077152,0,0,0,1,0,0,0,train
1,0.0655737704918033,0.0,0.0,0.0,0.0,0.2483754512635378,0.0003727171077152,1,0,0,0,0,0,0,test
1,0.1639344262295082,0.0,0.0,0.0,0.0526315789473684,0.1949458483754512,0.027581065970928,1,0,0,0,0,0,0,train
1,0.278688524590164,0.0,0.0,0.0,0.0,0.2483754512635378,0.0007454342154304,1,0,0,0,0,0,1,train
1,0.1967213114754099,0.0,0.125,0.0,0.3684210526315789,0.2483754512635378,0.0193812896011926,1,0,0,0,0,0,0,test
0,0.4262295081967213,0.0,0.0,0.0,0.0263157894736842,0.2166064981949458,0.0007454342154304,1,0,0,0,0,0,0,train
0,0.7377049180327869,0.0,0.0,0.0,0.0,0.2483754512635378,0.0003727171077152,0,0,1,0,0,0,0,test
1,0.2622950819672132,0.0,0.0,0.0,0.0789473684210526,0.2483754512635378,0.0003727171077152,0,0,0,0,0,1,0,train
1,0.2950819672131147,0.0,0.0,0.0,0.0,0.2483754512635378,0.0048453224002981,0,0,1,0,0,0,1,train
1,0.0491803278688524,0.0,0.0,0.0,0.0,0.2483754512635378,0.0067089079388743,1,0,0,0,0,0,0,train
1,0.0819672131147541,0.0,0.0,0.0,0.0263157894736842,0.2483754512635378,0.0003727171077152,0,0,1,0,0,0,0,train
1,0.6065573770491803,0.0,0.0,0.0,0.0263157894736842,0.2180505415162454,0.0160268356317555,1,0,0,0,0,0,0,val
1,0.3606557377049181,0.0,0.0,0.0,0.0263157894736842,0.2483754512635378,0.0283265001863585,1,0,0,0,0,0,0,train
1,0.1967213114754099,0.0,0.0,0.0,0.0789473684210526,0.2483754512635378,0.0,1,0,0,0,0,0,1,train
1,0.3770491803278689,0.0,0.0,0.0,0.0263157894736842,0.2483754512635378,0.0007454342154304,1,0,0,0,0,0,0,test
1,0.6229508196721312,0.0,0.0,0.0,0.0,0.2490974729241877,0.0,0,0,1,0,0,0,0,train
1,0.7049180327868853,0.0,0.0,0.0,0.3684210526315789,0.2483754512635378,0.0003727171077152,1,0,0,0,0,0,0,train
1,0.2131147540983606,0.1,0.0,0.0,0.1578947368421052,0.2483754512635378,0.0096906448005963,1,0,0,0,0,0,0,train
1,0.2295081967213115,0.05,0.0,0.1176470588235294,0.1052631578947368,0.2483754512635378,0.0014908684308609,1,0,0,0,0,0,0,train
1,0.6229508196721312,0.0,0.0,0.0,0.0,0.2483754512635378,0.0003727171077152,0,0,0,0,0,1,0,train
1,0.7213114754098361,0.0,0.0,0.0,0.0,0.2490974729241877,0.0,1,0,0,0,0,0,0,train
1,0.0819672131147541,0.0,0.0,0.0,0.0,0.2483754512635378,0.0003727171077152,0,0,1,0,0,0,0,val
1,0.5737704918032788,0.0,0.0,0.0,0.0,0.2483754512635378,0.0003727171077152,0,0,0,0,0,1,0,test
1,0.8032786885245903,0.0,0.0,0.0,0.0,0.2490974729241877,0.0156541185240402,0,0,1,0,0,0,0,train
1,0.3278688524590164,0.0,0.0,0.0,0.0,0.2483754512635378,0.0003727171077152,0,0,0,1,0,0,0,val
1,0.3606557377049181,0.0,0.0,0.0,0.0263157894736842,0.2483754512635378,0.0011181513231457,0,0,0,0,0,1,0,train
0,0.4426229508196722,0.0,0.0,0.0,0.0263157894736842,0.2483754512635378,0.0007454342154304,0,0,0,0,0,1,0,train
1,0.180327868852459,0.05,0.0,0.0,0.0789473684210526,0.2483754512635378,0.0223630264629146,1,0,0,0,0,0,1,train
1,0.2295081967213115,0.0,0.0,0.0,0.0,0.2490974729241877,0.0,0,0,0,1,0,0,0,train
1,0.0819672131147541,0.0,0.0,0.0,0.0263157894736842,0.415884476534296,0.0555348490495713,1,0,0,0,0,0,1,train
0,0.3442622950819672,0.0,0.0,0.0,0.0,0.2483754512635378,0.0003727171077152,0,0,0,0,0,1,0,test
1,0.180327868852459,0.0,0.0,0.0,0.0,0.2490974729241877,0.0003727171077152,1,0,0,0,0,0,0,test
1,0.459016393442623,0.0,0.0,0.0,0.1052631578947368,0.2433212996389891,0.0029817368617219,1,0,0,0,0,0,0,train
1,0.2131147540983606,0.0,0.0,0.0,0.2368421052631578,0.2483754512635378,0.0007454342154304,1,0,0,0,0,0,1,train
1,0.0983606557377049,0.0,0.0,0.0,0.0263157894736842,0.23971119133574,0.0,1,0,0,0,0,0,0,train
1,0.1639344262295082,0.0,0.0,0.0,0.0263157894736842,0.2490974729241877,0.5456578456951174,1,0,0,0,0,0,1,train
0,0.0983606557377049,0.0,0.0,0.0,0.0,0.2483754512635378,0.0003727171077152,1,0,0,0,0,0,0,test
1,0.180327868852459,0.0,0.0,0.0,0.131578947368421,0.2483754512635378,0.0961610137905329,0,0,0,0,0,1,0,train
1,0.1639344262295082,0.0,0.0,0.0,0.0789473684210526,0.2483754512635378,0.0450987700335445,0,0,0,1,0,0,1,train
1,0.2950819672131147,0.0,0.0,0.0,0.0263157894736842,0.247653429602888,0.0003727171077152,0,0,1,0,0,0,0,train
1,0.1147540983606557,0.0,0.0,0.0,0.0526315789473684,0.2490974729241877,0.0178904211703317,1,0,0,0,0,0,0,test
1,0.180327868852459,0.0,0.0,0.0,0.0,0.2490974729241877,0.0052180395080134,0,0,1,0,0,0,0,test
0,0.1311475409836066,0.0,0.0,0.0,0.0263157894736842,0.2483754512635378,0.0003727171077152,0,0,1,0,0,0,0,test
1,0.2295081967213115,0.0,0.0,0.0,0.1052631578947368,0.2483754512635378,0.0003727171077152,1,0,0,0,0,0,1,train
1,0.180327868852459,0.0,0.0,0.0,0.0263157894736842,0.2490974729241877,0.0007454342154304,0,0,0,1,0,0,0,train
0,0.1311475409836066,0.0,0.0,0.0,0.0,0.2483754512635378,0.0003727171077152,0,0,1,0,0,0,0,train
1,0.4426229508196722,0.0,0.0,0.0,0.0789473684210526,0.1891696750902527,0.0003727171077152,0,0,0,1,0,0,0,train
0,0.459016393442623,0.0,0.0,0.0,0.0,0.2490974729241877,0.0,0,0,1,0,0,0,0,train
1,0.3770491803278689,0.0,0.0,0.0,0.0,0.2483754512635378,0.0003727171077152,0,0,1,0,0,0,0,test
0,0.3278688524590164,0.0,0.0,0.0,0.0,0.2483754512635378,0.0003727171077152,0,0,0,0,0,1,0,train
0,0.0983606557377049,0.0,0.0,0.0,0.0263157894736842,0.267870036101083,0.0432351844949683,1,0,0,0,0,0,1,train
1,0.0655737704918033,0.0,0.0,0.0,0.0263157894736842,0.2483754512635378,0.0089452105851658,0,0,1,0,0,0,0,train
1,0.1311475409836066,0.0,0.0,0.0,0.1842105263157894,0.2483754512635378,0.029071934401789,0,0,1,0,0,0,0,train
1,0.1967213114754099,0.0,0.0,0.0,0.0,0.2483754512635378,0.0003727171077152,1,0,0,0,0,0,0,train
1,0.2622950819672132,0.0,0.0,0.0,0.0263157894736842,0.2483754512635378,0.0003727171077152,0,0,1,0,0,0,0,train
1,0.0819672131147541,0.0,0.0,0.4117647058823529,0.0789473684210526,0.2483754512635378,0.0003727171077152,0,0,1,0,0,0,0,train
0,0.4754098360655738,0.0,0.0,0.0,0.0,0.2483754512635378,0.0003727171077152,0,0,1,0,0,0,0,test
1,0.6065573770491803,0.0,0.0,0.0,0.0526315789473684,0.2483754512635378,0.0048453224002981,0,0,1,0,0,0,0,test
0,0.1967213114754099,0.0,0.0,0.0,0.131578947368421,0.127797833935018,0.0033544539694371,0,0,1,0,0,0,1,train
1,0.1967213114754099,0.0,0.0,0.0,0.0,0.2483754512635378,0.0003727171077152,0,0,0,1,0,0,0,train
1,0.4098360655737705,0.0,0.0,0.0,0.0526315789473684,0.2490974729241877,0.0,1,0,0,0,0,0,0,train
1,0.4426229508196722,0.0,0.0,0.0,1.0,0.2483754512635378,0.0450987700335445,1,0,0,0,0,0,1,train
1,0.1967213114754099,0.0,0.0,0.0,0.0,0.2483754512635378,0.0003727171077152,0,0,0,1,0,0,0,test
0,0.7049180327868853,0.0,0.0,0.0,0.3947368421052631,0.2418772563176895,0.0003727171077152,0,0,1,0,0,0,0,val
1,0.7377049180327869,0.0,0.0,0.0,0.4210526315789473,0.2483754512635378,0.201639955273947,1,0,0,0,0,0,0,train
1,0.5081967213114754,0.0,0.0,0.0,0.0,0.2483754512635378,0.0003727171077152,0,0,1,0,0,0,0,train
1,0.5081967213114754,0.0,0.0,0.0,0.0263157894736842,0.2490974729241877,0.0003727171077152,1,0,0,0,0,0,0,train
1,0.3934426229508196,0.0,0.0,0.0,0.0263157894736842,0.2490974729241877,0.0,1,0,0,0,0,0,0,train
1,0.0983606557377049,0.0,0.0,0.0,0.0263157894736842,0.2483754512635378,0.0149086843086097,1,0,0,0,0,0,0,train
1,0.5409836065573771,0.0,0.0,0.0,0.0,0.2483754512635378,0.0003727171077152,0,0,1,0,0,0,0,train
1,0.2295081967213115,0.0,0.0,0.0,0.1578947368421052,0.2483754512635378,0.0033544539694371,0,0,0,1,0,0,1,train
1,0.1639344262295082,0.0,0.0,0.0,0.1052631578947368,0.1400722021660649,0.0093179276928811,0,0,1,0,0,0,1,test
1,0.5081967213114754,0.0,0.0,0.0,0.0526315789473684,0.2483754512635378,0.0007454342154304,1,0,0,0,0,0,0,train
1,0.4754098360655738,0.0,0.0,0.0,0.0263157894736842,0.2180505415162454,0.0160268356317555,0,0,1,0,0,0,0,val
1,0.6229508196721312,0.0,0.0,0.0,0.0263157894736842,0.2490974729241877,0.0130450987700335,0,0,1,0,0,0,0,test
1,0.5737704918032788,0.0,0.0,0.0,0.2105263157894736,0.2483754512635378,0.0208721580320536,0,0,1,0,0,0,0,train
1,0.1475409836065574,0.0,0.0,0.0,0.0526315789473684,0.2483754512635378,0.0007454342154304,0,0,0,0,0,1,1,train
1,0.3770491803278689,0.0,0.0,0.0,0.0789473684210526,0.2483754512635378,0.0003727171077152,0,0,1,0,0,0,0,train
1,0.4426229508196722,0.0,0.0,0.0,0.1578947368421052,0.2490974729241877,0.0003727171077152,1,0,0,0,0,0,0,train
0,0.0491803278688524,0.0,0.0,0.0,0.0,0.2490974729241877,0.029071934401789,1,0,0,0,0,0,0,test
1,0.1475409836065574,0.0,0.0,0.0588235294117647,0.0526315789473684,0.2490974729241877,0.0003727171077152,0,0,1,0,0,0,1,train
1,0.0491803278688524,0.0,0.0,0.0,0.0,0.247653429602888,0.0052180395080134,1,0,0,0,0,0,0,train
1,0.2131147540983606,0.0,0.0,0.0,0.0,0.2483754512635378,0.03056280283265,0,0,1,0,0,0,0,train
0,0.4426229508196722,0.0,0.0,0.0,0.0,0.2490974729241877,0.0003727171077152,0,0,0,1,0,0,0,train
1,0.1967213114754099,0.1,0.0,0.0,0.2105263157894736,0.2483754512635378,0.0003727171077152,1,0,0,0,0,0,0,train
1,0.0819672131147541,0.0,0.0,0.0,0.0,0.2483754512635378,0.0286992172940737,1,0,0,0,0,0,0,train
1,0.5573770491803279,0.0,0.0,0.0,0.0263157894736842,0.2483754512635378,0.0022363026462914,0,0,1,0,0,0,0,test
0,0.5409836065573771,0.0,0.0,0.0,0.0789473684210526,0.2483754512635378,0.0003727171077152,1,0,0,0,0,0,0,train
0,0.4262295081967213,0.0,0.0,0.0,0.0,0.2490974729241877,0.0,1,0,0,0,0,0,0,train
0,0.1147540983606557,0.0,0.0,0.0,0.0,0.2490974729241877,0.0,0,0,0,1,0,0,0,train
1,0.3114754098360656,0.0,0.0,0.0,0.0,0.2483754512635378,0.0007454342154304,0,0,0,0,0,1,0,test
0,0.2622950819672132,0.0,0.0,0.0,0.0,0.247653429602888,0.0003727171077152,0,0,1,0,0,0,0,train
1,0.0819672131147541,0.0,0.25,0.0588235294117647,0.0789473684210526,0.2483754512635378,0.0141632500931792,1,0,0,0,0,0,1,train
1,0.8688524590163934,0.0,0.0,0.0,0.0789473684210526,0.2483754512635378,0.0026090197540067,0,0,1,0,0,0,0,test
1,0.4426229508196722,0.0,0.0,0.0,0.0526315789473684,0.2490974729241877,0.0,0,0,1,0,0,0,0,train
1,0.180327868852459,0.0,0.0,0.0,0.0,0.2490974729241877,0.0003727171077152,1,0,0,0,0,0,0,train
1,0.1311475409836066,0.0,0.0,0.0,0.0263157894736842,0.2267148014440433,0.0026090197540067,0,0,1,0,0,0,0,train
1,0.2950819672131147,0.0,0.0,0.0,0.131578947368421,0.247653429602888,0.0011181513231457,0,0,0,1,0,0,0,train
1,0.3934426229508196,0.0,0.0,0.0,0.0263157894736842,0.2490974729241877,0.0193812896011926,0,0,0,1,0,0,1,train
1,0.0491803278688524,0.0,0.0,0.0,0.0,0.2483754512635378,0.0011181513231457,1,0,0,0,0,0,0,train
1,0.180327868852459,0.0,0.0,0.0,0.0526315789473684,0.2483754512635378,0.0003727171077152,0,0,1,0,0,0,0,train
1,0.5901639344262296,0.0,0.0,0.0,0.0,0.2462093862815884,0.0003727171077152,0,0,1,0,0,0,0,test
1,0.180327868852459,0.0,0.0,0.0,0.0263157894736842,0.2483754512635378,0.0003727171077152,0,0,1,0,0,0,0,train
0,0.1147540983606557,0.0,0.125,0.1176470588235294,0.3684210526315789,0.2483754512635378,0.0003727171077152,0,0,0,1,0,0,0,train
1,0.7213114754098361,0.0,0.0,0.0,0.0,0.2483754512635378,0.0003727171077152,0,0,0,0,0,1,0,train
0,0.7704918032786886,0.0,0.0,0.0,0.0263157894736842,0.2411552346570397,0.0007454342154304,0,0,1,0,0,0,0,test
1,0.2131147540983606,0.0,0.0,0.0,0.0,0.2490974729241877,0.0003727171077152,0,0,1,0,0,0,0,train
1,0.0491803278688524,0.0,0.0,0.0,0.0,0.2483754512635378,0.0074543421543048,1,0,0,0,0,0,0,test
1,0.1475409836065574,0.0,0.25,0.0,0.4473684210526315,0.2490974729241877,0.0003727171077152,1,0,0,0,0,0,1,train
1,0.2459016393442623,0.0,0.0,0.0,0.0263157894736842,0.2483754512635378,0.0074543421543048,0,0,1,0,0,0,0,train
1,0.1147540983606557,0.0,0.125,0.0,0.0789473684210526,0.2483754512635378,0.0003727171077152,1,0,0,0,0,0,0,train
1,0.3442622950819672,0.0,0.0,0.0,0.0263157894736842,0.2483754512635378,0.0003727171077152,0,0,1,0,0,0,0,train
1,0.180327868852459,0.0,0.0,0.0,0.2105263157894736,0.2490974729241877,0.0003727171077152,1,0,0,0,0,0,1,test
0,0.3934426229508196,0.0,0.0,0.0,0.0,0.2469314079422382,0.0007454342154304,0,0,1,0,0,0,0,test
1,0.0491803278688524,0.0,0.0,0.0,0.0,0.2483754512635378,0.0003727171077152,0,0,1,0,0,0,0,train
1,0.2950819672131147,0.0,0.0,0.0,0.0526315789473684,0.2483754512635378,0.0514349608647036,1,0,0,0,0,0,1,train
0,0.0983606557377049,0.0,0.0,0.0,0.0,0.2483754512635378,0.0,1,0,0,0,0,0,1,train
0,0.8032786885245903,0.0,0.0,0.0,0.0,0.2469314079422382,0.0003727171077152,0,0,1,0,0,0,0,test
1,0.180327868852459,0.0,0.0,0.0,0.1052631578947368,0.2483754512635378,0.0011181513231457,0,0,0,0,0,1,1,train
0,0.1475409836065574,0.0,0.0,0.0,0.0526315789473684,0.2202166064981949,0.0033544539694371,1,0,0,0,0,0,0,train
1,0.3442622950819672,0.0,0.0,0.0,0.0789473684210526,0.2483754512635378,0.0156541185240402,1,0,0,0,0,0,1,train
1,0.3934426229508196,0.0,0.0,0.0,0.131578947368421,0.3097472924187725,0.0003727171077152,0,0,1,0,0,0,0,train
1,0.3770491803278689,0.0,0.0,0.0,0.0263157894736842,0.2462093862815884,0.0003727171077152,0,0,0,1,0,0,0,train
0,0.1147540983606557,0.0,0.0,0.0,0.0263157894736842,0.2483754512635378,0.0014908684308609,1,0,0,0,0,0,0,train
1,0.3114754098360656,0.0,0.0,0.0,0.1052631578947368,0.2483754512635378,0.0186358553857622,1,0,0,0,0,0,1,train
1,0.0819672131147541,0.0,0.0,0.0,0.0263157894736842,0.2490974729241877,0.0663436451733134,1,0,0,0,0,0,0,train
0,0.2131147540983606,0.0,0.0,0.0,0.0263157894736842,0.2483754512635378,0.0003727171077152,0,0,1,0,0,0,1,train
1,0.8032786885245903,0.0,0.0,0.0,0.0,0.2483754512635378,0.0003727171077152,0,0,1,0,0,0,0,train
1,0.1475409836065574,0.0,0.0,0.0,0.2631578947368421,0.2483754512635378,0.0003727171077152,1,0,0,0,0,0,0,train
0,0.1311475409836066,0.0,0.0,0.0,0.0263157894736842,0.2483754512635378,0.0003727171077152,0,0,1,0,0,0,0,train
1,0.2131147540983606,0.0,0.0,0.0,0.0,0.2483754512635378,0.0253447633246366,0,0,0,0,0,1,0,test
1,0.1639344262295082,0.0,0.0,0.0,0.0,0.2483754512635378,0.0003727171077152,0,0,1,0,0,0,0,train
0,0.5409836065573771,0.0,0.0,0.0,0.0,0.2483754512635378,0.0,0,0,1,0,0,0,0,train
0,0.1475409836065574,0.0,0.125,0.0,0.0263157894736842,0.2483754512635378,0.0007454342154304,1,0,0,0,0,0,0,train
1,0.2295081967213115,0.0,0.0,0.0,0.131578947368421,0.2483754512635378,0.0063361908311591,1,0,0,0,0,0,0,train
1,0.1475409836065574,0.0,0.0,0.0,0.1052631578947368,0.2483754512635378,0.0007454342154304,1,0,0,0,0,0,0,train
1,0.3770491803278689,0.0,0.0,0.0,0.0263157894736842,0.2483754512635378,0.0003727171077152,0,0,1,0,0,0,1,val
1,0.0983606557377049,0.0,0.375,0.0,0.3157894736842105,0.2483754512635378,0.0063361908311591,1,0,0,0,0,0,0,test
1,0.7049180327868853,0.0,0.0,0.0,0.2894736842105263,0.2483754512635378,0.0003727171077152,1,0,0,0,0,0,0,train
0,0.180327868852459,0.0,0.0,0.0,0.0789473684210526,0.2490974729241877,0.0003727171077152,0,0,1,0,0,0,0,val
1,0.2622950819672132,0.0,0.0,0.0,0.2894736842105263,0.2483754512635378,0.0003727171077152,0,0,1,0,0,0,0,train
1,0.4426229508196722,0.0,0.0,0.0,0.0,0.2454873646209386,0.0003727171077152,0,0,1,0,0,0,0,train
1,0.2131147540983606,0.0,0.0,0.0,0.1578947368421052,0.2483754512635378,0.0011181513231457,0,0,1,0,0,0,0,train
0,0.0655737704918033,0.0,0.0,0.0588235294117647,0.0263157894736842,0.2483754512635378,0.0067089079388743,0,0,1,0,0,0,0,test
0,0.1147540983606557,0.0,0.0,0.0,0.0263157894736842,0.2483754512635378,0.0003727171077152,1,0,0,0,0,0,0,train
1,0.1147540983606557,0.0,0.0,0.0,0.0263157894736842,0.2180505415162454,0.0011181513231457,0,0,0,1,0,0,0,train
1,0.180327868852459,0.0,0.0,0.0,0.0263157894736842,0.2483754512635378,0.0003727171077152,1,0,0,0,0,0,1,train
0,0.2295081967213115,0.0,0.0,0.0,0.0263157894736842,0.2469314079422382,0.0003727171077152,0,0,0,1,0,0,0,train
1,0.3442622950819672,0.0,0.0,0.0,0.0,0.2483754512635378,0.0003727171077152,0,0,1,0,0,0,0,train
1,0.0655737704918033,0.0,0.0,0.0588235294117647,0.0789473684210526,0.2483754512635378,0.0055907566157286,0,0,0,0,0,1,0,val
0,0.0655737704918033,0.0,0.0,0.0,0.0526315789473684,0.2267148014440433,0.0003727171077152,0,0,1,0,0,0,1,train
1,0.1147540983606557,0.0,0.0,0.0,0.0,0.2483754512635378,0.0003727171077152,0,0,1,0,0,0,0,train
1,0.0655737704918033,0.0,0.0,0.0,0.0,0.2483754512635378,0.0100633619083115,1,0,0,0,0,0,1,train
0,0.4262295081967213,0.0,0.0,0.0,0.1578947368421052,0.2483754512635378,0.0007454342154304,1,0,0,0,0,0,0,train
1,0.0819672131147541,0.0,0.0,0.0,0.0,0.2483754512635378,0.0003727171077152,1,0,0,0,0,0,0,train
1,0.459016393442623,0.0,0.0,0.0,0.0,0.2483754512635378,0.0003727171077152,0,0,1,0,0,0,0,train
1,0.2459016393442623,0.0,0.0,0.0,0.0526315789473684,0.2389891696750902,0.0052180395080134,0,0,1,0,0,0,0,train
0,0.3606557377049181,0.0,0.0,0.0,0.0789473684210526,0.2483754512635378,0.0003727171077152,0,0,1,0,0,0,1,val
1,0.5901639344262296,0.0,0.0,0.0,0.1842105263157894,0.2490974729241877,0.0,0,0,1,0,0,0,0,train
1,0.0491803278688524,0.0,0.0,0.0,0.0,0.2483754512635378,0.0003727171077152,0,0,1,0,0,0,0,train
1,0.4098360655737705,0.0,0.0,0.0,0.1578947368421052,0.2483754512635378,0.0003727171077152,0,0,1,0,0,0,1,train
1,0.0655737704918033,0.0,0.0,0.0,0.0,0.2483754512635378,0.0014908684308609,1,0,0,0,0,0,0,train
1,0.2131147540983606,0.0,0.0,0.0,0.0,0.2490974729241877,0.0052180395080134,1,0,0,0,0,0,0,test
0,0.5245901639344263,0.0,0.0,0.0,0.0789473684210526,0.2888086642599278,0.0212448751397689,0,0,1,0,0,0,0,train
1,0.1475409836065574,0.0,0.0,0.0,0.1052631578947368,0.2483754512635378,0.0011181513231457,0,0,0,1,0,0,1,train
1,0.0491803278688524,0.0,0.0,0.0,0.0263157894736842,0.2483754512635378,0.0003727171077152,1,0,0,0,0,0,0,test
1,0.0819672131147541,0.0,0.0,0.0,0.0,0.2490974729241877,0.0003727171077152,0,0,1,0,0,0,0,train
1,0.7540983606557378,0.0,0.0,0.0,0.0,0.2483754512635378,0.0003727171077152,1,0,0,0,0,0,0,test
0,0.3934426229508196,0.0,0.0,0.0,0.0,0.2483754512635378,0.1047335072679836,0,0,0,0,0,1,0,val
1,0.0327868852459016,0.0,0.0,0.0588235294117647,0.0,0.2483754512635378,0.0003727171077152,1,0,0,0,0,0,0,val
1,0.1311475409836066,0.0,0.0,0.0,0.0263157894736842,0.2483754512635378,0.0003727171077152,0,0,1,0,0,0,0,test
1,0.0819672131147541,0.0,0.0,0.0,0.0,0.2483754512635378,0.0003727171077152,0,0,0,1,0,0,1,train
0,0.4426229508196722,0.0,0.0,0.0,0.0,0.2483754512635378,0.0003727171077152,1,0,0,0,0,0,0,val
0,0.4754098360655738,0.0,0.0,0.0,0.1052631578947368,0.2483754512635378,0.0003727171077152,1,0,0,0,0,0,0,test
1,0.2295081967213115,0.1,0.125,0.0,0.2368421052631578,0.2483754512635378,0.015281401416325,1,0,0,0,0,0,0,test
1,0.1475409836065574,0.0,0.0,0.0,0.0526315789473684,0.2129963898916967,0.0011181513231457,0,0,1,0,0,0,1,train
1,0.0819672131147541,0.0,0.0,0.0,0.0,0.2483754512635378,0.0003727171077152,0,0,0,0,0,1,0,train
0,0.2459016393442623,0.0,0.0,0.0,0.0526315789473684,0.2028880866425992,0.0111815132314573,0,0,0,1,0,0,0,test
0,0.1639344262295082,0.0,0.0,0.0,0.0263157894736842,0.2483754512635378,0.0003727171077152,1,0,0,0,0,0,0,train
1,0.2950819672131147,0.0,0.0,0.0,0.0,0.2490974729241877,0.0134178158777487,0,0,1,0,0,0,0,train
1,0.2295081967213115,0.0,0.0,0.0,0.0263157894736842,0.2490974729241877,0.0,0,0,0,1,0,0,0,test
1,0.0983606557377049,0.0,0.0,0.0,0.0,0.2483754512635378,0.0007454342154304,1,0,0,0,0,0,0,train
1,0.459016393442623,0.0,0.0,0.0,0.0526315789473684,0.2483754512635378,0.0003727171077152,1,0,0,0,0,0,0,train
1,0.639344262295082,0.0,0.0,0.0,0.7368421052631579,0.2490974729241877,0.0007454342154304,1,0,0,0,0,0,1,train
1,0.4098360655737705,0.0,0.125,0.0,0.6052631578947368,0.2483754512635378,0.0029817368617219,1,0,0,0,0,0,0,train
1,0.3934426229508196,0.0,0.0,0.0,0.0,0.2490974729241877,0.0026090197540067,1,0,0,0,0,0,0,test
1,0.1311475409836066,0.0,0.0,0.0,0.0263157894736842,0.2483754512635378,0.0022363026462914,0,0,1,0,0,0,0,train
1,0.918032786885246,0.0,0.0,0.0,0.0,0.2483754512635378,0.0003727171077152,0,0,1,0,0,0,0,train
0,0.0983606557377049,0.0,0.0,0.0,0.0263157894736842,0.247653429602888,0.0003727171077152,0,0,0,1,0,0,0,test
1,0.0655737704918033,0.0,0.0,0.0588235294117647,0.0,0.2483754512635378,0.0003727171077152,0,0,0,0,0,1,0,test
1,0.2459016393442623,0.0,0.0,0.0,0.0526315789473684,0.2483754512635378,0.0003727171077152,1,0,0,0,0,0,0,test
1,0.0655737704918033,0.0,0.0,0.0,0.0263157894736842,0.2483754512635378,0.0003727171077152,1,0,0,0,0,0,1,train
1,0.5245901639344263,0.0,0.0,0.0,0.1052631578947368,0.2296028880866426,0.0096906448005963,0,0,1,0,0,0,0,train
0,0.278688524590164,0.0,0.0,0.0588235294117647,0.131578947368421,0.2483754512635378,0.0741707044353335,1,0,0,0,0,0,1,train
1,0.2459016393442623,0.0,0.0,0.0,0.0,0.2490974729241877,0.0007454342154304,1,0,0,0,0,0,1,train
0,0.2950819672131147,0.0,0.0,0.0,0.0263157894736842,0.2483754512635378,0.0003727171077152,1,0,0,0,0,0,0,train
1,0.7377049180327869,0.0,0.0,0.0,0.0263157894736842,0.2483754512635378,0.0007454342154304,1,0,0,0,0,0,0,train
0,0.836065573770492,0.0,0.0,0.0,0.131578947368421,0.2469314079422382,0.0014908684308609,0,0,1,0,0,0,0,val
1,0.4262295081967213,0.0,0.0,0.0,0.0263157894736842,0.2483754512635378,0.0003727171077152,0,0,1,0,0,0,0,train
0,0.180327868852459,0.0,0.0,0.0,0.0,0.2483754512635378,0.0003727171077152,1,0,0,0,0,0,0,test
0,0.5573770491803279,0.0,0.0,0.0,0.0,0.2483754512635378,0.0003727171077152,0,0,1,0,0,0,0,test
1,0.0819672131147541,0.0,0.0,0.0,0.0263157894736842,0.2483754512635378,0.0540439806187103,1,0,0,0,0,0,1,test
0,0.0655737704918033,0.0,0.0,0.0,0.0,0.247653429602888,0.0003727171077152,0,0,0,1,0,0,0,train
1,0.1311475409836066,0.0,0.0,0.0,0.0,0.2483754512635378,0.0003727171077152,0,0,1,0,0,0,0,train
1,0.0983606557377049,0.0,0.0,0.0,0.0,0.2483754512635378,0.0074543421543048,1,0,0,0,0,0,1,val
1,0.4426229508196722,0.0,0.0,0.0,0.1052631578947368,0.2490974729241877,0.0022363026462914,1,0,0,0,0,0,0,test
0,0.1311475409836066,0.0,0.0,0.0,0.0263157894736842,0.2447653429602888,0.0018635855385762,0,0,0,1,0,0,0,train
1,0.4754098360655738,0.0,0.0,0.0,0.0,0.2490974729241877,0.0003727171077152,1,0,0,0,0,0,0,train
1,0.0327868852459016,0.05,0.0,0.0,0.0526315789473684,0.223826714801444,0.0003727171077152,1,0,0,0,0,0,1,train
1,0.1311475409836066,0.0,0.0,0.0,0.0,0.2490974729241877,0.0,1,0,0,0,0,0,0,train
1,0.5573770491803279,0.0,0.0,0.0,0.0263157894736842,0.2490974729241877,0.0003727171077152,0,0,1,0,0,0,0,train
1,0.5409836065573771,0.0,0.0,0.0,0.0,0.2490974729241877,0.0,0,0,1,0,0,0,0,test
1,0.4754098360655738,0.0,0.0,0.0,0.1842105263157894,0.2483754512635378,0.0212448751397689,1,0,0,0,0,0,1,test
1,0.3278688524590164,0.0,0.0,0.0,0.0263157894736842,0.2483754512635378,0.0003727171077152,0,0,1,0,0,0,1,train
1,0.8032786885245903,0.0,0.0,0.0,0.0263157894736842,0.2483754512635378,0.0003727171077152,0,0,1,0,0,0,0,train
1,0.4754098360655738,0.0,0.0,0.0,0.0263157894736842,0.2469314079422382,0.0003727171077152,1,0,0,0,0,0,0,test
1,0.7868852459016394,0.0,0.0,0.0,0.0,0.2483754512635378,0.0003727171077152,0,0,1,0,0,0,0,train
1,0.3442622950819672,0.0,0.0,0.0,0.0,0.2483754512635378,0.0003727171077152,0,0,1,0,0,0,0,train
0,0.5081967213114754,0.0,0.0,0.0,0.0526315789473684,0.2483754512635378,0.03056280283265,0,0,1,0,0,0,0,val
0,0.4426229508196722,0.0,0.0,0.0,0.2368421052631578,0.2490974729241877,0.0279537830786433,1,0,0,0,0,0,0,train
1,0.0655737704918033,0.0,0.0,0.0,0.0263157894736842,0.2490974729241877,0.0,0,1,0,0,0,0,0,train
1,0.2622950819672132,0.0,0.0,0.0,0.131578947368421,0.2483754512635378,0.0003727171077152,0,0,1,0,0,0,0,train
1,0.2622950819672132,0.0,0.0,0.0,0.3421052631578947,0.1841155234657039,0.012299664554603,0,0,1,0,0,0,0,train
1,0.0655737704918033,0.0,0.125,0.0,0.2105263157894736,0.2483754512635378,0.0477077897875512,1,0,0,0,0,0,1,val
1,0.1475409836065574,0.0,0.25,0.0588235294117647,0.3421052631578947,0.2064981949458483,0.0,0,0,1,0,0,0,1,train
1,0.2622950819672132,0.0,0.0,0.0,0.0263157894736842,0.2483754512635378,0.0003727171077152,1,0,0,0,0,0,0,train
1,0.2622950819672132,0.0,0.0,0.0,0.0263157894736842,0.247653429602888,0.010808796123742,0,0,1,0,0,0,0,train
1,0.0327868852459016,0.0,0.125,0.0,0.0526315789473684,0.2483754512635378,0.0193812896011926,0,1,0,0,0,0,1,train
1,0.3606557377049181,0.0,0.0,0.0,0.0,0.2483754512635378,0.0003727171077152,0,0,1,0,0,0,0,val
0,0.0655737704918033,0.0,0.0,0.0,0.0263157894736842,0.1790613718411552,0.0141632500931792,1,0,0,0,0,0,0,train
0,0.1475409836065574,0.0,0.0,0.0,0.0,0.2490974729241877,0.0026090197540067,0,0,1,0,0,0,1,train
1,0.0819672131147541,0.0,0.0,0.0,0.0526315789473684,0.2483754512635378,0.0007454342154304,0,0,0,1,0,0,0,test
1,0.4754098360655738,0.0,0.0,0.0,0.3684210526315789,0.2483754512635378,0.0115542303391725,1,0,0,0,0,0,0,train
1,0.3278688524590164,0.1,0.375,0.0,0.4210526315789473,0.2693140794223826,0.012299664554603,1,0,0,0,0,0,1,train
1,0.0983606557377049,0.0,0.0,0.0,0.0,0.2490974729241877,0.0,0,0,0,1,0,0,0,train
1,0.2131147540983606,0.0,0.0,0.0,0.0263157894736842,0.2483754512635378,0.300782705926202,1,0,0,0,0,0,0,train
1,0.3278688524590164,0.0,0.0,0.0,0.0,0.247653429602888,0.0003727171077152,0,0,0,0,0,1,0,train
1,0.1311475409836066,0.0,0.0,0.0,0.0,0.2490974729241877,0.0011181513231457,1,0,0,0,0,0,0,train
0,0.1639344262295082,0.0,0.0,0.0,0.131578947368421,0.2483754512635378,0.0003727171077152,1,0,0,0,0,0,0,train
1,0.4098360655737705,0.0,0.0,0.0,0.131578947368421,0.2490974729241877,0.0052180395080134,1,0,0,0,0,0,0,train
1,0.180327868852459,0.0,0.0,0.0,0.0526315789473684,0.2483754512635378,0.0003727171077152,1,0,0,0,0,0,1,train
1,0.918032786885246,0.0,0.0,0.0,0.0526315789473684,0.2483754512635378,0.0037271710771524,0,0,1,0,0,0,0,train
1,0.4754098360655738,0.0,0.0,0.0,0.1052631578947368,0.2483754512635378,0.0719344017890421,1,0,0,0,0,0,1,test
0,0.4098360655737705,0.0,0.0,0.0,0.0,0.247653429602888,0.0003727171077152,0,0,1,0,0,0,0,test
0,0.0983606557377049,0.0,0.0,0.0,0.0,0.2469314079422382,0.0003727171077152,1,0,0,0,0,0,0,train
1,0.1311475409836066,0.0,0.0,0.0,0.0526315789473684,0.2483754512635378,0.0018635855385762,0,1,0,0,0,0,1,train
1,0.6229508196721312,0.0,0.0,0.0,0.0,0.2483754512635378,0.0003727171077152,1,0,0,0,0,0,0,test
1,0.5081967213114754,0.0,0.0,0.0,0.0,0.2483754512635378,0.0003727171077152,0,0,1,0,0,0,0,train
0,0.2950819672131147,0.0,0.0,0.0,0.0263157894736842,0.2483754512635378,0.0003727171077152,0,0,0,0,0,1,0,train
0,0.0983606557377049,0.0,0.0,0.0,0.0263157894736842,0.2469314079422382,0.0011181513231457,0,0,1,0,0,0,0,test
1,0.1639344262295082,0.0,0.0,0.0,0.2894736842105263,0.2483754512635378,0.0003727171077152,0,0,1,0,0,0,0,train
0,0.1311475409836066,0.0,0.0,0.0,0.1052631578947368,0.2483754512635378,0.0026090197540067,1,0,0,0,0,0,1,test
1,0.6229508196721312,0.0,0.0,0.0,0.1052631578947368,0.2483754512635378,0.0063361908311591,1,0,0,0,0,0,0,train
1,0.6557377049180328,0.0,0.0,0.0,0.2105263157894736,0.2483754512635378,0.0003727171077152,0,0,1,0,0,0,0,train
1,0.2459016393442623,0.0,0.0,0.0,0.0789473684210526,0.2490974729241877,0.0,1,0,0,0,0,0,0,train
1,0.1147540983606557,0.2,0.0,0.0,0.131578947368421,0.2483754512635378,0.0037271710771524,0,0,1,0,0,0,0,train
0,0.1967213114754099,0.0,0.0,0.0,0.0789473684210526,0.2490974729241877,0.0003727171077152,0,0,1,0,0,0,0,train
1,0.2131147540983606,0.0,0.0,0.0,0.0263157894736842,0.2483754512635378,0.0436079016026835,0,0,0,1,0,0,0,train
1,0.3442622950819672,0.0,0.0,0.0,0.131578947368421,0.2057761732851985,0.0003727171077152,0,0,1,0,0,0,0,train
1,0.0491803278688524,0.0,0.0,0.0,0.0,0.2490974729241877,0.013790532985464,1,0,0,0,0,0,1,train
1,0.4262295081967213,0.0,0.0,0.0588235294117647,0.2894736842105263,0.2483754512635378,0.0995154677599701,1,0,0,0,0,0,1,train
1,0.1967213114754099,0.0,0.0,0.0,0.0526315789473684,0.2483754512635378,0.0234811777860603,0,0,1,0,0,0,0,train
1,0.2622950819672132,0.0,0.0,0.0,0.1052631578947368,0.2490974729241877,0.0,0,0,1,0,0,0,0,train
1,0.1311475409836066,0.0,0.0,0.0,0.0526315789473684,0.2483754512635378,0.0003727171077152,1,0,0,0,0,0,0,val
1,0.5409836065573771,0.0,0.0,0.0,0.1052631578947368,0.2303249097472924,0.0003727171077152,0,0,1,0,0,0,0,train
1,0.2950819672131147,0.0,0.0,0.0,0.0,0.2483754512635378,0.0011181513231457,1,0,0,0,0,0,0,test
1,0.0491803278688524,0.0,0.0,0.0,0.0263157894736842,0.2483754512635378,0.0111815132314573,1,0,0,0,0,0,0,train
1,0.6721311475409837,0.0,0.0,0.0,0.131578947368421,0.2490974729241877,0.0022363026462914,1,0,0,0,0,0,0,val
1,0.1639344262295082,0.0,0.0,0.0,0.0263157894736842,0.2483754512635378,0.0003727171077152,0,0,0,1,0,0,0,test
1,0.3114754098360656,0.0,0.0,0.0,0.1052631578947368,0.2483754512635378,0.0003727171077152,1,0,0,0,0,0,0,test
1,0.3770491803278689,0.0,0.0,0.0,0.0,0.2490974729241877,0.0,0,0,1,0,0,0,0,train
0,0.5901639344262296,0.0,0.0,0.0,0.0263157894736842,0.247653429602888,0.0003727171077152,0,0,1,0,0,0,0,train
1,0.1967213114754099,0.0,0.0,0.0,0.0526315789473684,0.2483754512635378,0.0022363026462914,0,0,1,0,0,0,0,test
1,0.1639344262295082,0.0,0.0,0.0,0.0,0.2483754512635378,0.0,0,0,1,0,0,0,1,train
1,0.0655737704918033,0.0,0.0,0.0,0.0,0.2483754512635378,0.0003727171077152,1,0,0,0,0,0,0,train
1,0.1475409836065574,0.0,0.0,0.1176470588235294,0.0263157894736842,0.2483754512635378,0.0059634737234439,1,0,0,0,0,0,0,train
1,0.5409836065573771,0.0,0.0,0.0,0.1842105263157894,0.2743682310469314,0.0,0,0,1,0,0,0,0,test
1,0.0655737704918033,0.0,0.0,0.0588235294117647,0.0,0.2483754512635378,0.0003727171077152,0,0,0,1,0,0,0,train
1,0.2622950819672132,0.0,0.0,0.0,0.0263157894736842,0.2129963898916967,0.0003727171077152,0,0,1,0,0,0,0,train
0,0.0655737704918033,0.0,0.0,0.0,0.0263157894736842,0.2483754512635378,0.0432351844949683,0,0,1,0,0,0,0,train
0,0.5081967213114754,0.0,0.0,0.0,0.0789473684210526,0.2483754512635378,0.0003727171077152,0,0,1,0,0,0,0,train
0,0.7049180327868853,0.0,0.0,0.0,0.0263157894736842,0.2490974729241877,0.0,0,0,1,0,0,0,0,train
0,0.5081967213114754,0.0,0.0,0.0,0.0526315789473684,0.2483754512635378,0.0040998881848676,0,0,1,0,0,0,0,train
1,0.3934426229508196,0.0,0.0,0.0,0.131578947368421,0.2483754512635378,0.0115542303391725,0,0,1,0,0,0,0,test
1,0.2950819672131147,0.0,0.0,0.0,0.2368421052631578,0.2483754512635378,0.0216175922474841,1,0,0,0,0,0,0,test
1,0.2950819672131147,0.0,0.0,0.0,0.0,0.2483754512635378,0.0003727171077152,0,0,1,0,0,0,0,test
1,0.0983606557377049,0.0,0.0,0.0,0.0526315789473684,0.2483754512635378,0.0026090197540067,1,0,0,0,0,0,1,train
1,0.8032786885245903,0.0,0.0,0.0,0.0526315789473684,0.0729241877256317,0.0104360790160268,0,0,1,0,0,0,0,train
1,0.2295081967213115,0.0,0.0,0.0,0.0,0.2483754512635378,0.0003727171077152,0,0,1,0,0,0,0,val
1,0.1147540983606557,0.0,0.0,0.0,0.0263157894736842,0.2389891696750902,0.0,1,0,0,0,0,0,0,train
0,0.1967213114754099,0.0,0.0,0.0,0.0526315789473684,0.2490974729241877,0.0003727171077152,0,0,1,0,0,0,1,val
1,0.4098360655737705,0.0,0.0,0.0,0.0,0.2483754512635378,0.0003727171077152,1,0,0,0,0,0,0,train
1,0.1639344262295082,0.0,0.0,0.0,0.0263157894736842,0.2483754512635378,0.0003727171077152,1,0,0,0,0,0,0,test
1,0.2295081967213115,0.0,0.0,0.0,0.1052631578947368,0.2483754512635378,0.0003727171077152,1,0,0,0,0,0,0,train
1,0.0819672131147541,0.0,0.0,0.0,0.0,0.2483754512635378,0.0011181513231457,0,0,1,0,0,0,0,val
1,0.1311475409836066,0.0,0.0,0.0,0.0,0.2490974729241877,0.0040998881848676,0,0,0,1,0,0,0,train
1,0.4262295081967213,0.0,0.0,0.0,0.0,0.2483754512635378,0.0003727171077152,0,0,0,1,0,0,0,val
1,0.1967213114754099,0.0,0.0,0.0,0.0526315789473684,0.2483754512635378,0.0022363026462914,1,0,0,0,0,0,0,train
1,0.0819672131147541,0.0,0.25,0.0588235294117647,0.131578947368421,0.2866425992779783,0.0048453224002981,0,0,1,0,0,0,1,train
1,0.0327868852459016,0.0,0.0,0.0,0.0,0.2483754512635378,0.0074543421543048,1,0,0,0,0,0,0,val
1,0.0819672131147541,0.0,0.0,0.0,0.0,0.2483754512635378,0.0007454342154304,1,0,0,0,0,0,0,train
1,0.0819672131147541,0.0,0.0,0.0,0.0,0.2483754512635378,0.0007454342154304,1,0,0,0,0,0,0,train
1,0.639344262295082,0.0,0.0,0.0,0.0,0.2483754512635378,0.0003727171077152,0,0,0,0,0,1,0,train
0,0.2459016393442623,0.0,0.0,0.0,0.0789473684210526,0.2483754512635378,0.0003727171077152,1,0,0,0,0,0,0,train
