checking_account_status,account_life_in_months,credit_status,current_credit,current_savings,employed_since,installment_rate_percentage,CAT_is_male,marital_status,guarantors,years_living_in_current_residence,age,installment_plans,housing_status,nr_credit_accounts_in_bank,job_status,number_of_people_in_support,has_registered_phone_number,CAT_is_foreign,CAT_loan_purpose_business,CAT_loan_purpose_domestic appliances,CAT_loan_purpose_education,CAT_loan_purpose_furniture/equipment,CAT_loan_purpose_new car,CAT_loan_purpose_others,CAT_loan_purpose_radio/television,CAT_loan_purpose_repairs,CAT_loan_purpose_retraining,CAT_loan_purpose_used car,target,split
0.3333333333333333,0.03571428571428571,1.0,0.05699151190248261,0.0,1.0,1.0,0,0.5,0.0,1.0,0.8571428571428572,1.0,1.0,0.3333333333333333,0.6666666666666666,0,1,0,0,0,0,0,0,0,1,0,0,0,0,train
0.6666666666666666,0.7857142857142857,0.5,0.3621801008360457,0.25,0.5,0.3333333333333333,1,0.0,0.0,0.3333333333333333,0.0535714285714286,1.0,1.0,0.0,0.6666666666666666,0,0,0,0,0,0,0,0,0,1,0,0,0,1,test
0.0,0.14285714285714285,1.0,0.1161529133958772,0.25,0.75,0.3333333333333333,0,0.5,0.0,0.6666666666666667,0.5357142857142858,1.0,1.0,0.0,0.3333333333333333,1,0,0,0,0,1,0,0,0,0,0,0,0,0,test
0.3333333333333333,0.6785714285714286,0.5,0.4854170655434297,0.25,0.75,0.3333333333333333,0,0.5,1.0,1.0,0.46428571428571425,1.0,0.0,0.0,0.6666666666666666,1,0,0,0,0,0,1,0,0,0,0,0,0,0,train
0.3333333333333333,0.3571428571428571,0.75,0.29319037590146146,0.25,0.5,0.6666666666666667,0,0.5,0.0,1.0,0.6071428571428572,1.0,0.0,0.3333333333333333,0.6666666666666666,1,0,0,0,0,0,0,1,0,0,0,0,0,1,train
0.0,0.5714285714285714,0.5,0.5602782564298934,0.0,0.5,0.3333333333333333,0,0.5,0.0,1.0,0.28571428571428575,1.0,0.0,0.0,0.3333333333333333,1,1,0,0,0,1,0,0,0,0,0,0,0,0,train
0.0,0.3571428571428571,0.5,0.16331610185717021,0.75,1.0,0.6666666666666667,0,0.5,0.0,1.0,0.6071428571428572,1.0,1.0,0.0,0.6666666666666666,0,0,0,0,0,0,1,0,0,0,0,0,0,0,test
0.6666666666666666,0.5714285714285714,0.5,0.4258089220754356,0.25,0.5,0.3333333333333333,0,0.5,0.0,0.3333333333333333,0.28571428571428575,1.0,0.5,0.0,1.0,0,1,0,0,0,0,0,0,0,0,0,0,1,0,train
0.0,0.14285714285714285,0.5,0.17761184504435507,1.0,0.75,0.3333333333333333,0,0.0,0.0,1.0,0.75,1.0,1.0,0.0,0.3333333333333333,0,0,0,0,0,0,0,0,0,1,0,0,0,0,val
0.6666666666666666,0.4642857142857143,1.0,0.3164209585806369,0.25,0.0,1.0,0,1.0,0.0,0.3333333333333333,0.16071428571428575,1.0,1.0,0.3333333333333333,1.0,0,0,0,0,0,0,0,1,0,0,0,0,0,1,train
0.6666666666666666,0.14285714285714285,0.5,0.0650328674452741,0.25,0.25,0.6666666666666667,1,0.0,0.0,0.0,0.10714285714285715,1.0,0.5,0.0,0.6666666666666666,0,0,0,0,0,0,0,1,0,0,0,0,0,1,train
0.3333333333333333,0.7857142857142857,0.5,0.257323377369328,0.25,0.25,0.6666666666666667,1,0.0,0.0,1.0,0.0892857142857143,1.0,0.5,0.0,0.6666666666666666,0,0,0,1,0,0,0,0,0,0,0,0,0,1,test
0.6666666666666666,0.14285714285714285,0.5,0.08239198417257004,0.25,0.5,0.0,1,0.0,0.0,0.0,0.0535714285714286,1.0,1.0,0.0,0.6666666666666666,0,1,0,0,0,0,0,0,0,1,0,0,0,0,train
0.3333333333333333,0.3571428571428571,1.0,0.05890612036505201,0.25,1.0,1.0,0,0.5,0.0,1.0,0.7321428571428572,1.0,1.0,0.3333333333333333,0.3333333333333333,0,0,0,0,0,0,0,1,0,0,0,0,0,1,test
0.3333333333333333,0.19642857142857142,0.5,0.07192545791052396,0.25,0.5,0.3333333333333333,1,0.0,0.0,1.0,0.16071428571428575,1.0,0.5,0.0,0.6666666666666666,0,0,0,0,0,0,0,1,0,0,0,0,0,0,train
0.3333333333333333,0.3571428571428571,0.5,0.06420320377816069,0.5,0.5,1.0,1,0.0,0.0,0.3333333333333333,0.23214285714285715,1.0,1.0,0.0,0.3333333333333333,0,0,0,0,0,0,0,0,0,1,0,0,0,1,train
0.0,0.3571428571428571,1.0,0.13708596591996935,0.0,1.0,1.0,0,0.5,0.0,1.0,0.6071428571428572,1.0,1.0,0.3333333333333333,0.6666666666666666,0,0,0,0,0,0,0,0,0,1,0,0,0,0,train
0.3333333333333333,0.4642857142857143,0.0,0.49754291913970256,0.0,0.25,0.3333333333333333,0,0.5,0.0,0.6666666666666667,0.10714285714285715,0.0,1.0,0.6666666666666667,0.6666666666666666,0,0,0,1,0,0,0,0,0,0,0,0,0,0,train
0.6666666666666666,0.3571428571428571,0.5,0.7851809304997127,0.25,1.0,1.0,1,0.0,0.0,0.3333333333333333,0.44642857142857145,1.0,0.0,0.0,1.0,0,1,0,0,0,0,0,0,0,0,0,0,1,1,train
0.0,0.3571428571428571,0.5,0.20128916969813004,0.75,1.0,0.6666666666666667,0,0.5,0.0,0.3333333333333333,0.21428571428571425,1.0,1.0,0.0,0.6666666666666666,1,1,0,0,0,0,0,0,0,1,0,0,0,0,train
0.0,0.08928571428571427,1.0,0.11857808411513178,0.25,0.5,1.0,0,0.5,0.0,1.0,0.5178571428571428,1.0,1.0,0.6666666666666667,0.6666666666666666,0,1,0,0,0,0,0,1,0,0,0,0,0,0,train
0.3333333333333333,0.03571428571428571,0.5,0.15131788882506858,0.75,0.5,0.3333333333333333,0,0.5,0.0,0.6666666666666667,0.44642857142857145,1.0,0.5,0.0,0.6666666666666666,1,0,0,0,0,0,0,0,0,1,0,0,0,0,test
0.3333333333333333,0.10714285714285712,1.0,0.125406854298296,0.25,0.25,0.0,0,0.5,0.0,0.6666666666666667,0.5178571428571428,1.0,0.5,0.3333333333333333,0.3333333333333333,1,0,1,0,0,0,0,1,0,0,0,0,0,0,test
0.6666666666666666,0.14285714285714285,1.0,0.09751739102686834,0.5,0.25,0.6666666666666667,0,0.5,0.0,1.0,0.44642857142857145,1.0,1.0,0.0,0.6666666666666666,0,0,0,0,0,0,0,0,0,0,0,0,1,0,train
0.0,0.10714285714285712,1.0,0.11442976577956475,0.0,0.5,0.3333333333333333,0,1.0,0.0,0.0,0.125,1.0,1.0,0.3333333333333333,0.6666666666666666,0,0,1,0,0,0,1,0,0,0,0,0,0,0,train
0.3333333333333333,0.03571428571428571,0.5,0.0700746697300402,0.25,0.5,0.0,0,0.5,0.0,0.3333333333333333,0.30357142857142855,0.0,1.0,0.0,0.3333333333333333,0,1,0,0,0,0,1,0,0,0,0,0,0,0,train
0.0,0.03571428571428571,0.0,0.00957304231284702,0.25,1.0,1.0,0,1.0,0.0,1.0,0.35714285714285715,1.0,1.0,0.0,0.3333333333333333,0,0,0,0,0,0,0,0,0,1,0,0,0,0,train
1.0,0.14285714285714285,0.25,0.008488097517391026,1.0,0.5,0.6666666666666667,1,0.0,0.0,0.6666666666666667,0.41071428571428575,1.0,0.5,0.3333333333333333,0.6666666666666666,0,0,0,0,0,0,0,0,0,1,0,0,0,0,train
0.6666666666666666,0.053571428571428575,0.5,0.1365115833811985,0.25,0.5,0.6666666666666667,0,0.5,1.0,0.3333333333333333,0.26785714285714285,1.0,1.0,0.0,0.6666666666666666,0,0,0,0,0,0,0,0,0,1,0,0,0,0,test
0.3333333333333333,1.0,0.75,0.4186610504818431,0.25,1.0,0.6666666666666667,0,0.5,0.0,1.0,0.7857142857142858,1.0,1.0,0.3333333333333333,0.6666666666666666,0,1,0,1,0,0,0,0,0,0,0,0,0,1,train
0.6666666666666666,0.24999999999999997,0.5,0.10447380177420383,1.0,0.25,0.6666666666666667,0,1.0,0.0,0.6666666666666667,0.30357142857142855,0.0,1.0,0.0,0.6666666666666666,0,1,0,1,0,0,0,0,0,0,0,0,0,0,test
0.3333333333333333,0.3571428571428571,0.5,0.2389431361286617,0.25,0.5,0.3333333333333333,0,0.5,0.0,0.3333333333333333,0.14285714285714285,0.5,1.0,0.0,0.6666666666666666,0,0,0,0,0,0,1,0,0,0,0,0,0,0,val
0.6666666666666666,0.24999999999999997,0.5,0.3567553768587657,0.5,0.5,0.3333333333333333,0,0.5,0.0,0.3333333333333333,0.19642857142857145,1.0,1.0,0.3333333333333333,0.6666666666666666,0,1,0,0,0,0,0,1,0,0,0,0,0,0,val
0.0,0.14285714285714285,1.0,0.06305443870061905,0.0,1.0,1.0,0,0.5,0.0,1.0,0.6785714285714286,1.0,0.5,0.0,0.3333333333333333,0,0,0,1,0,0,0,0,0,0,0,0,0,0,train
1.0,0.14285714285714285,0.5,0.07645669793860488,0.25,0.25,1.0,1,0.0,0.0,0.0,0.25000000000000006,0.0,1.0,0.0,1.0,0,1,0,0,0,0,1,0,0,0,0,0,0,0,train
0.6666666666666666,0.7321428571428571,1.0,0.28527666092284126,0.25,0.25,1.0,0,0.5,0.0,0.3333333333333333,0.10714285714285715,1.0,1.0,0.3333333333333333,0.3333333333333333,0,0,0,0,0,0,0,0,0,1,0,0,0,1,train
0.0,0.7857142857142857,1.0,0.37232752568766353,0.25,0.5,0.0,0,0.5,0.0,0.6666666666666667,0.21428571428571425,0.0,0.0,0.0,0.6666666666666666,0,1,0,0,0,1,0,0,0,0,0,0,0,0,train
1.0,0.24999999999999997,0.5,0.11640819452421979,0.25,0.5,1.0,0,0.5,0.5,0.3333333333333333,0.32142857142857145,0.5,1.0,0.0,0.6666666666666666,0,0,0,0,0,0,0,0,0,1,0,0,0,1,train
1.0,0.10714285714285712,0.5,0.060565447699278824,0.25,0.5,0.3333333333333333,0,0.5,0.0,0.3333333333333333,0.32142857142857145,1.0,1.0,0.0,0.6666666666666666,0,1,0,0,1,0,0,0,0,0,0,0,0,0,test
0.6666666666666666,0.08928571428571427,0.5,0.011615291339587719,0.25,0.5,1.0,0,0.5,0.0,0.6666666666666667,0.0892857142857143,1.0,1.0,0.0,0.6666666666666666,0,0,0,0,0,0,0,0,0,1,0,0,0,0,train
0.0,0.4642857142857143,0.5,0.1312783202501755,0.75,1.0,1.0,0,0.5,0.0,0.3333333333333333,0.19642857142857145,0.0,1.0,0.0,1.0,0,0,0,0,0,0,0,0,0,1,0,0,0,0,val
0.6666666666666666,0.14285714285714285,0.5,0.05628948879954049,0.75,0.5,0.6666666666666667,0,0.0,0.0,0.0,0.125,1.0,1.0,0.0,0.6666666666666666,0,1,0,0,0,0,0,0,0,1,0,0,0,0,train
0.6666666666666666,0.24999999999999997,0.75,0.3783266322037143,0.25,0.5,0.3333333333333333,0,0.5,0.0,1.0,0.44642857142857145,1.0,1.0,0.0,0.3333333333333333,1,1,0,0,0,0,0,0,0,0,1,0,0,0,train
0.3333333333333333,0.4642857142857143,1.0,0.37724168740825836,0.5,0.75,0.0,0,1.0,0.0,1.0,0.0892857142857143,1.0,0.5,0.3333333333333333,0.6666666666666666,0,0,0,0,0,0,0,0,0,0,0,0,1,0,test
0.3333333333333333,0.7857142857142857,1.0,0.37443359499648987,0.25,1.0,1.0,1,0.0,0.0,1.0,0.6964285714285714,0.5,0.0,0.3333333333333333,0.3333333333333333,0,0,0,0,0,0,0,0,0,0,0,0,1,1,train
0.0,0.125,1.0,0.07128725508966749,0.25,0.25,1.0,1,0.0,0.0,1.0,0.28571428571428575,1.0,1.0,0.3333333333333333,1.0,0,0,0,0,0,0,0,1,0,0,0,0,0,0,train
0.0,0.5714285714285714,0.5,0.12910843065926353,0.75,1.0,1.0,0,0.5,0.0,1.0,0.35714285714285715,1.0,1.0,0.0,0.6666666666666666,0,0,0,0,0,0,0,0,0,1,0,0,0,0,test
0.3333333333333333,0.03571428571428571,0.5,0.06867062352415597,0.75,0.0,0.0,1,0.0,0.0,0.3333333333333333,0.07142857142857145,1.0,0.5,0.0,0.0,0,1,0,0,0,0,0,0,0,0,0,0,1,0,test
0.0,0.125,1.0,0.44367860105941664,0.25,0.5,0.0,0,0.5,0.0,1.0,0.35714285714285715,1.0,1.0,0.3333333333333333,0.3333333333333333,0,0,0,0,0,0,0,1,0,0,0,0,0,0,train
0.0,0.14285714285714285,0.5,0.11468504690790733,0.5,0.5,1.0,1,0.0,0.5,0.3333333333333333,0.16071428571428575,1.0,1.0,0.0,0.6666666666666666,0,0,0,0,0,0,0,0,0,1,0,0,0,0,train
0.6666666666666666,0.3571428571428571,0.75,0.1312783202501755,0.0,0.25,1.0,0,0.5,0.0,0.3333333333333333,0.17857142857142855,0.0,1.0,0.0,0.3333333333333333,0,0,0,0,0,0,1,0,0,0,0,0,0,0,train
0.6666666666666666,0.4107142857142857,0.75,0.36307358478524476,0.25,1.0,0.0,0,0.5,0.0,0.3333333333333333,0.19642857142857145,1.0,1.0,0.3333333333333333,1.0,0,1,0,0,0,0,0,0,0,0,0,0,1,0,train
0.0,0.14285714285714285,0.5,0.06292679813644776,0.25,0.5,0.6666666666666667,0,0.5,0.0,0.3333333333333333,0.10714285714285715,1.0,1.0,0.0,0.6666666666666666,0,0,0,0,0,0,0,0,0,1,0,0,0,0,test
0.0,0.24999999999999997,0.5,0.19797051502967644,0.0,0.5,0.3333333333333333,0,0.5,0.0,0.0,0.21428571428571425,1.0,1.0,0.0,0.6666666666666666,0,1,0,0,0,0,0,0,0,0,0,0,1,0,train
0.6666666666666666,0.5714285714285714,0.75,0.12438572978492564,0.25,1.0,1.0,0,0.5,0.0,1.0,0.6785714285714286,0.0,0.0,0.3333333333333333,0.6666666666666666,0,1,0,0,0,0,0,1,0,0,0,0,0,1,train
0.0,0.03571428571428571,0.25,0.032356883017422934,0.0,0.5,0.0,0,0.5,1.0,0.3333333333333333,0.125,0.5,1.0,0.0,0.3333333333333333,1,0,0,0,0,0,0,1,0,0,0,0,0,0,train
0.6666666666666666,0.14285714285714285,0.5,0.3951751866743251,0.0,0.0,0.3333333333333333,0,0.5,0.0,0.0,0.5892857142857142,1.0,1.0,0.0,1.0,0,1,0,0,0,0,0,0,0,1,0,0,0,1,train
0.0,0.5714285714285714,1.0,0.5928904205756589,0.25,0.5,0.3333333333333333,1,0.0,0.0,0.3333333333333333,0.21428571428571425,0.5,1.0,0.3333333333333333,0.6666666666666666,0,0,0,0,0,0,0,0,0,1,0,0,0,0,train
1.0,0.24999999999999997,0.5,0.10753717531431488,0.25,1.0,0.6666666666666667,1,0.0,0.0,0.3333333333333333,0.07142857142857145,1.0,1.0,0.0,1.0,0,0,0,0,0,0,0,1,0,0,0,0,0,0,train
0.3333333333333333,0.5714285714285714,1.0,0.3799221392558555,0.25,0.25,1.0,1,0.0,0.5,1.0,0.07142857142857145,1.0,0.5,0.3333333333333333,0.3333333333333333,0,1,0,0,0,0,1,0,0,0,0,0,0,1,train
0.6666666666666666,0.08928571428571427,0.5,0.0711596145254962,0.25,0.5,0.3333333333333333,0,1.0,0.0,0.0,0.14285714285714285,0.0,1.0,0.0,0.6666666666666666,0,1,0,1,0,0,0,0,0,0,0,0,0,0,train
0.6666666666666666,0.19642857142857142,1.0,0.08047737571000063,0.0,1.0,1.0,0,0.5,1.0,1.0,0.5535714285714286,1.0,1.0,0.3333333333333333,0.6666666666666666,0,1,0,0,0,0,0,0,0,1,0,0,0,0,train
0.6666666666666666,0.5714285714285714,0.0,0.10702661305762971,0.25,1.0,1.0,0,0.5,0.0,1.0,0.75,1.0,0.0,0.0,1.0,0,1,0,1,0,0,0,0,0,0,0,0,0,1,train
0.6666666666666666,0.7857142857142857,0.0,0.9027378901014742,0.25,0.5,0.3333333333333333,0,0.5,0.0,0.3333333333333333,0.10714285714285715,1.0,1.0,0.0,0.6666666666666666,0,1,0,1,0,0,0,0,0,0,0,0,0,1,train
0.0,0.3571428571428571,0.5,0.18539791945880402,0.25,0.25,1.0,1,0.0,0.0,1.0,0.125,1.0,1.0,0.0,0.6666666666666666,0,1,0,0,0,0,0,0,0,1,0,0,0,0,test
0.0,0.4107142857142857,0.5,0.31361286616886846,0.0,1.0,1.0,0,0.5,0.0,1.0,0.5178571428571428,1.0,1.0,1.0,0.6666666666666666,1,1,0,0,0,0,0,0,0,0,1,0,0,0,train
0.0,0.14285714285714285,0.5,0.1209394345523007,0.25,0.25,0.3333333333333333,1,0.0,0.0,0.3333333333333333,0.17857142857142855,0.0,1.0,0.0,0.6666666666666666,0,0,0,0,0,0,0,0,0,1,0,0,0,0,train
0.6666666666666666,0.14285714285714285,0.5,0.04665262620460782,1.0,0.5,1.0,0,1.0,0.0,0.0,0.0535714285714286,1.0,1.0,0.0,0.6666666666666666,0,0,0,0,0,0,0,1,0,0,0,0,0,0,train
0.0,0.5714285714285714,0.5,0.09847469525815303,0.25,0.5,1.0,0,0.5,0.0,1.0,0.32142857142857145,0.5,0.0,0.0,0.6666666666666666,0,1,0,0,0,1,0,0,0,0,0,0,0,1,val
0.0,0.5714285714285714,0.5,0.13517135745739994,0.0,0.5,1.0,1,0.0,0.0,1.0,0.10714285714285715,1.0,1.0,0.0,0.6666666666666666,0,0,0,0,0,0,0,0,0,1,0,0,0,0,train
0.0,0.5714285714285714,0.5,0.501435956346927,0.25,0.5,0.0,1,0.0,0.0,0.3333333333333333,0.19642857142857145,0.0,1.0,0.0,0.6666666666666666,0,0,0,0,0,0,0,0,0,0,0,0,1,0,test
0.0,0.053571428571428575,1.0,0.02897440806688365,0.0,1.0,1.0,0,0.5,0.0,0.3333333333333333,0.48214285714285715,1.0,0.5,0.3333333333333333,0.3333333333333333,0,1,0,0,0,0,0,0,0,1,0,0,0,0,train
0.3333333333333333,0.07142857142857142,1.0,0.056672410492054376,0.25,1.0,0.6666666666666667,0,0.5,0.0,1.0,0.5714285714285714,0.0,0.0,0.3333333333333333,1.0,1,1,0,0,0,0,0,0,1,0,0,0,0,0,train
0.6666666666666666,0.6785714285714286,1.0,0.3623715616823026,0.25,0.75,0.3333333333333333,1,0.0,0.0,0.0,0.39285714285714285,0.0,1.0,0.3333333333333333,0.3333333333333333,0,0,0,1,0,0,0,0,0,0,0,0,0,0,val
0.3333333333333333,0.5714285714285714,0.5,0.10855829982768524,0.0,1.0,1.0,0,0.5,0.0,1.0,0.37499999999999994,1.0,1.0,0.0,1.0,0,1,0,0,0,1,0,0,0,0,0,0,0,1,train
0.3333333333333333,0.14285714285714285,1.0,0.07977535260705852,0.25,1.0,1.0,0,0.5,0.0,1.0,0.8392857142857144,1.0,0.0,0.3333333333333333,1.0,0,0,0,0,0,0,0,0,0,0,0,0,1,0,train
0.3333333333333333,0.6785714285714286,0.5,0.2354330206139511,0.25,0.25,1.0,0,0.5,0.0,0.6666666666666667,0.26785714285714285,1.0,1.0,0.0,0.6666666666666666,0,0,0,0,0,0,0,0,0,1,0,0,0,1,train
0.6666666666666666,0.125,0.75,0.28687216797498244,0.25,0.75,0.3333333333333333,0,0.5,0.0,1.0,0.5714285714285714,1.0,1.0,0.0,0.6666666666666666,0,0,0,0,0,0,0,0,0,1,0,0,0,0,train
0.0,0.8928571428571428,0.0,0.5845937839045248,0.0,0.5,0.3333333333333333,0,0.5,0.0,0.3333333333333333,0.35714285714285715,1.0,1.0,0.0,0.3333333333333333,1,0,0,0,0,0,0,0,0,0,0,0,1,0,test
0.6666666666666666,0.4642857142857143,0.5,0.22694492309656006,0.25,0.25,0.3333333333333333,0,1.0,0.0,0.0,0.0535714285714286,1.0,1.0,0.0,0.6666666666666666,0,0,0,0,0,0,1,0,0,0,0,0,0,0,train
0.0,0.3571428571428571,0.5,0.3616695385793605,0.0,0.25,0.0,1,0.0,0.0,0.0,0.44642857142857145,1.0,1.0,0.3333333333333333,0.6666666666666666,0,1,0,0,0,0,0,0,0,1,0,0,0,1,train
0.0,0.19642857142857142,0.5,0.05979960431425106,0.75,1.0,1.0,0,0.5,0.0,0.6666666666666667,0.49999999999999994,0.5,1.0,0.0,0.6666666666666666,0,1,0,0,0,0,0,0,0,1,0,0,0,0,val
0.0,0.24999999999999997,0.5,0.08245580445465568,0.5,0.5,0.6666666666666667,1,0.0,0.0,1.0,0.0892857142857143,1.0,0.5,0.0,0.3333333333333333,0,0,0,1,0,0,0,0,0,0,0,0,0,0,train
0.3333333333333333,0.3571428571428571,0.5,0.09439019720467164,0.25,1.0,1.0,1,0.0,1.0,1.0,0.6964285714285714,1.0,1.0,0.0,0.3333333333333333,0,1,0,0,0,0,0,0,1,0,0,0,0,0,test
0.3333333333333333,0.10714285714285712,0.5,0.13012955517263386,0.25,1.0,0.6666666666666667,0,0.5,0.0,1.0,0.5892857142857142,1.0,1.0,0.0,0.3333333333333333,0,0,0,0,0,0,0,0,0,1,0,0,0,0,train
0.0,0.14285714285714285,1.0,0.07249984044929478,0.25,0.5,1.0,1,0.0,1.0,0.3333333333333333,0.17857142857142855,1.0,1.0,0.3333333333333333,1.0,0,1,0,1,0,0,0,0,0,0,0,0,0,0,test
0.6666666666666666,0.24999999999999997,1.0,0.0650328674452741,0.25,0.25,1.0,1,0.0,0.0,0.0,0.14285714285714285,1.0,1.0,0.3333333333333333,0.6666666666666666,0,0,0,0,0,0,1,0,0,0,0,0,0,0,train
0.6666666666666666,0.5714285714285714,0.5,0.7872869998085391,0.5,0.5,0.0,0,0.5,0.0,1.0,0.49999999999999994,1.0,0.0,0.0,0.6666666666666666,1,1,0,0,0,1,0,0,0,0,0,0,0,1,train
0.3333333333333333,0.24999999999999997,0.5,0.12591741655498118,0.5,0.75,1.0,0,0.5,0.0,0.6666666666666667,0.19642857142857145,1.0,1.0,0.0,1.0,1,1,0,0,0,0,0,1,0,0,0,0,0,0,train
0.3333333333333333,0.14285714285714285,0.0,0.05309847469525815,0.25,0.75,1.0,0,0.5,0.0,0.6666666666666667,0.16071428571428575,1.0,1.0,0.3333333333333333,0.6666666666666666,0,0,0,0,0,0,0,0,0,0,1,0,0,1,test
0.0,0.14285714285714285,1.0,0.021826536473291212,0.25,1.0,1.0,0,0.5,0.0,1.0,0.6607142857142858,1.0,1.0,0.0,0.6666666666666666,0,0,0,0,0,0,0,0,0,1,0,0,0,0,train
0.3333333333333333,0.14285714285714285,1.0,0.07230837960303783,0.25,1.0,1.0,0,0.5,0.0,0.6666666666666667,0.625,1.0,1.0,0.0,0.6666666666666666,0,0,0,0,0,0,0,0,0,0,0,0,1,0,train
0.0,0.14285714285714285,1.0,0.03325036696662199,0.0,1.0,1.0,1,0.0,0.0,0.6666666666666667,0.25000000000000006,0.0,1.0,0.0,0.3333333333333333,1,0,0,0,0,0,0,0,0,1,0,0,0,1,train
1.0,0.3571428571428571,1.0,0.213223562448146,0.0,1.0,1.0,0,0.5,0.5,1.0,0.01785714285714285,1.0,0.5,0.3333333333333333,0.6666666666666666,0,0,0,0,0,0,1,0,0,0,0,0,0,0,train
0.6666666666666666,0.14285714285714285,0.5,0.06650073393324397,1.0,1.0,1.0,0,0.5,0.0,1.0,0.625,1.0,1.0,0.0,0.6666666666666666,0,1,0,0,0,0,0,1,0,0,0,0,0,0,train
0.6666666666666666,0.8928571428571428,0.0,0.9999999999999999,0.25,0.25,0.6666666666666667,0,0.5,0.0,1.0,0.6964285714285714,1.0,0.5,0.0,0.6666666666666666,0,1,0,1,0,0,0,0,0,0,0,0,0,1,train
0.0,0.14285714285714285,1.0,0.11079200970068288,0.0,0.75,1.0,1,0.0,0.0,0.3333333333333333,0.75,1.0,1.0,0.0,0.6666666666666666,0,0,0,0,0,1,0,0,0,0,0,0,0,0,test
0.6666666666666666,0.24999999999999997,0.5,0.1497223817729274,0.5,0.5,1.0,0,0.5,0.0,1.0,0.26785714285714285,1.0,1.0,0.0,0.6666666666666666,0,0,0,1,0,0,0,0,0,0,0,0,0,0,train
0.6666666666666666,0.5714285714285714,1.0,0.1315336013785181,0.25,1.0,1.0,0,0.5,0.0,1.0,0.30357142857142855,1.0,1.0,0.0,0.6666666666666666,0,0,0,0,0,0,0,0,0,1,0,0,0,0,train
0.6666666666666666,0.2857142857142857,0.75,0.4327653328227711,0.0,0.75,0.6666666666666667,0,0.5,0.0,1.0,0.30357142857142855,0.0,0.5,0.3333333333333333,1.0,1,1,0,0,0,0,0,0,0,0,0,0,1,0,train
0.0,0.3571428571428571,0.5,0.07613759652817664,0.5,1.0,1.0,0,1.0,0.0,1.0,0.39285714285714285,1.0,0.5,0.0,0.3333333333333333,0,0,0,0,0,0,0,1,0,0,0,0,0,0,train
0.6666666666666666,0.5714285714285714,0.5,0.13064011742931902,0.25,0.75,1.0,0,0.5,0.0,1.0,0.0892857142857143,1.0,0.5,0.0,0.6666666666666666,0,0,0,0,0,0,0,0,0,1,0,0,0,0,train
0.0,0.03571428571428571,0.75,0.04186610504818431,0.25,0.5,0.6666666666666667,1,0.0,0.0,0.3333333333333333,0.0892857142857143,1.0,1.0,0.0,0.6666666666666666,0,0,0,0,0,0,0,0,0,1,0,0,0,0,train
0.6666666666666666,0.08928571428571427,1.0,0.10485672346671772,0.25,0.75,1.0,0,0.5,0.0,0.6666666666666667,0.28571428571428575,1.0,0.5,0.0,0.6666666666666666,0,1,0,0,0,0,1,0,0,0,0,0,0,0,train
0.0,0.14285714285714285,0.5,0.13842619184376792,0.0,0.25,0.3333333333333333,0,1.0,0.0,1.0,0.125,1.0,0.5,0.0,0.6666666666666666,0,1,0,0,0,0,0,0,0,0,0,0,1,0,train
0.6666666666666666,0.3571428571428571,1.0,0.7442721296828131,0.25,0.5,0.3333333333333333,0,0.5,0.5,0.6666666666666667,0.35714285714285715,1.0,1.0,0.3333333333333333,1.0,1,1,0,0,0,0,0,0,1,0,0,0,0,1,train
0.0,0.24999999999999997,0.25,0.39453698385346864,0.25,1.0,0.3333333333333333,0,0.5,0.0,1.0,0.35714285714285715,0.0,1.0,0.3333333333333333,1.0,1,1,0,0,0,0,0,1,0,0,0,0,0,1,train
0.6666666666666666,0.14285714285714285,0.5,0.3702852766609228,0.25,0.75,0.3333333333333333,0,0.5,0.0,0.3333333333333333,0.23214285714285715,1.0,1.0,0.0,0.6666666666666666,0,0,0,0,0,0,0,1,0,0,0,0,0,0,test
0.3333333333333333,0.3571428571428571,0.5,0.4751420001276406,0.0,0.25,0.0,1,0.0,0.0,0.3333333333333333,0.19642857142857145,1.0,1.0,0.0,0.6666666666666666,0,1,1,0,0,0,1,0,0,0,0,0,0,0,train
0.6666666666666666,0.17857142857142858,0.5,0.07237219988512349,0.75,1.0,0.0,0,1.0,0.0,0.3333333333333333,0.28571428571428575,1.0,1.0,0.0,0.6666666666666666,0,1,0,1,0,0,0,0,0,0,0,0,0,0,train
0.6666666666666666,0.03571428571428571,0.75,0.07486119088646372,0.5,1.0,0.0,0,0.0,0.0,0.3333333333333333,0.21428571428571425,0.0,1.0,0.3333333333333333,0.6666666666666666,1,0,0,1,0,0,0,0,0,0,0,0,0,0,val
1.0,0.19642857142857142,0.5,0.007403152721935029,0.25,0.25,1.0,1,0.0,0.0,1.0,0.07142857142857145,1.0,0.5,0.0,0.6666666666666666,0,1,0,0,0,1,0,0,0,0,0,0,0,0,train
0.6666666666666666,0.24999999999999997,0.5,0.38190056800051053,0.25,0.75,0.6666666666666667,0,0.5,0.0,0.6666666666666667,0.16071428571428575,1.0,0.5,0.0,0.3333333333333333,0,0,0,0,0,0,0,1,0,0,0,0,0,0,test
0.0,0.5714285714285714,1.0,0.4836939179271172,0.25,0.5,1.0,1,0.0,0.0,0.3333333333333333,0.10714285714285715,0.5,1.0,0.3333333333333333,0.6666666666666666,0,1,0,0,0,0,0,1,0,0,0,0,0,1,train
0.3333333333333333,0.14285714285714285,0.5,0.08960367604824812,0.75,1.0,0.6666666666666667,0,1.0,0.0,0.0,0.28571428571428575,1.0,1.0,0.0,0.6666666666666666,0,0,0,0,0,0,0,0,0,1,0,0,0,0,train
0.0,0.7857142857142857,1.0,0.2107345714468058,0.0,1.0,1.0,0,0.5,0.0,0.0,0.49999999999999994,1.0,1.0,0.0,0.6666666666666666,0,1,0,0,0,0,0,0,0,1,0,0,0,0,test
0.3333333333333333,0.6785714285714286,0.5,0.44023230582679174,0.0,0.75,1.0,1,0.0,0.0,0.6666666666666667,0.19642857142857145,1.0,1.0,0.0,1.0,0,1,0,0,0,0,0,0,0,1,0,0,0,1,train
0.3333333333333333,0.10714285714285712,1.0,0.11845044355096047,0.0,0.25,0.3333333333333333,1,0.0,0.5,0.6666666666666667,0.14285714285714285,1.0,0.5,0.3333333333333333,0.6666666666666666,0,0,1,0,0,0,1,0,0,0,0,0,0,0,train
0.3333333333333333,0.5178571428571429,1.0,0.2556002297530155,0.75,0.5,0.0,1,0.0,0.0,1.0,0.07142857142857145,1.0,1.0,0.3333333333333333,0.6666666666666666,0,0,0,0,0,0,1,0,0,0,0,0,0,1,val
0.6666666666666666,0.14285714285714285,1.0,0.13338438955900184,0.75,0.75,0.6666666666666667,0,0.0,0.0,0.6666666666666667,0.30357142857142855,1.0,1.0,0.0,1.0,0,1,0,0,0,0,0,1,0,0,0,0,0,0,train
0.3333333333333333,0.3035714285714286,0.5,0.09949581977152339,0.25,0.5,0.6666666666666667,1,0.0,0.0,0.3333333333333333,0.10714285714285715,1.0,1.0,0.3333333333333333,0.6666666666666666,0,1,0,0,0,0,0,0,0,1,0,0,0,1,train
0.0,0.3571428571428571,1.0,0.22924245325164339,0.25,1.0,1.0,1,0.0,0.0,0.3333333333333333,0.39285714285714285,1.0,0.5,0.3333333333333333,1.0,0,1,0,0,0,0,0,0,0,0,0,0,1,0,train
0.0,0.14285714285714285,0.5,0.09521986087178505,0.25,0.5,0.6666666666666667,0,0.5,0.0,0.3333333333333333,0.0892857142857143,1.0,0.5,0.0,0.3333333333333333,0,0,0,0,0,0,1,0,0,0,0,0,0,0,test
1.0,0.10714285714285712,1.0,0.03222924245325164,0.25,1.0,1.0,0,0.5,0.0,1.0,0.7857142857142858,1.0,0.0,0.3333333333333333,0.6666666666666666,0,1,0,0,0,0,0,1,0,0,0,0,0,0,train
0.6666666666666666,0.24999999999999997,0.5,0.10517582487714595,0.0,0.25,1.0,1,0.0,0.0,0.6666666666666667,0.14285714285714285,1.0,0.5,0.0,0.6666666666666666,0,0,0,0,0,0,1,0,0,0,0,0,0,1,train
0.3333333333333333,0.14285714285714285,1.0,0.11774842044801838,0.25,0.5,1.0,0,0.5,0.0,0.3333333333333333,0.19642857142857145,1.0,1.0,0.3333333333333333,0.6666666666666666,0,0,0,0,0,0,0,1,0,0,0,0,0,0,train
0.3333333333333333,0.14285714285714285,0.5,0.027123619886399893,0.25,0.5,1.0,0,1.0,0.0,0.3333333333333333,0.37499999999999994,1.0,1.0,0.0,0.3333333333333333,0,0,0,0,0,0,0,0,0,1,0,0,0,0,train
0.6666666666666666,0.14285714285714285,0.5,0.023166762397089792,0.25,0.5,1.0,0,0.5,0.0,0.3333333333333333,0.19642857142857145,1.0,1.0,0.0,0.6666666666666666,0,0,0,0,0,0,0,0,0,0,1,0,0,1,train
0.6666666666666666,0.14285714285714285,1.0,0.10109132682366455,0.25,0.0,1.0,0,0.5,0.0,0.3333333333333333,0.26785714285714285,1.0,1.0,0.3333333333333333,1.0,0,1,0,0,0,0,0,0,0,0,0,0,1,0,test
0.3333333333333333,0.14285714285714285,1.0,0.20569276916203966,0.25,0.5,0.6666666666666667,1,0.0,0.5,0.3333333333333333,0.17857142857142855,1.0,1.0,0.3333333333333333,0.6666666666666666,0,0,0,0,0,0,0,1,0,0,0,0,0,1,test
0.6666666666666666,0.7857142857142857,0.5,0.5240283362052459,0.0,0.75,0.0,1,0.0,0.0,0.3333333333333333,0.0892857142857143,1.0,1.0,0.0,0.6666666666666666,0,0,0,0,0,0,0,1,0,0,0,0,0,0,train
0.3333333333333333,0.5714285714285714,0.75,0.42191588486821113,0.25,0.5,1.0,0,0.5,0.0,0.6666666666666667,0.17857142857142855,0.5,1.0,0.0,0.6666666666666666,0,1,0,0,0,1,0,0,0,0,0,0,0,1,train
0.0,0.19642857142857142,0.5,0.15521092603229303,0.25,0.25,0.3333333333333333,0,0.5,0.0,0.6666666666666667,0.14285714285714285,0.0,1.0,0.3333333333333333,0.3333333333333333,0,0,0,0,0,0,1,0,0,0,0,0,0,0,train
0.0,0.24999999999999997,0.5,0.10900504180228475,0.25,0.5,1.0,0,0.5,0.0,1.0,0.49999999999999994,0.0,0.0,0.3333333333333333,0.6666666666666666,0,0,0,0,0,0,1,0,0,0,0,0,0,0,test
0.0,1.0,0.5,0.6297785436211627,0.5,0.75,0.3333333333333333,1,0.0,0.0,1.0,0.035714285714285754,1.0,1.0,0.0,0.6666666666666666,0,1,0,0,0,0,0,0,0,1,0,0,0,0,test
0.0,0.14285714285714285,1.0,0.06152275193056353,0.0,1.0,1.0,1,0.0,0.0,0.3333333333333333,0.33928571428571425,1.0,1.0,0.3333333333333333,0.6666666666666666,0,1,0,0,0,0,0,0,0,1,0,0,0,0,train
0.0,0.4107142857142857,0.75,0.5320696917480374,1.0,0.5,0.3333333333333333,0,0.5,0.0,0.3333333333333333,0.14285714285714285,1.0,1.0,0.3333333333333333,0.6666666666666666,0,0,0,0,0,0,0,0,0,0,0,0,1,0,train
0.6666666666666666,0.14285714285714285,0.5,0.03127193822196694,0.75,0.5,1.0,0,0.5,0.0,0.6666666666666667,0.8392857142857144,1.0,1.0,0.0,0.3333333333333333,0,0,0,0,0,0,0,0,0,1,0,0,0,1,train
0.6666666666666666,0.19642857142857142,1.0,0.15648733167400597,0.0,0.75,1.0,0,0.5,1.0,0.3333333333333333,0.28571428571428575,0.0,1.0,0.6666666666666667,0.6666666666666666,0,1,0,0,0,0,0,0,0,1,0,0,0,0,test
1.0,0.14285714285714285,0.5,0.10243155274746314,0.25,0.5,0.3333333333333333,1,0.0,0.0,0.3333333333333333,0.44642857142857145,1.0,0.5,0.0,0.3333333333333333,0,1,0,0,0,0,0,0,0,1,0,0,0,0,train
1.0,0.03571428571428571,0.5,0.027634182143085072,1.0,0.25,0.3333333333333333,0,1.0,0.0,0.3333333333333333,0.14285714285714285,1.0,1.0,0.0,0.0,0,0,1,0,0,0,0,1,0,0,0,0,0,0,val
0.6666666666666666,0.5714285714285714,0.5,0.288403854745038,0.25,0.25,1.0,1,0.0,0.0,0.0,0.19642857142857145,1.0,1.0,0.0,1.0,0,1,0,0,0,0,0,0,0,1,0,0,0,0,test
0.3333333333333333,0.4107142857142857,0.5,0.20039568574893102,0.25,0.5,0.6666666666666667,0,0.5,0.0,0.3333333333333333,0.14285714285714285,1.0,1.0,0.0,1.0,0,0,0,0,0,0,0,0,0,1,0,0,0,0,test
0.3333333333333333,0.24999999999999997,0.5,0.13951113663922393,0.25,0.5,0.3333333333333333,0,0.5,0.0,0.3333333333333333,0.0535714285714286,1.0,1.0,0.0,0.6666666666666666,0,0,0,0,0,0,1,0,0,0,0,0,0,1,train
0.0,0.3035714285714286,1.0,0.12840640755632138,0.25,0.25,1.0,1,0.0,0.0,1.0,0.07142857142857145,1.0,1.0,0.0,0.6666666666666666,0,1,0,0,0,0,1,0,0,0,0,0,0,0,train
0.6666666666666666,0.7857142857142857,0.25,0.20996872806177802,0.5,0.75,1.0,0,0.5,0.0,0.3333333333333333,0.19642857142857145,1.0,1.0,0.0,0.6666666666666666,0,0,0,1,0,0,0,0,0,0,0,0,0,0,train
0.3333333333333333,0.03571428571428571,1.0,0.03727104473801774,0.25,1.0,0.0,1,0.0,0.0,1.0,0.35714285714285715,1.0,1.0,0.3333333333333333,0.6666666666666666,0,1,0,0,0,0,0,1,0,0,0,0,0,0,train
0.0,0.14285714285714285,1.0,0.025911034526772604,0.5,0.75,1.0,1,0.0,0.0,0.6666666666666667,0.5714285714285714,1.0,1.0,0.3333333333333333,0.6666666666666666,0,1,0,0,0,0,0,1,0,0,0,0,0,0,train
0.3333333333333333,0.5714285714285714,1.0,0.32516433722637056,0.25,0.5,0.6666666666666667,0,0.5,1.0,0.3333333333333333,0.16071428571428575,1.0,1.0,0.3333333333333333,0.6666666666666666,0,0,0,0,0,0,1,0,0,0,0,0,0,0,train
0.0,0.24999999999999997,1.0,0.08334928840385473,1.0,1.0,1.0,0,0.5,0.0,1.0,0.48214285714285715,1.0,1.0,0.3333333333333333,0.6666666666666666,0,0,0,0,0,0,0,0,0,1,0,0,0,0,train
0.0,0.03571428571428571,0.5,0.0682877018316421,0.5,1.0,0.3333333333333333,0,0.5,0.0,1.0,0.41071428571428575,0.0,0.0,0.0,0.6666666666666666,1,1,0,0,0,0,0,0,0,1,0,0,0,0,train
0.0,0.10714285714285712,0.5,0.10517582487714595,0.25,0.5,0.0,0,0.5,0.0,1.0,0.33928571428571425,1.0,1.0,0.0,0.6666666666666666,0,1,1,0,0,0,0,0,0,1,0,0,0,0,val
1.0,0.5714285714285714,0.5,0.35560661178122405,0.25,0.5,1.0,0,0.5,0.0,0.0,0.0892857142857143,1.0,1.0,0.0,0.6666666666666666,0,0,0,0,0,0,0,0,0,1,0,0,0,0,train
0.6666666666666666,0.3571428571428571,1.0,0.47750335056480947,1.0,1.0,0.3333333333333333,1,0.0,0.0,1.0,0.17857142857142855,1.0,0.5,0.0,0.6666666666666666,0,0,0,0,0,0,0,0,0,0,0,0,1,0,train
0.6666666666666666,0.3571428571428571,0.75,0.42702150743506284,0.5,0.75,1.0,0,0.5,0.0,1.0,0.30357142857142855,1.0,0.5,0.0,1.0,0,1,0,1,0,0,0,0,0,0,0,0,0,0,train
0.3333333333333333,0.14285714285714285,0.5,0.06420320377816069,0.25,0.5,0.3333333333333333,1,0.0,0.0,1.0,0.01785714285714285,1.0,0.5,0.0,0.6666666666666666,0,0,0,0,0,0,1,0,0,0,0,0,0,1,train
0.3333333333333333,0.08928571428571427,1.0,0.06458612547067458,0.5,1.0,0.6666666666666667,0,0.5,1.0,1.0,0.5178571428571428,1.0,1.0,0.3333333333333333,0.6666666666666666,1,0,1,0,0,0,0,0,0,0,1,0,0,0,train
0.3333333333333333,0.14285714285714285,0.25,0.00402067777139575,0.25,1.0,1.0,0,1.0,0.0,0.0,0.46428571428571425,0.0,1.0,0.0,0.3333333333333333,0,0,0,0,0,0,0,0,0,0,0,1,0,0,train
0.6666666666666666,0.3571428571428571,0.5,0.2065224328291531,0.5,0.75,0.3333333333333333,0,0.5,0.0,0.6666666666666667,0.33928571428571425,0.0,1.0,0.3333333333333333,0.6666666666666666,0,1,0,0,0,0,0,1,0,0,0,0,0,0,train
0.0,0.03571428571428571,1.0,0.10351649754291914,0.0,0.5,0.0,0,0.5,0.0,0.3333333333333333,0.26785714285714285,1.0,1.0,0.3333333333333333,0.3333333333333333,1,0,0,0,0,0,0,0,0,1,0,0,0,0,test
0.0,0.3571428571428571,1.0,0.1656774522943391,0.5,1.0,0.6666666666666667,0,0.5,0.0,1.0,0.30357142857142855,1.0,1.0,0.0,0.6666666666666666,1,1,0,0,0,0,0,0,0,1,0,0,0,0,train
0.0,0.24999999999999997,1.0,0.04971599974471887,0.25,0.25,1.0,1,0.0,0.0,0.0,0.19642857142857145,1.0,1.0,0.3333333333333333,0.6666666666666666,0,0,0,0,0,0,0,1,0,0,0,0,0,0,train
0.0,0.19642857142857142,0.5,0.06292679813644776,0.75,0.75,1.0,0,0.5,0.0,0.6666666666666667,0.30357142857142855,1.0,1.0,0.3333333333333333,0.6666666666666666,0,1,0,0,1,0,0,0,0,0,0,0,0,0,train
0.6666666666666666,0.10714285714285712,0.5,0.4487842236262684,0.25,0.0,0.3333333333333333,0,0.5,0.0,1.0,0.9107142857142858,0.0,0.0,0.0,1.0,0,1,0,0,0,0,0,1,0,0,0,0,0,0,train
0.0,0.5714285714285714,0.5,0.04039823856021443,0.75,1.0,1.0,0,0.5,0.0,1.0,0.30357142857142855,1.0,1.0,0.0,0.6666666666666666,0,0,0,0,0,0,0,1,0,0,0,0,0,0,train
0.0,0.03571428571428571,0.5,0.17244240219541768,0.75,0.5,0.0,0,0.5,0.0,0.3333333333333333,0.23214285714285715,1.0,1.0,0.0,0.6666666666666666,0,1,0,0,0,0,1,0,0,0,0,0,0,0,train
0.3333333333333333,0.24999999999999997,0.5,0.05456634118322802,0.25,0.0,1.0,1,0.0,0.0,0.3333333333333333,0.25000000000000006,1.0,1.0,0.0,0.6666666666666666,0,0,0,0,0,0,1,0,0,0,0,0,0,1,test
0.6666666666666666,0.125,0.5,0.0830301869934265,1.0,0.25,1.0,1,0.0,0.0,0.0,0.01785714285714285,1.0,1.0,0.0,0.6666666666666666,0,0,0,0,0,0,1,0,0,0,0,0,0,0,test
0.0,0.3571428571428571,0.5,0.23587976258855065,0.25,0.75,0.3333333333333333,1,0.0,0.0,1.0,0.10714285714285715,1.0,0.5,0.0,0.6666666666666666,0,1,0,0,0,0,1,0,0,0,0,0,0,0,train
0.6666666666666666,0.3571428571428571,1.0,0.10587784798008806,0.25,1.0,1.0,0,0.0,0.0,1.0,0.21428571428571425,1.0,1.0,0.3333333333333333,0.6666666666666666,0,1,0,1,0,0,0,0,0,0,0,0,0,1,train
0.3333333333333333,0.19642857142857142,0.0,0.043014870125725954,0.25,1.0,1.0,0,0.5,0.0,0.6666666666666667,0.25000000000000006,1.0,0.5,0.3333333333333333,0.6666666666666666,1,0,0,0,0,0,0,1,0,0,0,0,0,1,train
0.0,0.14285714285714285,0.5,0.03108047737571,0.25,0.5,1.0,1,0.0,0.0,0.0,0.125,1.0,1.0,0.0,0.6666666666666666,0,1,0,0,0,0,1,0,0,0,0,0,0,0,test
0.6666666666666666,0.3571428571428571,0.75,0.11411066436913651,0.25,0.0,0.6666666666666667,1,0.0,0.0,0.3333333333333333,0.26785714285714285,1.0,1.0,0.0,1.0,0,1,0,0,0,0,1,0,0,0,0,0,0,1,val
0.6666666666666666,0.07142857142857142,0.5,0.07262748101346607,0.25,0.5,1.0,0,0.5,1.0,0.3333333333333333,0.25000000000000006,1.0,1.0,0.0,0.6666666666666666,0,0,1,0,0,0,0,0,0,1,0,0,0,0,train
0.3333333333333333,0.3035714285714286,0.75,0.2002680451847597,0.25,0.25,0.3333333333333333,0,0.5,0.0,0.0,0.125,1.0,1.0,0.3333333333333333,0.6666666666666666,0,0,0,0,0,1,0,0,0,0,0,0,0,1,train
0.0,0.4642857142857143,0.25,0.4600804135554279,0.0,0.0,1.0,1,0.0,0.0,0.0,0.6071428571428572,0.0,1.0,0.0,1.0,0,1,0,0,0,0,0,0,0,0,0,0,1,1,train
0.3333333333333333,0.14285714285714285,0.5,0.14685046907907334,0.25,0.5,0.3333333333333333,0,0.0,0.0,0.0,0.41071428571428575,1.0,1.0,0.0,0.6666666666666666,0,0,0,0,0,0,1,0,0,0,0,0,0,0,train
0.3333333333333333,0.03571428571428571,1.0,0.0039568574893101005,0.75,1.0,1.0,0,0.5,0.0,1.0,0.5892857142857142,1.0,1.0,0.3333333333333333,0.6666666666666666,0,0,0,0,0,0,0,0,0,1,0,0,0,0,train
0.0,0.14285714285714285,0.5,0.10766481587848618,0.25,0.75,1.0,0,0.5,0.0,0.3333333333333333,0.21428571428571425,1.0,0.5,0.3333333333333333,1.0,1,1,0,0,0,0,0,0,0,1,0,0,0,0,test
0.3333333333333333,0.3035714285714286,1.0,0.01882698321526581,0.25,1.0,1.0,0,0.5,0.0,1.0,0.8214285714285714,1.0,1.0,0.3333333333333333,0.6666666666666666,0,0,0,0,0,0,0,1,0,0,0,0,0,0,train
0.0,0.5714285714285714,0.75,0.5932733422681727,0.25,0.25,0.0,0,0.0,0.0,0.0,0.16071428571428575,1.0,1.0,0.3333333333333333,0.6666666666666666,0,0,0,1,0,0,0,0,0,0,0,0,0,1,train
0.6666666666666666,0.5714285714285714,0.75,0.26670495883591805,0.25,0.5,0.3333333333333333,0,0.0,0.0,0.3333333333333333,0.19642857142857145,0.5,1.0,0.3333333333333333,1.0,0,1,0,1,0,0,0,0,0,0,0,0,0,1,train
0.3333333333333333,0.3035714285714286,0.25,0.08749760673942178,0.0,0.5,1.0,0,0.5,0.0,0.3333333333333333,0.37499999999999994,1.0,1.0,0.3333333333333333,0.3333333333333333,1,0,0,0,0,0,0,1,0,0,0,0,0,1,test
0.0,0.3571428571428571,1.0,0.22343480758184953,1.0,0.5,1.0,0,0.5,0.0,1.0,0.5535714285714286,1.0,1.0,0.0,0.6666666666666666,0,1,0,0,0,0,1,0,0,0,0,0,0,0,train
0.6666666666666666,0.24999999999999997,1.0,0.038802731508073264,0.25,1.0,1.0,0,0.5,0.0,1.0,0.30357142857142855,0.0,1.0,0.0,0.6666666666666666,1,1,0,0,0,0,0,1,0,0,0,0,0,1,train
0.0,0.19642857142857142,1.0,0.06918118578084115,0.25,0.5,1.0,0,0.5,0.0,0.3333333333333333,0.21428571428571425,1.0,1.0,0.3333333333333333,0.6666666666666666,0,0,0,0,0,0,0,0,0,1,0,0,0,0,val
0.6666666666666666,0.08928571428571427,0.25,0.309719828961644,0.25,1.0,0.3333333333333333,1,0.0,0.0,1.0,0.9821428571428572,0.0,0.0,0.0,1.0,1,1,0,0,0,0,0,0,0,0,0,0,1,1,train
0.6666666666666666,0.21428571428571427,1.0,0.057374433594996485,0.25,0.0,0.3333333333333333,0,0.5,0.0,0.6666666666666667,0.875,1.0,0.0,0.6666666666666667,0.0,0,1,0,0,0,0,0,1,0,0,0,0,0,0,test
0.3333333333333333,0.14285714285714285,0.5,0.025400472270087432,0.5,0.75,1.0,0,1.0,0.0,0.0,0.01785714285714285,1.0,1.0,0.0,0.6666666666666666,0,0,0,0,0,0,0,0,0,1,0,0,0,1,train
0.6666666666666666,0.24999999999999997,0.0,0.18941859723019977,0.25,0.5,0.0,1,0.0,0.0,1.0,0.25000000000000006,0.0,1.0,0.3333333333333333,0.6666666666666666,0,1,0,0,0,0,1,0,0,0,0,0,0,0,train
0.0,0.3571428571428571,0.5,0.275384517199566,1.0,0.5,0.3333333333333333,0,0.5,0.0,0.6666666666666667,0.625,1.0,1.0,0.6666666666666667,1.0,0,1,0,1,0,0,0,0,0,0,0,0,0,1,test
0.6666666666666666,0.7857142857142857,0.0,0.22771076648158783,0.5,0.75,1.0,0,0.5,0.0,1.0,0.26785714285714285,1.0,0.0,0.0,0.3333333333333333,1,0,0,1,0,0,0,0,0,0,0,0,0,1,train
0.6666666666666666,0.4107142857142857,0.5,0.23224200650966875,0.25,0.5,1.0,0,0.5,0.0,0.3333333333333333,0.30357142857142855,1.0,1.0,0.0,0.6666666666666666,1,1,0,1,0,0,0,0,0,0,0,0,0,1,test
0.0,0.03571428571428571,0.5,0.11691875678090495,0.25,0.75,0.3333333333333333,0,1.0,0.0,0.3333333333333333,0.17857142857142855,1.0,0.5,0.0,0.6666666666666666,0,0,0,0,0,0,0,0,0,1,0,0,0,0,train
0.6666666666666666,0.7321428571428571,0.5,0.17582487714595696,0.5,0.5,1.0,0,0.5,1.0,1.0,0.035714285714285754,1.0,0.5,0.0,0.6666666666666666,0,0,0,0,0,0,0,0,0,1,0,0,0,1,test
0.6666666666666666,0.08928571428571427,1.0,0.07817984555491735,0.25,1.0,0.3333333333333333,1,0.0,0.0,0.6666666666666667,0.26785714285714285,1.0,1.0,0.3333333333333333,1.0,0,1,0,0,0,1,0,0,0,0,0,0,0,1,train
0.0,0.03571428571428571,1.0,0.07058523198672538,0.25,0.5,0.0,1,0.0,0.0,0.0,0.16071428571428575,1.0,1.0,0.3333333333333333,0.6666666666666666,0,1,0,0,0,0,0,0,0,1,0,0,0,0,train
0.6666666666666666,0.14285714285714285,0.5,0.0430786904078116,0.5,0.25,1.0,1,0.0,0.0,1.0,0.14285714285714285,0.0,0.5,1.0,0.6666666666666666,0,0,0,0,0,0,1,0,0,0,0,0,0,1,train
0.6666666666666666,0.3571428571428571,0.5,0.1585295807007467,0.0,1.0,1.0,0,0.5,0.0,1.0,0.30357142857142855,0.0,0.0,0.0,0.6666666666666666,0,1,0,0,0,0,0,0,0,0,0,0,1,0,train
0.6666666666666666,0.24999999999999997,0.75,0.2566213542663859,0.25,1.0,1.0,0,0.0,0.0,0.6666666666666667,0.37499999999999994,1.0,1.0,0.0,1.0,0,1,0,0,0,0,1,0,0,0,0,0,0,1,test
0.0,0.08928571428571427,1.0,0.042121386176526894,0.75,1.0,1.0,0,0.5,0.0,0.3333333333333333,0.5892857142857142,1.0,1.0,0.3333333333333333,0.6666666666666666,0,1,0,0,0,1,0,0,0,0,0,0,0,0,train
0.3333333333333333,0.14285714285714285,0.5,0.05692769162039696,0.25,0.5,1.0,0,1.0,0.0,0.6666666666666667,0.14285714285714285,1.0,1.0,0.0,0.3333333333333333,0,0,0,0,0,0,0,1,0,0,0,0,0,0,train
0.0,0.4107142857142857,0.75,0.30895398557661624,0.25,0.75,0.6666666666666667,0,0.5,0.0,1.0,0.125,1.0,1.0,0.3333333333333333,0.6666666666666666,0,0,0,1,0,0,0,0,0,0,0,0,0,0,train
0.3333333333333333,0.14285714285714285,0.5,0.03995149658561491,0.25,0.75,1.0,0,1.0,0.0,1.0,0.035714285714285754,1.0,0.5,0.0,0.6666666666666666,0,0,0,0,0,0,0,0,0,0,0,1,0,1,train
0.0,0.14285714285714285,1.0,0.07779692386240347,0.25,1.0,1.0,0,0.5,0.0,0.0,0.33928571428571425,1.0,1.0,0.3333333333333333,0.3333333333333333,1,0,0,0,0,0,0,1,0,0,0,0,0,0,train
0.3333333333333333,0.4642857142857143,1.0,0.6603484587401875,0.25,1.0,0.6666666666666667,0,0.5,0.0,1.0,0.33928571428571425,1.0,0.0,0.6666666666666667,1.0,1,1,0,0,0,0,0,0,0,0,0,0,1,0,train
0.0,0.14285714285714285,1.0,0.10587784798008806,0.25,1.0,1.0,0,0.5,0.0,1.0,0.42857142857142855,1.0,1.0,0.6666666666666667,0.6666666666666666,0,1,0,0,0,0,1,0,0,0,0,0,0,0,train
0.6666666666666666,0.14285714285714285,1.0,0.07326568383432254,0.25,0.75,1.0,0,0.5,0.0,0.6666666666666667,0.125,1.0,1.0,0.0,0.6666666666666666,0,0,0,0,1,0,0,0,0,0,0,0,0,0,val
0.3333333333333333,0.3571428571428571,0.5,0.40155721488288976,0.25,0.5,0.3333333333333333,0,1.0,0.0,0.3333333333333333,0.035714285714285754,0.5,1.0,0.0,0.3333333333333333,0,0,0,1,0,0,0,0,0,0,0,0,0,0,train
0.0,0.14285714285714285,0.5,0.07256366073138043,1.0,0.75,0.6666666666666667,0,0.5,0.0,0.3333333333333333,0.6428571428571428,1.0,1.0,0.0,0.6666666666666666,0,0,1,0,0,0,0,0,0,0,0,0,1,0,train
0.0,0.08928571428571427,1.0,0.17856914927563977,0.0,0.5,0.0,0,0.5,0.0,0.3333333333333333,0.25000000000000006,1.0,1.0,0.3333333333333333,0.6666666666666666,1,0,0,0,0,0,0,0,0,1,0,0,0,0,train
0.0,0.5714285714285714,0.5,0.227136383942817,0.0,1.0,0.3333333333333333,1,0.0,0.0,1.0,0.46428571428571425,1.0,1.0,0.0,0.3333333333333333,0,1,0,0,0,0,0,0,0,1,0,0,0,0,train
0.3333333333333333,0.4107142857142857,0.0,0.3201863552236901,0.25,0.0,0.3333333333333333,0,0.5,0.0,1.0,0.5535714285714286,0.5,1.0,0.3333333333333333,0.6666666666666666,0,1,0,1,0,0,0,0,0,0,0,0,0,1,train
1.0,0.4642857142857143,0.75,0.1041547003637756,0.25,1.0,1.0,0,0.5,0.0,1.0,0.8392857142857144,1.0,1.0,0.0,1.0,0,1,0,1,0,0,0,0,0,0,0,0,0,1,train
0.0,0.5714285714285714,1.0,0.19567298487459311,0.0,1.0,1.0,0,0.5,0.0,0.3333333333333333,0.5714285714285714,1.0,1.0,0.0,0.6666666666666666,0,1,0,0,0,0,0,0,0,1,0,0,0,0,train
0.6666666666666666,0.03571428571428571,1.0,0.04186610504818431,0.0,0.75,0.0,1,0.0,0.0,0.6666666666666667,0.35714285714285715,1.0,1.0,0.3333333333333333,0.3333333333333333,0,0,0,0,0,0,0,0,0,0,0,1,0,0,train
0.3333333333333333,0.24999999999999997,0.0,0.18048375773820918,0.25,0.75,0.6666666666666667,0,0.5,0.0,0.0,0.21428571428571425,0.0,1.0,0.0,0.6666666666666666,0,1,0,1,0,0,0,0,0,0,0,0,0,0,test
1.0,0.5714285714285714,0.5,0.23211436594549745,0.25,0.5,0.3333333333333333,0,0.5,0.0,0.3333333333333333,0.07142857142857145,1.0,1.0,0.0,0.6666666666666666,0,1,0,0,0,0,0,0,0,1,0,0,0,0,train
0.3333333333333333,0.3571428571428571,0.5,0.1751866743251005,0.25,0.5,0.3333333333333333,0,0.0,0.0,0.3333333333333333,0.0892857142857143,1.0,0.5,0.0,0.3333333333333333,0,0,0,0,0,0,1,0,0,0,0,0,0,0,val
0.0,0.10714285714285712,0.5,0.06943646690918373,0.25,0.5,0.3333333333333333,1,0.0,0.0,1.0,0.8035714285714286,1.0,1.0,0.0,0.6666666666666666,0,1,0,0,0,0,0,1,0,0,0,0,0,0,test
0.6666666666666666,0.14285714285714285,0.5,0.02227327844789074,0.25,0.25,1.0,0,1.0,1.0,0.0,0.125,0.0,1.0,0.0,0.3333333333333333,0,0,0,0,0,0,0,0,0,1,0,0,0,0,test
0.3333333333333333,0.14285714285714285,0.5,0.05896994064713766,0.0,0.5,1.0,1,0.0,0.0,1.0,0.07142857142857145,0.0,0.5,0.0,0.6666666666666666,0,1,0,0,0,1,0,0,0,0,0,0,0,0,test
0.0,0.14285714285714285,0.5,0.027506541578913773,0.25,0.5,1.0,0,0.5,0.0,0.3333333333333333,0.19642857142857145,0.0,1.0,0.3333333333333333,0.6666666666666666,0,0,0,0,0,0,0,0,0,1,0,0,0,0,train
0.0,0.3571428571428571,0.75,0.17244240219541768,0.0,0.5,1.0,0,0.5,0.0,1.0,0.23214285714285715,1.0,1.0,0.3333333333333333,0.6666666666666666,1,1,0,1,0,0,0,0,0,0,0,0,0,0,train
0.0,0.19642857142857142,0.5,0.2795966558172187,0.25,0.5,0.6666666666666667,0,0.5,0.0,0.3333333333333333,0.19642857142857145,1.0,1.0,0.0,0.6666666666666666,0,1,0,0,0,0,0,0,0,0,0,0,1,0,val
0.0,0.5714285714285714,0.0,0.14914799923415661,0.25,0.5,1.0,0,0.5,0.0,0.3333333333333333,0.14285714285714285,1.0,1.0,0.3333333333333333,0.6666666666666666,0,0,0,0,0,0,0,0,0,0,1,0,0,0,train
0.6666666666666666,0.7857142857142857,0.5,0.6819197140851362,1.0,0.75,0.0,0,0.5,0.5,0.3333333333333333,0.14285714285714285,0.0,1.0,0.3333333333333333,0.6666666666666666,0,1,0,0,0,0,0,0,0,1,0,0,0,1,train
0.3333333333333333,0.14285714285714285,0.5,0.48433212074797366,0.25,1.0,1.0,0,0.5,0.0,1.0,0.6071428571428572,1.0,0.0,0.0,1.0,0,1,0,0,0,0,1,0,0,0,0,0,0,1,train
0.0,0.08928571428571427,0.5,0.07671197906694747,0.25,0.75,1.0,0,0.5,0.0,0.3333333333333333,0.0535714285714286,1.0,1.0,0.0,0.6666666666666666,0,0,0,0,0,0,0,0,0,1,0,0,0,1,test
0.3333333333333333,0.3571428571428571,0.5,0.1833556704320633,0.25,0.25,1.0,0,0.5,0.0,0.0,0.0535714285714286,0.0,0.0,0.0,0.6666666666666666,0,0,0,0,0,0,1,0,0,0,0,0,0,0,test
1.0,0.5714285714285714,0.5,0.2510689897249346,0.25,0.5,1.0,0,0.5,0.0,0.3333333333333333,0.125,1.0,1.0,0.0,0.6666666666666666,0,0,0,0,0,0,0,0,0,1,0,0,0,1,train
0.0,0.08928571428571427,0.5,0.14238304933307805,0.75,1.0,0.3333333333333333,0,0.5,0.0,1.0,0.5714285714285714,1.0,0.0,0.0,0.3333333333333333,0,0,0,0,0,0,0,1,0,0,0,0,0,0,train
0.0,0.14285714285714285,0.5,0.11902482608973132,0.5,0.75,0.6666666666666667,0,0.5,0.0,0.0,0.28571428571428575,1.0,1.0,0.0,0.6666666666666666,0,0,0,0,0,0,0,0,0,1,0,0,0,0,train
0.6666666666666666,0.24999999999999997,0.5,0.03765396643053162,0.25,0.5,1.0,0,1.0,1.0,0.3333333333333333,0.10714285714285715,1.0,1.0,0.0,0.3333333333333333,0,0,0,0,0,0,0,0,0,1,0,0,0,0,val
0.0,0.0,1.0,0.08092411768460016,0.25,0.75,0.3333333333333333,0,0.5,0.0,0.0,0.41071428571428575,1.0,1.0,0.6666666666666667,0.3333333333333333,1,0,0,0,0,0,0,0,0,1,0,0,0,0,test
0.3333333333333333,0.3571428571428571,0.5,0.09872997638649562,0.25,0.0,1.0,0,0.5,0.0,0.3333333333333333,0.19642857142857145,0.5,1.0,0.0,1.0,1,0,0,0,0,0,0,0,0,1,0,0,0,1,test
0.6666666666666666,0.03571428571428571,0.5,0.9112898079009508,0.0,0.0,0.0,0,0.5,0.0,0.3333333333333333,0.07142857142857145,1.0,1.0,0.0,0.0,0,1,0,0,0,0,0,1,0,0,0,0,0,1,test
0.6666666666666666,0.3035714285714286,0.5,0.15897632267534623,0.5,1.0,1.0,0,0.0,0.0,0.3333333333333333,0.75,0.0,0.5,0.3333333333333333,0.3333333333333333,0,0,0,1,0,0,0,0,0,0,0,0,0,1,train
0.0,0.14285714285714285,1.0,0.06477758631693152,0.25,0.5,1.0,1,0.0,0.0,0.3333333333333333,0.28571428571428575,1.0,1.0,0.3333333333333333,0.6666666666666666,0,0,0,0,0,0,0,0,0,1,0,0,0,0,val
0.3333333333333333,0.4642857142857143,0.5,0.14334035356436275,0.25,1.0,0.0,0,0.5,1.0,0.6666666666666667,0.35714285714285715,1.0,1.0,0.0,0.6666666666666666,1,0,0,0,0,0,0,0,0,1,0,0,0,0,val
0.3333333333333333,0.3571428571428571,0.5,0.040781160252728314,0.0,1.0,1.0,1,0.0,0.0,0.3333333333333333,0.17857142857142855,0.0,1.0,0.0,0.6666666666666666,0,0,0,0,0,0,0,1,0,0,0,0,0,1,train
0.0,0.03571428571428571,0.5,0.08417895207096815,0.25,0.75,0.6666666666666667,0,0.5,0.0,0.3333333333333333,0.5714285714285714,1.0,1.0,0.0,0.6666666666666666,1,0,0,0,0,0,0,0,0,1,0,0,0,0,train
0.3333333333333333,0.7857142857142857,0.0,0.27627800114876505,0.25,1.0,0.6666666666666667,0,0.5,0.0,1.0,0.0892857142857143,1.0,0.0,0.3333333333333333,0.6666666666666666,1,0,0,0,0,0,0,0,0,0,0,0,1,1,train
0.0,0.14285714285714285,1.0,0.058012636415852956,0.25,0.5,0.6666666666666667,1,0.0,0.0,0.3333333333333333,0.14285714285714285,1.0,1.0,0.3333333333333333,0.6666666666666666,0,0,0,1,0,0,0,0,0,0,0,0,0,0,train
0.0,0.14285714285714285,0.25,0.20237411449358605,0.75,0.5,1.0,1,0.0,0.0,0.6666666666666667,0.28571428571428575,1.0,1.0,0.0,0.3333333333333333,1,0,0,0,0,0,0,0,0,0,0,1,0,0,train
0.0,0.3571428571428571,0.5,0.06267151700810517,0.25,0.75,1.0,0,0.5,0.0,0.0,0.10714285714285715,1.0,1.0,0.0,0.6666666666666666,0,1,0,1,0,0,0,0,0,0,0,0,0,0,train
0.0,0.14285714285714285,1.0,0.028144744399770244,0.25,1.0,1.0,0,0.5,0.0,1.0,0.5892857142857142,1.0,1.0,0.6666666666666667,0.6666666666666666,0,0,0,0,0,0,0,0,0,1,0,0,0,0,train
0.0,0.03571428571428571,0.0,0.059225221775480244,0.5,0.5,1.0,0,0.5,0.0,0.0,0.28571428571428575,0.0,0.5,0.0,0.6666666666666666,0,0,1,0,0,0,0,1,0,0,0,0,0,0,train
1.0,0.3571428571428571,0.5,0.10523964515923159,0.25,0.5,0.3333333333333333,0,0.5,0.0,0.3333333333333333,0.125,1.0,1.0,0.0,0.6666666666666666,0,0,0,0,0,0,1,0,0,0,0,0,0,0,train
0.0,0.24999999999999997,0.5,0.01001978428744655,0.25,0.0,0.6666666666666667,1,0.0,0.5,1.0,0.0535714285714286,1.0,0.5,0.0,0.6666666666666666,0,0,0,0,0,0,0,0,0,1,0,0,0,1,train
0.3333333333333333,0.03571428571428571,1.0,0.02488991001340226,1.0,0.75,0.6666666666666667,1,0.0,0.0,1.0,0.35714285714285715,1.0,1.0,0.3333333333333333,0.3333333333333333,0,1,0,0,0,0,0,1,0,0,0,0,0,0,val
1.0,0.14285714285714285,0.5,0.12604505711915248,0.25,0.5,0.0,1,0.0,0.0,0.3333333333333333,0.48214285714285715,1.0,1.0,0.0,0.3333333333333333,0,0,0,0,0,0,1,0,0,0,0,0,0,0,train
0.6666666666666666,0.4642857142857143,0.5,0.11959920862850214,0.25,0.5,1.0,1,0.0,1.0,0.3333333333333333,0.0892857142857143,0.0,1.0,0.0,0.6666666666666666,0,0,0,0,0,0,0,1,0,0,0,0,0,1,train
0.0,0.3571428571428571,0.75,0.24730359308188143,0.5,0.5,0.3333333333333333,0,0.5,0.0,0.6666666666666667,0.28571428571428575,1.0,1.0,0.3333333333333333,0.6666666666666666,0,0,0,0,0,0,1,0,0,0,0,0,0,0,val
0.6666666666666666,0.08928571428571427,0.5,0.11194077477822452,0.0,0.75,0.3333333333333333,0,0.5,0.0,0.0,0.0892857142857143,1.0,1.0,0.0,0.6666666666666666,0,1,0,0,0,0,1,0,0,0,0,0,0,0,val
0.6666666666666666,1.0,0.75,0.4558044546556896,0.0,0.5,0.0,0,0.5,0.0,0.0,0.14285714285714285,1.0,1.0,0.0,0.3333333333333333,0,0,0,0,0,0,0,0,0,1,0,0,0,0,train
0.0,0.3571428571428571,1.0,0.15367923926223753,0.25,0.5,1.0,0,0.5,0.0,0.3333333333333333,0.28571428571428575,1.0,1.0,0.3333333333333333,0.3333333333333333,0,0,0,0,0,0,0,0,0,1,0,0,0,0,train
0.3333333333333333,0.14285714285714285,0.25,0.11953538834641649,0.25,0.5,1.0,0,0.0,0.0,0.0,0.17857142857142855,1.0,0.0,0.0,0.6666666666666666,0,0,0,0,0,0,0,0,0,1,0,0,0,1,test
0.0,0.19642857142857142,0.5,0.22566851745484712,0.5,0.25,0.0,1,0.0,0.0,1.0,0.07142857142857145,1.0,1.0,0.0,0.6666666666666666,0,1,0,0,0,0,0,0,0,0,0,0,1,0,train
0.0,0.125,1.0,0.056034207671197905,0.5,0.0,1.0,1,0.0,0.0,1.0,0.6785714285714286,1.0,1.0,0.6666666666666667,0.3333333333333333,0,0,0,0,0,0,0,0,0,1,0,0,0,0,test
0.3333333333333333,0.14285714285714285,0.5,0.08813580956027825,0.25,0.5,0.3333333333333333,0,0.5,0.0,0.3333333333333333,0.14285714285714285,1.0,1.0,0.0,0.6666666666666666,0,0,0,0,0,0,1,0,0,0,0,0,0,0,train
0.3333333333333333,0.3571428571428571,0.5,0.08468951432765333,0.25,1.0,1.0,1,0.0,0.0,1.0,0.6428571428571428,1.0,1.0,0.0,0.6666666666666666,0,0,0,0,0,0,0,0,0,1,0,0,0,0,test
0.3333333333333333,0.24999999999999997,1.0,0.3207607377624609,0.25,1.0,0.3333333333333333,0,0.5,0.0,1.0,0.30357142857142855,1.0,0.0,0.6666666666666667,1.0,0,1,0,0,0,0,0,1,0,0,0,0,0,0,train
0.0,0.14285714285714285,1.0,0.1577637373157189,0.25,1.0,0.3333333333333333,1,0.0,0.0,1.0,0.6785714285714286,0.0,0.0,0.6666666666666667,0.3333333333333333,0,0,0,0,0,1,0,0,0,0,0,0,0,0,test
0.0,0.10714285714285712,1.0,0.06094836939179271,0.25,1.0,0.6666666666666667,0,0.5,0.0,1.0,0.23214285714285715,1.0,1.0,0.3333333333333333,0.3333333333333333,1,0,1,0,0,0,0,1,0,0,0,0,0,0,val
0.6666666666666666,0.19642857142857142,0.5,0.03356946837705022,0.25,1.0,1.0,0,0.5,0.0,0.6666666666666667,0.32142857142857145,1.0,1.0,0.0,0.6666666666666666,1,0,0,0,0,0,0,0,0,1,0,0,0,1,train
0.0,0.5714285714285714,1.0,0.384708660412279,0.0,1.0,1.0,0,0.5,0.0,1.0,0.30357142857142855,1.0,1.0,0.3333333333333333,0.6666666666666666,0,0,0,1,0,0,0,0,0,0,0,0,0,0,train
0.0,0.3571428571428571,0.5,0.08022209458165805,0.25,0.25,1.0,1,0.0,0.0,0.6666666666666667,0.33928571428571425,0.5,1.0,0.0,0.6666666666666666,0,1,0,0,0,0,0,0,0,1,0,0,0,0,train
0.3333333333333333,0.17857142857142858,0.5,0.5553640947092986,0.25,1.0,0.0,0,0.0,0.0,1.0,0.46428571428571425,1.0,1.0,0.0,1.0,0,1,1,0,0,0,0,1,0,0,0,0,0,1,train
0.0,0.3571428571428571,0.5,0.04614206394792264,0.0,1.0,1.0,0,0.5,0.0,0.3333333333333333,0.10714285714285715,1.0,1.0,0.3333333333333333,0.6666666666666666,0,0,0,0,0,0,0,0,0,1,0,0,0,0,train
0.0,0.24999999999999997,0.5,0.1522751930563533,0.0,0.75,1.0,0,0.5,0.0,0.6666666666666667,0.23214285714285715,1.0,1.0,0.0,0.6666666666666666,0,0,1,0,0,0,0,1,0,0,0,0,0,0,train
0.0,0.14285714285714285,1.0,0.07186163762843831,0.75,0.75,0.6666666666666667,1,0.0,0.0,1.0,0.32142857142857145,1.0,0.5,0.0,0.6666666666666666,0,1,0,0,0,0,1,0,0,0,0,0,0,0,train
0.6666666666666666,0.7857142857142857,0.25,0.7590146148445975,0.0,0.0,1.0,0,0.5,0.5,1.0,0.30357142857142855,1.0,0.0,0.0,1.0,0,1,0,0,0,0,0,1,0,0,0,0,0,0,train
0.6666666666666666,0.7857142857142857,0.5,0.17767566532644075,0.25,0.75,1.0,0,0.5,0.0,1.0,0.16071428571428575,1.0,1.0,0.3333333333333333,0.6666666666666666,0,0,0,0,0,0,0,0,0,1,0,0,0,1,test
0.3333333333333333,0.4642857142857143,0.5,0.7481013466079519,0.25,0.25,0.0,0,0.0,0.0,0.0,0.26785714285714285,1.0,1.0,0.0,0.3333333333333333,0,1,0,0,0,0,0,0,0,0,1,0,0,1,val
0.0,0.08928571428571427,0.5,0.15450890292935093,0.25,0.5,0.0,0,0.5,0.0,0.3333333333333333,0.23214285714285715,1.0,1.0,0.0,0.6666666666666666,1,0,0,0,0,0,0,0,0,1,0,0,0,0,train
0.0,0.24999999999999997,1.0,0.1358095602782564,0.25,0.5,0.3333333333333333,1,0.0,0.0,0.3333333333333333,0.125,1.0,1.0,0.3333333333333333,0.6666666666666666,0,0,0,0,0,0,0,0,0,1,0,0,0,0,test
0.3333333333333333,0.14285714285714285,0.5,0.06292679813644776,0.0,1.0,0.3333333333333333,0,0.0,0.0,1.0,0.5357142857142858,1.0,1.0,0.0,0.3333333333333333,0,1,0,0,0,0,1,0,0,0,0,0,0,0,test
0.0,0.03571428571428571,0.5,0.27666092284127897,0.25,0.25,0.0,1,0.0,0.0,1.0,0.23214285714285715,1.0,1.0,0.0,0.6666666666666666,0,0,0,0,0,0,1,0,0,0,0,0,0,1,train
0.0,0.3571428571428571,0.5,0.10370795838917607,0.5,0.5,1.0,0,0.5,0.0,1.0,0.17857142857142855,1.0,0.5,0.0,1.0,0,1,0,0,0,0,0,0,0,1,0,0,0,0,train
0.0,0.19642857142857142,1.0,0.19733231220881997,1.0,1.0,0.6666666666666667,0,0.5,0.0,1.0,0.07142857142857145,1.0,0.5,0.3333333333333333,0.6666666666666666,0,1,0,0,0,0,0,0,0,0,0,0,1,0,train
0.0,0.14285714285714285,0.5,0.08283872614716957,0.25,0.5,1.0,0,0.5,0.0,0.3333333333333333,0.5535714285714286,1.0,1.0,0.0,0.6666666666666666,0,0,0,0,0,0,1,0,0,0,0,0,0,0,train
1.0,0.24999999999999997,0.25,0.07460590975812112,0.0,0.75,1.0,0,0.5,0.0,1.0,0.5357142857142858,0.0,1.0,0.0,0.3333333333333333,0,0,0,0,0,0,0,0,0,1,0,0,0,0,test
0.0,0.19642857142857142,1.0,0.07939243091454463,0.0,1.0,1.0,0,0.5,0.0,1.0,0.7857142857142858,1.0,1.0,0.0,0.6666666666666666,0,0,0,0,0,0,1,0,0,0,0,0,0,0,test
0.6666666666666666,0.3571428571428571,1.0,0.2298806560724998,0.5,0.25,1.0,0,0.0,0.0,0.3333333333333333,0.32142857142857145,1.0,1.0,0.0,0.6666666666666666,0,1,0,0,0,0,0,1,0,0,0,0,0,0,train
0.3333333333333333,0.7678571428571428,0.5,0.6666666666666666,0.25,0.25,0.0,1,0.0,0.0,0.0,0.28571428571428575,1.0,1.0,0.0,0.3333333333333333,0,1,0,0,0,0,0,1,0,0,0,0,0,0,train
0.3333333333333333,0.7857142857142857,0.5,0.28795711277043845,0.25,0.75,1.0,0,0.5,0.0,0.6666666666666667,0.125,1.0,1.0,0.0,0.6666666666666666,1,0,0,0,0,0,0,0,0,0,0,0,1,0,train
0.6666666666666666,0.7857142857142857,0.75,0.46627098091773567,0.5,0.0,0.3333333333333333,0,0.5,0.0,1.0,0.21428571428571425,1.0,0.0,0.0,1.0,0,1,0,0,0,0,0,0,1,0,0,0,0,0,train
0.6666666666666666,0.14285714285714285,0.5,0.052077350181887805,0.25,0.5,1.0,1,0.0,1.0,1.0,0.5357142857142858,1.0,1.0,0.3333333333333333,0.6666666666666666,0,1,0,0,0,0,0,0,0,1,0,0,0,0,train
0.3333333333333333,0.3571428571428571,0.75,0.047737571000063816,0.25,0.25,1.0,0,1.0,0.0,1.0,0.5178571428571428,0.5,1.0,0.0,0.6666666666666666,0,0,0,0,0,0,0,0,0,1,0,0,0,1,test
0.0,0.14285714285714285,0.5,0.051056225668517446,0.25,0.5,0.3333333333333333,0,1.0,0.0,0.3333333333333333,0.125,1.0,1.0,0.0,0.6666666666666666,0,1,1,1,0,0,0,0,0,0,0,0,0,0,train
0.6666666666666666,0.5714285714285714,0.5,0.5821686131852702,0.25,0.25,0.0,0,1.0,0.0,1.0,0.16071428571428575,1.0,0.5,0.0,1.0,0,1,0,0,0,0,0,0,0,0,0,0,1,1,train
0.3333333333333333,0.3571428571428571,1.0,0.3920479928521284,0.25,1.0,0.3333333333333333,1,0.0,0.0,1.0,0.44642857142857145,1.0,0.0,0.3333333333333333,1.0,1,1,0,0,0,0,0,0,0,0,0,0,1,0,train
1.0,0.6785714285714286,1.0,0.2884676750271236,0.25,1.0,1.0,0,0.5,0.0,1.0,0.6607142857142858,1.0,0.0,0.0,0.6666666666666666,0,0,0,0,0,0,0,0,0,0,0,0,1,0,test
0.0,0.7857142857142857,1.0,0.46927053417576103,0.0,1.0,1.0,0,0.0,0.0,0.3333333333333333,0.48214285714285715,0.0,1.0,0.3333333333333333,1.0,1,0,0,1,0,0,0,0,0,0,0,0,0,0,train
0.6666666666666666,0.7857142857142857,0.5,0.6180356117174037,0.25,0.25,0.0,1,0.0,0.0,0.3333333333333333,0.125,1.0,1.0,0.0,0.6666666666666666,0,1,0,0,0,0,1,0,0,0,0,0,0,1,train
0.0,0.14285714285714285,0.5,0.28074542089476034,0.0,0.25,0.0,1,0.0,0.0,1.0,0.01785714285714285,1.0,0.5,0.0,0.6666666666666666,0,0,0,0,0,0,0,0,0,0,0,0,1,0,test
0.0,0.10714285714285712,0.5,0.06452230518858892,0.0,1.0,1.0,0,0.5,0.5,0.3333333333333333,0.46428571428571425,1.0,1.0,0.0,0.3333333333333333,0,0,1,0,0,0,0,1,0,0,0,0,0,0,test
0.0,0.24999999999999997,0.5,0.14289361158976321,0.25,0.5,0.6666666666666667,0,0.5,0.0,1.0,0.42857142857142855,1.0,1.0,0.0,0.6666666666666666,0,1,0,0,0,0,1,0,0,0,0,0,0,0,train
0.6666666666666666,0.3035714285714286,1.0,0.15757227646946198,1.0,0.75,0.6666666666666667,0,0.5,0.0,0.3333333333333333,0.23214285714285715,1.0,1.0,0.3333333333333333,0.6666666666666666,0,1,0,0,0,0,1,0,0,0,0,0,0,0,train
0.0,0.03571428571428571,0.5,0.02527283170591614,0.25,0.0,0.0,1,0.0,0.0,1.0,0.625,1.0,1.0,0.0,0.0,0,1,0,0,0,0,0,1,0,0,0,0,0,0,train
0.6666666666666666,0.5714285714285714,0.0,0.22515795519816195,0.25,0.5,1.0,1,0.0,0.0,0.0,0.41071428571428575,1.0,1.0,0.0,0.6666666666666666,0,1,0,0,0,0,0,0,0,1,0,0,0,1,val
1.0,0.3571428571428571,1.0,0.0681600612674708,0.0,0.75,1.0,0,0.5,0.0,0.3333333333333333,0.32142857142857145,0.0,1.0,0.3333333333333333,0.3333333333333333,1,0,0,0,0,0,0,1,0,0,0,0,0,1,train
0.3333333333333333,0.10714285714285712,1.0,0.04863105494926287,0.25,0.75,1.0,0,0.5,0.5,0.6666666666666667,0.5357142857142858,1.0,1.0,0.3333333333333333,0.6666666666666666,0,1,0,0,0,0,0,1,0,0,0,0,0,0,train
0.0,0.7857142857142857,1.0,0.6286935988257067,0.75,0.5,0.3333333333333333,0,0.5,0.0,0.3333333333333333,0.44642857142857145,0.0,0.0,0.0,0.6666666666666666,0,0,0,0,0,0,0,1,0,0,0,0,0,1,test
0.0,0.03571428571428571,0.5,0.08086029740251452,1.0,0.5,1.0,0,0.0,0.0,0.3333333333333333,0.25000000000000006,1.0,1.0,0.0,0.6666666666666666,0,0,0,0,0,0,1,0,0,0,0,0,0,0,train
0.0,0.4642857142857143,0.5,0.2894249792584083,0.0,0.75,0.3333333333333333,1,0.0,0.0,1.0,0.0892857142857143,0.5,0.5,0.0,0.3333333333333333,0,0,0,0,0,0,0,0,0,0,0,0,1,0,train
0.3333333333333333,0.14285714285714285,0.5,0.028782947220626715,0.5,0.25,1.0,0,1.0,0.0,0.6666666666666667,0.25000000000000006,1.0,1.0,0.0,0.3333333333333333,0,1,0,0,0,0,0,0,0,1,0,0,0,1,train
0.6666666666666666,0.07142857142857142,0.5,0.061331291084306586,0.25,0.5,0.6666666666666667,1,0.0,0.0,1.0,0.0892857142857143,1.0,1.0,0.0,0.6666666666666666,0,0,0,0,0,0,1,0,0,0,0,0,0,1,test
0.6666666666666666,0.08928571428571427,0.5,0.0,0.25,0.5,1.0,0,1.0,0.0,1.0,0.0535714285714286,1.0,0.5,0.0,0.3333333333333333,0,0,0,0,0,0,0,1,0,0,0,0,0,0,train
0.6666666666666666,0.7857142857142857,0.5,0.32580254004722703,0.0,0.0,0.6666666666666667,0,0.5,0.0,1.0,0.37499999999999994,0.0,0.0,0.0,0.0,0,1,0,0,0,0,0,0,1,0,0,0,0,0,train
0.0,0.3571428571428571,0.5,0.3340991767183611,0.5,0.5,1.0,0,0.5,0.0,0.0,0.10714285714285715,0.5,1.0,0.0,0.6666666666666666,0,0,0,0,0,0,1,0,0,0,0,0,0,0,train
1.0,0.3571428571428571,0.5,0.22164783968345136,0.25,0.25,0.3333333333333333,1,0.0,0.0,1.0,0.125,1.0,1.0,0.0,0.6666666666666666,0,0,0,0,0,0,1,0,0,0,0,0,0,0,train
0.6666666666666666,0.14285714285714285,0.5,0.026102495373029548,0.25,0.75,0.3333333333333333,0,1.0,0.0,0.6666666666666667,0.10714285714285715,0.0,1.0,0.0,0.3333333333333333,0,0,0,0,0,0,0,1,0,0,0,0,0,1,train
1.0,0.0,0.5,0.07773310358031782,0.0,0.25,0.0,0,0.5,0.0,0.3333333333333333,0.17857142857142855,1.0,1.0,0.0,0.3333333333333333,1,0,1,0,0,0,0,1,0,0,0,0,0,0,train
0.3333333333333333,0.5714285714285714,0.25,0.1576360967515476,0.25,1.0,1.0,0,0.5,0.0,1.0,0.21428571428571425,0.0,1.0,0.0,0.6666666666666666,0,0,0,0,0,0,1,0,0,0,0,0,0,1,train
0.3333333333333333,0.14285714285714285,0.5,0.027570361860999426,0.25,0.5,0.3333333333333333,0,0.5,1.0,0.6666666666666667,0.33928571428571425,1.0,1.0,0.0,0.3333333333333333,1,0,0,0,0,0,1,0,0,0,0,0,0,0,train
0.6666666666666666,0.3571428571428571,0.5,0.2600676494990108,0.0,0.5,0.0,1,0.0,0.0,1.0,0.5178571428571428,1.0,1.0,0.0,0.3333333333333333,0,1,0,0,0,0,1,0,0,0,0,0,0,0,test
0.0,0.14285714285714285,1.0,0.027123619886399893,0.25,0.5,1.0,0,0.5,0.0,0.3333333333333333,0.23214285714285715,1.0,1.0,0.3333333333333333,0.6666666666666666,0,0,0,0,0,1,0,0,0,0,0,0,0,0,train
0.3333333333333333,0.19642857142857142,0.75,0.2148828897823728,0.25,1.0,0.0,1,0.0,0.0,1.0,0.14285714285714285,1.0,1.0,0.3333333333333333,0.3333333333333333,0,0,0,0,0,0,1,0,0,0,0,0,0,0,train
0.6666666666666666,0.4642857142857143,1.0,0.25355798072627483,0.25,0.0,1.0,0,1.0,0.0,0.3333333333333333,0.16071428571428575,1.0,1.0,0.3333333333333333,1.0,0,0,0,0,0,0,0,1,0,0,0,0,0,1,train
0.3333333333333333,0.3571428571428571,0.5,0.10606930882634501,0.25,0.25,1.0,0,0.0,0.0,0.6666666666666667,0.23214285714285715,1.0,1.0,0.0,0.6666666666666666,0,0,0,0,0,0,0,0,0,1,0,0,0,1,train
0.3333333333333333,0.3571428571428571,0.5,0.1681026230135937,0.25,0.75,0.3333333333333333,0,0.5,0.0,0.0,0.26785714285714285,1.0,0.0,0.0,1.0,0,1,0,0,0,0,0,0,0,0,0,0,1,0,train
0.3333333333333333,0.24999999999999997,0.5,0.15208373221009636,1.0,0.5,1.0,0,0.5,0.0,0.3333333333333333,0.16071428571428575,1.0,1.0,0.0,0.6666666666666666,0,0,0,0,0,0,1,0,0,0,0,0,0,0,train
0.0,0.24999999999999997,1.0,0.0479928521284064,0.25,0.5,1.0,1,0.0,0.0,0.6666666666666667,0.30357142857142855,1.0,1.0,0.3333333333333333,0.6666666666666666,0,0,0,0,0,0,0,1,0,0,0,0,0,0,train
0.3333333333333333,0.07142857142857142,1.0,0.19924692067138938,0.25,0.75,0.0,0,0.5,0.0,1.0,0.35714285714285715,1.0,1.0,0.3333333333333333,0.3333333333333333,0,0,1,0,0,0,0,1,0,0,0,0,0,0,train
0.0,0.14285714285714285,1.0,0.3526070585231987,0.0,1.0,0.3333333333333333,0,0.5,0.0,1.0,0.5357142857142858,1.0,0.5,0.0,0.6666666666666666,0,1,0,0,0,0,1,0,0,0,0,0,0,0,train
0.0,0.3571428571428571,0.5,0.07971153232497287,1.0,0.75,1.0,1,0.0,0.0,0.6666666666666667,0.26785714285714285,1.0,1.0,0.0,0.6666666666666666,1,1,0,0,0,0,0,1,0,0,0,0,0,0,train
1.0,0.5714285714285714,0.5,0.2678537239134597,0.25,1.0,1.0,0,0.5,0.0,0.3333333333333333,0.21428571428571425,1.0,1.0,0.0,0.6666666666666666,0,0,0,0,0,0,0,0,0,1,0,0,0,0,train
0.6666666666666666,0.03571428571428571,0.5,0.05054566341183228,0.25,1.0,1.0,0,0.5,0.0,1.0,0.16071428571428575,1.0,1.0,0.0,0.6666666666666666,1,0,0,0,0,0,0,0,0,1,0,0,0,0,test
0.3333333333333333,0.3571428571428571,1.0,0.4045567681409152,0.25,0.0,0.3333333333333333,0,0.5,0.0,1.0,1.0,1.0,0.0,0.3333333333333333,1.0,0,1,0,0,0,0,0,0,0,0,0,0,1,0,test
0.0,0.24999999999999997,1.0,0.10134660795200715,0.5,0.5,1.0,1,0.0,0.0,0.3333333333333333,0.19642857142857145,1.0,1.0,0.3333333333333333,0.6666666666666666,0,0,0,0,0,1,0,0,0,0,0,0,0,1,train
0.6666666666666666,1.0,0.5,0.4551662518348331,0.5,0.25,1.0,1,0.0,0.0,0.3333333333333333,0.0892857142857143,1.0,1.0,0.0,1.0,0,0,0,0,0,0,0,1,0,0,0,0,0,1,train
0.0,0.7857142857142857,1.0,0.722062671517008,0.5,0.5,0.3333333333333333,1,0.0,0.0,1.0,0.0892857142857143,0.0,0.5,0.3333333333333333,0.3333333333333333,0,0,0,0,0,0,0,0,0,0,0,0,1,1,train
0.3333333333333333,0.3571428571428571,0.0,0.24468696151636993,0.25,1.0,0.6666666666666667,0,0.5,0.0,1.0,0.07142857142857145,0.0,0.5,0.3333333333333333,0.6666666666666666,1,0,0,0,0,0,1,0,0,0,0,0,0,1,train
0.3333333333333333,0.03571428571428571,1.0,0.1983534367221903,0.25,0.5,0.0,0,0.0,0.0,1.0,0.44642857142857145,1.0,0.5,0.0,1.0,0,1,0,0,0,0,1,0,0,0,0,0,0,1,train
0.6666666666666666,0.1607142857142857,0.5,0.11647201480630544,0.25,0.25,0.3333333333333333,1,0.0,1.0,1.0,0.07142857142857145,1.0,1.0,0.0,0.3333333333333333,0,0,0,0,0,0,0,0,0,1,0,0,0,0,test
0.3333333333333333,0.19642857142857142,0.5,0.06375646180356116,0.0,0.5,1.0,1,0.0,0.0,0.3333333333333333,0.0892857142857143,1.0,0.5,0.0,0.6666666666666666,0,0,0,0,1,0,0,0,0,0,0,0,0,1,test
0.3333333333333333,0.3571428571428571,0.5,0.24845235815942307,0.25,0.5,1.0,0,0.5,0.0,1.0,0.16071428571428575,1.0,1.0,0.0,0.6666666666666666,0,0,0,0,0,0,1,0,0,0,0,0,0,0,test
0.6666666666666666,0.10714285714285712,0.5,0.07945625119663029,0.25,0.5,1.0,0,0.0,0.0,0.3333333333333333,0.21428571428571425,1.0,1.0,0.0,0.3333333333333333,0,0,0,0,0,0,1,0,0,0,0,0,0,0,train
0.6666666666666666,0.3571428571428571,1.0,0.34890548216223116,0.25,0.25,0.3333333333333333,1,0.0,0.0,1.0,0.0892857142857143,1.0,0.0,0.3333333333333333,0.6666666666666666,0,1,0,0,0,1,0,0,0,0,0,0,0,0,train
0.3333333333333333,0.3035714285714286,0.5,0.21207479737060436,0.25,0.75,0.0,1,0.0,0.0,1.0,0.125,1.0,0.5,0.0,0.3333333333333333,0,0,0,0,0,0,1,0,0,0,0,0,0,0,train
0.6666666666666666,0.24999999999999997,0.5,0.18744016848554468,0.75,0.25,0.0,0,1.0,0.0,0.6666666666666667,0.10714285714285715,1.0,0.5,0.0,0.6666666666666666,0,0,0,0,0,0,0,0,0,1,0,0,0,0,train
0.6666666666666666,0.24999999999999997,0.5,0.2656838343225477,0.25,1.0,0.0,0,0.5,0.5,0.0,0.25000000000000006,0.0,1.0,0.0,1.0,0,1,0,1,0,0,0,0,0,0,0,0,0,0,train
1.0,0.10714285714285712,0.5,0.23441189610058077,0.25,0.25,0.0,0,0.5,1.0,0.0,0.32142857142857145,1.0,1.0,0.0,0.3333333333333333,1,0,0,0,0,0,0,1,0,0,0,0,0,0,train
0.0,0.19642857142857142,1.0,0.07549939370732019,0.25,0.5,1.0,1,0.0,0.0,0.3333333333333333,0.42857142857142855,1.0,1.0,0.0,0.3333333333333333,0,0,0,0,0,0,0,0,0,1,0,0,0,0,train
0.6666666666666666,0.1607142857142857,1.0,0.038675090943901966,0.25,0.25,1.0,0,0.5,1.0,1.0,0.07142857142857145,1.0,1.0,0.3333333333333333,0.6666666666666666,0,0,0,0,0,0,0,0,0,1,0,0,0,0,test
0.6666666666666666,0.3571428571428571,0.5,0.2222222222222222,0.75,0.0,0.0,1,0.0,0.0,1.0,0.07142857142857145,1.0,0.5,0.0,0.0,0,0,0,0,0,0,0,0,0,1,0,0,0,0,test
0.0,0.03571428571428571,0.75,0.09362435381964387,0.5,0.5,0.0,0,0.5,0.0,0.3333333333333333,0.26785714285714285,1.0,1.0,0.3333333333333333,0.3333333333333333,0,0,0,1,0,0,0,0,0,0,0,0,0,0,train
0.6666666666666666,0.08928571428571427,1.0,0.054885442593656256,1.0,1.0,1.0,0,0.5,0.0,0.6666666666666667,0.23214285714285715,1.0,0.0,0.3333333333333333,0.6666666666666666,1,0,0,0,0,1,0,0,0,0,0,0,0,1,train
0.0,0.08928571428571427,0.5,0.06126747080222095,0.25,0.25,0.0,1,0.0,0.0,1.0,0.07142857142857145,1.0,0.5,0.0,0.6666666666666666,0,1,0,0,1,0,0,0,0,0,0,0,0,0,train
0.6666666666666666,0.08928571428571427,0.5,0.04358925266449677,0.25,0.5,0.0,1,0.0,0.0,0.3333333333333333,0.17857142857142855,1.0,1.0,0.0,0.6666666666666666,0,0,1,0,0,0,1,0,0,0,0,0,0,1,val
0.0,0.24999999999999997,1.0,0.18846129299891506,0.0,0.0,0.3333333333333333,0,0.5,0.0,1.0,0.33928571428571425,1.0,1.0,0.0,1.0,0,1,0,0,0,0,0,0,0,0,0,0,1,0,train
0.3333333333333333,0.14285714285714285,0.0,0.3780075307932861,0.25,0.5,1.0,0,0.5,0.0,0.3333333333333333,0.16071428571428575,1.0,0.5,0.3333333333333333,0.6666666666666666,0,1,0,0,0,0,0,0,0,1,0,0,0,1,test
0.0,0.10714285714285712,0.5,0.028782947220626715,0.75,1.0,1.0,0,0.5,0.0,1.0,0.48214285714285715,1.0,0.0,0.0,0.6666666666666666,0,1,0,0,0,1,0,0,0,0,0,0,0,0,train
0.6666666666666666,0.3571428571428571,0.5,0.061905673623077404,0.25,0.25,1.0,0,0.5,0.0,0.3333333333333333,0.07142857142857145,0.5,1.0,0.0,0.3333333333333333,0,0,0,0,0,0,0,1,0,0,0,0,0,1,test
0.0,0.14285714285714285,1.0,0.1311506796860042,0.0,1.0,0.0,0,0.5,0.5,1.0,0.5357142857142858,1.0,1.0,0.0,0.6666666666666666,0,1,0,0,0,0,0,0,0,1,0,0,0,0,train
0.0,0.5714285714285714,0.75,0.2672155210926032,0.25,0.5,1.0,0,0.5,0.0,0.3333333333333333,0.125,1.0,1.0,0.3333333333333333,1.0,0,1,0,0,0,0,0,0,0,1,0,0,0,1,train
0.0,0.14285714285714285,0.5,0.03191014104282341,0.25,0.5,1.0,0,1.0,0.0,0.3333333333333333,0.16071428571428575,1.0,1.0,0.0,0.6666666666666666,0,0,0,0,0,0,0,0,0,1,0,0,0,0,train
0.3333333333333333,0.4642857142857143,0.5,0.13593720084242772,0.25,0.75,1.0,1,0.0,0.0,1.0,0.07142857142857145,1.0,0.5,0.0,0.6666666666666666,0,0,0,0,0,0,1,0,0,0,0,0,0,1,train
0.6666666666666666,0.24999999999999997,0.5,0.06145893164847788,0.0,0.5,1.0,0,0.5,0.0,1.0,0.75,1.0,0.0,0.0,0.6666666666666666,0,0,0,0,0,1,0,0,0,0,0,0,0,0,train
1.0,0.14285714285714285,0.5,0.199310740953475,0.0,1.0,0.3333333333333333,0,0.5,0.0,0.6666666666666667,0.32142857142857145,1.0,1.0,0.0,1.0,0,0,0,0,0,0,0,0,0,1,0,0,0,0,train
1.0,0.14285714285714285,0.75,0.12578977599080987,0.25,0.5,0.3333333333333333,1,0.0,0.0,0.3333333333333333,0.30357142857142855,0.5,1.0,0.3333333333333333,0.6666666666666666,0,1,0,0,0,0,0,1,0,0,0,0,0,0,val
0.0,0.03571428571428571,0.5,0.09509222030761376,0.25,0.5,0.0,0,1.0,0.0,0.3333333333333333,0.035714285714285754,1.0,0.5,0.0,0.6666666666666666,0,0,0,0,0,0,1,0,0,0,0,0,0,0,train
0.3333333333333333,0.24999999999999997,0.5,0.14021315974216603,0.25,0.0,1.0,0,0.5,0.0,0.0,0.10714285714285715,1.0,1.0,0.0,0.0,0,0,0,0,0,0,1,0,0,0,0,0,0,1,train
0.0,0.14285714285714285,0.5,0.08079647712042887,0.25,0.75,0.3333333333333333,0,0.5,0.0,1.0,0.30357142857142855,1.0,1.0,0.0,0.6666666666666666,0,1,0,1,0,0,0,0,0,0,0,0,0,0,train
0.0,0.24999999999999997,1.0,0.2280936881741017,0.25,0.75,0.6666666666666667,0,0.5,0.0,0.0,0.14285714285714285,1.0,1.0,0.3333333333333333,0.6666666666666666,0,0,0,0,0,0,0,0,0,0,0,0,1,0,train
0.3333333333333333,0.24999999999999997,0.5,0.21532963175697234,0.25,0.25,0.0,1,0.0,0.0,1.0,0.0535714285714286,1.0,0.5,0.0,0.6666666666666666,0,0,0,0,0,0,1,0,0,0,0,0,0,0,train
0.3333333333333333,0.5714285714285714,0.5,0.20231029421150043,0.25,1.0,1.0,0,0.5,0.0,0.3333333333333333,0.41071428571428575,1.0,1.0,0.0,0.6666666666666666,1,0,0,0,0,0,1,0,0,0,0,0,0,1,val
0.6666666666666666,0.24999999999999997,0.5,0.17391026868338755,0.25,0.75,0.3333333333333333,1,0.0,0.0,1.0,0.37499999999999994,1.0,0.5,0.0,0.6666666666666666,0,0,0,0,0,0,1,0,0,0,0,0,0,0,train
0.0,0.5714285714285714,0.5,0.178888250686068,0.0,0.5,1.0,0,0.5,0.0,1.0,0.30357142857142855,1.0,1.0,0.0,0.6666666666666666,0,0,0,0,0,0,0,1,0,0,0,0,0,0,val
0.0,0.24999999999999997,1.0,0.36977471440423765,0.25,1.0,0.6666666666666667,0,0.5,0.0,1.0,0.25000000000000006,1.0,1.0,0.3333333333333333,0.6666666666666666,0,1,0,0,0,0,0,0,0,1,0,0,0,0,train
0.0,0.10714285714285712,1.0,0.11934392750015956,0.25,0.25,0.0,1,0.0,0.0,0.6666666666666667,0.07142857142857145,1.0,0.5,0.3333333333333333,0.6666666666666666,0,0,0,0,0,0,1,0,0,0,0,0,0,0,test
0.0,1.0,1.0,0.860297402514519,0.0,1.0,0.3333333333333333,0,0.5,0.0,1.0,0.7857142857142858,0.0,0.0,0.0,1.0,0,1,0,0,0,0,0,1,0,0,0,0,0,0,test
0.6666666666666666,1.0,0.25,0.9257770119343927,0.5,1.0,0.6666666666666667,1,0.0,0.0,1.0,0.7321428571428572,0.0,0.0,0.3333333333333333,1.0,0,1,0,0,0,0,0,0,1,0,0,0,0,1,train
0.3333333333333333,0.7857142857142857,0.25,0.47284446997255725,0.25,0.75,0.3333333333333333,1,0.0,1.0,1.0,0.32142857142857145,1.0,0.5,0.0,0.6666666666666666,0,0,0,1,0,0,0,0,0,0,0,0,0,1,test
0.0,0.24999999999999997,0.75,0.1304486565830621,0.25,0.0,0.3333333333333333,0,1.0,0.0,0.6666666666666667,0.26785714285714285,1.0,1.0,0.3333333333333333,0.6666666666666666,0,0,0,0,0,0,0,0,0,1,0,0,0,0,train
0.0,0.053571428571428575,0.75,0.03637756078881868,0.0,1.0,0.6666666666666667,0,0.5,0.0,1.0,0.30357142857142855,1.0,0.0,0.0,0.6666666666666666,0,0,0,0,0,0,0,0,0,1,0,0,0,0,train
0.6666666666666666,0.5714285714285714,0.5,0.8961644010466525,0.25,1.0,1.0,0,0.5,0.0,0.3333333333333333,0.6785714285714286,1.0,0.0,0.0,1.0,0,1,0,0,0,0,0,1,0,0,0,0,0,1,train
0.0,0.03571428571428571,1.0,0.005488544259365624,0.5,0.5,1.0,1,0.0,0.0,1.0,0.5892857142857142,1.0,1.0,0.3333333333333333,0.3333333333333333,0,0,0,0,0,0,0,1,0,0,0,0,0,0,test
0.3333333333333333,0.2857142857142857,0.5,0.12355606611781224,0.0,0.75,1.0,0,0.5,0.0,1.0,0.35714285714285715,1.0,1.0,0.0,0.6666666666666666,0,1,0,0,0,0,1,0,0,0,0,0,0,0,val
0.6666666666666666,0.24999999999999997,0.5,0.8105175824877145,0.25,0.0,0.6666666666666667,1,0.0,0.0,1.0,0.33928571428571425,1.0,0.0,0.0,1.0,0,1,0,0,0,0,0,0,0,0,0,0,1,1,train
0.0,0.3214285714285714,0.5,0.06426702406024634,0.0,0.75,1.0,1,0.0,0.0,1.0,0.10714285714285715,1.0,0.5,0.0,0.6666666666666666,0,0,0,0,0,0,0,1,0,0,0,0,0,0,train
1.0,0.14285714285714285,0.5,0.06726657731827174,0.25,0.25,1.0,0,0.5,0.0,0.0,0.125,1.0,1.0,0.0,0.6666666666666666,0,0,0,0,0,0,0,1,0,0,0,0,0,0,test
0.0,0.4642857142857143,0.75,0.2550258472142447,0.5,0.5,0.3333333333333333,0,0.5,0.0,0.3333333333333333,0.125,1.0,1.0,0.3333333333333333,0.3333333333333333,0,0,0,1,0,0,0,0,0,0,0,0,0,0,train
0.0,0.24999999999999997,1.0,0.12521539345203903,0.25,0.5,0.3333333333333333,1,0.0,0.0,0.0,0.10714285714285715,1.0,1.0,0.3333333333333333,0.6666666666666666,0,0,0,0,0,0,0,0,0,1,0,0,0,0,train
0.0,0.24999999999999997,0.5,0.054247239772799785,0.0,0.25,1.0,1,0.0,0.0,0.3333333333333333,0.035714285714285754,1.0,0.5,0.0,0.6666666666666666,0,1,0,0,0,0,0,0,0,1,0,0,0,0,train
0.6666666666666666,0.24999999999999997,1.0,0.4529963622439211,0.25,0.0,1.0,0,0.5,0.0,1.0,0.37499999999999994,0.5,1.0,0.3333333333333333,1.0,0,1,0,0,0,0,1,0,0,0,0,0,0,0,train
0.6666666666666666,0.19642857142857142,1.0,0.13083157827557595,0.75,0.5,0.3333333333333333,0,0.5,0.0,1.0,0.14285714285714285,0.0,1.0,0.0,0.6666666666666666,0,0,0,1,0,0,0,0,0,0,0,0,0,0,train
0.0,0.08928571428571427,0.5,0.07486119088646372,0.25,0.75,0.6666666666666667,1,0.0,0.0,0.3333333333333333,0.14285714285714285,1.0,1.0,0.3333333333333333,0.6666666666666666,0,0,0,1,0,0,0,0,0,0,0,0,0,0,train
0.0,0.24999999999999997,0.5,0.09853851554023868,0.25,0.5,0.3333333333333333,0,1.0,0.0,0.3333333333333333,0.19642857142857145,1.0,1.0,0.0,1.0,0,1,0,0,0,0,0,1,0,0,0,0,0,0,train
0.6666666666666666,0.14285714285714285,0.5,0.045120939434552296,1.0,0.25,0.0,1,0.0,0.0,1.0,0.0,1.0,0.5,0.0,0.3333333333333333,0,0,0,0,0,0,1,0,0,0,0,0,0,0,val
0.3333333333333333,0.5714285714285714,0.5,0.189737698640628,0.25,0.75,0.3333333333333333,0,0.5,0.0,1.0,0.35714285714285715,0.0,0.0,0.0,1.0,1,1,0,0,0,0,0,1,0,0,0,0,0,0,train
0.3333333333333333,0.03571428571428571,1.0,0.1072818941859723,0.25,0.75,0.0,1,0.0,0.0,1.0,0.21428571428571425,1.0,1.0,0.0,0.6666666666666666,0,0,0,0,0,0,0,0,0,1,0,0,0,0,train
0.0,0.08928571428571427,1.0,0.13593720084242772,0.25,0.0,0.3333333333333333,0,0.5,0.0,0.6666666666666667,0.21428571428571425,1.0,1.0,0.0,1.0,0,0,0,0,0,0,1,0,0,0,0,0,0,0,train
0.6666666666666666,0.625,0.75,0.732912119471568,0.5,0.75,0.3333333333333333,0,0.5,0.0,0.6666666666666667,0.23214285714285715,1.0,0.5,0.0,0.6666666666666666,0,1,0,0,0,1,0,0,0,0,0,0,0,0,test
0.3333333333333333,0.14285714285714285,0.5,0.14691428936115897,0.25,0.0,0.6666666666666667,1,0.0,0.0,1.0,0.6428571428571428,1.0,0.0,0.0,1.0,0,0,0,0,0,0,1,0,0,0,0,0,0,0,train
0.3333333333333333,0.5714285714285714,1.0,0.1322356244814602,0.25,0.5,0.6666666666666667,0,1.0,0.0,0.3333333333333333,0.48214285714285715,1.0,1.0,0.3333333333333333,0.6666666666666666,0,1,0,0,0,0,1,0,0,0,0,0,0,0,train
0.6666666666666666,0.14285714285714285,0.5,0.06043780713510753,0.25,1.0,0.0,0,0.0,0.0,0.0,0.48214285714285715,1.0,0.5,0.3333333333333333,0.6666666666666666,0,0,0,0,0,0,0,1,0,0,0,0,0,1,val
0.0,0.3571428571428571,1.0,0.07913714978620205,1.0,0.5,1.0,1,0.0,0.0,0.0,0.42857142857142855,1.0,1.0,0.3333333333333333,0.3333333333333333,0,0,0,0,0,0,0,0,0,1,0,0,0,0,train
0.0,0.24999999999999997,0.5,0.07639287765651924,0.25,0.25,0.6666666666666667,0,1.0,0.0,1.0,0.35714285714285715,1.0,1.0,0.0,0.6666666666666666,0,1,0,0,0,0,0,0,0,1,0,0,0,0,train
0.6666666666666666,0.24999999999999997,1.0,0.10281447443997702,0.0,0.5,1.0,0,1.0,0.0,1.0,0.16071428571428575,0.0,1.0,0.3333333333333333,0.6666666666666666,0,0,0,1,0,0,0,0,0,0,0,0,0,0,train
0.0,0.3571428571428571,0.75,0.5343034016210351,0.25,0.25,0.3333333333333333,0,0.5,0.0,0.3333333333333333,0.14285714285714285,0.0,1.0,0.3333333333333333,0.6666666666666666,0,1,0,1,0,0,0,0,0,0,0,0,0,1,train
0.0,0.17857142857142858,0.75,0.03356946837705022,0.25,0.5,1.0,0,0.5,0.0,0.3333333333333333,0.14285714285714285,1.0,1.0,0.3333333333333333,0.3333333333333333,0,0,0,0,0,0,0,1,0,0,0,0,0,0,train
0.6666666666666666,0.24999999999999997,0.75,0.1674005999106516,0.0,1.0,1.0,0,0.5,0.0,1.0,0.42857142857142855,1.0,1.0,0.0,0.6666666666666666,1,0,0,0,0,0,0,1,0,0,0,0,0,0,test
0.6666666666666666,0.3571428571428571,0.5,0.11251515731699534,0.25,0.25,0.0,0,1.0,0.0,0.0,0.0535714285714286,1.0,1.0,0.0,0.6666666666666666,0,1,0,0,0,0,0,0,0,1,0,0,0,1,train
0.0,0.3571428571428571,1.0,0.12259876188652753,0.0,0.75,1.0,0,0.5,0.0,1.0,0.42857142857142855,1.0,1.0,0.3333333333333333,0.6666666666666666,1,1,0,0,0,0,0,0,0,0,0,0,1,0,train
0.3333333333333333,0.19642857142857142,0.5,0.049588359180547575,0.25,0.25,1.0,0,1.0,0.0,0.3333333333333333,0.14285714285714285,1.0,1.0,0.0,0.6666666666666666,0,0,1,0,0,0,0,0,0,1,0,0,0,0,val
0.0,0.3571428571428571,0.5,0.18884421469142892,0.75,1.0,0.6666666666666667,0,0.0,0.0,0.3333333333333333,0.125,1.0,1.0,0.0,1.0,0,1,0,0,0,0,0,0,0,1,0,0,0,0,val
1.0,0.14285714285714285,1.0,0.04231284702278384,0.75,0.75,1.0,0,1.0,0.0,0.3333333333333333,0.16071428571428575,1.0,1.0,0.6666666666666667,0.6666666666666666,0,1,0,0,0,0,0,1,0,0,0,0,0,1,train
0.6666666666666666,0.3571428571428571,0.5,0.10792009700682877,0.25,1.0,1.0,1,0.0,0.0,1.0,0.01785714285714285,1.0,1.0,0.0,0.6666666666666666,0,1,0,0,0,0,0,0,0,1,0,0,0,0,train
0.0,0.5178571428571429,1.0,0.4452741081115578,0.25,0.75,0.6666666666666667,0,0.5,0.0,0.3333333333333333,0.28571428571428575,1.0,1.0,0.3333333333333333,1.0,0,1,0,0,0,0,0,0,0,0,0,0,1,0,train
0.0,0.14285714285714285,1.0,0.128661688684664,0.25,0.0,1.0,0,0.5,0.0,0.3333333333333333,0.41071428571428575,0.5,1.0,0.3333333333333333,1.0,0,1,0,1,0,0,0,0,0,0,0,0,0,1,test
0.0,0.10714285714285712,0.5,0.08430659263513944,0.75,0.5,0.6666666666666667,0,0.5,0.0,0.3333333333333333,0.37499999999999994,1.0,0.5,0.0,0.3333333333333333,1,0,1,0,0,0,0,1,0,0,0,0,0,0,train
0.3333333333333333,0.3571428571428571,0.5,0.07052141170463973,0.0,0.5,1.0,1,0.0,0.0,0.3333333333333333,0.28571428571428575,1.0,1.0,0.0,0.6666666666666666,0,0,0,0,0,0,0,1,0,0,0,0,0,1,train
0.0,0.5714285714285714,1.0,0.3552236900887102,0.25,1.0,0.3333333333333333,0,0.5,0.0,0.3333333333333333,0.28571428571428575,1.0,1.0,0.3333333333333333,0.6666666666666666,1,1,0,0,0,0,0,0,0,0,0,0,1,0,train
0.3333333333333333,0.14285714285714285,0.5,0.1469781096432446,0.25,0.25,1.0,0,0.5,0.0,0.0,0.25000000000000006,1.0,1.0,0.0,0.3333333333333333,1,0,0,0,0,0,0,1,0,0,0,0,0,1,train
0.3333333333333333,0.24999999999999997,0.75,0.5230072116918756,0.0,0.5,0.0,1,0.0,0.0,0.3333333333333333,0.07142857142857145,1.0,0.5,0.3333333333333333,0.6666666666666666,0,1,0,0,0,1,0,0,0,0,0,0,0,0,train
0.0,0.3035714285714286,0.5,0.15993362690663093,0.75,0.75,0.0,1,0.0,0.0,0.3333333333333333,0.21428571428571425,0.0,1.0,0.0,1.0,0,0,0,0,0,0,0,1,0,0,0,0,0,0,train
0.6666666666666666,0.24999999999999997,0.5,0.04888633607760545,0.0,0.5,1.0,1,0.0,0.0,0.3333333333333333,0.25000000000000006,1.0,1.0,0.0,0.6666666666666666,0,0,0,0,0,0,0,1,0,0,0,0,0,1,train
0.0,0.19642857142857142,0.5,0.18571702086923225,1.0,0.75,0.3333333333333333,1,0.0,0.0,0.6666666666666667,0.01785714285714285,1.0,0.5,0.0,0.6666666666666666,0,0,0,0,0,0,0,1,0,0,0,0,0,0,train
0.6666666666666666,0.14285714285714285,0.5,0.11181313421405321,0.0,0.5,1.0,0,0.5,0.0,0.3333333333333333,0.19642857142857145,1.0,1.0,0.0,0.6666666666666666,0,0,0,0,0,0,0,0,0,0,0,0,1,0,train
0.6666666666666666,0.14285714285714285,1.0,0.043525432382411126,0.25,0.75,0.3333333333333333,0,0.5,0.0,0.6666666666666667,0.49999999999999994,1.0,1.0,0.3333333333333333,0.3333333333333333,1,0,0,0,0,0,0,1,0,0,0,0,0,0,train
0.0,0.3035714285714286,0.75,0.08392367094262557,0.5,0.75,1.0,0,0.5,0.0,0.6666666666666667,0.26785714285714285,1.0,1.0,0.3333333333333333,1.0,0,0,0,0,0,0,1,0,0,0,0,0,0,0,test
0.6666666666666666,0.14285714285714285,0.5,0.158657221264918,0.0,1.0,0.0,1,0.0,0.0,0.3333333333333333,0.10714285714285715,0.0,1.0,0.0,0.6666666666666666,0,1,0,0,0,0,1,0,0,0,0,0,0,1,train
0.6666666666666666,0.24999999999999997,0.5,0.159742166060374,0.25,0.5,0.0,0,1.0,0.0,0.6666666666666667,0.035714285714285754,1.0,0.5,0.0,0.6666666666666666,0,1,0,0,0,0,0,0,0,0,0,0,1,0,train
0.0,0.4285714285714286,1.0,0.15744463590529068,0.25,1.0,1.0,0,0.5,0.0,0.3333333333333333,0.17857142857142855,1.0,1.0,0.3333333333333333,0.6666666666666666,0,0,0,0,0,0,0,0,0,1,0,0,0,0,train
0.0,0.24999999999999997,1.0,0.05571510626076967,1.0,0.5,1.0,0,0.5,0.0,0.6666666666666667,0.48214285714285715,1.0,1.0,0.3333333333333333,0.6666666666666666,0,0,0,0,0,0,0,0,0,1,0,0,0,0,train
0.0,0.08928571428571427,0.5,0.06618163252281574,0.25,1.0,0.0,0,0.5,0.0,1.0,0.01785714285714285,1.0,1.0,0.0,0.6666666666666666,0,0,0,0,0,0,1,0,0,0,0,0,0,0,train
0.3333333333333333,0.24999999999999997,1.0,0.05833173782628119,0.25,0.0,0.3333333333333333,1,0.0,0.0,1.0,0.6428571428571428,1.0,0.0,0.6666666666666667,0.0,1,0,0,0,0,0,0,0,0,0,1,0,0,1,train
0.0,0.01785714285714285,0.5,0.20243793477567168,0.25,0.75,0.0,0,0.5,0.0,1.0,0.9821428571428572,1.0,1.0,0.0,0.3333333333333333,0,0,0,1,0,0,0,0,0,0,0,0,0,0,test
0.6666666666666666,0.3571428571428571,0.5,0.7053417576105686,0.25,0.5,0.3333333333333333,0,0.5,0.5,0.6666666666666667,0.17857142857142855,0.0,1.0,0.3333333333333333,1.0,0,1,0,0,0,0,0,0,1,0,0,0,0,1,test
0.3333333333333333,0.03571428571428571,1.0,0.10185717020869231,0.25,0.0,1.0,0,0.5,0.0,1.0,0.30357142857142855,1.0,0.0,0.6666666666666667,1.0,0,1,0,0,0,0,1,0,0,0,0,0,0,0,train
0.0,0.3571428571428571,1.0,0.11372774267662263,0.25,0.5,1.0,0,0.0,0.0,0.3333333333333333,0.25000000000000006,1.0,1.0,0.3333333333333333,0.6666666666666666,0,1,0,0,0,0,0,0,0,0,1,0,0,0,test
0.3333333333333333,0.08928571428571427,0.5,0.11870572467930308,0.25,0.5,0.6666666666666667,0,0.5,0.0,0.3333333333333333,0.10714285714285715,1.0,1.0,0.0,0.6666666666666666,0,0,0,0,0,0,1,0,0,0,0,0,0,0,train
0.6666666666666666,0.14285714285714285,0.5,0.07709490075946135,0.0,0.5,0.3333333333333333,0,1.0,0.0,0.0,0.10714285714285715,1.0,1.0,0.0,0.6666666666666666,0,1,0,0,0,0,0,0,0,1,0,0,0,1,test
0.0,0.03571428571428571,0.5,0.02450698832088838,0.75,0.75,0.3333333333333333,0,1.0,0.0,1.0,0.07142857142857145,1.0,0.5,0.0,0.3333333333333333,0,0,0,0,0,0,0,0,0,0,1,0,0,0,train
0.0,0.3571428571428571,1.0,0.06452230518858892,1.0,1.0,1.0,1,0.0,0.0,1.0,0.32142857142857145,1.0,1.0,0.3333333333333333,0.6666666666666666,0,1,0,0,0,0,0,1,0,0,0,0,0,0,train
0.3333333333333333,0.6785714285714286,1.0,0.19899163954304677,0.25,0.0,1.0,0,0.5,0.5,1.0,0.8214285714285714,1.0,1.0,0.3333333333333333,0.0,0,0,0,0,0,0,0,0,0,0,1,0,0,0,val
1.0,0.14285714285714285,0.25,0.021252153934520387,0.25,0.25,1.0,1,0.0,0.0,0.0,0.125,1.0,1.0,0.0,0.0,0,0,0,1,0,0,0,0,0,0,0,0,0,1,train
0.0,0.14285714285714285,0.5,0.10262301359372007,0.25,1.0,1.0,0,0.5,0.0,1.0,0.35714285714285715,1.0,1.0,0.0,1.0,0,1,0,0,0,0,0,1,0,0,0,0,0,0,train
0.3333333333333333,0.14285714285714285,0.5,0.08577445912310931,0.25,0.5,0.3333333333333333,1,0.0,0.5,0.6666666666666667,0.19642857142857145,1.0,1.0,0.0,0.6666666666666666,0,0,0,0,0,0,1,0,0,0,0,0,0,0,train
0.6666666666666666,0.2857142857142857,0.75,0.15016912374752694,0.25,0.5,0.3333333333333333,0,0.5,0.0,0.6666666666666667,0.17857142857142855,0.0,1.0,0.3333333333333333,0.6666666666666666,0,1,0,0,0,0,0,0,1,0,0,0,0,0,train
0.0,0.14285714285714285,0.5,0.028272384963941535,0.25,1.0,1.0,0,0.5,0.0,1.0,0.39285714285714285,0.0,1.0,0.0,0.3333333333333333,1,0,0,0,0,1,0,0,0,0,0,0,0,1,train
0.6666666666666666,0.7857142857142857,1.0,0.3076137596528177,0.25,0.5,0.3333333333333333,1,0.0,0.0,0.6666666666666667,0.19642857142857145,1.0,1.0,0.0,1.0,0,1,0,0,0,0,1,0,0,0,0,0,0,1,val
0.0,0.08928571428571427,1.0,0.06177803305890611,0.0,1.0,1.0,1,0.0,0.0,1.0,0.39285714285714285,1.0,0.5,0.3333333333333333,0.3333333333333333,0,0,0,0,0,1,0,0,0,0,0,0,0,0,train
0.3333333333333333,0.5714285714285714,0.5,0.09994256174612291,0.25,0.25,1.0,1,0.0,0.0,1.0,0.26785714285714285,1.0,1.0,0.0,0.6666666666666666,0,1,0,0,0,0,0,1,0,0,0,0,0,1,train
0.6666666666666666,0.053571428571428575,0.5,0.14678664879698766,0.25,0.5,0.3333333333333333,0,0.5,1.0,0.3333333333333333,0.28571428571428575,1.0,1.0,0.0,0.6666666666666666,0,0,0,0,0,0,0,0,0,1,0,0,0,0,train
1.0,0.14285714285714285,0.5,0.07326568383432254,0.0,1.0,0.6666666666666667,1,0.0,0.0,1.0,0.6428571428571428,1.0,1.0,0.0,1.0,0,1,0,0,0,0,1,0,0,0,0,0,0,0,train
0.6666666666666666,0.19642857142857142,0.75,0.07888186865785947,1.0,0.5,0.6666666666666667,0,1.0,0.0,0.6666666666666667,0.75,0.5,1.0,0.3333333333333333,0.6666666666666666,0,0,0,0,0,0,0,0,0,0,1,0,0,1,train
0.0,0.5714285714285714,1.0,0.6878550003191013,0.0,0.5,1.0,0,0.5,0.0,0.3333333333333333,0.19642857142857145,1.0,1.0,0.0,1.0,0,1,0,0,0,0,0,0,0,0,0,0,1,0,train
0.0,0.03571428571428571,0.5,0.015444508264726528,0.25,0.5,0.6666666666666667,1,0.0,0.0,0.0,0.17857142857142855,1.0,1.0,0.0,0.6666666666666666,0,0,0,0,0,0,0,0,0,1,0,0,0,0,train
0.0,0.14285714285714285,0.0,0.15846576041866106,0.25,1.0,0.3333333333333333,0,0.5,0.0,1.0,0.26785714285714285,1.0,1.0,0.3333333333333333,0.6666666666666666,0,0,0,0,0,0,1,0,0,0,0,0,0,0,val
0.0,0.3571428571428571,0.5,0.15278575531303845,0.25,1.0,1.0,0,0.5,0.0,1.0,0.28571428571428575,1.0,1.0,0.0,1.0,0,1,0,0,0,0,0,0,0,0,0,0,1,0,train
0.3333333333333333,0.3571428571428571,0.5,0.2898079009509222,0.25,0.75,0.3333333333333333,0,0.5,0.5,0.6666666666666667,0.21428571428571425,1.0,1.0,0.0,0.6666666666666666,0,1,0,0,0,0,0,1,0,0,0,0,0,1,train
0.0,0.3571428571428571,0.5,0.1533601378518093,0.25,0.25,1.0,1,0.0,0.0,0.0,0.17857142857142855,1.0,1.0,0.0,1.0,0,1,0,0,0,0,0,0,0,0,0,0,1,0,test
0.3333333333333333,0.125,1.0,0.23160380368881228,0.25,0.5,0.3333333333333333,0,0.5,0.0,0.3333333333333333,0.30357142857142855,1.0,0.5,0.3333333333333333,0.6666666666666666,1,0,0,0,0,0,0,1,0,0,0,0,0,0,train
0.3333333333333333,0.14285714285714285,0.5,0.1984810772863616,0.25,1.0,0.6666666666666667,0,0.5,0.0,1.0,0.28571428571428575,1.0,0.0,0.0,0.6666666666666666,0,1,0,0,0,0,0,0,0,0,0,0,1,1,train
0.3333333333333333,0.03571428571428571,0.5,0.004275958899738336,0.25,0.25,1.0,1,0.0,0.0,0.0,0.14285714285714285,1.0,1.0,0.0,0.6666666666666666,0,0,0,0,1,0,0,0,0,0,0,0,0,0,train
0.0,0.24999999999999997,0.5,0.27557597804582296,0.25,0.25,0.6666666666666667,0,0.5,0.0,0.3333333333333333,0.23214285714285715,1.0,1.0,0.0,0.6666666666666666,0,1,0,0,0,0,0,0,0,1,0,0,0,0,train
0.3333333333333333,0.5714285714285714,0.5,0.21341502329440293,0.25,0.5,0.0,0,0.5,1.0,0.3333333333333333,0.32142857142857145,1.0,1.0,0.0,0.6666666666666666,1,0,0,0,0,0,1,0,0,0,0,0,0,0,train
0.3333333333333333,0.19642857142857142,0.5,0.09222030761375964,0.25,0.25,0.3333333333333333,0,0.5,0.0,0.6666666666666667,0.30357142857142855,1.0,1.0,0.0,0.6666666666666666,0,0,0,0,0,0,0,1,0,0,0,0,0,0,val
0.6666666666666666,0.14285714285714285,0.5,0.17493139319675793,0.25,0.25,0.6666666666666667,1,0.0,0.0,0.0,0.26785714285714285,1.0,0.5,0.0,1.0,0,0,0,0,0,0,1,0,0,0,0,0,0,0,train
0.6666666666666666,0.14285714285714285,0.5,0.030506094836939175,0.0,1.0,1.0,0,0.5,0.0,1.0,0.33928571428571425,1.0,1.0,0.3333333333333333,0.6666666666666666,0,0,0,0,0,0,0,0,0,0,0,1,0,0,test
0.0,0.24999999999999997,0.5,0.10683515221137277,0.25,0.75,1.0,0,0.5,0.0,0.0,0.26785714285714285,0.5,1.0,0.3333333333333333,0.6666666666666666,0,1,0,1,0,0,0,0,0,0,0,0,0,0,train
0.3333333333333333,0.3571428571428571,0.5,0.16899610696279277,0.25,0.5,0.6666666666666667,0,0.5,1.0,1.0,0.7857142857142858,0.0,1.0,0.0,0.6666666666666666,1,1,0,0,0,0,0,0,0,0,0,0,1,0,test
0.3333333333333333,0.3571428571428571,0.75,0.08826345012444954,0.25,0.25,1.0,1,0.0,0.0,0.3333333333333333,0.17857142857142855,1.0,0.5,0.0,0.3333333333333333,0,1,0,0,0,0,0,0,0,1,0,0,0,1,val
0.0,0.7857142857142857,0.75,0.4443168038802731,0.0,1.0,0.6666666666666667,0,0.5,0.0,0.6666666666666667,0.23214285714285715,0.0,1.0,0.3333333333333333,0.6666666666666666,1,0,0,0,0,0,0,0,0,1,0,0,0,0,train
0.0,0.5178571428571429,0.75,0.1587848618290893,0.25,0.5,0.3333333333333333,1,0.0,0.0,0.3333333333333333,0.125,1.0,1.0,0.3333333333333333,0.6666666666666666,0,1,0,1,0,0,0,0,0,0,0,0,0,0,train
0.0,0.3571428571428571,0.75,0.28100070202310296,0.25,0.75,0.6666666666666667,0,0.5,0.0,0.6666666666666667,0.28571428571428575,1.0,1.0,0.3333333333333333,0.3333333333333333,0,1,0,0,0,0,0,0,0,0,0,0,1,0,val
0.6666666666666666,0.3571428571428571,0.5,0.1797179143531814,0.5,0.25,0.6666666666666667,0,1.0,0.0,0.3333333333333333,0.0535714285714286,1.0,0.5,0.0,0.6666666666666666,0,1,0,0,0,0,0,0,0,1,0,0,0,1,train
0.3333333333333333,0.03571428571428571,0.5,0.010977088518731252,0.25,0.25,1.0,1,0.0,0.0,1.0,0.07142857142857145,1.0,1.0,0.0,0.6666666666666666,0,0,0,0,0,1,0,0,0,0,0,0,0,1,train
0.3333333333333333,0.08928571428571427,0.5,0.024124066628374498,0.25,0.5,1.0,0,0.5,0.0,0.6666666666666667,0.16071428571428575,1.0,1.0,0.0,0.3333333333333333,0,0,0,0,0,0,0,1,0,0,0,0,0,1,train
0.0,0.03571428571428571,0.5,0.06139511136639224,0.0,0.0,1.0,0,0.5,0.0,1.0,0.30357142857142855,1.0,1.0,0.0,1.0,1,1,0,0,0,0,0,0,0,0,0,1,0,0,test
0.6666666666666666,0.24999999999999997,1.0,0.061841853340991765,0.25,0.5,1.0,0,1.0,0.0,0.3333333333333333,0.25000000000000006,1.0,1.0,0.0,0.6666666666666666,0,0,0,0,0,0,0,0,0,1,0,0,0,1,train
0.3333333333333333,0.24999999999999997,0.0,0.18112196055906565,0.25,0.25,0.0,1,0.0,0.0,1.0,0.125,1.0,0.5,0.0,0.6666666666666666,0,0,0,0,0,0,1,0,0,0,0,0,0,1,train
0.0,0.625,0.5,0.14633990682238812,0.75,0.5,1.0,0,0.5,0.0,1.0,0.0892857142857143,1.0,1.0,0.0,0.6666666666666666,0,0,0,0,0,0,0,0,0,0,0,0,1,0,train
1.0,0.3571428571428571,0.5,0.3111876954496139,0.25,0.75,1.0,0,0.5,0.0,0.3333333333333333,0.10714285714285715,0.0,1.0,0.0,0.6666666666666666,0,0,0,0,0,0,0,0,0,1,0,0,0,0,test
0.6666666666666666,0.14285714285714285,0.5,0.04856723466717723,0.5,0.75,0.6666666666666667,0,0.5,0.0,1.0,0.35714285714285715,1.0,1.0,0.0,0.3333333333333333,0,0,0,1,0,0,0,0,0,0,0,0,0,0,train
0.3333333333333333,0.19642857142857142,1.0,0.07671197906694747,0.25,1.0,1.0,0,0.5,0.0,1.0,0.44642857142857145,1.0,1.0,0.3333333333333333,0.6666666666666666,1,1,0,0,0,0,1,0,0,0,0,0,0,0,train
0.6666666666666666,0.14285714285714285,1.0,0.21041547003637756,0.25,0.5,0.0,1,0.0,0.0,0.0,0.07142857142857145,1.0,1.0,0.0,0.3333333333333333,0,0,0,0,0,0,0,0,0,1,0,0,0,0,train
0.6666666666666666,0.3571428571428571,0.5,0.0590337609292233,0.25,0.25,1.0,0,0.5,0.0,0.0,0.125,1.0,1.0,0.0,0.6666666666666666,0,0,0,0,0,0,0,1,0,0,0,0,0,0,train
0.3333333333333333,0.4642857142857143,0.5,0.21354266385857423,1.0,1.0,1.0,1,0.0,0.0,1.0,0.6785714285714286,1.0,0.5,0.3333333333333333,0.6666666666666666,0,1,0,0,0,0,1,0,0,0,0,0,0,0,train
0.0,0.19642857142857142,0.75,0.04365307294658242,1.0,0.75,0.6666666666666667,1,0.0,0.0,0.3333333333333333,0.19642857142857145,1.0,1.0,0.3333333333333333,0.6666666666666666,0,0,0,0,0,0,1,0,0,0,0,0,0,0,train
0.0,0.14285714285714285,1.0,0.05660859020996872,0.75,0.5,1.0,0,0.5,0.0,1.0,0.44642857142857145,1.0,1.0,0.0,0.6666666666666666,0,1,0,0,0,0,0,1,0,0,0,0,0,0,train
0.6666666666666666,0.03571428571428571,0.75,0.05954432318590848,0.25,0.0,1.0,0,0.5,0.0,1.0,0.49999999999999994,1.0,1.0,0.0,1.0,0,1,0,0,0,0,0,1,0,0,0,0,0,1,test
0.0,0.14285714285714285,0.5,0.1787606101218967,0.25,0.5,0.3333333333333333,0,0.5,0.0,1.0,0.5892857142857142,1.0,1.0,0.0,0.6666666666666666,0,1,0,0,0,0,0,0,0,1,0,0,0,0,train
0.0,0.3571428571428571,0.5,0.22215840194013659,0.25,1.0,1.0,1,0.0,0.5,1.0,0.7678571428571428,1.0,0.0,0.0,0.6666666666666666,0,1,0,0,0,0,0,1,0,0,0,0,0,0,train
0.0,0.10714285714285712,0.5,0.07288276214180867,0.5,0.5,0.6666666666666667,0,0.5,0.0,0.3333333333333333,0.28571428571428575,1.0,0.5,0.0,0.3333333333333333,0,0,1,0,0,0,0,1,0,0,0,0,0,0,train
0.0,0.03571428571428571,0.5,0.20690535452166697,0.25,0.5,0.3333333333333333,0,0.5,1.0,0.6666666666666667,0.125,1.0,0.5,0.0,0.6666666666666666,0,0,0,0,0,0,0,1,0,0,0,0,0,0,train
0.0,0.14285714285714285,1.0,0.10581402769800242,0.25,1.0,0.3333333333333333,0,0.5,0.0,0.3333333333333333,0.125,1.0,1.0,0.3333333333333333,0.6666666666666666,0,0,0,0,0,0,0,0,0,1,0,0,0,0,train
0.6666666666666666,0.4107142857142857,0.0,0.5132427085327717,0.25,1.0,0.3333333333333333,1,0.0,0.0,1.0,0.41071428571428575,1.0,0.0,0.3333333333333333,1.0,0,1,0,1,0,0,0,0,0,0,0,0,0,1,train
0.0,0.03571428571428571,1.0,0.061331291084306586,0.5,0.5,0.0,1,0.0,0.0,0.0,0.14285714285714285,1.0,1.0,0.3333333333333333,0.6666666666666666,0,0,0,0,0,0,0,0,0,1,0,0,0,0,train
0.6666666666666666,0.03571428571428571,0.5,0.005871465951879505,0.0,1.0,1.0,0,0.5,0.0,1.0,0.33928571428571425,1.0,1.0,0.0,0.6666666666666666,0,0,0,0,0,0,0,0,0,1,0,0,0,0,train
0.3333333333333333,0.14285714285714285,1.0,0.11781224073010403,0.25,0.5,0.6666666666666667,0,0.5,0.0,0.3333333333333333,0.35714285714285715,1.0,0.5,0.3333333333333333,0.3333333333333333,1,0,1,0,0,0,0,1,0,0,0,0,0,0,train
0.3333333333333333,0.3571428571428571,0.5,0.1735911672729593,0.0,0.5,0.3333333333333333,0,1.0,0.0,1.0,0.01785714285714285,1.0,1.0,0.0,0.6666666666666666,0,0,0,0,0,0,1,0,0,0,0,0,0,1,train
0.6666666666666666,0.5714285714285714,0.5,0.5589380305060948,0.5,0.25,1.0,0,0.5,0.5,0.0,0.17857142857142855,1.0,0.5,0.0,1.0,0,1,0,0,0,0,1,0,0,0,0,0,0,1,train
0.0,0.3571428571428571,1.0,0.08354074925011168,0.25,0.75,1.0,0,0.5,0.0,0.6666666666666667,0.37499999999999994,1.0,1.0,0.3333333333333333,0.6666666666666666,0,0,0,0,0,0,1,0,0,0,0,0,0,0,train
0.6666666666666666,0.24999999999999997,0.5,0.06541578913778798,0.25,1.0,1.0,0,1.0,1.0,0.3333333333333333,0.23214285714285715,1.0,1.0,0.0,0.3333333333333333,0,0,0,0,0,0,0,0,0,1,0,0,0,0,val
1.0,0.03571428571428571,1.0,0.06681983534367221,0.5,1.0,0.3333333333333333,0,0.0,0.0,1.0,0.16071428571428575,1.0,1.0,0.3333333333333333,0.6666666666666666,1,1,0,0,0,0,0,1,0,0,0,0,0,0,train
0.3333333333333333,0.3571428571428571,0.5,0.1816963430978365,0.25,0.25,1.0,1,0.0,0.0,0.0,0.14285714285714285,1.0,1.0,0.0,0.6666666666666666,0,0,0,0,0,0,0,1,0,0,0,0,0,1,train
0.3333333333333333,0.5714285714285714,0.5,0.33295041164081945,0.25,1.0,0.3333333333333333,0,0.5,0.0,1.0,0.41071428571428575,1.0,0.0,0.0,0.6666666666666666,1,0,0,0,0,0,0,0,0,0,0,0,1,0,train
1.0,0.08928571428571427,0.5,0.054247239772799785,0.5,1.0,0.3333333333333333,0,0.0,0.0,1.0,0.5357142857142858,1.0,1.0,0.0,0.6666666666666666,0,0,0,0,0,0,0,0,0,1,0,0,0,0,train
0.6666666666666666,0.3571428571428571,1.0,0.059991065160508006,0.5,0.25,1.0,0,0.5,0.0,1.0,0.33928571428571425,0.0,1.0,0.3333333333333333,0.6666666666666666,1,0,0,0,0,0,0,0,0,1,0,0,0,1,train
0.3333333333333333,0.3571428571428571,0.5,0.05941668262173719,0.25,0.25,1.0,1,0.0,0.0,1.0,0.0892857142857143,1.0,0.5,0.0,0.6666666666666666,0,0,0,0,0,0,0,1,0,0,0,0,0,1,train
0.0,0.10714285714285712,0.5,0.06592635139447316,0.0,0.5,1.0,0,0.5,1.0,1.0,0.14285714285714285,1.0,1.0,0.0,0.3333333333333333,0,0,0,0,0,0,0,1,0,0,0,0,0,1,train
1.0,0.19642857142857142,1.0,0.13300146786648798,0.75,0.5,0.3333333333333333,0,0.5,0.0,0.3333333333333333,0.30357142857142855,1.0,1.0,0.0,0.6666666666666666,0,1,0,0,0,0,0,0,0,0,0,0,1,0,test
0.6666666666666666,0.19642857142857142,0.25,0.4195545344310422,0.5,0.0,0.0,0,0.5,0.0,0.3333333333333333,0.26785714285714285,1.0,1.0,0.0,1.0,1,1,0,0,0,0,0,1,0,0,0,0,0,1,train
0.0,0.3571428571428571,0.5,0.07256366073138043,0.25,0.5,1.0,0,1.0,0.0,0.3333333333333333,0.16071428571428575,1.0,1.0,0.0,0.6666666666666666,0,0,0,0,0,0,0,0,0,1,0,0,0,0,train
0.0,0.625,0.5,0.5304741846958962,0.5,1.0,1.0,0,0.5,0.0,0.3333333333333333,0.46428571428571425,1.0,1.0,0.0,1.0,0,1,0,0,0,0,0,0,0,0,0,0,1,0,train
0.3333333333333333,0.14285714285714285,0.5,0.03082519624736741,0.25,0.75,1.0,0,0.5,0.0,0.3333333333333333,0.125,1.0,1.0,0.0,0.6666666666666666,0,0,0,0,0,0,0,1,0,0,0,0,0,1,test
0.0,0.5714285714285714,0.5,0.28144744399770244,0.25,0.5,0.3333333333333333,0,0.5,0.0,0.3333333333333333,0.23214285714285715,1.0,0.0,0.0,1.0,0,1,0,0,0,0,0,0,0,0,0,0,1,0,train
1.0,0.19642857142857142,0.5,0.15387070010849446,0.25,0.75,0.3333333333333333,0,0.5,0.0,1.0,0.125,1.0,0.5,0.0,0.6666666666666666,0,1,0,1,0,0,0,0,0,0,0,0,0,0,train
0.6666666666666666,0.14285714285714285,0.75,0.019720467164464864,0.25,0.5,1.0,0,1.0,0.5,1.0,0.01785714285714285,1.0,0.5,0.3333333333333333,0.6666666666666666,0,0,0,0,0,0,0,0,0,1,0,0,0,0,train
0.0,0.3571428571428571,0.5,0.12630033824749504,0.0,0.25,1.0,0,0.5,0.0,0.0,0.625,1.0,1.0,0.0,0.6666666666666666,0,0,0,0,0,0,0,1,0,0,0,0,0,0,test
0.3333333333333333,0.03571428571428571,1.0,0.021252153934520387,0.25,0.75,1.0,1,0.0,0.0,0.6666666666666667,0.32142857142857145,1.0,1.0,0.3333333333333333,0.6666666666666666,0,0,1,0,0,0,0,1,0,0,0,0,0,0,train
0.3333333333333333,0.03571428571428571,1.0,0.06924500606292679,0.25,0.25,0.3333333333333333,0,0.5,0.0,1.0,0.37499999999999994,1.0,1.0,0.0,0.3333333333333333,1,0,1,0,0,0,0,1,0,0,0,0,0,0,train
0.0,0.5714285714285714,1.0,0.43723275256876637,0.25,0.25,0.3333333333333333,1,0.0,0.0,1.0,0.07142857142857145,1.0,0.5,0.3333333333333333,0.6666666666666666,0,1,0,0,0,0,1,0,0,0,0,0,0,1,train
0.3333333333333333,0.03571428571428571,0.5,0.05916140149339459,0.5,1.0,0.6666666666666667,0,0.5,0.0,0.3333333333333333,0.42857142857142855,1.0,1.0,0.0,0.6666666666666666,0,1,0,0,0,0,0,1,0,0,0,0,0,0,train
0.0,0.03571428571428571,1.0,0.027059799604314247,0.0,1.0,1.0,0,0.5,0.0,1.0,0.30357142857142855,1.0,0.0,0.3333333333333333,0.6666666666666666,0,0,0,0,0,0,0,0,0,1,0,0,0,0,train
0.0,0.3571428571428571,1.0,0.3338438955900185,0.25,1.0,0.6666666666666667,0,0.5,0.0,1.0,0.44642857142857145,1.0,0.0,0.3333333333333333,0.6666666666666666,0,0,0,0,0,0,0,0,0,0,1,0,0,0,train
0.3333333333333333,0.24999999999999997,0.5,0.1859723019975748,0.25,0.5,0.3333333333333333,1,0.0,0.0,0.3333333333333333,0.0892857142857143,1.0,1.0,0.0,0.6666666666666666,0,0,0,0,0,0,0,0,0,1,0,0,0,1,train
0.3333333333333333,0.7857142857142857,0.0,0.43672219031208115,0.25,0.5,0.6666666666666667,0,0.5,0.0,1.0,0.6071428571428572,1.0,0.0,0.3333333333333333,0.6666666666666666,1,0,0,0,0,0,1,0,0,0,0,0,0,1,test
0.0,0.3571428571428571,0.5,0.20499074605909756,0.5,0.75,0.6666666666666667,1,0.0,0.0,1.0,0.07142857142857145,1.0,1.0,0.0,0.6666666666666666,0,0,0,0,0,0,0,0,0,0,0,0,1,0,test
0.6666666666666666,0.24999999999999997,0.5,0.053417576105686385,0.25,0.5,1.0,1,0.0,1.0,1.0,0.125,1.0,1.0,0.0,0.3333333333333333,1,0,0,0,0,0,0,0,0,1,0,0,0,0,test
0.6666666666666666,0.3928571428571428,0.5,0.490777969238624,0.25,0.25,0.3333333333333333,0,0.5,0.0,0.6666666666666667,0.19642857142857145,1.0,1.0,0.3333333333333333,0.6666666666666666,0,0,0,0,0,0,0,0,0,0,0,0,1,0,train
0.0,0.19642857142857142,1.0,0.0801582742995724,0.5,0.5,1.0,1,0.0,0.0,0.6666666666666667,0.21428571428571425,1.0,1.0,0.0,0.6666666666666666,0,0,0,0,0,1,0,0,0,0,0,0,0,0,train
0.0,0.0,1.0,0.07830748611908864,0.25,0.75,0.3333333333333333,0,0.5,0.0,0.0,0.41071428571428575,1.0,1.0,0.3333333333333333,0.3333333333333333,1,0,0,0,0,0,0,0,0,1,0,0,0,0,train
0.3333333333333333,0.5714285714285714,0.5,0.12929989150552046,0.25,0.5,1.0,0,0.0,0.0,1.0,0.21428571428571425,1.0,0.5,0.0,0.6666666666666666,0,0,0,0,0,0,0,0,0,1,0,0,0,1,test
0.3333333333333333,0.03571428571428571,0.5,0.02463462888505967,0.25,0.25,0.6666666666666667,0,0.5,0.0,1.0,0.39285714285714285,1.0,1.0,0.0,0.3333333333333333,1,1,0,0,0,0,0,1,0,0,0,0,0,0,train
0.6666666666666666,0.5714285714285714,0.5,0.12744910332503667,0.25,0.75,0.6666666666666667,0,0.5,0.0,0.0,0.23214285714285715,1.0,1.0,0.3333333333333333,0.6666666666666666,1,0,0,0,0,1,0,0,0,0,0,0,0,0,train
0.6666666666666666,0.19642857142857142,0.5,0.15029676431169825,0.5,0.5,0.3333333333333333,1,0.0,0.0,1.0,0.16071428571428575,1.0,0.5,0.3333333333333333,0.6666666666666666,0,1,0,0,0,0,0,1,0,0,0,0,0,1,val
0.0,0.14285714285714285,0.75,0.07830748611908864,0.25,0.5,1.0,0,1.0,0.0,1.0,0.39285714285714285,1.0,0.5,0.0,0.6666666666666666,0,0,0,0,0,0,0,0,0,0,0,0,1,0,test
0.0,0.3571428571428571,0.5,0.06605399195864445,0.5,0.75,1.0,0,1.0,0.0,0.6666666666666667,0.125,1.0,1.0,0.0,0.6666666666666666,0,1,0,0,0,0,0,0,0,1,0,0,0,0,train
0.0,0.3571428571428571,0.5,0.18054757802029486,0.0,0.25,1.0,0,0.5,0.0,0.3333333333333333,0.10714285714285715,1.0,1.0,0.3333333333333333,0.6666666666666666,0,0,0,0,0,0,0,0,0,1,0,0,0,0,test
1.0,0.3035714285714286,1.0,0.13038483630097641,0.25,0.25,0.3333333333333333,0,0.0,0.0,0.0,0.25000000000000006,1.0,0.5,0.0,0.6666666666666666,0,0,0,0,0,1,0,0,0,0,0,0,0,1,train
0.3333333333333333,0.03571428571428571,0.5,0.0700746697300402,0.0,0.0,1.0,1,0.0,0.0,0.6666666666666667,1.0,1.0,1.0,0.0,1.0,0,1,0,0,0,0,0,1,0,0,0,0,0,0,train
0.6666666666666666,0.24999999999999997,1.0,0.21290446103771776,0.25,1.0,0.6666666666666667,1,0.0,0.0,1.0,0.32142857142857145,1.0,1.0,0.0,0.6666666666666666,0,1,0,0,0,0,1,0,0,0,0,0,0,0,test
0.3333333333333333,0.7857142857142857,0.5,0.4778224519752377,0.25,1.0,1.0,0,0.5,0.0,1.0,0.41071428571428575,0.0,0.0,0.0,1.0,0,0,0,0,0,0,0,1,0,0,0,0,0,1,train
1.0,0.24999999999999997,0.5,0.1769736422234986,0.25,0.25,0.0,1,0.0,0.0,0.0,0.46428571428571425,0.5,1.0,0.0,0.3333333333333333,0,0,0,0,0,0,1,0,0,0,0,0,0,0,train
0.6666666666666666,0.14285714285714285,0.5,0.08028591486374369,0.25,0.25,0.0,0,1.0,0.0,0.0,0.07142857142857145,1.0,0.5,0.0,0.6666666666666666,0,0,0,0,0,0,0,0,0,1,0,0,0,1,train
0.0,0.3571428571428571,0.75,0.1120684153423958,0.25,1.0,1.0,0,0.5,0.0,1.0,0.7321428571428572,1.0,0.0,0.3333333333333333,0.6666666666666666,0,1,0,0,0,0,0,1,0,0,0,0,0,0,test
0.3333333333333333,0.4642857142857143,0.5,0.38764439338821877,0.0,1.0,1.0,0,0.5,0.0,1.0,0.21428571428571425,1.0,1.0,0.0,0.6666666666666666,0,0,0,0,0,0,1,0,0,0,0,0,0,1,test
1.0,0.24999999999999997,0.5,0.16516689003765395,0.25,0.5,0.3333333333333333,0,0.5,0.0,0.0,0.26785714285714285,1.0,1.0,0.0,0.3333333333333333,1,0,0,0,0,0,1,0,0,0,0,0,0,1,train
0.0,0.14285714285714285,1.0,0.062480056161848235,0.25,1.0,1.0,0,0.5,0.0,1.0,0.75,1.0,1.0,0.3333333333333333,0.3333333333333333,0,0,0,0,0,0,0,1,0,0,0,0,0,0,test
0.3333333333333333,0.3571428571428571,0.75,0.06745803816452868,0.25,0.0,1.0,0,0.5,0.0,0.3333333333333333,0.42857142857142855,1.0,0.0,0.3333333333333333,0.6666666666666666,1,0,0,0,0,0,0,1,0,0,0,0,0,1,train
0.0,0.3571428571428571,1.0,0.11143021252153933,0.25,0.5,1.0,1,0.0,0.0,1.0,0.32142857142857145,1.0,1.0,0.0,0.6666666666666666,0,1,0,0,0,0,0,1,0,0,0,0,0,0,train
0.0,0.3571428571428571,0.5,0.08143467994128534,0.25,0.75,0.6666666666666667,0,0.5,0.0,0.0,0.23214285714285715,0.0,1.0,0.0,0.6666666666666666,1,0,0,0,0,0,0,0,0,1,0,0,0,0,val
0.3333333333333333,0.14285714285714285,0.25,0.022337098729976385,0.25,0.5,1.0,1,0.0,0.0,1.0,0.0892857142857143,0.0,1.0,0.0,0.3333333333333333,0,0,0,0,0,0,0,0,0,1,0,0,0,1,test
0.0,0.7857142857142857,1.0,0.547705660859021,0.0,0.75,0.3333333333333333,0,0.5,0.0,0.0,0.28571428571428575,1.0,0.0,0.3333333333333333,0.6666666666666666,0,1,0,0,0,0,0,0,0,0,0,0,1,0,train
0.0,0.14285714285714285,1.0,0.04595060310166571,0.0,0.75,1.0,1,0.0,0.0,1.0,0.07142857142857145,1.0,1.0,0.3333333333333333,0.6666666666666666,0,0,0,0,0,0,0,0,0,0,1,0,0,0,val
0.0,0.03571428571428571,0.25,0.0940710957942434,0.75,1.0,0.3333333333333333,0,0.5,0.0,1.0,0.46428571428571425,0.0,1.0,0.0,0.3333333333333333,1,0,0,0,0,0,0,0,0,1,0,0,0,0,test
0.3333333333333333,0.7857142857142857,0.5,0.42906375646180356,0.25,0.75,0.0,0,1.0,1.0,0.0,0.26785714285714285,1.0,1.0,0.3333333333333333,0.6666666666666666,0,1,0,0,0,0,0,0,0,1,0,0,0,1,train
0.6666666666666666,0.14285714285714285,1.0,0.10970706490522687,0.5,0.25,1.0,0,0.5,0.0,0.0,0.14285714285714285,1.0,1.0,0.0,0.6666666666666666,0,0,0,0,0,0,0,1,0,0,0,0,0,0,train
0.6666666666666666,0.08928571428571427,0.5,0.05890612036505201,0.25,0.75,1.0,1,0.0,0.0,1.0,0.8571428571428572,1.0,1.0,0.3333333333333333,1.0,0,1,0,0,0,1,0,0,0,0,0,0,0,0,train
0.6666666666666666,0.14285714285714285,0.5,0.06733039760035739,0.25,0.25,0.3333333333333333,0,0.5,0.0,0.0,0.0535714285714286,0.5,1.0,0.0,0.6666666666666666,0,0,0,0,0,0,0,0,0,1,0,0,0,1,train
0.6666666666666666,0.24999999999999997,0.0,0.1277682047354649,0.5,0.25,0.6666666666666667,1,0.0,0.0,0.6666666666666667,0.16071428571428575,1.0,1.0,0.3333333333333333,0.6666666666666666,0,0,0,0,0,0,0,1,0,0,0,0,0,1,train
0.0,0.3035714285714286,0.0,0.3016784734188525,0.0,0.5,0.0,1,0.0,0.0,1.0,0.17857142857142855,0.0,1.0,0.3333333333333333,0.6666666666666666,0,1,0,0,0,0,0,1,0,0,0,0,0,1,train
0.3333333333333333,0.3571428571428571,0.25,0.20907524411257894,0.25,0.75,0.6666666666666667,0,0.5,0.0,1.0,0.14285714285714285,0.0,1.0,0.0,0.6666666666666666,0,0,0,0,0,0,1,0,0,0,0,0,0,1,train
0.6666666666666666,0.24999999999999997,1.0,0.10543110600548854,0.25,0.25,0.3333333333333333,0,0.5,0.0,0.3333333333333333,0.21428571428571425,1.0,1.0,0.3333333333333333,0.3333333333333333,0,0,0,0,0,0,1,0,0,0,0,0,0,1,train
0.3333333333333333,0.3571428571428571,0.5,0.17154891824621865,0.0,1.0,1.0,0,0.5,0.0,1.0,0.5357142857142858,0.0,0.0,0.0,0.6666666666666666,1,1,0,0,0,0,0,0,0,0,0,0,1,0,train
0.3333333333333333,0.3571428571428571,0.25,0.08105175824877145,0.25,0.75,1.0,0,0.5,1.0,1.0,0.0892857142857143,0.0,0.5,0.0,0.3333333333333333,0,0,0,0,0,0,0,0,0,1,0,0,0,1,train
1.0,0.03571428571428571,0.75,0.02597485480885825,0.25,0.25,0.3333333333333333,1,0.0,0.0,0.0,0.17857142857142855,0.0,1.0,0.0,0.6666666666666666,0,0,0,0,0,0,0,0,0,1,0,0,0,0,test
0.6666666666666666,0.5714285714285714,0.5,0.7730550769034398,0.0,0.5,0.0,0,0.5,0.0,1.0,0.32142857142857145,1.0,0.0,0.0,0.6666666666666666,0,1,0,0,0,0,0,1,0,0,0,0,0,1,test
0.6666666666666666,0.3571428571428571,0.75,0.2831067713319293,0.0,0.5,1.0,0,0.5,0.0,0.3333333333333333,0.32142857142857145,0.0,1.0,0.3333333333333333,1.0,0,1,0,1,0,0,0,0,0,0,0,0,0,0,train
0.6666666666666666,0.3571428571428571,0.75,0.08149850022337098,0.5,0.75,0.6666666666666667,1,0.0,0.0,0.3333333333333333,0.07142857142857145,1.0,0.5,0.3333333333333333,0.6666666666666666,0,1,0,0,0,0,0,0,0,1,0,0,0,0,train
0.3333333333333333,0.14285714285714285,0.5,0.06994702916586891,0.25,0.75,0.3333333333333333,0,0.0,0.0,0.6666666666666667,0.30357142857142855,1.0,1.0,0.0,0.6666666666666666,0,0,0,0,0,0,0,1,0,0,0,0,0,1,train
0.0,0.3571428571428571,1.0,0.14691428936115897,1.0,1.0,0.3333333333333333,0,0.5,0.0,0.3333333333333333,0.26785714285714285,1.0,1.0,0.0,0.6666666666666666,0,0,0,0,0,0,0,0,0,1,0,0,0,0,train
0.6666666666666666,0.7857142857142857,0.5,0.23632650456315019,0.0,0.75,1.0,0,0.5,0.0,0.0,0.39285714285714285,1.0,1.0,0.3333333333333333,0.6666666666666666,1,1,0,0,0,0,0,0,0,1,0,0,0,0,train
0.3333333333333333,0.7857142857142857,0.5,0.41368306847916264,0.25,0.5,0.6666666666666667,1,0.0,0.0,0.3333333333333333,0.21428571428571425,1.0,1.0,0.0,0.6666666666666666,0,1,0,0,0,0,0,0,0,1,0,0,0,1,train
0.3333333333333333,0.3571428571428571,0.5,0.1887803944093433,0.25,0.25,1.0,1,0.0,0.0,1.0,0.07142857142857145,1.0,0.5,0.0,0.3333333333333333,0,1,0,0,0,0,1,0,0,0,0,0,0,1,test
0.0,0.4642857142857143,1.0,0.3623715616823026,0.25,0.75,0.6666666666666667,0,0.5,0.5,0.3333333333333333,0.33928571428571425,1.0,1.0,0.0,0.6666666666666666,0,0,0,0,0,0,0,0,0,1,0,0,0,0,test
0.0,0.3571428571428571,0.5,0.32912119471568063,0.0,0.0,0.3333333333333333,1,0.0,0.0,1.0,0.125,1.0,0.5,0.0,1.0,0,1,0,0,0,0,0,0,0,0,0,0,1,0,train
0.3333333333333333,0.19642857142857142,0.5,0.03382474950539281,0.25,0.5,1.0,1,0.0,0.0,1.0,0.0535714285714286,1.0,1.0,0.0,0.3333333333333333,0,0,0,1,0,0,0,0,0,0,0,0,0,0,train
0.6666666666666666,0.08928571428571427,0.5,0.051439147361031334,0.25,1.0,1.0,0,0.5,0.0,1.0,0.14285714285714285,1.0,1.0,0.3333333333333333,0.3333333333333333,0,0,0,0,0,0,0,0,0,1,0,0,0,0,val
0.0,0.19642857142857142,1.0,0.1603165485991448,0.25,0.75,0.3333333333333333,1,0.0,0.5,0.6666666666666667,0.0892857142857143,0.0,1.0,0.3333333333333333,0.6666666666666666,0,0,0,0,0,0,1,0,0,0,0,0,0,0,train
0.6666666666666666,0.14285714285714285,0.5,0.16937902865530663,0.25,0.75,0.3333333333333333,1,0.0,0.0,0.0,0.14285714285714285,1.0,1.0,0.0,0.6666666666666666,0,0,0,0,0,0,0,0,0,1,0,0,0,0,train
0.0,0.3571428571428571,1.0,0.10536728572340288,0.0,0.5,0.6666666666666667,1,0.0,0.0,0.3333333333333333,0.25000000000000006,1.0,1.0,0.3333333333333333,0.6666666666666666,0,1,0,0,0,1,0,0,0,0,0,0,0,0,train
0.6666666666666666,0.5714285714285714,1.0,0.1623587976258855,0.25,0.25,1.0,0,0.0,0.0,1.0,0.14285714285714285,1.0,1.0,0.3333333333333333,0.6666666666666666,0,0,0,0,0,0,0,1,0,0,0,0,0,1,train
0.0,0.3571428571428571,0.5,0.04218520645861255,0.25,0.25,1.0,0,1.0,0.0,0.6666666666666667,0.14285714285714285,1.0,1.0,0.3333333333333333,0.3333333333333333,0,0,0,0,0,0,0,0,0,0,0,1,0,0,test
0.6666666666666666,0.24999999999999997,1.0,0.04977982002680452,0.25,1.0,0.6666666666666667,0,0.5,1.0,0.6666666666666667,0.19642857142857145,0.0,1.0,0.3333333333333333,0.6666666666666666,0,0,0,0,0,0,0,1,0,0,0,0,0,1,train
0.6666666666666666,0.14285714285714285,1.0,0.18176016337992212,0.25,0.25,0.0,0,0.5,0.0,0.6666666666666667,0.5357142857142858,0.0,1.0,0.3333333333333333,0.3333333333333333,1,0,0,0,0,0,0,1,0,0,0,0,0,0,train
0.0,0.08928571428571427,0.5,0.07096815367923925,0.25,0.5,1.0,1,0.0,0.0,0.3333333333333333,0.125,1.0,0.5,0.0,0.6666666666666666,0,0,0,0,0,0,1,0,0,0,0,0,0,0,train
0.6666666666666666,0.5714285714285714,0.5,0.13453315463654347,0.25,0.25,1.0,0,0.5,0.0,0.0,0.25000000000000006,1.0,0.5,0.0,0.3333333333333333,0,0,0,0,0,0,0,0,0,0,1,0,0,1,train
0.0,0.14285714285714285,0.5,0.11851426383304613,0.0,1.0,1.0,1,0.0,0.0,1.0,0.5892857142857142,1.0,0.0,0.0,1.0,0,1,0,0,0,0,0,1,0,0,0,0,0,0,train
0.3333333333333333,0.24999999999999997,0.5,0.11251515731699534,0.25,0.5,0.0,1,0.0,0.0,1.0,0.01785714285714285,0.0,0.5,0.0,0.6666666666666666,0,0,0,0,0,0,1,0,0,0,0,0,0,1,train
0.3333333333333333,0.08928571428571427,1.0,0.1610185717020869,0.25,0.5,0.3333333333333333,0,0.5,0.0,0.3333333333333333,0.30357142857142855,1.0,0.5,0.3333333333333333,0.6666666666666666,1,0,0,0,0,0,0,1,0,0,0,0,0,0,train
0.3333333333333333,0.14285714285714285,0.5,0.06464994575276022,0.25,0.5,1.0,0,0.5,1.0,0.0,0.035714285714285754,1.0,1.0,0.0,0.3333333333333333,0,0,0,0,0,0,1,0,0,0,0,0,0,0,test
0.3333333333333333,0.24999999999999997,0.5,0.06005488544259366,0.25,0.5,1.0,0,1.0,0.0,0.6666666666666667,0.49999999999999994,1.0,1.0,0.0,0.3333333333333333,0,1,0,0,1,0,0,0,0,0,0,0,0,1,train
0.3333333333333333,0.14285714285714285,1.0,0.12572595570872425,0.25,1.0,0.6666666666666667,0,0.5,0.0,0.6666666666666667,0.7321428571428572,1.0,1.0,0.3333333333333333,0.6666666666666666,0,0,0,0,0,0,1,0,0,0,0,0,0,1,train
0.3333333333333333,0.14285714285714285,1.0,0.006956410747335502,0.25,0.75,1.0,1,0.0,0.0,0.6666666666666667,0.6964285714285714,1.0,1.0,1.0,0.3333333333333333,0,1,0,0,0,0,0,0,0,1,0,0,0,0,train
0.6666666666666666,0.3571428571428571,0.75,0.10779245644265746,0.0,0.5,1.0,1,0.0,0.0,1.0,0.41071428571428575,1.0,0.5,0.3333333333333333,0.6666666666666666,0,1,0,0,0,0,0,1,0,0,0,0,0,0,train
0.0,0.3035714285714286,0.5,0.08271108558299826,1.0,1.0,1.0,1,0.0,0.0,1.0,0.30357142857142855,0.0,1.0,0.0,0.3333333333333333,0,0,0,1,0,0,0,0,0,0,0,0,0,0,train
0.6666666666666666,0.3571428571428571,0.5,0.1558491288531495,0.25,0.5,0.6666666666666667,1,0.0,0.0,1.0,0.01785714285714285,1.0,0.5,0.0,0.3333333333333333,0,1,0,0,0,0,0,1,0,0,0,0,0,1,train
0.3333333333333333,0.3571428571428571,0.25,0.06905354521666986,0.0,1.0,1.0,0,0.5,0.0,0.6666666666666667,0.37499999999999994,0.5,1.0,0.0,1.0,0,1,0,0,0,0,0,0,1,0,0,0,0,1,test
0.6666666666666666,0.03571428571428571,0.25,0.041802284766098666,0.5,0.25,0.0,1,0.0,0.0,0.0,0.23214285714285715,0.5,1.0,0.0,0.3333333333333333,0,0,0,0,0,0,0,1,0,0,0,0,0,1,train
0.3333333333333333,0.3571428571428571,0.5,0.07441444891186419,0.25,0.75,1.0,1,0.0,0.0,1.0,0.07142857142857145,1.0,0.5,0.3333333333333333,0.6666666666666666,0,0,0,0,0,0,0,1,0,0,0,0,0,1,val
0.6666666666666666,0.3571428571428571,0.0,0.2530474184695896,0.25,0.5,0.0,0,0.5,0.0,1.0,0.30357142857142855,1.0,1.0,0.6666666666666667,0.3333333333333333,0,1,0,1,0,0,0,0,0,0,0,0,0,1,train
0.0,0.24999999999999997,1.0,0.1594868849320314,0.25,0.75,0.3333333333333333,0,0.5,0.0,0.3333333333333333,0.21428571428571425,0.0,1.0,0.3333333333333333,0.6666666666666666,0,0,0,0,0,0,0,1,0,0,0,0,0,1,test
0.0,0.3571428571428571,0.75,0.22892335184121515,0.25,0.5,0.0,0,0.5,0.0,0.3333333333333333,0.23214285714285715,1.0,0.0,0.0,0.6666666666666666,0,0,0,1,0,0,0,0,0,0,0,0,0,0,train
0.6666666666666666,0.053571428571428575,0.5,0.13102303912183288,0.25,0.25,0.0,1,0.0,1.0,0.0,0.46428571428571425,1.0,1.0,0.0,0.6666666666666666,0,0,0,0,0,0,0,0,0,1,0,0,0,0,train
0.6666666666666666,0.08928571428571427,0.5,0.04097262109898525,0.25,0.5,1.0,1,0.0,0.0,0.0,0.19642857142857145,1.0,1.0,0.0,0.6666666666666666,0,0,0,0,0,0,1,0,0,0,0,0,0,1,train
0.6666666666666666,0.3571428571428571,0.25,0.09962346033569468,0.25,0.75,1.0,1,0.0,0.0,1.0,0.26785714285714285,0.0,0.0,0.0,0.3333333333333333,0,0,0,0,0,1,0,0,0,0,0,0,0,1,train
0.0,0.5714285714285714,0.5,0.19611972684919265,0.25,0.5,1.0,1,0.0,0.0,0.3333333333333333,0.16071428571428575,1.0,1.0,0.0,1.0,0,1,0,0,0,0,1,0,0,0,0,0,0,1,train
1.0,0.10714285714285712,0.5,0.06375646180356116,0.25,0.25,1.0,1,0.0,0.0,0.3333333333333333,0.07142857142857145,1.0,1.0,0.0,0.6666666666666666,0,0,0,0,0,0,1,0,0,0,0,0,0,0,train
0.3333333333333333,0.3571428571428571,0.25,0.16286935988257067,0.75,0.5,1.0,0,0.5,0.0,1.0,0.0535714285714286,0.5,1.0,0.0,0.6666666666666666,0,1,0,0,0,0,1,0,0,0,0,0,0,0,train
0.0,0.3571428571428571,1.0,0.27123619886399897,0.25,0.5,0.6666666666666667,0,0.5,0.0,0.3333333333333333,0.9821428571428572,1.0,1.0,0.0,1.0,0,1,0,1,0,0,0,0,0,0,0,0,0,0,train
0.6666666666666666,0.5714285714285714,0.5,0.15284957559512413,0.5,0.5,1.0,1,0.0,0.5,1.0,0.5535714285714286,1.0,0.0,0.0,0.6666666666666666,0,0,0,0,0,0,0,0,0,1,0,0,0,1,val
0.0,0.24999999999999997,0.5,0.11328100070202309,0.25,0.25,1.0,0,0.5,0.0,0.0,0.25000000000000006,1.0,1.0,0.0,0.6666666666666666,0,0,0,0,0,0,0,0,0,1,0,0,0,0,test
0.0,0.19642857142857142,0.5,0.06535196885570234,0.0,1.0,1.0,0,0.5,0.0,1.0,0.46428571428571425,0.0,0.0,0.0,0.6666666666666666,1,0,0,0,0,0,0,0,0,0,0,0,1,0,train
0.3333333333333333,0.14285714285714285,0.5,0.029676431169825768,0.5,0.0,1.0,1,0.0,0.0,0.6666666666666667,0.0535714285714286,1.0,1.0,0.0,0.6666666666666666,0,0,0,0,1,0,0,0,0,0,0,0,0,1,val
1.0,0.10714285714285712,0.5,0.06152275193056353,0.5,1.0,0.0,1,0.0,0.0,1.0,0.5178571428571428,1.0,0.0,0.0,0.3333333333333333,1,0,0,0,0,0,0,1,0,0,0,0,0,1,train
0.3333333333333333,0.3035714285714286,0.5,0.19663028910587782,1.0,0.25,1.0,1,0.0,0.0,0.3333333333333333,0.17857142857142855,0.0,1.0,0.0,0.6666666666666666,0,0,0,0,0,0,0,0,0,1,0,0,0,0,val
0.3333333333333333,0.3571428571428571,0.25,0.2141808666794307,0.25,0.5,0.0,1,0.0,1.0,1.0,0.0535714285714286,0.0,0.5,0.0,0.6666666666666666,0,0,1,0,0,0,0,0,0,0,0,0,1,0,val
0.0,0.24999999999999997,0.75,0.09777267215521092,0.25,0.75,1.0,1,0.0,0.0,0.0,0.0535714285714286,1.0,1.0,0.0,0.6666666666666666,0,0,0,0,0,0,1,0,0,0,0,0,0,1,train
0.6666666666666666,0.7857142857142857,0.0,0.7612483247175952,0.0,0.5,0.3333333333333333,0,0.5,0.0,0.3333333333333333,0.5178571428571428,0.0,1.0,0.0,1.0,0,1,0,1,0,0,0,0,0,0,0,0,0,0,val
0.6666666666666666,1.0,0.75,0.5667879252026293,0.0,0.5,0.3333333333333333,0,0.5,0.0,0.3333333333333333,0.14285714285714285,1.0,0.0,0.0,1.0,0,0,0,0,0,0,0,0,0,1,0,0,0,0,train
0.3333333333333333,0.03571428571428571,1.0,0.2169889590911992,0.25,0.5,0.0,0,0.5,0.0,0.6666666666666667,0.32142857142857145,1.0,0.5,0.6666666666666667,0.6666666666666666,1,0,0,0,0,0,0,1,0,0,0,0,0,0,train
0.6666666666666666,0.4642857142857143,0.5,0.2019911928010722,0.5,0.5,0.3333333333333333,1,0.0,0.5,1.0,0.035714285714285754,1.0,0.5,0.0,0.6666666666666666,0,0,0,0,0,0,1,0,0,0,0,0,0,1,train
0.0,0.14285714285714285,0.5,0.023230582679175438,0.25,0.5,1.0,0,0.0,0.0,0.3333333333333333,0.5357142857142858,1.0,1.0,0.0,0.3333333333333333,0,0,0,0,0,0,0,1,0,0,0,0,0,0,train
0.6666666666666666,0.3035714285714286,1.0,0.21545727232114364,0.25,0.75,0.3333333333333333,0,0.5,0.0,0.6666666666666667,0.14285714285714285,1.0,1.0,0.3333333333333333,0.6666666666666666,0,0,0,1,0,0,0,0,0,0,0,0,0,0,test
0.0,0.24999999999999997,1.0,0.0800306337354011,0.25,0.5,0.6666666666666667,0,0.5,0.0,0.3333333333333333,0.23214285714285715,0.0,1.0,0.3333333333333333,0.6666666666666666,0,0,0,0,0,0,0,1,0,0,0,0,0,1,train
0.0,0.7857142857142857,0.5,0.23217818622758313,0.0,0.5,1.0,0,0.0,0.0,0.3333333333333333,0.33928571428571425,0.0,1.0,0.0,0.6666666666666666,0,0,0,1,0,0,0,0,0,0,0,0,0,1,train
0.3333333333333333,0.14285714285714285,0.5,0.10096368625949326,0.25,0.25,1.0,1,0.0,0.0,0.0,0.0535714285714286,1.0,0.5,0.0,0.6666666666666666,0,0,0,0,0,0,1,0,0,0,0,0,0,0,train
0.3333333333333333,0.24999999999999997,0.5,0.1483183355670432,0.25,0.5,1.0,0,0.5,0.0,1.0,0.8214285714285714,1.0,0.0,0.3333333333333333,0.6666666666666666,0,0,0,0,0,0,0,0,0,1,0,0,0,1,train
0.0,0.19642857142857142,0.5,0.10868594039185651,0.0,1.0,1.0,0,0.5,0.0,0.3333333333333333,0.28571428571428575,1.0,1.0,0.0,0.6666666666666666,0,0,0,0,0,0,0,0,0,1,0,0,0,0,train
1.0,0.03571428571428571,0.5,0.11742931903759014,0.25,0.5,0.3333333333333333,0,0.5,0.0,0.3333333333333333,0.39285714285714285,1.0,1.0,0.0,0.6666666666666666,0,1,0,0,0,0,1,0,0,0,0,0,0,0,val
0.6666666666666666,0.08928571428571427,0.25,0.07409534750143595,0.5,0.75,0.3333333333333333,0,0.5,0.0,0.6666666666666667,0.17857142857142855,1.0,1.0,0.0,0.6666666666666666,0,0,0,0,0,0,0,1,0,0,0,0,0,1,train
0.0,0.6785714285714286,1.0,0.24034718233454594,0.75,0.5,1.0,0,0.5,0.0,1.0,0.30357142857142855,1.0,1.0,0.3333333333333333,0.6666666666666666,0,1,0,0,0,0,1,0,0,0,0,0,0,0,train
0.0,0.08928571428571427,0.5,0.22694492309656006,0.0,1.0,0.0,0,0.5,0.0,1.0,0.8035714285714286,1.0,1.0,0.0,0.3333333333333333,0,0,0,0,0,1,0,0,0,0,0,0,0,0,train
0.3333333333333333,0.3571428571428571,0.5,0.2159678345778288,0.25,0.5,0.3333333333333333,1,0.0,0.0,1.0,0.16071428571428575,1.0,1.0,0.0,0.6666666666666666,0,0,0,0,0,0,0,0,0,1,0,0,0,0,train
0.3333333333333333,0.24999999999999997,0.25,0.08149850022337098,0.25,0.5,1.0,0,0.5,0.0,0.6666666666666667,0.44642857142857145,0.0,1.0,0.0,0.6666666666666666,0,0,0,0,0,0,1,0,0,0,0,0,0,1,train
0.6666666666666666,0.19642857142857142,0.5,0.07454208947603548,0.0,0.25,1.0,0,0.5,0.0,0.0,0.07142857142857145,1.0,1.0,0.0,0.6666666666666666,0,0,0,0,0,0,0,0,0,1,0,0,0,0,train
0.0,0.08928571428571427,0.5,0.10874976067394217,0.25,0.25,0.3333333333333333,1,0.0,0.5,0.3333333333333333,0.0,1.0,0.5,0.3333333333333333,0.6666666666666666,0,0,0,0,0,0,1,0,0,0,0,0,0,1,train
0.6666666666666666,0.3571428571428571,0.5,0.06886208437041291,0.25,0.25,0.6666666666666667,1,0.0,0.0,1.0,0.10714285714285715,1.0,1.0,0.0,0.3333333333333333,0,1,0,0,0,0,0,1,0,0,0,0,0,1,train
0.0,0.14285714285714285,0.5,0.07128725508966749,0.25,1.0,1.0,0,0.5,0.0,1.0,0.49999999999999994,0.0,1.0,0.6666666666666667,0.6666666666666666,1,1,0,0,0,1,0,0,0,0,0,0,0,0,train
0.0,0.3571428571428571,0.5,0.07020231029421149,0.75,0.75,1.0,1,0.0,0.0,0.0,0.16071428571428575,1.0,1.0,0.0,0.6666666666666666,0,0,0,0,0,0,0,0,0,1,0,0,0,0,train
0.0,1.0,0.75,0.981364477630991,0.25,0.75,0.3333333333333333,0,0.5,0.0,1.0,0.035714285714285754,1.0,1.0,0.3333333333333333,0.6666666666666666,0,1,0,0,0,0,0,0,0,1,0,0,0,0,val
0.0,0.14285714285714285,0.5,0.07766928329823217,0.25,0.25,1.0,1,0.0,0.0,0.6666666666666667,0.26785714285714285,1.0,1.0,0.0,0.6666666666666666,1,0,0,0,0,0,0,0,0,1,0,0,0,0,train
0.3333333333333333,0.6785714285714286,0.75,0.26128023485863805,0.25,0.75,0.6666666666666667,0,0.5,0.0,0.3333333333333333,0.125,0.0,1.0,0.3333333333333333,0.6666666666666666,1,1,0,0,0,0,0,0,0,1,0,0,0,1,train
0.3333333333333333,0.24999999999999997,0.5,0.030250813708596593,0.25,0.0,1.0,1,0.0,0.0,0.0,0.14285714285714285,1.0,1.0,0.0,0.0,0,0,0,0,0,1,0,0,0,0,0,0,0,1,train
0.6666666666666666,0.19642857142857142,0.5,0.06586253111238752,0.25,1.0,1.0,0,0.5,0.0,1.0,0.33928571428571425,1.0,1.0,0.3333333333333333,0.3333333333333333,0,0,0,0,0,0,0,0,0,0,1,0,0,0,train
0.0,0.19642857142857142,0.5,0.27742676622630674,0.5,0.5,0.6666666666666667,0,0.5,0.0,0.3333333333333333,0.37499999999999994,1.0,1.0,0.0,1.0,0,1,0,0,0,1,0,0,0,0,0,0,0,1,train
0.0,0.3571428571428571,1.0,0.10051694428489373,0.25,0.75,1.0,0,1.0,1.0,0.3333333333333333,0.25000000000000006,1.0,1.0,0.3333333333333333,0.6666666666666666,0,1,0,0,0,0,0,0,0,1,0,0,0,0,train
0.3333333333333333,0.24999999999999997,1.0,0.10236773246537749,0.25,0.75,1.0,0,1.0,0.0,0.0,0.23214285714285715,1.0,1.0,0.3333333333333333,1.0,0,1,0,0,0,0,0,0,0,1,0,0,0,0,train
0.0,0.5714285714285714,0.75,0.49167145318782307,0.0,0.25,1.0,0,0.5,0.0,1.0,0.14285714285714285,1.0,0.5,0.3333333333333333,0.6666666666666666,0,1,0,1,0,0,0,0,0,0,0,0,0,1,train
0.3333333333333333,0.4642857142857143,0.0,0.27487395494288086,0.25,0.5,0.3333333333333333,0,0.0,1.0,0.3333333333333333,0.23214285714285715,1.0,1.0,0.3333333333333333,0.6666666666666666,0,0,0,0,0,0,1,0,0,0,0,0,0,0,train
0.0,0.14285714285714285,0.5,0.07084051311506796,0.75,0.5,0.3333333333333333,1,0.0,0.0,0.3333333333333333,0.125,1.0,1.0,0.0,0.6666666666666666,0,0,0,0,0,0,0,1,0,0,0,0,0,1,test
1.0,0.3571428571428571,0.5,0.04282340927946901,0.25,0.75,1.0,0,0.5,0.0,0.6666666666666667,0.33928571428571425,0.0,0.0,0.0,0.6666666666666666,1,0,0,0,0,0,0,1,0,0,0,0,0,1,train
0.3333333333333333,0.14285714285714285,0.5,0.026038675090943902,0.25,0.5,1.0,0,0.5,0.0,1.0,0.37499999999999994,1.0,0.5,0.0,0.3333333333333333,1,0,0,0,0,1,0,0,0,0,0,0,0,1,train
0.3333333333333333,0.7857142857142857,0.5,0.4595060310166571,0.25,0.75,1.0,0,0.5,0.0,0.0,0.5535714285714286,1.0,0.0,0.0,1.0,0,1,0,0,0,1,0,0,0,0,0,0,0,0,val
0.6666666666666666,0.14285714285714285,0.5,0.10504818431297466,0.25,0.5,1.0,0,0.5,0.0,0.3333333333333333,0.32142857142857145,1.0,1.0,0.0,0.3333333333333333,0,0,0,0,0,0,1,0,0,0,0,0,0,1,train
0.3333333333333333,0.3571428571428571,0.5,0.12936371178760608,0.25,1.0,1.0,0,0.5,0.5,0.0,0.46428571428571425,1.0,1.0,0.0,0.6666666666666666,0,0,0,0,0,0,0,1,0,0,0,0,0,1,train
0.6666666666666666,0.5714285714285714,0.75,0.49843640308890164,0.5,1.0,0.3333333333333333,0,0.5,0.0,1.0,0.41071428571428575,1.0,1.0,1.0,1.0,0,1,0,0,0,0,0,1,0,0,0,0,0,1,test
0.0,0.3571428571428571,1.0,0.1321079839172889,0.25,0.75,1.0,0,0.5,0.0,0.6666666666666667,0.28571428571428575,1.0,1.0,0.3333333333333333,0.6666666666666666,0,1,0,0,0,0,0,0,0,0,0,0,1,0,train
0.3333333333333333,0.17857142857142858,0.5,0.23594358287063627,0.25,0.0,0.0,0,0.5,0.0,1.0,0.0535714285714286,1.0,0.0,0.0,0.6666666666666666,0,0,0,0,0,0,0,1,0,0,0,0,0,0,train
0.6666666666666666,0.14285714285714285,0.5,0.03905801263641585,0.25,1.0,1.0,0,0.5,0.0,1.0,0.39285714285714285,0.0,1.0,0.0,0.3333333333333333,1,0,0,0,0,0,0,1,0,0,0,0,0,1,train
0.0,0.7857142857142857,0.5,0.6347565256238432,0.0,0.75,1.0,0,0.5,0.0,0.6666666666666667,0.32142857142857145,0.5,1.0,0.0,0.6666666666666666,0,1,0,0,0,0,0,0,0,1,0,0,0,0,test
0.6666666666666666,0.4642857142857143,0.0,0.2517710128278767,0.25,0.5,0.3333333333333333,1,0.0,0.0,0.0,0.16071428571428575,1.0,1.0,0.3333333333333333,0.6666666666666666,0,0,0,1,0,0,0,0,0,0,0,0,0,0,test
0.6666666666666666,0.24999999999999997,1.0,0.38834641649116086,0.25,1.0,0.3333333333333333,0,0.5,0.0,0.0,0.39285714285714285,1.0,1.0,0.0,0.6666666666666666,0,1,0,0,0,0,1,0,0,0,0,0,0,0,train
1.0,0.14285714285714285,0.5,0.0651605080094454,0.25,0.5,0.6666666666666667,0,1.0,0.0,1.0,0.07142857142857145,1.0,0.5,0.0,0.6666666666666666,0,0,0,0,0,0,0,0,0,1,0,0,0,0,train
0.3333333333333333,0.14285714285714285,0.5,0.03982385602144361,0.0,0.5,1.0,0,1.0,0.0,0.3333333333333333,0.07142857142857145,1.0,1.0,0.0,0.6666666666666666,0,0,0,0,0,0,0,1,0,0,0,0,0,1,train
0.0,0.3035714285714286,0.5,0.125406854298296,0.25,1.0,1.0,0,0.5,0.0,0.3333333333333333,0.5535714285714286,1.0,1.0,0.3333333333333333,0.6666666666666666,0,0,0,0,0,0,1,0,0,0,0,0,0,0,test
0.6666666666666666,0.03571428571428571,0.75,0.04939689833429063,0.25,0.0,1.0,0,0.5,0.0,0.0,0.28571428571428575,0.5,1.0,0.3333333333333333,1.0,0,1,0,0,0,0,1,0,0,0,0,0,0,0,test
1.0,0.03571428571428571,1.0,0.04920543748803369,0.25,0.5,0.3333333333333333,1,0.0,0.0,1.0,0.5535714285714286,1.0,1.0,0.0,0.3333333333333333,0,0,0,0,0,1,0,0,0,0,0,0,0,0,test
0.0,0.3571428571428571,1.0,0.3853468632331355,0.25,0.0,1.0,0,0.5,0.5,0.3333333333333333,0.14285714285714285,0.0,1.0,0.3333333333333333,1.0,0,1,0,0,0,0,0,0,1,0,0,0,0,0,test
0.6666666666666666,0.4642857142857143,0.25,0.20550130831578273,1.0,0.5,1.0,0,0.5,0.0,0.3333333333333333,0.26785714285714285,0.5,1.0,0.0,0.6666666666666666,1,1,0,0,0,0,1,0,0,0,0,0,0,0,train
0.0,0.7857142857142857,0.25,0.21271300019146083,0.25,0.5,0.0,1,0.0,0.0,0.0,0.14285714285714285,0.5,1.0,0.0,0.6666666666666666,0,0,0,1,0,0,0,0,0,0,0,0,0,0,train
0.3333333333333333,0.14285714285714285,1.0,0.29146722828514904,0.25,1.0,0.6666666666666667,0,0.5,0.5,1.0,0.42857142857142855,1.0,0.5,0.3333333333333333,0.6666666666666666,0,1,0,0,0,0,0,1,0,0,0,0,0,1,test
1.0,0.4642857142857143,1.0,0.17493139319675793,0.25,1.0,1.0,0,0.5,0.0,1.0,0.49999999999999994,1.0,1.0,0.0,0.6666666666666666,0,0,0,0,0,0,0,0,0,1,0,0,0,0,val
0.0,0.3571428571428571,1.0,0.24653774969685366,0.5,0.5,0.6666666666666667,0,0.5,0.0,0.6666666666666667,0.14285714285714285,1.0,1.0,0.3333333333333333,0.3333333333333333,0,1,0,1,0,0,0,0,0,0,0,0,0,0,train
0.0,0.5714285714285714,0.5,0.3488416618801455,0.5,0.75,0.3333333333333333,0,0.5,0.0,0.3333333333333333,0.21428571428571425,1.0,1.0,0.3333333333333333,0.6666666666666666,0,1,0,1,0,0,0,0,0,0,0,0,0,0,test
0.0,1.0,0.5,0.6439466462441763,0.25,1.0,0.3333333333333333,0,0.5,0.0,1.0,0.41071428571428575,1.0,1.0,0.0,1.0,0,1,0,0,0,0,0,1,0,0,0,0,0,0,train
0.0,0.03571428571428571,1.0,0.11513178888250684,0.75,0.5,0.0,0,1.0,0.0,0.3333333333333333,0.0892857142857143,1.0,1.0,0.0,0.6666666666666666,0,0,0,0,0,0,0,1,0,0,0,0,0,0,train
0.0,0.3035714285714286,0.75,0.14704192992533027,0.75,0.25,1.0,0,0.5,0.0,0.3333333333333333,0.39285714285714285,0.0,1.0,0.0,0.3333333333333333,1,0,0,1,0,0,0,0,0,0,0,0,0,1,train
0.0,0.4642857142857143,1.0,0.2714914799923416,0.25,0.75,1.0,1,0.0,0.0,1.0,0.125,1.0,0.5,0.0,1.0,0,1,0,0,0,0,0,0,0,1,0,0,0,0,train
0.0,0.3571428571428571,1.0,0.3110600548854426,0.25,1.0,1.0,0,0.5,0.0,1.0,0.25000000000000006,1.0,1.0,0.0,0.6666666666666666,0,1,0,0,0,0,1,0,0,0,0,0,0,0,train
0.6666666666666666,1.2142857142857142,0.5,0.3394600804135554,0.5,0.5,0.3333333333333333,0,1.0,0.0,0.3333333333333333,0.0892857142857143,1.0,1.0,0.0,0.6666666666666666,0,0,0,0,0,0,0,0,0,1,0,0,0,1,test
0.3333333333333333,0.3571428571428571,0.5,0.13453315463654347,0.25,1.0,1.0,0,0.5,0.0,1.0,0.8035714285714286,0.0,0.5,0.0,0.3333333333333333,0,0,0,0,0,0,0,0,0,1,0,0,0,0,test
0.0,0.24999999999999997,0.5,0.0751164720148063,0.25,0.25,0.6666666666666667,1,0.0,0.0,0.0,0.125,1.0,1.0,0.0,0.6666666666666666,0,0,0,0,0,0,0,0,0,1,0,0,0,0,train
0.0,0.03571428571428571,0.5,0.08054119599208628,0.25,0.25,0.0,1,0.0,0.0,0.3333333333333333,0.6607142857142858,1.0,1.0,0.0,0.6666666666666666,0,0,0,0,0,1,0,0,0,0,0,0,0,0,train
0.0,0.14285714285714285,0.5,0.1278320250175506,0.0,0.5,1.0,0,0.5,0.0,1.0,0.32142857142857145,1.0,0.0,0.0,0.6666666666666666,0,1,0,0,0,0,0,0,0,1,0,0,0,0,test
0.0,0.19642857142857142,0.75,0.07671197906694747,0.25,0.5,1.0,0,1.0,0.0,0.6666666666666667,0.25000000000000006,0.0,1.0,0.3333333333333333,0.6666666666666666,0,0,0,0,0,0,0,0,0,1,0,0,0,0,test
0.0,0.3571428571428571,1.0,0.3080605016274172,0.25,0.25,0.6666666666666667,0,1.0,0.0,0.6666666666666667,0.49999999999999994,1.0,0.0,0.6666666666666667,0.6666666666666666,0,1,0,0,0,0,0,0,0,1,0,0,0,0,test
0.6666666666666666,0.5714285714285714,0.75,0.611462122662582,0.5,0.75,0.0,0,0.5,0.0,0.6666666666666667,0.21428571428571425,1.0,1.0,0.3333333333333333,0.3333333333333333,1,1,0,1,0,0,0,0,0,0,0,0,0,0,train
0.0,1.0,0.5,0.39894058331737825,0.0,0.5,1.0,0,0.5,0.0,1.0,0.26785714285714285,1.0,0.0,0.0,0.6666666666666666,1,1,0,0,0,0,0,1,0,0,0,0,0,0,train
1.0,0.10714285714285712,1.0,0.06835152211372773,0.0,0.75,1.0,0,0.5,0.0,0.3333333333333333,0.14285714285714285,1.0,1.0,0.3333333333333333,0.6666666666666666,0,1,0,0,0,0,0,0,0,1,0,0,0,0,train
0.6666666666666666,0.5714285714285714,0.75,0.16503924947348264,0.5,1.0,1.0,0,0.5,0.0,0.6666666666666667,0.19642857142857145,1.0,0.0,0.0,0.6666666666666666,0,0,0,0,0,0,0,1,0,0,0,0,0,0,train
0.0,0.08928571428571427,0.5,0.15808283872614715,0.5,1.0,0.6666666666666667,0,0.5,0.5,1.0,0.28571428571428575,1.0,1.0,0.0,0.6666666666666666,0,1,0,0,0,0,0,0,0,1,0,0,0,0,train
0.3333333333333333,0.14285714285714285,0.5,0.21539345203905802,1.0,0.5,0.0,0,0.5,0.0,0.6666666666666667,0.21428571428571425,1.0,1.0,0.0,0.6666666666666666,1,0,0,0,0,0,0,1,0,0,0,0,0,0,val
0.3333333333333333,0.19642857142857142,1.0,0.044610377177867123,0.25,0.5,0.3333333333333333,0,0.0,0.0,0.6666666666666667,0.10714285714285715,1.0,1.0,0.3333333333333333,0.6666666666666666,0,0,0,0,0,0,1,0,0,0,0,0,0,0,train
0.6666666666666666,0.19642857142857142,0.5,0.15029676431169825,0.5,0.5,0.6666666666666667,1,0.0,0.0,0.3333333333333333,0.10714285714285715,1.0,1.0,0.0,0.3333333333333333,0,0,0,0,0,0,0,0,0,0,1,0,0,0,test
0.6666666666666666,0.3571428571428571,0.5,0.16720913906439466,0.5,0.25,0.3333333333333333,0,0.5,0.0,0.0,0.17857142857142855,1.0,1.0,0.0,0.6666666666666666,0,0,0,0,0,0,0,0,0,1,0,0,0,0,train
0.3333333333333333,0.03571428571428571,1.0,0.28336205246027185,0.0,0.25,0.0,0,0.5,0.0,0.6666666666666667,0.44642857142857145,1.0,1.0,0.3333333333333333,0.3333333333333333,1,0,0,0,0,0,0,1,0,0,0,0,0,0,train
0.0,0.3571428571428571,0.5,0.12815112642797882,0.25,0.75,1.0,0,0.5,0.0,0.3333333333333333,0.16071428571428575,1.0,1.0,0.0,0.6666666666666666,0,1,0,0,0,0,0,0,0,1,0,0,0,0,train
0.0,0.03571428571428571,0.5,0.06126747080222095,0.75,0.5,0.3333333333333333,0,0.5,0.0,1.0,0.5535714285714286,1.0,0.5,0.0,0.6666666666666666,0,0,0,0,0,0,0,0,0,0,0,0,1,0,train
0.6666666666666666,0.14285714285714285,0.5,0.052779373284829914,0.25,0.75,1.0,0,0.5,1.0,0.6666666666666667,0.17857142857142855,1.0,1.0,0.3333333333333333,0.6666666666666666,0,0,1,0,0,0,0,0,0,1,0,0,0,0,test
0.0,0.14285714285714285,1.0,0.04148318335567043,0.25,0.0,0.0,1,0.0,0.0,0.3333333333333333,0.33928571428571425,1.0,1.0,0.0,0.0,0,0,0,0,0,0,0,1,0,0,0,0,0,0,train
0.0,0.24999999999999997,1.0,0.09726210989852574,0.25,0.5,1.0,0,0.5,0.0,0.3333333333333333,0.0892857142857143,1.0,1.0,0.3333333333333333,0.6666666666666666,0,0,0,0,0,0,0,0,0,1,0,0,0,0,test
1.0,0.19642857142857142,0.5,0.10396323951751867,0.25,1.0,1.0,0,0.5,0.0,1.0,0.37499999999999994,1.0,0.5,0.0,1.0,0,1,0,0,0,1,0,0,0,0,0,0,0,0,test
0.0,0.14285714285714285,0.5,0.054055778926542855,0.75,0.5,1.0,1,0.0,0.0,1.0,0.17857142857142855,1.0,0.5,0.0,0.3333333333333333,0,0,0,0,0,0,1,0,0,0,0,0,0,1,train
0.3333333333333333,0.7857142857142857,1.0,0.3864318080285915,0.25,1.0,1.0,0,0.5,0.0,1.0,0.48214285714285715,1.0,0.0,0.3333333333333333,0.6666666666666666,0,1,0,0,0,0,0,0,0,0,0,0,1,1,train
1.0,0.3571428571428571,0.5,0.07026613057629714,0.5,1.0,1.0,1,0.0,0.0,0.3333333333333333,0.49999999999999994,1.0,0.0,0.0,0.6666666666666666,0,1,0,0,0,0,0,0,0,1,0,0,0,0,train
0.6666666666666666,0.4642857142857143,0.75,0.14212776820473544,0.5,1.0,1.0,0,0.5,0.0,0.3333333333333333,0.39285714285714285,0.5,1.0,0.3333333333333333,0.6666666666666666,0,0,0,1,0,0,0,0,0,0,0,0,0,0,train
0.6666666666666666,0.4107142857142857,0.5,0.14372327525687661,0.25,0.25,1.0,1,0.0,0.0,0.0,0.23214285714285715,1.0,1.0,0.0,0.6666666666666666,1,1,0,1,0,0,0,0,0,0,0,0,0,0,train
0.0,0.19642857142857142,0.5,0.32216478396834514,0.75,1.0,0.0,1,0.0,0.0,1.0,0.28571428571428575,1.0,0.0,0.0,0.6666666666666666,0,0,0,0,0,0,0,1,0,0,0,0,0,0,val
0.6666666666666666,0.7857142857142857,0.5,0.4010466526262046,0.5,0.75,0.6666666666666667,0,0.5,0.0,0.3333333333333333,0.0892857142857143,1.0,1.0,0.0,0.6666666666666666,0,0,0,0,0,0,0,1,0,0,0,0,0,1,train
0.6666666666666666,0.14285714285714285,0.0,0.1718680196566469,0.25,0.25,1.0,1,0.0,0.0,0.6666666666666667,0.10714285714285715,1.0,0.5,0.3333333333333333,0.6666666666666666,0,0,0,0,0,0,1,0,0,0,0,0,0,1,val
0.6666666666666666,0.08928571428571427,0.5,0.059352862339651535,0.25,1.0,1.0,1,0.0,0.0,1.0,0.10714285714285715,1.0,1.0,0.0,0.6666666666666666,0,0,0,0,0,0,0,0,0,1,0,0,0,0,train
0.6666666666666666,0.08928571428571427,0.5,0.11755695960176142,0.25,0.5,0.3333333333333333,0,0.5,0.0,0.3333333333333333,0.32142857142857145,1.0,1.0,0.0,0.3333333333333333,1,0,0,0,0,0,0,0,0,1,0,0,0,0,test
0.0,0.24999999999999997,1.0,0.02252855957623332,0.75,1.0,1.0,0,0.5,0.0,0.6666666666666667,0.23214285714285715,0.0,1.0,0.3333333333333333,1.0,0,1,0,0,0,0,0,0,0,1,0,0,0,0,train
0.3333333333333333,0.03571428571428571,0.25,0.058842300082966356,0.25,1.0,1.0,1,0.0,0.0,1.0,0.28571428571428575,1.0,0.0,0.0,0.6666666666666666,0,0,0,0,0,1,0,0,0,0,0,0,0,1,train
0.0,0.3035714285714286,0.5,0.140404620588423,0.0,1.0,1.0,0,0.5,0.0,1.0,0.48214285714285715,1.0,1.0,0.0,1.0,0,1,0,0,0,0,0,0,0,0,0,0,1,0,train
0.3333333333333333,0.08928571428571427,1.0,0.05501308315782755,0.25,0.5,1.0,0,0.5,0.0,1.0,0.10714285714285715,1.0,1.0,0.3333333333333333,0.3333333333333333,0,0,0,0,0,0,0,0,0,1,0,0,0,0,train
0.6666666666666666,1.0,0.5,0.8775926989597294,0.25,0.75,1.0,0,0.5,0.0,0.3333333333333333,0.14285714285714285,1.0,1.0,0.0,1.0,0,1,0,0,0,0,0,1,0,0,0,0,0,1,train
0.0,0.4642857142857143,1.0,0.4671644648669347,0.0,1.0,0.0,0,0.5,0.0,1.0,0.7857142857142858,1.0,1.0,0.3333333333333333,0.6666666666666666,0,0,0,0,0,0,0,0,0,0,0,0,1,0,test
0.0,0.4642857142857143,1.0,0.1787606101218967,0.0,1.0,0.6666666666666667,0,0.5,0.0,0.3333333333333333,0.37499999999999994,1.0,1.0,0.3333333333333333,0.6666666666666666,1,1,0,0,0,0,0,0,0,1,0,0,0,0,train
0.0,0.24999999999999997,0.5,0.07843512668325993,0.25,0.5,1.0,0,0.5,0.0,0.3333333333333333,0.23214285714285715,1.0,0.0,0.0,1.0,0,1,0,0,0,0,0,0,0,1,0,0,0,0,test
1.0,0.3571428571428571,1.0,0.18329185014997768,0.0,0.5,0.6666666666666667,0,0.5,0.0,0.3333333333333333,0.21428571428571425,1.0,1.0,0.3333333333333333,0.6666666666666666,0,1,0,0,0,0,0,0,0,1,0,0,0,0,train
0.6666666666666666,0.2857142857142857,0.0,0.3747526964069181,0.5,1.0,0.6666666666666667,0,1.0,0.0,1.0,0.21428571428571425,0.0,1.0,0.3333333333333333,0.6666666666666666,0,1,0,0,0,0,0,0,0,0,0,0,1,0,val
1.0,0.08928571428571427,0.0,0.06771331929287126,0.25,0.25,1.0,0,0.5,0.0,0.3333333333333333,0.26785714285714285,1.0,1.0,0.3333333333333333,1.0,0,1,0,0,0,0,0,0,0,1,0,0,0,1,train
0.6666666666666666,0.03571428571428571,0.25,0.01001978428744655,1.0,0.25,1.0,1,0.0,0.0,0.3333333333333333,0.0892857142857143,0.0,0.5,0.0,0.6666666666666666,1,0,0,0,0,1,0,0,0,0,0,0,0,1,val
0.3333333333333333,0.14285714285714285,0.5,0.06075690854553577,0.25,0.5,1.0,1,0.0,0.0,0.3333333333333333,0.0892857142857143,1.0,1.0,0.0,0.3333333333333333,0,0,0,0,0,0,0,1,0,0,0,0,0,1,train
0.6666666666666666,0.08928571428571427,0.5,0.03280362499202246,0.75,0.5,1.0,1,0.0,0.0,0.6666666666666667,0.8392857142857144,1.0,1.0,0.0,0.3333333333333333,0,0,0,0,0,0,0,0,0,1,0,0,0,0,train
0.0,0.4107142857142857,0.5,0.1464037271044738,0.25,0.5,0.6666666666666667,1,0.0,0.0,0.6666666666666667,0.035714285714285754,1.0,0.5,0.0,0.6666666666666666,0,0,0,0,0,0,0,1,0,0,0,0,0,1,test
0.0,0.03571428571428571,1.0,-0.0016593273342268185,1.0,0.5,0.3333333333333333,1,0.0,0.0,0.3333333333333333,0.39285714285714285,0.0,1.0,0.3333333333333333,0.3333333333333333,0,0,0,0,0,0,0,1,0,0,0,0,0,0,test
0.0,0.19642857142857142,1.0,0.06637309336907268,0.75,0.5,0.3333333333333333,0,1.0,0.0,0.3333333333333333,0.49999999999999994,1.0,1.0,0.3333333333333333,0.3333333333333333,0,0,0,0,0,0,0,0,0,1,0,0,0,0,train
0.3333333333333333,0.24999999999999997,0.5,0.10249537302954878,0.25,0.5,1.0,1,0.0,0.0,1.0,0.10714285714285715,0.0,0.5,0.3333333333333333,0.6666666666666666,0,0,0,0,0,0,0,0,0,1,0,0,0,1,train
0.6666666666666666,0.7857142857142857,0.25,0.39185653200587145,0.25,1.0,1.0,1,0.0,0.0,0.6666666666666667,0.7142857142857144,1.0,0.5,0.0,0.6666666666666666,0,0,0,1,0,0,0,0,0,0,0,0,0,1,train
1.0,0.3571428571428571,1.0,0.06375646180356116,1.0,0.5,0.3333333333333333,0,0.0,0.0,1.0,0.30357142857142855,1.0,1.0,0.3333333333333333,0.6666666666666666,0,1,0,1,0,0,0,0,0,0,0,0,0,0,test
0.6666666666666666,0.3571428571428571,0.75,0.39102686833875805,0.25,0.25,0.0,0,0.5,0.0,0.3333333333333333,0.25000000000000006,1.0,1.0,0.0,0.6666666666666666,0,0,0,0,0,0,0,0,0,1,0,0,0,0,train
0.3333333333333333,0.3571428571428571,0.5,0.10919650264854171,0.25,0.5,0.3333333333333333,0,0.5,0.0,1.0,0.035714285714285754,1.0,0.5,0.0,0.3333333333333333,1,0,0,0,0,0,0,0,0,1,0,0,0,1,train
0.6666666666666666,0.07142857142857142,0.5,0.030889016529453056,0.25,0.75,1.0,1,0.0,1.0,0.3333333333333333,0.44642857142857145,1.0,1.0,0.0,0.3333333333333333,0,0,0,0,0,0,0,0,0,1,0,0,0,0,train
0.0,0.3571428571428571,0.5,0.14850979641330014,1.0,0.5,0.3333333333333333,1,0.0,0.0,1.0,0.16071428571428575,1.0,0.5,0.0,0.6666666666666666,0,1,0,0,0,0,0,0,0,0,0,0,1,0,train
0.0,0.0,1.0,0.1980981555938477,0.25,0.75,0.0,1,0.0,0.0,0.0,0.32142857142857145,1.0,1.0,0.0,0.6666666666666666,1,0,0,0,0,0,0,1,0,0,0,0,0,0,train
0.6666666666666666,0.5714285714285714,0.25,0.23702852766609228,0.0,0.25,0.6666666666666667,1,0.0,0.0,0.3333333333333333,0.17857142857142855,0.0,1.0,0.0,0.0,0,0,0,0,1,0,0,0,0,0,0,0,0,0,train
0.6666666666666666,0.3571428571428571,0.5,0.7201480630544386,0.25,0.5,0.0,1,0.0,0.0,1.0,0.07142857142857145,1.0,0.5,0.3333333333333333,1.0,0,0,0,0,0,0,0,0,0,0,0,0,1,1,train
0.3333333333333333,0.24999999999999997,0.5,0.2619184376794945,0.5,0.5,0.6666666666666667,0,0.5,0.0,1.0,0.28571428571428575,1.0,1.0,0.0,0.3333333333333333,1,1,0,0,0,0,0,1,0,0,0,0,0,0,train
0.0,0.03571428571428571,1.0,0.4138745293254196,0.25,0.75,0.0,0,0.5,0.0,0.6666666666666667,0.46428571428571425,1.0,1.0,0.3333333333333333,1.0,1,1,0,0,0,0,0,1,0,0,0,0,0,0,train
0.6666666666666666,0.4642857142857143,0.0,0.25553640947092987,0.5,0.5,1.0,1,0.0,0.0,1.0,0.125,1.0,0.5,0.3333333333333333,0.3333333333333333,0,0,0,1,0,0,0,0,0,0,0,0,0,1,test
0.3333333333333333,0.3571428571428571,0.25,0.13076775799349033,0.5,0.75,0.3333333333333333,0,0.5,0.0,0.6666666666666667,0.23214285714285715,0.0,1.0,0.0,0.6666666666666666,0,0,0,0,0,0,0,1,0,0,0,0,0,0,train
0.6666666666666666,0.10714285714285712,0.25,0.04926925777011934,0.25,0.5,1.0,0,0.5,0.0,1.0,0.07142857142857145,0.5,1.0,0.0,0.3333333333333333,0,0,0,0,0,0,0,0,0,1,0,0,0,0,train
0.0,0.3035714285714286,0.5,0.1840576935350054,0.0,1.0,1.0,0,0.5,0.0,0.6666666666666667,0.39285714285714285,1.0,1.0,0.0,0.6666666666666666,0,1,0,0,0,0,0,0,0,1,0,0,0,0,test
0.3333333333333333,0.3571428571428571,0.25,0.1408513625630225,0.75,0.5,1.0,0,0.5,0.0,1.0,0.0535714285714286,0.5,1.0,0.0,0.6666666666666666,0,1,0,0,0,0,1,0,0,0,0,0,0,0,train
0.3333333333333333,0.625,1.0,0.8872933818367477,0.0,0.75,1.0,0,0.5,0.0,1.0,0.19642857142857145,1.0,1.0,0.3333333333333333,1.0,0,1,0,0,0,0,1,0,0,0,0,0,0,0,train
0.3333333333333333,0.1607142857142857,1.0,0.09707064905226881,0.25,0.25,0.6666666666666667,0,0.5,0.0,0.0,0.16071428571428575,0.0,1.0,0.3333333333333333,0.3333333333333333,0,0,0,1,0,0,0,0,0,0,0,0,0,0,train
0.3333333333333333,0.19642857142857142,0.5,0.1426383304614206,0.25,0.0,0.0,1,0.0,0.0,1.0,0.07142857142857145,1.0,0.5,0.0,0.6666666666666666,0,0,0,0,0,0,0,1,0,0,0,0,0,0,test
0.3333333333333333,0.14285714285714285,0.5,0.06369264152147552,0.25,0.25,0.6666666666666667,1,0.0,0.0,0.0,0.32142857142857145,1.0,1.0,0.0,0.3333333333333333,0,0,0,0,0,0,0,1,0,0,0,0,0,1,train
0.0,0.3035714285714286,0.5,0.317314442529836,0.0,0.5,0.0,0,0.5,0.0,0.6666666666666667,0.125,1.0,1.0,0.0,0.6666666666666666,0,0,0,0,0,0,0,0,0,0,0,0,1,0,train
0.0,0.19642857142857142,0.5,0.17569723658178565,0.25,0.75,0.3333333333333333,0,0.5,0.0,0.3333333333333333,0.25000000000000006,1.0,1.0,0.0,0.6666666666666666,0,0,0,0,0,0,0,0,0,0,0,0,1,0,train
0.3333333333333333,0.03571428571428571,0.5,0.009700682877018314,0.25,1.0,0.3333333333333333,1,0.0,0.0,0.0,0.5357142857142858,0.0,1.0,0.0,0.6666666666666666,0,1,0,0,0,0,1,0,0,0,0,0,0,0,train
0.3333333333333333,0.24999999999999997,0.5,0.04467419745995277,0.25,0.25,0.0,1,0.0,0.0,0.3333333333333333,0.07142857142857145,1.0,1.0,0.0,0.3333333333333333,0,0,0,0,0,0,0,1,0,0,0,0,0,1,test
0.6666666666666666,0.14285714285714285,0.5,0.03605845937839045,0.5,0.75,0.3333333333333333,1,0.0,0.0,1.0,0.07142857142857145,1.0,0.5,0.0,0.3333333333333333,0,0,0,1,0,0,0,0,0,0,0,0,0,0,train
0.0,0.4642857142857143,1.0,0.35069245006062927,0.25,0.75,1.0,1,0.0,0.0,0.3333333333333333,0.10714285714285715,1.0,1.0,0.3333333333333333,0.6666666666666666,0,0,0,0,0,0,0,0,0,1,0,0,0,0,train
0.0,0.14285714285714285,0.75,0.08162614078754228,1.0,1.0,1.0,0,0.5,0.0,1.0,0.6428571428571428,1.0,0.0,0.3333333333333333,0.6666666666666666,1,0,0,0,0,0,0,0,0,0,1,0,0,1,train
0.3333333333333333,0.3571428571428571,0.5,0.06439466462441763,0.0,0.75,1.0,1,0.0,0.0,1.0,0.23214285714285715,1.0,0.5,0.0,0.6666666666666666,0,0,0,0,0,0,0,1,0,0,0,0,0,1,train
1.0,0.03571428571428571,1.0,0.06528814857361669,0.25,0.5,0.0,0,0.5,0.0,0.0,0.9821428571428572,1.0,1.0,0.6666666666666667,0.0,1,0,1,0,0,0,0,1,0,0,0,0,0,0,train
1.0,0.19642857142857142,1.0,0.06350118067521858,0.0,0.5,0.6666666666666667,0,0.5,0.0,1.0,0.35714285714285715,1.0,0.0,0.3333333333333333,0.6666666666666666,0,1,0,0,0,0,0,0,0,1,0,0,0,1,val
0.0,0.3571428571428571,0.5,0.07128725508966749,0.25,0.5,0.3333333333333333,0,0.5,1.0,0.3333333333333333,0.21428571428571425,1.0,1.0,0.0,0.6666666666666666,0,1,0,0,0,0,0,1,0,0,0,0,0,0,train
0.3333333333333333,0.14285714285714285,1.0,0.02648541706554343,0.25,1.0,1.0,0,0.5,0.0,0.6666666666666667,0.28571428571428575,1.0,1.0,0.3333333333333333,0.6666666666666666,0,0,0,0,0,0,0,1,0,0,0,0,0,1,val
0.0,0.19642857142857142,1.0,0.3043589252664497,0.0,1.0,0.0,1,0.0,0.0,1.0,0.7142857142857144,1.0,1.0,0.0,0.6666666666666666,0,1,0,0,0,0,0,1,0,0,0,0,0,0,train
0.3333333333333333,0.24999999999999997,1.0,0.11793988129427531,0.25,0.5,1.0,1,0.0,0.0,1.0,0.0892857142857143,1.0,0.5,0.3333333333333333,0.6666666666666666,0,0,0,0,0,0,1,0,0,0,0,0,0,1,test
0.3333333333333333,0.14285714285714285,0.5,0.12368370668198352,0.25,0.5,1.0,0,0.5,0.0,0.6666666666666667,0.0892857142857143,1.0,1.0,0.0,0.3333333333333333,0,0,0,0,0,0,0,0,0,1,0,0,0,0,train
0.0,0.3035714285714286,1.0,0.791626778990363,0.0,1.0,1.0,0,0.5,0.0,1.0,0.19642857142857145,1.0,0.0,0.0,1.0,0,1,0,0,0,0,0,1,0,0,0,0,0,1,train
0.0,0.3571428571428571,1.0,0.13957495692130956,0.5,0.75,1.0,0,1.0,0.0,0.6666666666666667,0.14285714285714285,1.0,1.0,0.3333333333333333,0.6666666666666666,0,1,0,0,0,0,0,1,0,0,0,0,0,0,train
0.6666666666666666,0.14285714285714285,0.5,0.056098027953283544,0.25,1.0,0.6666666666666667,0,1.0,1.0,0.6666666666666667,0.37499999999999994,0.0,1.0,0.3333333333333333,0.3333333333333333,0,0,0,0,0,0,0,0,0,1,0,0,0,0,train
0.3333333333333333,0.4642857142857143,0.5,0.1807390388665518,0.25,0.25,0.3333333333333333,0,0.0,0.0,1.0,0.21428571428571425,1.0,1.0,0.0,0.3333333333333333,0,0,0,0,0,0,1,0,0,0,0,0,0,1,train
0.0,0.10714285714285712,0.5,0.1675282404748229,0.0,0.25,0.0,1,0.0,0.0,1.0,0.21428571428571425,1.0,0.5,0.0,0.6666666666666666,0,0,0,0,0,0,0,0,0,0,0,0,1,0,train
0.6666666666666666,0.14285714285714285,1.0,0.213223562448146,0.25,1.0,0.0,0,0.5,0.0,1.0,0.16071428571428575,1.0,0.5,0.6666666666666667,0.6666666666666666,0,1,0,0,0,0,1,0,0,0,0,0,0,0,train
0.0,0.14285714285714285,1.0,0.08800816899610696,0.25,1.0,0.3333333333333333,0,0.5,0.0,1.0,0.7857142857142858,1.0,1.0,0.3333333333333333,0.3333333333333333,0,1,0,0,0,0,0,0,0,1,0,0,0,0,train
0.3333333333333333,0.3571428571428571,0.5,0.16184823536920034,0.0,1.0,0.3333333333333333,1,0.0,0.0,1.0,0.125,1.0,0.5,0.0,0.6666666666666666,0,0,0,0,0,0,0,0,0,0,0,0,1,0,train
0.3333333333333333,0.5714285714285714,1.0,0.49709617716510307,0.25,0.5,0.6666666666666667,1,0.0,0.0,0.3333333333333333,0.10714285714285715,1.0,1.0,0.3333333333333333,1.0,0,1,0,0,0,1,0,0,0,0,0,0,0,1,val
0.0,0.3035714285714286,1.0,0.1913970259748548,0.25,1.0,0.0,0,0.5,0.0,1.0,0.30357142857142855,1.0,1.0,0.0,1.0,0,1,0,0,0,0,0,0,0,0,0,0,1,0,test
0.0,0.3571428571428571,1.0,0.12425808922075436,0.5,1.0,1.0,0,0.5,0.0,1.0,0.5892857142857142,0.0,1.0,0.3333333333333333,0.6666666666666666,0,0,0,0,0,0,0,0,0,1,0,0,0,0,train
1.0,0.14285714285714285,1.0,0.07683961963111877,0.75,0.0,0.3333333333333333,0,0.5,0.0,1.0,0.8392857142857144,0.0,0.0,0.6666666666666667,0.0,0,0,0,0,0,0,0,1,0,0,0,0,0,0,train
0.3333333333333333,0.3571428571428571,0.5,0.06988320888378326,0.0,0.5,1.0,1,0.0,0.0,1.0,0.10714285714285715,1.0,0.5,0.0,0.6666666666666666,0,0,0,0,0,0,0,1,0,0,0,0,0,1,train
0.0,0.5714285714285714,1.0,0.20799029931712298,0.25,0.75,1.0,0,0.5,0.0,1.0,0.32142857142857145,1.0,1.0,0.3333333333333333,0.6666666666666666,0,1,0,0,0,0,0,1,0,0,0,0,0,0,train
0.3333333333333333,0.24999999999999997,0.5,0.20633097198289613,0.25,0.75,1.0,1,0.0,1.0,0.0,0.10714285714285715,1.0,1.0,0.0,0.6666666666666666,0,0,0,0,0,0,0,0,0,1,0,0,0,0,train
0.0,0.5714285714285714,1.0,0.34686323313549045,1.0,1.0,1.0,0,0.5,0.0,0.3333333333333333,0.33928571428571425,1.0,1.0,0.3333333333333333,1.0,0,1,0,0,0,0,0,0,0,0,0,0,1,0,train
0.6666666666666666,0.24999999999999997,0.5,0.22949773437998594,0.25,0.0,0.3333333333333333,1,0.0,0.0,1.0,0.8571428571428572,1.0,1.0,0.0,0.6666666666666666,0,1,0,0,0,0,0,0,0,0,1,0,0,0,test
0.6666666666666666,0.625,1.0,0.2972110536728572,0.25,0.75,0.3333333333333333,0,0.5,1.0,0.3333333333333333,0.10714285714285715,1.0,1.0,0.3333333333333333,0.6666666666666666,0,0,0,0,0,0,0,0,0,1,0,0,0,1,train
0.0,0.3571428571428571,1.0,0.1061969493905163,1.0,1.0,1.0,0,0.5,0.0,1.0,0.7321428571428572,1.0,1.0,0.0,0.6666666666666666,0,1,0,0,0,0,0,1,0,0,0,0,0,0,train
0.6666666666666666,0.14285714285714285,0.0,0.07237219988512349,0.25,0.5,0.3333333333333333,0,0.5,0.0,0.3333333333333333,0.21428571428571425,1.0,1.0,0.0,0.3333333333333333,0,1,0,0,0,0,0,0,0,0,0,1,0,0,train
0.6666666666666666,0.14285714285714285,0.5,0.03573935796796222,0.5,0.25,1.0,1,0.0,0.0,0.3333333333333333,0.07142857142857145,0.0,1.0,0.0,0.3333333333333333,0,0,0,0,0,0,0,1,0,0,0,0,0,1,train
0.6666666666666666,0.2857142857142857,0.5,0.3951751866743251,0.0,0.0,0.0,0,0.0,0.0,1.0,0.7321428571428572,1.0,1.0,0.0,1.0,0,1,0,0,0,0,0,0,0,0,0,0,1,0,train
0.6666666666666666,0.24999999999999997,0.5,0.10626076967260195,1.0,0.5,1.0,0,0.5,0.0,0.3333333333333333,0.28571428571428575,1.0,1.0,0.0,0.3333333333333333,0,1,0,1,0,0,0,0,0,0,0,0,0,0,train
0.0,0.3214285714285714,0.5,0.1531048567234667,0.75,1.0,0.6666666666666667,0,0.5,0.0,1.0,0.37499999999999994,1.0,1.0,0.0,0.6666666666666666,0,0,0,0,0,0,0,0,0,1,0,0,0,0,train
0.0,0.7857142857142857,1.0,0.15795519816197584,0.0,1.0,1.0,0,0.5,0.0,0.6666666666666667,0.33928571428571425,1.0,1.0,0.3333333333333333,0.6666666666666666,1,1,0,0,0,0,0,0,0,0,0,0,1,0,train
0.6666666666666666,0.7857142857142857,0.75,0.37960303784542726,0.25,1.0,1.0,0,0.5,0.0,1.0,0.5535714285714286,1.0,0.0,0.0,0.6666666666666666,0,0,0,0,0,1,0,0,0,0,0,0,0,1,test
0.3333333333333333,0.6428571428571428,1.0,0.3651796540940711,0.25,0.5,1.0,0,0.5,0.0,0.6666666666666667,0.14285714285714285,0.0,1.0,0.0,0.6666666666666666,0,1,0,0,0,1,0,0,0,0,0,0,0,1,train
0.6666666666666666,0.3035714285714286,0.5,0.0582040972621099,0.25,1.0,0.3333333333333333,1,0.0,0.0,1.0,0.35714285714285715,1.0,1.0,0.0,0.6666666666666666,1,0,0,1,0,0,0,0,0,0,0,0,0,1,train
0.0,0.3571428571428571,0.5,0.3852830429510498,0.0,1.0,0.6666666666666667,0,0.5,0.0,1.0,0.39285714285714285,1.0,1.0,0.0,1.0,1,1,0,0,0,0,0,0,0,0,0,0,1,0,test
0.0,0.03571428571428571,1.0,0.06031016657093624,0.0,0.5,0.0,0,1.0,0.0,0.3333333333333333,0.14285714285714285,1.0,1.0,0.3333333333333333,0.6666666666666666,0,0,0,0,0,0,1,0,0,0,0,0,0,0,val
1.0,0.3571428571428571,0.5,0.16695385793605205,0.25,1.0,0.6666666666666667,0,0.0,0.0,1.0,0.5714285714285714,1.0,0.0,0.0,0.6666666666666666,0,0,0,0,0,0,1,0,0,0,0,0,0,0,test
0.0,0.3571428571428571,0.5,0.17780330589061205,0.75,1.0,1.0,0,0.5,0.0,0.6666666666666667,0.23214285714285715,1.0,0.5,0.0,0.6666666666666666,0,1,0,0,0,0,1,0,0,0,0,0,0,0,test
0.0,0.08928571428571427,0.5,0.12923607122343478,0.5,0.25,0.3333333333333333,1,0.0,0.0,1.0,0.0535714285714286,1.0,0.5,0.0,0.6666666666666666,0,0,0,0,0,0,1,0,0,0,0,0,0,0,train
0.3333333333333333,0.24999999999999997,0.5,0.4617397408896547,0.0,1.0,0.0,0,0.5,0.0,1.0,0.5714285714285714,1.0,0.0,0.0,0.6666666666666666,1,1,0,0,0,0,0,0,0,0,0,0,1,1,test
0.0,0.14285714285714285,1.0,0.06267151700810517,0.25,0.25,0.3333333333333333,1,0.0,0.0,1.0,0.0535714285714286,1.0,0.5,0.3333333333333333,0.3333333333333333,0,0,0,0,0,0,1,0,0,0,0,0,0,0,train
0.0,0.3571428571428571,0.75,0.028144744399770244,0.0,1.0,1.0,0,1.0,0.0,1.0,0.625,1.0,1.0,0.3333333333333333,0.6666666666666666,0,1,0,0,0,0,0,1,0,0,0,0,0,0,train
0.6666666666666666,0.08928571428571427,0.5,0.0812432190950284,0.0,0.25,1.0,0,0.5,0.0,0.3333333333333333,0.28571428571428575,1.0,1.0,0.0,0.0,0,0,0,0,0,0,0,1,0,0,0,0,0,0,test
0.0,0.3571428571428571,1.0,0.08430659263513944,0.25,1.0,1.0,0,0.5,0.0,1.0,0.625,1.0,0.0,0.3333333333333333,0.6666666666666666,1,0,0,0,0,1,0,0,0,0,0,0,0,0,test
0.6666666666666666,0.24999999999999997,1.0,0.0969430084880975,0.25,1.0,0.6666666666666667,1,0.0,1.0,1.0,0.5178571428571428,0.0,0.5,0.3333333333333333,0.3333333333333333,0,1,0,0,0,0,0,0,0,1,0,0,0,0,test
0.3333333333333333,0.2857142857142857,1.0,0.2550258472142447,0.25,1.0,0.0,1,0.0,0.0,1.0,0.0892857142857143,1.0,1.0,0.3333333333333333,0.6666666666666666,0,0,0,0,0,0,1,0,0,0,0,0,0,0,test
0.0,0.14285714285714285,1.0,0.04467419745995277,0.0,1.0,1.0,0,0.5,0.0,1.0,0.28571428571428575,1.0,1.0,0.3333333333333333,0.6666666666666666,0,0,0,0,0,0,0,0,0,1,0,0,0,0,test
0.6666666666666666,0.14285714285714285,0.5,0.4592507498883145,0.0,0.0,0.0,1,0.0,0.0,0.3333333333333333,0.0892857142857143,1.0,0.5,0.0,0.0,0,0,0,0,0,0,0,1,0,0,0,0,0,0,test
0.3333333333333333,0.5714285714285714,0.5,0.5740634373603931,0.25,0.75,0.3333333333333333,0,0.5,0.0,0.0,0.0892857142857143,1.0,1.0,0.0,0.6666666666666666,0,1,0,0,0,0,0,1,0,0,0,0,0,1,val
0.6666666666666666,0.03571428571428571,0.5,0.0200395685748931,0.25,0.25,0.6666666666666667,0,1.0,0.0,0.6666666666666667,0.125,1.0,1.0,0.0,0.3333333333333333,0,0,1,0,0,0,0,0,0,1,0,0,0,0,test
0.0,0.14285714285714285,1.0,0.04173846448401301,0.0,1.0,1.0,0,0.5,0.0,1.0,0.8214285714285714,1.0,1.0,1.0,0.6666666666666666,0,0,0,0,0,0,0,0,0,1,0,0,0,0,train
0.6666666666666666,0.6785714285714286,0.25,0.5748292807454208,0.25,0.0,0.0,0,0.5,0.0,0.3333333333333333,0.6428571428571428,0.0,0.0,0.0,1.0,0,1,0,0,0,0,0,0,0,0,0,0,1,0,train
0.6666666666666666,0.19642857142857142,0.0,0.09585806369264152,0.25,0.25,0.3333333333333333,1,0.0,0.0,0.0,0.125,1.0,0.5,0.3333333333333333,0.0,0,0,0,0,0,0,0,1,0,0,0,0,0,1,train
0.6666666666666666,0.07142857142857142,0.5,0.04027059799604314,0.25,0.25,0.6666666666666667,0,1.0,0.0,0.3333333333333333,0.125,1.0,1.0,0.0,0.6666666666666666,0,1,0,1,0,0,0,0,0,0,0,0,0,0,train
0.6666666666666666,0.03571428571428571,0.5,0.013274618673814537,0.25,0.75,0.6666666666666667,0,1.0,1.0,0.6666666666666667,0.16071428571428575,0.0,1.0,0.0,0.3333333333333333,0,0,0,0,0,0,0,0,0,1,0,0,0,0,train
0.3333333333333333,0.5714285714285714,1.0,0.5969110983470546,0.25,0.75,1.0,0,0.5,0.0,1.0,0.0892857142857143,1.0,1.0,0.3333333333333333,0.6666666666666666,0,1,0,0,0,0,0,0,0,0,0,0,1,1,train
0.3333333333333333,0.7857142857142857,0.5,0.1771012827876699,0.25,0.5,0.6666666666666667,0,0.5,0.0,1.0,0.625,1.0,1.0,0.0,0.6666666666666666,0,0,0,0,1,0,0,0,0,0,0,0,0,1,train
0.3333333333333333,0.7857142857142857,0.5,0.23326313102303914,0.25,0.75,1.0,0,0.5,0.0,1.0,0.48214285714285715,1.0,0.0,0.0,0.6666666666666666,1,0,0,0,0,0,0,1,0,0,0,0,0,1,train
0.6666666666666666,0.5714285714285714,0.75,0.4566979386048886,0.25,0.5,0.3333333333333333,1,0.0,0.0,0.3333333333333333,0.625,1.0,0.5,0.0,0.6666666666666666,0,0,0,0,0,0,0,1,0,0,0,0,0,0,train
0.0,0.03571428571428571,0.5,0.06777713957495692,0.75,0.5,0.0,0,0.0,0.0,1.0,0.7678571428571428,1.0,1.0,0.0,0.6666666666666666,0,0,0,0,1,0,0,0,0,0,0,0,0,0,train
0.0,0.03571428571428571,1.0,0.08156232050545663,0.25,0.75,0.0,1,0.0,0.0,0.3333333333333333,0.0892857142857143,1.0,0.5,0.3333333333333333,0.6666666666666666,0,1,0,0,0,0,0,0,0,1,0,0,0,0,test
0.3333333333333333,0.5714285714285714,0.5,0.9943838151764629,0.25,0.0,0.3333333333333333,0,0.0,0.5,0.6666666666666667,0.42857142857142855,1.0,1.0,0.0,1.0,0,0,0,0,0,0,0,0,1,0,0,0,0,0,test
0.3333333333333333,0.24999999999999997,0.5,0.06822388154955644,0.25,0.5,1.0,0,1.0,0.0,0.6666666666666667,0.125,0.0,1.0,0.0,0.6666666666666666,0,0,0,0,0,0,0,0,0,1,0,0,0,1,train
0.0,0.14285714285714285,0.5,0.05265173272065862,0.25,0.5,0.6666666666666667,0,1.0,0.0,0.3333333333333333,0.14285714285714285,1.0,1.0,0.3333333333333333,0.6666666666666666,0,1,0,0,0,0,0,1,0,0,0,0,0,0,train
1.0,0.14285714285714285,0.5,0.17486757291467225,0.25,0.5,0.6666666666666667,0,1.0,0.0,0.0,0.0892857142857143,1.0,1.0,0.0,0.6666666666666666,0,0,0,0,0,0,0,0,0,1,0,0,0,0,train
0.3333333333333333,0.5714285714285714,0.5,0.15546620716063564,0.25,1.0,0.3333333333333333,0,0.5,0.0,0.3333333333333333,0.39285714285714285,0.0,1.0,0.0,0.6666666666666666,1,0,0,0,0,0,1,0,0,0,0,0,0,1,train
0.3333333333333333,0.07142857142857142,1.0,0.029038228348969297,0.25,1.0,1.0,0,0.5,0.0,1.0,0.49999999999999994,1.0,1.0,0.3333333333333333,0.3333333333333333,0,0,0,0,0,0,0,1,0,0,0,0,0,0,train
0.0,0.24999999999999997,1.0,0.22362626842810646,0.25,0.25,0.6666666666666667,0,0.0,0.0,0.3333333333333333,0.28571428571428575,1.0,1.0,0.3333333333333333,1.0,0,1,0,0,0,0,1,0,0,0,0,0,0,0,train
0.3333333333333333,0.3035714285714286,1.0,0.08462569404556768,0.25,1.0,1.0,0,1.0,0.0,0.6666666666666667,0.19642857142857145,1.0,1.0,0.3333333333333333,0.6666666666666666,0,1,0,0,0,0,0,1,0,0,0,0,0,0,train
0.3333333333333333,0.24999999999999997,1.0,0.23549684089603679,0.25,1.0,0.0,1,0.0,0.0,1.0,0.25000000000000006,0.0,0.5,0.6666666666666667,0.6666666666666666,0,1,0,0,0,0,0,1,0,0,0,0,0,1,train
0.0,0.24999999999999997,0.0,0.24819707703108046,0.25,0.5,0.3333333333333333,0,0.5,0.0,0.3333333333333333,0.30357142857142855,0.5,1.0,0.3333333333333333,0.6666666666666666,1,0,0,1,0,0,0,0,0,0,0,0,0,1,train
0.3333333333333333,0.5714285714285714,0.5,0.5143276533282276,0.0,1.0,0.6666666666666667,0,0.5,0.0,1.0,0.49999999999999994,1.0,0.0,0.0,0.6666666666666666,0,0,0,0,0,0,0,0,0,0,0,0,1,1,train
0.6666666666666666,0.7857142857142857,0.75,0.40876890675856786,0.0,0.5,1.0,0,0.5,0.0,1.0,0.33928571428571425,1.0,0.0,0.0,0.6666666666666666,1,1,0,1,0,0,0,0,0,0,0,0,0,0,train
0.0,0.3571428571428571,0.75,0.13395877209777268,0.75,0.5,1.0,0,0.5,0.0,0.3333333333333333,0.44642857142857145,1.0,1.0,0.3333333333333333,0.6666666666666666,1,1,0,1,0,0,0,0,0,0,0,0,0,0,train
0.3333333333333333,0.24999999999999997,0.5,0.059991065160508006,0.25,0.25,1.0,1,0.0,0.0,0.6666666666666667,0.07142857142857145,1.0,0.5,0.0,0.6666666666666666,0,1,0,0,0,0,0,1,0,0,0,0,0,1,test
0.3333333333333333,0.7321428571428571,0.0,0.7364860552683642,0.25,1.0,0.3333333333333333,0,0.5,0.0,1.0,0.17857142857142855,1.0,0.5,0.3333333333333333,0.6666666666666666,0,0,0,1,0,0,0,0,0,0,0,0,0,1,test
0.6666666666666666,0.3571428571428571,0.5,0.3068479162677899,0.0,1.0,0.3333333333333333,1,0.0,0.0,1.0,0.41071428571428575,1.0,1.0,0.0,0.6666666666666666,0,1,0,0,0,0,0,0,0,1,0,0,0,0,train
1.0,0.19642857142857142,0.5,0.13089539855766164,0.25,0.25,0.3333333333333333,1,0.0,0.0,0.6666666666666667,0.10714285714285715,1.0,1.0,0.0,0.3333333333333333,0,0,0,0,0,0,0,0,0,1,0,0,0,1,train
0.3333333333333333,0.14285714285714285,0.0,0.051439147361031334,0.25,0.5,1.0,0,0.5,0.0,1.0,0.5178571428571428,0.0,1.0,0.3333333333333333,0.6666666666666666,0,0,0,0,0,0,0,1,0,0,0,0,0,1,train
0.0,0.14285714285714285,0.5,0.038930372072244555,0.0,0.5,1.0,1,0.0,0.0,0.3333333333333333,0.035714285714285754,1.0,1.0,0.0,0.6666666666666666,0,0,0,0,0,0,0,0,0,1,0,0,0,0,train
0.0,0.0,0.5,0.020741591677835215,0.25,0.25,0.0,1,0.0,0.0,0.6666666666666667,0.07142857142857145,1.0,0.5,0.0,0.3333333333333333,1,0,0,0,0,0,1,0,0,0,0,0,0,0,val
0.3333333333333333,0.3571428571428571,1.0,0.1711021762716191,0.25,1.0,1.0,0,0.5,0.0,1.0,0.7857142857142858,1.0,1.0,0.3333333333333333,0.6666666666666666,0,1,0,0,0,0,0,0,0,0,0,0,1,0,train
0.0,0.3571428571428571,1.0,0.1490203586699853,0.25,1.0,1.0,0,1.0,0.5,0.6666666666666667,0.48214285714285715,1.0,1.0,0.3333333333333333,0.6666666666666666,0,0,0,0,0,0,0,0,0,1,0,0,0,0,val
0.3333333333333333,0.5714285714285714,0.5,0.31291084306592637,0.25,0.75,1.0,0,0.5,0.0,0.3333333333333333,0.17857142857142855,1.0,1.0,0.0,0.6666666666666666,0,0,0,0,0,0,1,0,0,0,0,0,0,1,test
0.0,0.3035714285714286,0.75,0.17339970642670238,0.25,0.5,0.6666666666666667,0,0.5,0.0,0.3333333333333333,0.16071428571428575,0.5,1.0,0.3333333333333333,0.3333333333333333,0,0,0,0,0,0,0,0,0,0,0,0,1,0,train
0.0,0.24999999999999997,0.5,0.10638841023677324,0.25,0.25,1.0,1,0.0,0.0,1.0,0.07142857142857145,1.0,1.0,0.0,0.6666666666666666,0,0,0,0,0,0,0,0,0,0,1,0,0,1,train
0.0,0.3571428571428571,0.25,0.08188142191588486,0.25,0.75,1.0,0,0.5,0.0,1.0,0.5535714285714286,0.0,1.0,0.0,0.6666666666666666,0,1,0,1,0,0,0,0,0,0,0,0,0,0,train
0.0,0.24999999999999997,0.5,0.20077860744144488,0.25,1.0,1.0,0,0.5,0.0,1.0,0.49999999999999994,0.0,1.0,0.6666666666666667,0.6666666666666666,1,1,0,0,0,0,1,0,0,0,0,0,0,0,test
0.6666666666666666,0.3035714285714286,0.5,0.23613504371689326,0.0,0.75,0.3333333333333333,0,0.5,0.0,0.6666666666666667,0.28571428571428575,1.0,1.0,0.0,0.6666666666666666,0,1,0,0,0,0,1,0,0,0,0,0,0,0,test
0.0,0.24999999999999997,0.5,0.4138745293254196,0.0,0.5,0.3333333333333333,0,0.5,0.0,1.0,0.875,1.0,0.5,0.3333333333333333,0.6666666666666666,0,0,0,0,0,0,0,1,0,0,0,0,0,1,train
0.0,0.3571428571428571,0.5,0.06209713446933435,0.25,0.25,1.0,0,1.0,0.0,0.3333333333333333,0.16071428571428575,1.0,1.0,0.0,0.6666666666666666,0,0,0,0,0,0,0,1,0,0,0,0,0,0,train
0.3333333333333333,0.08928571428571427,0.5,0.06943646690918373,0.25,0.75,0.6666666666666667,0,0.5,0.0,1.0,0.7142857142857144,1.0,1.0,0.0,0.6666666666666666,0,0,0,0,0,0,0,0,0,1,0,0,0,0,test
0.3333333333333333,0.14285714285714285,0.5,0.027634182143085072,0.25,1.0,1.0,0,0.5,0.0,1.0,0.6785714285714286,0.5,1.0,0.0,0.3333333333333333,0,0,0,0,0,0,0,0,0,1,0,0,0,1,train
0.3333333333333333,0.2857142857142857,1.0,0.1250239326057821,0.25,0.5,1.0,0,1.0,1.0,0.3333333333333333,0.25000000000000006,0.0,0.5,0.3333333333333333,0.6666666666666666,0,0,1,0,0,0,0,1,0,0,0,0,0,1,train
0.0,0.3571428571428571,1.0,0.24034718233454594,0.0,0.75,0.6666666666666667,0,0.5,0.0,1.0,0.42857142857142855,1.0,1.0,0.3333333333333333,0.6666666666666666,0,1,0,0,0,0,0,0,0,0,0,0,1,0,train
0.0,0.19642857142857142,1.0,0.07626523709234795,0.25,0.5,1.0,0,0.5,0.0,1.0,0.28571428571428575,1.0,0.0,0.3333333333333333,0.6666666666666666,0,1,0,0,0,0,0,0,0,1,0,0,0,0,train
0.3333333333333333,0.24999999999999997,0.25,0.07441444891186419,0.25,0.75,1.0,0,0.5,0.0,1.0,0.23214285714285715,1.0,0.0,0.3333333333333333,0.3333333333333333,1,0,0,0,0,0,0,1,0,0,0,0,0,1,test
0.0,0.5714285714285714,0.75,0.6764311698257706,0.25,1.0,0.3333333333333333,0,0.5,0.0,0.3333333333333333,0.46428571428571425,1.0,1.0,0.3333333333333333,0.6666666666666666,1,1,0,0,0,0,0,1,0,0,0,0,0,0,test
0.0,0.3571428571428571,0.5,0.07645669793860488,0.5,0.25,1.0,0,1.0,0.0,0.6666666666666667,0.25000000000000006,1.0,1.0,0.0,0.6666666666666666,0,1,0,0,0,0,0,1,0,0,0,0,0,0,train
0.0,0.10714285714285712,0.5,0.03944093432892973,0.0,0.75,1.0,1,0.0,0.0,0.6666666666666667,0.37499999999999994,1.0,1.0,0.0,0.6666666666666666,0,1,0,0,0,0,0,0,0,0,0,1,0,0,test
0.0,0.19642857142857142,1.0,0.1957368051566788,0.25,0.5,1.0,0,0.5,0.0,0.3333333333333333,0.16071428571428575,1.0,0.0,0.0,0.6666666666666666,0,1,0,0,0,0,1,0,0,0,0,0,0,0,train
0.3333333333333333,0.19642857142857142,0.5,0.23505009892143724,0.25,0.5,0.6666666666666667,1,0.0,0.0,0.3333333333333333,0.17857142857142855,1.0,1.0,0.0,0.6666666666666666,0,1,0,0,0,0,0,1,0,0,0,0,0,1,test
0.0,0.08928571428571427,0.5,0.21067075116472012,0.5,0.5,0.0,0,0.5,1.0,0.3333333333333333,0.125,1.0,0.5,0.0,0.6666666666666666,1,0,1,0,0,0,0,1,0,0,0,0,0,0,train
0.0,0.3571428571428571,1.0,0.3527985193694556,1.0,0.5,1.0,0,0.5,0.0,0.3333333333333333,0.14285714285714285,1.0,1.0,0.3333333333333333,0.6666666666666666,0,0,0,0,0,0,0,0,0,0,0,0,1,0,test
0.0,0.24999999999999997,0.75,0.12081179398812943,0.25,0.5,1.0,0,1.0,0.0,0.3333333333333333,0.16071428571428575,1.0,1.0,0.0,0.6666666666666666,0,1,0,1,0,0,0,0,0,0,0,0,0,1,train
0.3333333333333333,0.3571428571428571,0.5,0.13804327015125406,0.25,0.25,1.0,1,0.0,0.0,1.0,0.28571428571428575,1.0,1.0,0.0,0.6666666666666666,0,1,0,0,0,0,0,0,0,1,0,0,0,1,train
0.0,0.4107142857142857,1.0,0.27123619886399897,1.0,0.25,1.0,0,0.5,0.0,0.3333333333333333,0.23214285714285715,0.5,1.0,0.3333333333333333,0.3333333333333333,1,1,0,0,0,0,1,0,0,0,0,0,0,0,train
0.0,0.10714285714285712,0.5,0.12342842555364093,0.25,0.5,0.3333333333333333,0,0.5,0.0,0.3333333333333333,0.10714285714285715,0.0,0.5,0.0,0.3333333333333333,0,0,0,0,0,0,1,0,0,0,0,0,0,1,train
0.0,0.19642857142857142,0.5,0.12413044865658306,0.75,0.5,0.3333333333333333,1,0.0,0.0,1.0,0.01785714285714285,1.0,0.5,0.0,0.6666666666666666,0,0,0,0,0,0,1,0,0,0,0,0,0,0,train
0.3333333333333333,0.24999999999999997,0.5,0.1348522560469717,0.25,0.25,1.0,1,0.0,0.0,0.0,0.14285714285714285,0.5,1.0,0.0,0.6666666666666666,0,0,0,0,0,0,0,0,0,1,0,0,0,0,train
0.0,0.14285714285714285,1.0,0.19497096177165102,0.25,1.0,0.3333333333333333,0,0.5,0.0,1.0,0.41071428571428575,0.5,1.0,0.0,0.6666666666666666,0,0,0,0,0,0,1,0,0,0,0,0,0,0,train
0.0,0.5714285714285714,0.5,0.45523007211691874,0.0,1.0,0.6666666666666667,0,0.5,0.0,0.3333333333333333,0.32142857142857145,1.0,1.0,0.3333333333333333,0.6666666666666666,0,0,0,1,0,0,0,0,0,0,0,0,0,0,val
0.3333333333333333,0.14285714285714285,0.5,0.0239964260642032,0.25,1.0,1.0,1,0.0,0.0,1.0,0.0892857142857143,1.0,0.5,0.0,0.6666666666666666,0,0,0,0,0,0,1,0,0,0,0,0,0,0,train
0.0,0.5714285714285714,0.75,0.47239772799795776,0.75,0.75,0.3333333333333333,1,0.0,0.0,1.0,0.37499999999999994,1.0,1.0,0.3333333333333333,0.6666666666666666,0,1,0,0,0,0,1,0,0,0,0,0,0,0,train
1.0,0.03571428571428571,1.0,0.06809624098538515,0.25,1.0,0.0,0,0.5,0.0,1.0,0.48214285714285715,1.0,1.0,0.3333333333333333,0.6666666666666666,1,0,1,0,0,0,0,1,0,0,0,0,0,0,train
0.3333333333333333,0.3571428571428571,1.0,0.07058523198672538,0.5,0.75,1.0,0,0.5,0.0,0.0,0.125,1.0,1.0,0.3333333333333333,0.6666666666666666,0,1,0,1,0,0,0,0,0,0,0,0,0,0,train
0.0,0.19642857142857142,0.5,0.038164528687216794,0.0,0.25,1.0,1,0.0,0.0,0.0,0.0892857142857143,1.0,1.0,0.0,0.6666666666666666,0,0,0,0,1,0,0,0,0,0,0,0,0,0,train
0.3333333333333333,0.14285714285714285,0.5,0.21150041483183352,0.25,0.5,0.3333333333333333,0,0.5,0.5,0.3333333333333333,0.17857142857142855,1.0,1.0,0.0,0.3333333333333333,1,0,0,0,0,0,1,0,0,0,0,0,0,0,train
0.6666666666666666,0.125,1.0,0.06675601506158657,1.0,0.5,1.0,1,0.0,0.0,1.0,0.37499999999999994,1.0,1.0,0.3333333333333333,0.6666666666666666,0,0,0,0,0,0,0,1,0,0,0,0,0,0,test
0.3333333333333333,0.24999999999999997,0.25,0.1061969493905163,0.25,0.25,0.6666666666666667,0,0.5,0.5,1.0,0.30357142857142855,0.0,0.0,0.0,1.0,0,1,0,0,0,0,0,0,0,1,0,0,0,0,train
0.0,0.5714285714285714,0.5,0.21181951624226175,0.25,1.0,1.0,0,0.5,0.0,0.3333333333333333,0.16071428571428575,1.0,1.0,0.0,0.6666666666666666,0,0,0,0,0,0,0,0,0,1,0,0,0,0,test
0.3333333333333333,0.08928571428571427,0.5,0.07313804327015125,0.25,0.25,0.6666666666666667,0,0.5,0.0,0.3333333333333333,0.14285714285714285,1.0,0.0,0.0,1.0,0,1,0,0,0,0,0,1,0,0,0,0,0,1,train
0.0,0.4642857142857143,1.0,0.4126619439657923,0.0,0.75,0.3333333333333333,0,0.5,0.0,0.6666666666666667,0.30357142857142855,1.0,1.0,0.3333333333333333,0.6666666666666666,0,0,0,0,0,0,0,0,0,1,0,0,0,0,train
0.0,0.3571428571428571,0.5,0.4810772863616057,0.25,0.75,0.6666666666666667,0,0.5,0.0,0.6666666666666667,0.33928571428571425,1.0,1.0,0.0,1.0,0,1,0,0,0,0,0,0,0,0,0,0,1,0,train
0.0,0.3571428571428571,0.5,0.574446359052907,0.0,0.5,0.3333333333333333,0,0.0,0.0,1.0,0.5178571428571428,1.0,0.0,0.0,0.6666666666666666,0,1,0,0,0,0,0,0,0,0,0,0,1,0,train
0.6666666666666666,0.4642857142857143,1.0,0.12157763737315717,0.0,1.0,1.0,0,0.5,0.0,1.0,0.30357142857142855,1.0,1.0,0.3333333333333333,0.6666666666666666,0,0,0,0,0,0,0,1,0,0,0,0,0,0,train
0.0,0.24999999999999997,1.0,0.05246027187440168,0.25,0.0,1.0,1,0.0,0.0,1.0,0.8214285714285714,1.0,1.0,0.3333333333333333,0.0,0,0,0,0,0,0,0,0,0,1,0,0,0,0,train
0.6666666666666666,0.3571428571428571,0.5,0.24130448656583064,0.25,0.75,0.6666666666666667,0,0.0,0.0,0.6666666666666667,0.42857142857142855,1.0,1.0,0.0,0.6666666666666666,0,1,0,0,0,0,1,0,0,0,0,0,0,1,train
0.3333333333333333,0.14285714285714285,0.5,0.033122726402450696,0.25,0.25,1.0,1,0.0,0.0,1.0,0.6071428571428572,1.0,1.0,0.0,0.6666666666666666,0,0,0,0,0,1,0,0,0,0,0,0,0,1,train
0.6666666666666666,0.3571428571428571,1.0,0.16267789903631374,0.0,0.75,1.0,0,0.5,0.0,0.6666666666666667,0.26785714285714285,1.0,1.0,0.3333333333333333,0.6666666666666666,1,1,0,1,0,0,0,0,0,0,0,0,0,0,train
0.6666666666666666,0.7857142857142857,0.5,0.9825770629906184,0.25,0.5,0.3333333333333333,0,0.5,0.0,0.3333333333333333,0.07142857142857145,1.0,1.0,0.0,0.6666666666666666,0,1,0,1,0,0,0,0,0,0,0,0,0,1,test
0.0,0.5714285714285714,1.0,0.40449294785882955,0.25,1.0,1.0,0,0.5,0.0,1.0,0.26785714285714285,1.0,1.0,0.3333333333333333,1.0,0,1,0,0,0,0,0,1,0,0,0,0,0,0,train
0.0,0.4285714285714286,0.25,0.48171548918246215,0.0,0.25,0.6666666666666667,0,0.5,1.0,1.0,0.37499999999999994,0.0,0.5,0.3333333333333333,0.6666666666666666,1,1,0,0,0,0,0,0,0,0,0,0,1,0,val
0.3333333333333333,0.4107142857142857,1.0,0.138234730997511,0.25,1.0,1.0,0,0.5,0.0,1.0,0.42857142857142855,0.5,1.0,1.0,1.0,1,1,0,1,0,0,0,0,0,0,0,0,0,0,test
0.0,0.19642857142857142,1.0,0.0991128980790095,0.25,1.0,1.0,0,0.5,0.0,1.0,0.48214285714285715,1.0,1.0,0.3333333333333333,0.6666666666666666,0,1,0,0,0,0,0,0,0,1,0,0,0,0,train
0.3333333333333333,0.14285714285714285,1.0,0.1209394345523007,0.25,0.5,1.0,0,0.5,0.0,1.0,0.33928571428571425,0.0,1.0,0.3333333333333333,0.3333333333333333,0,0,1,0,0,0,0,1,0,0,0,0,0,0,train
0.6666666666666666,0.5714285714285714,1.0,0.352543238241113,0.25,0.5,0.6666666666666667,0,0.5,0.0,1.0,0.26785714285714285,1.0,1.0,0.3333333333333333,0.6666666666666666,0,1,0,0,0,0,0,0,0,0,0,0,1,0,train
0.0,0.24999999999999997,1.0,0.05699151190248261,0.0,0.5,1.0,0,0.5,0.0,0.6666666666666667,0.17857142857142855,1.0,1.0,0.3333333333333333,0.6666666666666666,0,1,0,0,0,0,0,0,0,1,0,0,0,0,train
0.0,0.5714285714285714,0.75,0.5533856659646434,0.0,0.75,0.6666666666666667,0,0.5,0.0,0.3333333333333333,0.21428571428571425,0.5,1.0,0.0,1.0,1,1,0,0,0,0,0,0,0,0,0,0,1,0,train
0.3333333333333333,0.3035714285714286,0.5,0.14870125725955707,0.25,0.25,1.0,1,0.0,0.0,1.0,0.16071428571428575,1.0,0.5,0.0,1.0,0,1,0,0,0,0,0,0,0,1,0,0,0,0,val
0.0,0.14285714285714285,1.0,0.0839874912247112,1.0,0.75,0.6666666666666667,1,0.0,0.0,0.3333333333333333,0.28571428571428575,1.0,1.0,0.0,0.6666666666666666,0,0,1,0,0,0,1,0,0,0,0,0,0,0,train
0.0,0.19642857142857142,0.5,0.12189673878358541,0.0,0.75,0.0,1,0.0,0.0,1.0,0.25000000000000006,0.0,0.5,0.0,0.3333333333333333,0,0,0,0,0,0,1,0,0,0,0,0,0,0,train
0.3333333333333333,0.24999999999999997,0.5,0.24743123364605274,0.25,0.5,0.3333333333333333,0,0.5,0.5,0.6666666666666667,0.41071428571428575,1.0,1.0,0.0,0.6666666666666666,0,0,0,0,0,0,1,0,0,0,0,0,0,1,train
0.3333333333333333,0.21428571428571427,1.0,0.1499138426191844,0.25,1.0,0.3333333333333333,0,0.5,1.0,1.0,0.42857142857142855,0.0,0.5,0.0,0.6666666666666666,0,1,0,0,0,0,0,1,0,0,0,0,0,1,val
0.0,0.2857142857142857,1.0,0.20479928521284063,0.0,0.25,0.3333333333333333,0,0.0,0.0,1.0,0.44642857142857145,1.0,1.0,0.3333333333333333,0.6666666666666666,0,1,0,0,0,0,0,1,0,0,0,0,0,0,train
0.0,0.5714285714285714,1.0,0.6510306975556831,0.0,1.0,0.3333333333333333,0,0.5,0.0,1.0,0.41071428571428575,1.0,0.0,0.3333333333333333,0.6666666666666666,0,0,0,0,0,0,0,0,0,0,0,0,1,0,train
0.0,0.19642857142857142,0.5,0.07084051311506796,0.0,0.5,1.0,0,1.0,0.0,0.3333333333333333,0.37499999999999994,1.0,0.5,0.0,0.6666666666666666,0,1,0,0,0,0,0,0,0,1,0,0,0,0,train
0.0,0.3571428571428571,0.5,0.0639479226498181,0.25,1.0,1.0,0,0.5,0.0,0.0,0.30357142857142855,1.0,1.0,0.0,1.0,0,1,0,0,0,0,0,0,0,1,0,0,0,0,val
0.3333333333333333,0.14285714285714285,0.5,0.0530346544131725,0.25,0.5,0.3333333333333333,0,0.5,0.0,0.3333333333333333,0.01785714285714285,1.0,0.5,0.0,1.0,1,1,0,0,0,0,0,0,0,1,0,0,0,0,train
0.3333333333333333,0.3035714285714286,0.5,0.22254132363265045,0.0,0.75,0.3333333333333333,0,0.5,0.5,0.3333333333333333,0.0892857142857143,1.0,1.0,0.0,0.3333333333333333,0,0,1,0,0,0,0,1,0,0,0,0,0,0,train
0.6666666666666666,0.5714285714285714,0.5,0.2192226689641968,0.0,0.5,0.3333333333333333,0,1.0,0.0,0.3333333333333333,0.14285714285714285,1.0,1.0,0.0,0.6666666666666666,0,0,0,0,0,1,0,0,0,0,0,0,0,0,val
0.0,0.19642857142857142,0.75,0.21175569596017613,0.25,0.25,0.0,1,0.0,0.0,0.3333333333333333,0.48214285714285715,1.0,1.0,0.3333333333333333,0.3333333333333333,0,0,0,0,0,0,0,0,0,0,0,0,1,0,train
0.6666666666666666,0.08928571428571427,0.5,0.18629140340800304,0.0,0.5,0.0,1,0.0,0.0,0.3333333333333333,0.25000000000000006,1.0,1.0,0.0,0.3333333333333333,0,0,0,0,0,0,0,1,0,0,0,0,0,0,train
0.0,0.5714285714285714,0.75,0.2666411385538324,0.25,0.5,1.0,1,0.0,0.0,1.0,0.26785714285714285,1.0,1.0,0.3333333333333333,0.6666666666666666,0,0,0,0,0,0,0,0,0,1,0,0,0,0,train
0.6666666666666666,0.3571428571428571,1.0,0.2846384581019848,0.25,0.25,0.3333333333333333,1,0.0,0.0,1.0,0.10714285714285715,0.0,1.0,0.0,0.3333333333333333,0,0,0,0,0,0,1,0,0,0,0,0,0,1,val
0.6666666666666666,0.4642857142857143,0.5,0.17327206586253108,0.0,1.0,0.3333333333333333,1,0.0,0.0,1.0,0.10714285714285715,1.0,1.0,0.0,0.6666666666666666,0,0,0,0,0,0,0,0,0,1,0,0,0,0,val
0.0,0.125,0.5,0.11908864637181694,1.0,1.0,0.0,0,0.0,0.0,0.3333333333333333,0.16071428571428575,1.0,1.0,0.0,0.6666666666666666,0,1,0,1,0,0,0,0,0,0,0,0,0,0,train
0.3333333333333333,0.3571428571428571,0.25,0.18412151381709108,0.25,0.5,1.0,0,0.5,0.0,0.3333333333333333,0.21428571428571425,1.0,0.5,0.0,0.6666666666666666,0,1,0,1,0,0,0,0,0,0,0,0,0,1,train
0.6666666666666666,0.7857142857142857,0.0,1.1582104792903185,0.25,0.5,0.0,1,0.0,0.0,0.3333333333333333,0.23214285714285715,0.0,1.0,0.0,1.0,0,1,1,0,0,0,0,0,1,0,0,0,0,1,test
0.0,0.10714285714285712,0.5,0.16414576552428362,0.5,0.5,0.0,0,0.5,0.5,0.3333333333333333,0.23214285714285715,1.0,1.0,0.0,0.6666666666666666,1,0,0,0,0,0,0,0,0,0,0,0,1,0,train
0.3333333333333333,0.03571428571428571,0.5,0.9330525240921564,0.25,1.0,0.0,0,0.5,0.0,1.0,0.875,0.0,1.0,0.0,1.0,0,1,0,0,0,0,0,1,0,0,0,0,0,1,test
0.3333333333333333,0.3571428571428571,0.5,0.1329376475844023,0.5,0.0,0.0,0,0.0,0.0,0.0,0.25000000000000006,1.0,1.0,0.0,0.6666666666666666,0,0,0,0,0,0,1,0,0,0,0,0,0,1,train
0.3333333333333333,0.3571428571428571,0.5,0.1958644457208501,0.25,1.0,1.0,0,0.5,0.0,0.3333333333333333,0.35714285714285715,1.0,0.5,0.0,1.0,0,1,0,0,0,0,1,0,0,0,0,0,0,1,train
0.0,0.24999999999999997,1.0,0.09834705469398174,0.25,0.5,1.0,1,0.0,0.0,0.3333333333333333,0.16071428571428575,1.0,1.0,0.3333333333333333,0.6666666666666666,0,0,0,0,0,0,1,0,0,0,0,0,0,0,train
0.0,0.7857142857142857,0.75,0.7960303784542727,0.75,0.75,1.0,0,0.5,0.0,0.0,0.32142857142857145,1.0,1.0,0.0,1.0,0,1,0,0,0,0,0,0,0,1,0,0,0,0,test
0.3333333333333333,0.08928571428571427,0.5,0.06956410747335502,0.25,0.25,0.6666666666666667,1,0.0,0.0,1.0,0.0535714285714286,1.0,0.5,0.0,0.6666666666666666,0,0,0,0,0,0,0,0,0,1,0,0,0,1,train
0.6666666666666666,0.14285714285714285,0.5,0.11015380687982641,0.25,0.75,0.6666666666666667,0,0.5,0.0,1.0,0.19642857142857145,1.0,0.5,0.0,0.6666666666666666,1,1,0,0,0,0,0,1,0,0,0,0,0,0,train
0.3333333333333333,0.3571428571428571,0.25,0.4209585806369264,0.25,0.25,0.3333333333333333,0,0.0,0.0,0.0,0.6428571428571428,0.0,1.0,0.0,0.6666666666666666,0,1,0,0,0,0,1,0,0,0,0,0,0,1,train
0.3333333333333333,0.14285714285714285,0.25,0.02686833875805731,0.25,0.25,1.0,0,0.5,0.0,0.3333333333333333,0.48214285714285715,0.0,1.0,0.3333333333333333,0.6666666666666666,0,1,0,0,0,0,0,1,0,0,0,0,0,1,train
0.3333333333333333,0.24999999999999997,1.0,0.04933307805220499,0.25,0.25,1.0,1,0.0,0.0,1.0,0.035714285714285754,1.0,0.5,0.0,0.6666666666666666,0,0,0,0,0,0,1,0,0,0,0,0,0,0,train
0.3333333333333333,0.7857142857142857,0.5,0.6395430467802667,0.25,0.75,1.0,0,0.5,0.0,1.0,0.35714285714285715,0.5,0.0,0.6666666666666667,0.6666666666666666,1,1,0,0,0,0,0,0,0,0,0,0,1,1,train
0.0,0.4642857142857143,0.5,0.10153806879826408,0.0,1.0,1.0,0,0.5,0.0,1.0,0.6964285714285714,1.0,1.0,0.0,0.6666666666666666,0,1,0,0,0,0,0,0,0,1,0,0,0,0,train
0.3333333333333333,0.14285714285714285,0.75,0.0681600612674708,0.25,0.5,1.0,0,0.5,0.0,0.3333333333333333,0.42857142857142855,1.0,1.0,0.3333333333333333,0.3333333333333333,1,0,0,0,0,0,0,1,0,0,0,0,0,0,train
0.3333333333333333,0.3571428571428571,0.5,0.09387963494798647,0.25,0.25,1.0,0,0.5,0.5,0.0,0.0892857142857143,1.0,1.0,0.0,0.3333333333333333,0,0,1,0,0,0,1,0,0,0,0,0,0,0,train
0.6666666666666666,0.08928571428571427,0.5,0.08896547322739166,0.25,0.25,1.0,1,0.0,0.0,0.3333333333333333,0.0535714285714286,1.0,1.0,0.0,0.6666666666666666,0,1,0,0,0,0,0,0,0,1,0,0,0,1,test
0.0,0.08928571428571427,1.0,0.060501627417193185,0.25,0.5,0.6666666666666667,0,0.5,0.0,0.0,0.19642857142857145,1.0,1.0,0.3333333333333333,0.6666666666666666,0,0,0,0,0,0,0,1,0,0,0,0,0,0,train
0.0,0.14285714285714285,1.0,0.015699789393069118,0.75,1.0,1.0,0,0.5,0.0,1.0,0.41071428571428575,1.0,1.0,0.3333333333333333,0.6666666666666666,1,1,0,0,0,0,0,0,0,1,0,0,0,0,test
0.3333333333333333,0.14285714285714285,0.5,0.0779883847086604,0.25,0.5,1.0,1,0.0,0.0,0.0,0.07142857142857145,0.0,1.0,0.0,0.6666666666666666,0,0,0,0,0,0,0,0,0,1,0,0,0,0,train
0.6666666666666666,0.4642857142857143,0.75,0.10485672346671772,0.5,0.25,1.0,0,0.5,0.0,0.6666666666666667,0.19642857142857145,0.5,1.0,0.3333333333333333,1.0,0,0,0,0,0,0,0,0,0,1,0,0,0,1,train
1.0,0.08928571428571427,0.5,0.029931712298168357,0.25,0.5,0.6666666666666667,1,0.0,0.0,0.3333333333333333,0.16071428571428575,1.0,1.0,0.0,0.3333333333333333,0,0,0,0,0,0,0,0,0,1,0,0,0,1,test
0.6666666666666666,0.03571428571428571,0.5,0.11404684408705086,0.25,0.25,1.0,0,1.0,0.0,0.6666666666666667,0.19642857142857145,1.0,0.5,0.0,1.0,0,1,0,0,0,0,0,0,0,1,0,0,0,0,train
0.6666666666666666,1.0,0.5,0.38368753589890864,0.25,0.5,1.0,0,0.5,0.0,1.0,0.41071428571428575,1.0,0.0,0.0,0.6666666666666666,0,0,0,0,0,1,0,0,0,0,0,0,0,1,test
0.0,0.3571428571428571,1.0,0.419043972174357,0.0,0.5,0.3333333333333333,0,0.5,0.0,1.0,0.48214285714285715,1.0,1.0,0.3333333333333333,1.0,1,1,0,0,0,0,0,0,0,0,0,0,1,0,val
0.0,0.14285714285714285,0.5,0.20747973706043782,0.0,0.25,0.3333333333333333,0,0.5,0.0,0.6666666666666667,0.46428571428571425,1.0,1.0,0.0,1.0,1,1,0,0,0,0,0,1,0,0,0,0,0,0,train
0.0,0.10714285714285712,0.5,0.08105175824877145,0.25,0.5,0.6666666666666667,0,0.5,0.0,0.3333333333333333,0.21428571428571425,1.0,1.0,0.0,0.3333333333333333,1,0,1,0,0,0,0,1,0,0,0,0,0,0,test
0.0,0.3571428571428571,0.5,0.04167464420192737,0.0,0.75,1.0,0,0.5,0.0,0.3333333333333333,0.21428571428571425,0.5,1.0,0.0,0.6666666666666666,0,1,0,0,0,0,1,0,0,0,0,0,0,0,train
0.0,0.0,1.0,0.07524411257897759,0.25,0.75,0.3333333333333333,0,0.5,0.0,0.0,0.41071428571428575,1.0,1.0,0.6666666666666667,0.3333333333333333,1,0,0,0,0,0,0,1,0,0,0,0,0,0,train
0.3333333333333333,0.19642857142857142,0.5,0.10013402259237986,0.25,0.25,1.0,1,0.0,1.0,0.0,0.48214285714285715,1.0,0.5,0.0,0.6666666666666666,0,0,0,0,0,0,1,0,0,0,0,0,0,0,test
0.6666666666666666,0.7857142857142857,0.0,0.5157955198161975,0.75,0.25,0.0,1,0.0,0.0,0.0,0.19642857142857145,1.0,1.0,0.3333333333333333,0.6666666666666666,0,0,0,0,0,0,0,1,0,0,0,0,0,0,train
0.3333333333333333,0.3571428571428571,0.25,0.19611972684919265,0.75,0.25,1.0,0,0.5,0.0,1.0,0.19642857142857145,1.0,0.0,0.0,0.6666666666666666,1,1,0,0,0,0,1,0,0,0,0,0,0,1,train
0.0,0.14285714285714285,0.5,0.1648477886272257,0.0,0.0,1.0,0,0.5,0.0,1.0,0.33928571428571425,1.0,1.0,0.0,1.0,0,1,0,0,0,0,0,1,0,0,0,0,0,0,test
0.0,0.24999999999999997,0.5,0.08022209458165805,0.25,0.25,1.0,0,1.0,0.5,0.0,0.42857142857142855,1.0,1.0,0.0,0.3333333333333333,1,0,0,0,0,0,1,0,0,0,0,0,0,1,val
0.0,0.3571428571428571,0.5,0.2134788435764886,0.5,1.0,0.3333333333333333,0,0.5,0.0,1.0,0.21428571428571425,1.0,1.0,0.3333333333333333,0.6666666666666666,0,0,0,0,0,0,0,0,0,1,0,0,0,1,train
0.6666666666666666,0.24999999999999997,1.0,0.21150041483183352,0.25,0.0,0.6666666666666667,0,1.0,0.0,0.6666666666666667,0.37499999999999994,1.0,1.0,0.6666666666666667,0.0,1,1,0,1,0,0,0,0,0,0,0,0,0,0,val
0.3333333333333333,0.5714285714285714,0.75,0.1192801072180739,0.25,0.75,0.3333333333333333,0,0.5,0.0,0.0,0.0892857142857143,1.0,1.0,0.3333333333333333,0.6666666666666666,0,1,0,1,0,0,0,0,0,0,0,0,0,1,train
0.6666666666666666,0.3571428571428571,0.5,0.24487842236262686,0.75,0.25,0.6666666666666667,1,0.0,0.0,1.0,0.16071428571428575,1.0,0.5,0.0,0.6666666666666666,0,0,0,0,0,0,0,0,0,0,0,0,1,1,train
0.0,0.5714285714285714,0.5,0.6827493777522495,0.25,0.0,1.0,1,0.0,0.0,0.3333333333333333,0.125,1.0,1.0,0.3333333333333333,1.0,0,1,0,0,0,0,1,0,0,0,0,0,0,1,test
0.3333333333333333,0.14285714285714285,0.5,0.1031973961324909,0.25,0.5,1.0,1,0.0,1.0,1.0,0.17857142857142855,1.0,1.0,0.0,0.6666666666666666,0,1,0,0,0,0,0,1,0,0,0,0,0,0,train
0.3333333333333333,0.3571428571428571,1.0,0.06094836939179271,1.0,1.0,1.0,1,0.0,0.0,1.0,0.6785714285714286,1.0,0.5,0.3333333333333333,1.0,0,1,0,0,0,0,0,0,0,1,0,0,0,0,train
1.0,0.4642857142857143,1.0,0.21571255344948626,0.0,1.0,1.0,0,0.5,0.0,1.0,0.5357142857142858,0.5,1.0,0.3333333333333333,0.3333333333333333,0,0,0,0,0,0,0,0,0,1,0,0,0,0,val
0.6666666666666666,0.08928571428571427,1.0,0.056034207671197905,0.25,1.0,0.3333333333333333,0,0.5,0.0,1.0,0.32142857142857145,1.0,1.0,0.6666666666666667,0.3333333333333333,0,0,0,0,0,0,0,0,0,1,0,0,0,0,train
0.3333333333333333,0.4285714285714286,0.5,0.2380496521794626,0.25,0.5,0.6666666666666667,0,0.5,0.0,0.3333333333333333,0.46428571428571425,1.0,1.0,0.0,0.3333333333333333,0,0,0,0,0,0,0,1,0,0,0,0,0,1,train
0.6666666666666666,0.3571428571428571,0.5,0.17825004786521154,0.5,1.0,1.0,0,0.5,0.0,1.0,0.19642857142857145,1.0,0.0,0.0,0.6666666666666666,0,0,0,0,0,0,1,0,0,0,0,0,0,0,train
0.0,0.03571428571428571,1.0,0.09343289297338693,0.25,1.0,0.3333333333333333,0,1.0,0.0,0.3333333333333333,0.19642857142857145,1.0,0.5,0.3333333333333333,0.6666666666666666,0,0,0,0,0,0,0,0,0,1,0,0,0,0,train
0.6666666666666666,0.3035714285714286,0.75,0.13255472589188844,0.25,0.5,0.0,0,0.0,0.0,1.0,0.49999999999999994,1.0,1.0,0.3333333333333333,0.6666666666666666,0,0,0,0,0,0,0,1,0,0,0,0,0,0,train
0.0,0.19642857142857142,0.5,0.20933052524092155,0.0,0.5,0.6666666666666667,0,0.5,0.0,0.3333333333333333,0.17857142857142855,1.0,1.0,0.0,0.6666666666666666,0,0,0,0,0,0,0,1,0,0,0,0,0,0,train
0.0,0.3571428571428571,0.5,0.13536281830365687,0.75,1.0,0.6666666666666667,0,0.5,0.0,0.3333333333333333,0.28571428571428575,0.0,1.0,0.3333333333333333,0.6666666666666666,0,1,0,0,0,0,0,0,0,1,0,0,0,1,train
0.6666666666666666,0.03571428571428571,0.5,0.011360010211245133,0.25,0.25,0.6666666666666667,0,1.0,0.0,0.0,0.0535714285714286,1.0,1.0,0.0,0.3333333333333333,0,0,0,0,0,0,0,0,0,0,1,0,0,0,train
0.6666666666666666,0.4642857142857143,0.5,0.09183738592124577,0.0,0.5,1.0,1,0.0,0.0,0.0,0.125,1.0,1.0,0.0,0.6666666666666666,0,0,0,0,0,0,0,0,0,1,0,0,0,0,train
0.6666666666666666,0.4107142857142857,1.0,0.14321271300019145,0.75,0.5,1.0,0,0.5,0.0,0.3333333333333333,0.07142857142857145,1.0,1.0,0.3333333333333333,0.3333333333333333,0,0,0,0,0,0,0,0,0,1,0,0,0,1,test
0.0,0.19642857142857142,0.5,0.21009636862594933,0.25,1.0,1.0,1,0.0,0.0,0.3333333333333333,0.625,0.0,0.5,0.0,1.0,0,1,0,0,0,0,0,0,0,1,0,0,0,0,train
0.0,0.6785714285714286,0.5,0.43972174357010657,0.0,0.75,0.3333333333333333,0,1.0,0.0,1.0,0.17857142857142855,1.0,0.5,0.0,0.6666666666666666,0,1,0,0,0,0,0,0,0,1,0,0,0,0,train
0.3333333333333333,0.125,1.0,0.2337736932797243,0.25,0.5,0.0,0,0.5,0.0,0.3333333333333333,0.37499999999999994,1.0,1.0,0.3333333333333333,0.3333333333333333,1,0,0,0,0,0,0,1,0,0,0,0,0,0,train
0.6666666666666666,0.19642857142857142,0.5,0.07900950922203076,0.5,0.5,1.0,0,0.5,1.0,0.3333333333333333,0.0535714285714286,1.0,1.0,0.0,0.6666666666666666,0,0,0,0,0,0,0,0,0,0,1,0,0,0,train
0.0,0.3571428571428571,0.5,0.4542089476035484,0.25,0.5,0.0,0,0.5,0.0,1.0,0.42857142857142855,1.0,1.0,0.0,0.3333333333333333,1,0,0,0,0,0,0,1,0,0,0,0,0,0,train
0.3333333333333333,0.3571428571428571,0.25,0.058523198672538135,0.25,0.0,0.0,1,0.0,0.5,1.0,0.17857142857142855,1.0,0.5,0.3333333333333333,0.0,0,0,0,0,0,0,0,1,0,0,0,0,0,1,train
0.3333333333333333,1.0,0.5,0.4480822005233263,0.25,1.0,1.0,0,0.5,0.5,1.0,0.30357142857142855,1.0,0.5,0.0,0.6666666666666666,0,0,0,1,0,0,0,0,0,0,0,0,0,1,train
0.0,0.4642857142857143,1.0,0.1630608207288276,0.25,0.5,1.0,1,0.0,0.0,0.3333333333333333,0.25000000000000006,1.0,1.0,0.0,0.6666666666666666,0,1,0,0,0,0,0,0,0,1,0,0,0,0,test
1.0,0.3571428571428571,0.5,0.06267151700810517,0.75,0.5,0.6666666666666667,1,0.0,0.0,0.6666666666666667,0.6785714285714286,1.0,1.0,0.0,0.3333333333333333,0,0,0,0,0,0,0,0,0,1,0,0,0,0,train
0.6666666666666666,0.03571428571428571,0.5,0.03044227455485353,0.25,0.5,0.3333333333333333,1,0.0,1.0,0.6666666666666667,0.8035714285714286,1.0,1.0,0.0,0.6666666666666666,0,0,0,0,0,0,0,0,0,1,0,0,0,0,train
0.6666666666666666,0.24999999999999997,0.75,0.13727742676622628,0.0,1.0,1.0,0,0.5,0.0,0.3333333333333333,0.41071428571428575,1.0,1.0,0.3333333333333333,0.6666666666666666,0,0,0,1,0,0,0,0,0,0,0,0,0,0,test
0.0,0.3571428571428571,0.75,0.14436147807773309,0.25,1.0,1.0,0,0.5,0.0,1.0,0.49999999999999994,1.0,1.0,0.3333333333333333,0.3333333333333333,1,0,0,0,0,0,0,1,0,0,0,0,0,1,train
0.6666666666666666,0.19642857142857142,0.25,0.06305443870061905,0.5,0.5,0.3333333333333333,0,1.0,0.0,0.3333333333333333,0.10714285714285715,1.0,0.5,0.0,0.6666666666666666,0,0,0,0,0,0,0,1,0,0,0,0,0,1,train
0.6666666666666666,0.4642857142857143,1.0,0.5175824877145956,0.25,0.75,0.3333333333333333,0,0.5,0.0,0.3333333333333333,0.5357142857142858,1.0,1.0,0.0,0.6666666666666666,0,0,0,0,0,0,1,0,0,0,0,0,0,1,val
0.0,0.7857142857142857,0.5,0.29153104856723466,0.25,0.0,0.6666666666666667,0,0.5,0.0,0.3333333333333333,0.25000000000000006,0.0,0.5,0.0,1.0,0,1,0,1,0,0,0,0,0,0,0,0,0,1,train
1.0,0.3035714285714286,0.5,0.16893228668070714,0.5,0.5,0.0,1,0.0,0.0,0.0,0.16071428571428575,0.0,1.0,0.0,1.0,0,1,0,0,0,0,0,1,0,0,0,0,0,0,train
0.3333333333333333,0.5714285714285714,0.5,0.507562703427149,0.25,0.5,0.3333333333333333,0,0.5,0.0,0.3333333333333333,0.125,1.0,1.0,0.0,0.6666666666666666,1,0,0,0,0,0,0,0,0,0,0,0,1,1,train
0.0,0.3571428571428571,1.0,0.11181313421405321,0.25,0.75,0.3333333333333333,0,0.5,0.0,0.3333333333333333,0.19642857142857145,1.0,1.0,0.3333333333333333,0.3333333333333333,0,0,0,0,0,0,1,0,0,0,0,0,0,0,train
0.3333333333333333,0.19642857142857142,1.0,0.07384006637309336,0.25,0.5,1.0,1,0.0,0.0,0.6666666666666667,0.10714285714285715,1.0,0.5,0.3333333333333333,0.6666666666666666,0,0,0,0,0,0,1,0,0,0,0,0,0,0,train
1.0,0.6785714285714286,0.0,0.3837513561809943,0.25,0.25,0.3333333333333333,0,0.0,0.0,0.0,0.25000000000000006,1.0,1.0,0.3333333333333333,0.6666666666666666,0,0,0,1,0,0,0,0,0,0,0,0,0,0,train
0.0,0.1607142857142857,0.5,0.07230837960303783,0.5,0.0,0.3333333333333333,1,0.0,0.0,1.0,0.8035714285714286,1.0,1.0,0.0,0.6666666666666666,0,0,0,0,0,0,0,0,0,1,0,0,0,0,train
0.3333333333333333,0.3571428571428571,0.5,0.4022592379858319,0.25,0.0,1.0,0,0.5,0.0,0.3333333333333333,0.17857142857142855,1.0,0.0,0.0,1.0,0,1,0,0,0,0,0,0,0,0,0,0,1,0,train
0.6666666666666666,0.3571428571428571,1.0,0.09362435381964387,0.25,1.0,1.0,0,0.5,0.0,0.3333333333333333,0.5178571428571428,1.0,1.0,0.3333333333333333,0.3333333333333333,0,0,0,0,0,0,0,0,0,1,0,0,0,0,train
0.0,0.14285714285714285,1.0,0.2099049077796924,0.0,0.25,0.3333333333333333,0,0.5,0.0,0.0,0.32142857142857145,1.0,1.0,0.3333333333333333,0.3333333333333333,1,0,0,0,0,1,0,0,0,0,0,0,0,0,train
0.0,0.19642857142857142,0.25,0.08251962473674133,0.5,1.0,1.0,0,0.5,0.0,1.0,0.26785714285714285,0.0,1.0,0.0,0.3333333333333333,1,0,0,0,0,0,0,0,0,1,0,0,0,0,train
0.3333333333333333,0.24999999999999997,0.5,0.10594166826217372,0.0,0.75,0.3333333333333333,0,1.0,0.0,1.0,0.07142857142857145,1.0,0.5,0.3333333333333333,0.3333333333333333,0,0,0,0,0,0,0,0,0,1,0,0,0,0,test
0.3333333333333333,0.5714285714285714,0.5,0.23505009892143724,0.25,0.0,1.0,0,0.5,0.0,0.6666666666666667,0.19642857142857145,1.0,1.0,0.0,1.0,0,1,0,0,0,0,1,0,0,0,0,0,0,0,test
0.0,0.14285714285714285,0.5,0.1349160763290574,0.0,1.0,1.0,0,0.5,0.0,0.6666666666666667,0.5535714285714286,1.0,1.0,0.0,0.6666666666666666,0,1,0,0,0,0,0,1,0,0,0,0,0,0,train
0.0,0.14285714285714285,0.5,0.09317761184504435,0.25,0.75,0.6666666666666667,1,0.0,0.0,1.0,0.21428571428571425,1.0,1.0,0.0,0.3333333333333333,0,0,0,0,0,0,1,0,0,0,0,0,0,0,train
0.3333333333333333,0.4642857142857143,0.5,0.22854043014870123,0.25,0.5,1.0,0,0.0,0.0,1.0,0.37499999999999994,1.0,1.0,0.0,1.0,0,1,0,0,0,0,0,0,0,0,0,0,1,0,test
0.0,0.14285714285714285,0.5,0.033697108941221514,0.25,1.0,1.0,0,0.5,0.0,1.0,0.33928571428571425,1.0,1.0,0.0,0.6666666666666666,0,0,0,0,0,0,0,0,0,1,0,0,0,0,train
0.3333333333333333,0.7321428571428571,0.5,0.10013402259237986,0.25,0.5,1.0,0,0.5,0.0,1.0,0.07142857142857145,1.0,0.0,0.0,0.6666666666666666,0,1,0,0,0,0,0,0,0,1,0,0,0,1,test
0.6666666666666666,0.7321428571428571,1.0,0.2744272129682813,0.5,0.0,0.6666666666666667,0,0.5,0.0,1.0,0.14285714285714285,1.0,1.0,0.0,0.6666666666666666,0,0,0,0,0,0,0,0,0,0,0,0,1,0,train
