0,1,2,3,4,5,6,7,8,9,10,11,12,13,14,15,16,17,18,19,20,21,22,23,24,25,26,27,28,29,30,31,32,33,34,35,36,37,38,39,40,41,42,43,44,45,46,47,48,49,50,51,52,53,54,55,56,57,58,59,target,split
0.1300148588410104,0.2244772447724477,0.2503030303030303,0.08900836320191159,0.3517102615694165,0.23469112489884006,0.4074675324675325,0.34242625859392317,0.4426794545182077,0.27744828583827574,0.18275124732715609,0.21310956301456618,0.29566719447243417,0.03836238011756213,0.06309559634868091,0.21483818440871158,0.2850481815355922,0.2726233766233766,0.482221754681254,0.4381209503239741,0.555543844856661,0.4960637971577549,0.39200343016400474,0.5436833470057425,0.6630122950819671,0.6051327238682673,0.6957663620128166,0.8023878139151914,0.6654503753127606,0.3455843187386811,0.09002618943692714,0.2527573529411765,0.4876614512233539,0.7774244833068362,0.8503630970645394,0.8494959677419355,0.6933085501858737,0.5941561817614641,0.4799999999999999,0.28354712771890683,0.020536692223439214,0.3502269288956127,0.37581481974191827,0.7373527373527373,0.37546204151265283,0.1900713110257817,0.1903295907279971,0.40221623240491167,0.21348940914158304,0.3927272727272727,0.23107569721115537,0.020114942528735632,0.15584415584415584,0.43401759530791784,0.13990825688073394,0.4149484536082475,0.5028409090909091,0.1853546910755149,0.24517906336088152,0.06004618937644342,1,train
0.3179791976225855,0.3179581795817958,0.5018181818181818,0.37694145758661884,0.44386317907444667,0.6654977070407337,0.574404761904762,0.7593701485917054,0.4768469953544133,0.38753073918703895,0.6544547398431932,1.0,0.969483230171297,0.7759100752810146,0.7456113953255089,0.9446366782006921,1.0,0.8830129870129869,0.7921312855038923,0.7643628509719222,0.495362563237774,0.39188222063183725,0.35223496623432315,0.3759228876127974,0.30840163934426224,0.2510188346734222,0.29309801449732115,0.2555578427336353,0.4185779816513762,0.15074038563971448,0.3607594936708861,0.2921645220588236,0.158248451118345,0.22564917859035508,0.11077017490027616,0.41350806451612904,0.3809315547780451,0.07008422585005719,0.15164021164021163,0.19721137757947574,0.1799014238773275,0.06643973777105396,0.18637754423307168,0.28205128205128205,0.08828547057150982,0.027838727372462974,0.09597971749366171,0.22222222222222224,0.22798216276477143,0.07393939393939394,0.12450199203187251,0.10201149425287355,0.21818181818181817,0.10850439882697943,0.19036697247706424,0.4768041237113403,0.3892045454545455,0.10526315789473685,0.14049586776859505,0.08775981524249424,1,train
0.1760772659732541,0.35424354243542433,0.656969696969697,0.6123058542413381,0.35975855130784706,0.5837604531966551,0.648809523809524,0.8236859614105122,0.8156751086467855,0.8680746419788803,0.8561653599429793,1.0804306523115896,0.7715560673672089,0.5204702485304734,0.6468050957969705,0.688886627315286,0.6641798777328775,0.7455584415584414,0.8873343151693669,0.850863930885529,0.7864671163575041,0.666394029240364,0.38825168828384615,0.34864643150123054,0.5216188524590163,0.16433527921577262,0.4820884546696082,0.849011939069576,0.5867389491242703,0.8416959625013317,0.8762549105194238,0.533203125,0.14543736217578496,0.2646528881822999,0.41004398077119775,0.2986895161290323,0.6303301989940958,0.6626806696474993,0.5257142857142857,0.5038482989403235,0.5869386637458928,0.3190872415532022,0.28322469070107753,0.384961884961885,0.30011373329542224,0.02413603949533736,0.24411445128576603,0.22282120395327942,0.07246376811594202,0.12848484848484848,0.03286852589641434,0.31465517241379304,0.41818181818181815,0.24633431085043986,0.3876146788990825,0.6134020618556701,0.8892045454545456,0.36842105263157904,0.2589531680440771,0.16628175519630484,1,test
0.055720653789004454,0.10147601476014759,0.36848484848484847,0.0878136200716846,0.05030181086519115,0.06797949824656058,0.28814935064935066,0.2703481925038811,0.0663869324142065,0.15492550267611746,0.0789736279401283,0.27802406586447115,0.0,0.20501185933793956,0.17032801685224194,0.20038672908609811,0.03564397471764584,0.19802597402597402,0.375131495897328,0.3491360691144708,0.23492833052276557,0.3548716900112463,0.5236359738449995,0.47149302707137,0.2971311475409836,0.48606674743914524,0.5016283223027629,0.2301358583779333,0.17535446205170974,0.3138382869926494,0.6305106940200786,0.796875,0.5925653680562847,0.3481717011128776,0.38150761992431215,0.2955645161290323,0.5529193089875355,0.8766767183113238,1.0,0.9999999999999999,0.7887458926615554,0.6240544629349472,0.4270320606624983,0.5547470547470547,0.6106056297981234,0.5010970927043336,0.4808040565012677,0.4719976040730758,0.3795986622073578,0.3563636363636363,0.2400398406374502,0.15517241379310343,0.08051948051948052,0.4076246334310849,0.16972477064220187,0.17268041237113405,0.1335227272727273,0.09382151029748285,0.10743801652892562,0.25635103926097,1,train
0.5475482912332839,0.4059040590405904,0.2824242424242424,0.2007168458781362,0.20523138832997986,0.14378203398974915,0.3181818181818182,0.534486582390774,0.5108646785553724,0.6170982207435267,0.5452601568068425,0.5883470550981634,0.5861522959550886,0.39826750541404554,0.45109840505567256,0.5255444738449013,0.7208579421821574,0.6044675324675324,0.16179255207237536,0.42073434125269976,0.38322091062394603,0.41641958899907994,0.5422874906206453,0.5281993437243643,0.2992827868852459,0.15023681022139002,0.6843155793675807,1.0,0.7145537948290241,0.43794609566421644,0.5042557835006548,0.5807674632352943,0.2524414575238895,0.08150503444621093,0.17674133169683953,0.41340725806451617,0.465012027115679,0.2946864926692316,0.25619047619047614,0.24852203011712212,0.2216593647316539,0.3010590015128593,0.24570972462418517,0.1457033957033957,0.09837930054023315,0.07240811848601207,0.0646504889532778,0.02545672356993112,0.1282051282051282,0.055757575757575756,0.1553784860557769,0.02586206896551724,0.1272727272727273,0.2756598240469208,0.2270642201834862,0.0231958762886598,0.19602272727272732,0.10297482837528604,0.2920110192837465,0.20323325635103925,1,test
0.19390787518573555,0.2749077490774907,0.15878787878787878,0.06929510155316607,0.12233400402414485,0.2357701645535474,0.31601731601731603,0.39387890884896865,0.29222238873070583,0.4116881238246781,0.3793300071275838,0.6355288157061432,0.8865697423348209,0.817263071052903,0.9999999999999999,1.0,0.9490208268573206,0.8987012987012986,0.7090258783925942,0.4732181425485961,0.16462900505902192,0.3850322052959821,0.5594383106442277,0.2690730106644791,0.18473360655737706,0.5354113889194845,0.5156003781909866,0.3567311650885138,0.3130733944954129,0.4744859912645148,0.5563072893932782,0.5025275735294118,0.29633518849102175,0.21049284578696342,0.12110054208857524,0.27983870967741936,0.377870107150667,0.3925340542788812,0.38592592592592584,0.34511991076408255,0.32133077765607887,0.32702975289964703,0.0961819874950113,0.21448371448371448,0.16946261017912995,0.1493417443773999,0.11282144150670047,0.14794848757112908,0.1471571906354515,0.09818181818181818,0.10358565737051792,0.04597701149425287,0.023376623376623374,0.07917888563049852,0.004587155963302749,0.21391752577319592,0.15340909090909094,0.05491990846681923,0.13774104683195593,0.12933025404157042,1,train
0.21693907875185736,0.5842558425584256,0.7915151515151515,0.8064516129032259,0.6414486921529174,0.4299973024008633,0.18885281385281386,0.29807052561543573,0.2889255207552825,0.4802545927961811,0.20798289379900214,0.06681443951868271,0.047358572045487254,0.35877075384139423,0.5404754739693048,0.5371463464278445,0.4974614029634235,0.40384415584415584,0.16095097832947614,0.3772138228941685,0.7600126475548059,0.9729066557611696,0.9346124986600922,0.5446062346185397,0.5151639344262294,0.6504020266549179,0.5496375669713206,0.5295389048991355,0.18442452043369473,0.1636305528922979,0.5815146224356177,0.6800321691176471,0.2612622072876194,0.17604663487016428,0.28086325048583416,0.512399193548387,0.6343756833588454,0.4055318706457316,0.5367195767195768,0.6615727830451756,0.6375958378970429,0.29261220373171964,0.26034322203006516,0.303014553014553,0.1853852715382428,0.08187054306088866,0.20354943860919955,0.31356693620844567,0.2826086956521739,0.19272727272727275,0.1942231075697211,0.2701149425287356,0.6311688311688312,0.35190615835777117,0.13532110091743121,0.3402061855670104,0.2528409090909091,0.3203661327231122,0.09641873278236913,0.22401847575057737,1,test
0.3670133729569094,0.3333333333333333,0.5012121212121212,0.15591397849462363,0.43380281690140843,0.2174264904235231,0.2689393939393939,0.12330893768019516,0.1963135021729357,0.38261246926081294,0.3528153955808981,0.4512349588347055,0.3559809989923708,0.36382386305042796,0.5612398435148961,0.42886220232037453,0.2350015542430836,0.08561038961038961,0.6503261098253735,0.9354211663066955,0.7715008431703203,0.5247929659544014,0.6579483331546789,0.9152994257588187,0.7554303278688523,0.8039431655468663,0.8815001575795778,0.59767393989296,0.2667848206839033,0.05219985085756898,0.09122653862941948,0.02527573529411764,0.05386957891420771,0.40211976682564915,0.3521530121714227,0.09778225806451613,0.17100371747211898,0.36882603722574614,0.41068783068783066,0.2614612381483547,0.10829682365826945,0.26979324256177506,0.24996674205135025,0.24896049896049893,0.305089564970145,0.3236423477783873,0.20373053241579137,0.07607067984426476,0.1588628762541806,0.21575757575757576,0.05179282868525896,0.09770114942528733,0.2987012987012987,0.09970674486803516,0.25229357798165136,0.23453608247422686,0.23295454545454553,0.10068649885583525,0.12947658402203854,0.10854503464203233,1,val
0.1471025260029718,0.22693726937269368,0.28424242424242424,0.2491039426523297,0.22816901408450702,0.12813595899649313,0.19480519480519484,0.009092925260589928,0.07927468904540687,0.1871835671922465,0.11817533856022808,0.22450918302723238,0.5252627033251763,0.3428895534701454,0.16872304142842814,0.09912477101567271,0.0,0.35542857142857137,0.7265937302756155,0.9919006479481641,0.9791315345699831,0.886514671301503,0.6475506485153822,0.4140689089417555,0.3211065573770492,0.7098799427249697,0.959134362853241,0.7275627830382873,0.4637197664720601,0.10450623202301053,0.27553470100392846,0.4241727941176471,0.2827890370681508,0.32782193958664546,0.3257645494527974,0.21229838709677418,0.23092062103651873,0.24363106998024336,0.13470899470899472,0.28890128276631344,0.30093099671412926,0.21230458900655572,0.2821604363442863,0.1904019404019404,0.14003411998862667,0.17430060340098738,0.26421586381745743,0.34860736747529203,0.4331103678929766,0.5321212121212121,0.060756972111553786,0.1896551724137931,0.3194805194805195,0.39296187683284456,0.10779816513761466,0.11082474226804126,0.17613636363636367,0.20594965675057209,0.15977961432506887,0.03695150115473442,1,train
0.10326894502228827,0.10270602706027059,0.20121212121212123,0.007168458781362005,0.043058350100603625,0.14971675209063937,0.2767857142857143,0.1419383455311599,0.12093511164393825,0.008389989874150152,0.06756949394155382,0.12982900569980999,0.15575068374838058,0.06362792616273073,0.016751930986056776,0.09881945857927946,0.25665734120816497,0.297038961038961,0.28865979381443296,0.388012958963283,0.5855817875210791,0.7599427461404764,0.9145674777575303,0.9711853978671041,0.9187499999999998,0.7295957704593016,0.8202542283853347,0.8875051461506793,0.7194537114261885,0.6693299243634814,0.5834788302051507,0.5205652573529412,0.27554342119080116,0.00996290408055114,0.0021478981282602033,0.10362903225806452,0.13590640717253444,0.10273474056358532,0.03058201058201058,0.027886224205242605,0.03559693318729463,0.17208774583963693,0.21245177597445788,0.23977823977823975,0.05288598237133921,0.0943499725726824,0.15700833031510322,0.15363881401617252,0.05128205128205128,0.24000000000000002,0.11752988047808764,0.11063218390804597,0.5662337662337662,0.49266862170087966,0.16743119266055045,0.1597938144329897,0.08238636363636365,0.07322654462242563,0.15151515151515152,0.07852193995381063,1,train
0.010401188707280833,0.03505535055350553,0.08303030303030302,0.16606929510155316,0.0925553319919517,0.045319665497707044,0.09821428571428574,0.04768241295187402,0.02517608272141466,0.03746564443801534,0.023521026372059876,0.12032932235592145,0.178494314092414,0.09497782819428689,0.059885645501053256,0.0758192550376552,0.08579421821572894,0.1095064935064935,0.07668840732169159,0.03930885529157668,0.14070404721753793,0.3574276658828341,0.39779183192196377,0.5597826086956521,0.6571721311475409,0.7219958145170172,0.7535455404979515,0.8512762453684645,0.9708090075062552,0.9170128901672526,0.7660410301178525,0.7818244485294118,0.7644649795232593,0.6192898781134075,0.4907435818758311,0.4454637096774194,0.39317734528755743,0.40532390558386194,0.42539682539682533,0.3956497490239822,0.22070098576122674,0.05736258194654564,0.10549421311693494,0.21985446985446988,0.21794142735285754,0.09462424574876578,0.07279971024990944,0.15992812219227315,0.12709030100334448,0.08848484848484849,0.061752988047808766,0.07040229885057471,0.2987012987012987,0.12023460410557182,0.10321100917431193,0.22422680412371135,0.11079545454545454,0.0,0.14325068870523416,0.06928406466512702,1,train
0.07280832095096583,0.18634686346863466,0.09333333333333332,0.15232974910394265,0.11187122736418512,-0.0037766387914755853,0.040313852813852816,0.11576846307385227,0.14491233328338077,0.09286850860697238,0.03150392017106201,0.09673844205193158,0.2651504246437312,0.23553676394761264,0.18447186277460126,0.1903114186851211,0.1154284530100508,0.257038961038961,0.5606985062066064,0.7546436285097192,0.7736087689713322,0.8481750332276864,0.4974809733090364,0.34915914684167354,0.5873975409836065,0.8100011014428901,1.0,0.8634211609715932,0.6143661384487072,0.423777564717162,0.37734613705805325,0.2495404411764706,0.2457208862753334,0.25744568097509274,0.25917970747673114,0.26391129032258065,0.39831620380494204,0.43599875220962886,0.37386243386243384,0.2587841606246514,0.19468784227820374,0.16364094805849722,0.0686444060130371,0.058385308385308386,0.12709695763434745,0.11807460230389469,0.1579137993480623,0.1332734351602276,0.07469342251950947,0.26303030303030306,0.18725099601593626,0.17241379310344823,0.6753246753246753,0.6246334310850439,0.14449541284403672,0.288659793814433,0.06534090909090909,0.2036613272311213,0.022038567493112945,0.08775981524249424,1,test
0.04011887072808322,0.04920049200492004,0.024242424242424242,0.11469534050179213,0.10623742454728372,0.11599676288103591,0.13392857142857145,0.199822577068086,0.12797842050052452,0.15145378272819324,0.10976478973627943,0.15500316656111462,0.24327047646466102,0.32071774775703826,0.3205938409068111,0.2606350498676979,0.3723966428349394,0.6292987012987012,0.7129181569535031,0.8566954643628508,0.9656408094435076,0.9843574276658829,0.9442598349233574,0.798605414273995,0.6755122950819672,0.4642581782134595,0.2740834121231222,0.056401811445039106,0.37645954962468725,0.18440396292745287,0.1552815364469664,0.09547334558823528,0.13021106794077492,0.22670906200317967,0.2317684361256009,0.35977822580645163,0.33140170566367816,0.12540293230737237,0.061587301587301586,0.09894032348020078,0.09351040525739324,0.098714069591528,0.1850472262870826,0.14189189189189189,0.09638896787034404,0.09092155787164016,0.2176747555233611,0.20724767894579216,0.08472686733556298,0.3224242424242424,0.17330677290836652,0.23419540229885055,0.3168831168831169,0.22580645161290322,0.1995412844036697,0.033505154639175264,0.15909090909090912,0.12585812356979406,0.15977961432506887,0.06004618937644342,1,train
0.04829123328380386,0.03444034440344403,0.14424242424242423,0.2574671445639187,0.44949698189134807,0.39735635284596715,0.3676948051948052,0.2062541583499667,0.11988610819721265,0.2462028063069579,0.22366357804704207,0.3658961367954401,0.5598099899237081,0.27998350005156236,0.2878924666466045,0.5255444738449013,0.380582323075329,0.12425974025974024,0.26614769619187884,0.3420086393088553,0.31935075885328834,0.43134648808915244,0.61560724622146,0.44636997538966366,0.5910860655737704,0.8557109813856151,0.8261371992856393,0.7600864553314122,0.4871768140116764,0.4268669436454671,0.5344827586206897,0.5711167279411765,0.3535650530295075,0.35919448860625325,0.7342743172752378,0.7742943548387097,0.3834463153291056,0.029531038785484034,0.34677248677248673,0.6594534300055773,0.4312705366922234,0.2844175491679274,0.29200478914460554,0.5285862785862785,0.27537674154108616,0.21530444322545256,0.08674393335747917,0.16112608565438755,0.08138238573021181,0.08242424242424241,0.18625498007968128,0.0660919540229885,0.23376623376623376,0.5366568914956011,0.15825688073394495,0.3762886597938145,0.44034090909090917,0.11441647597254005,0.5179063360881543,0.22170900692840648,1,train
0.07355126300148589,0.2626076260762607,0.356969696969697,0.23357228195937874,0.2080482897384306,0.06447261936876181,0.13474025974025977,0.06342869815923706,0.1344222988161247,0.27875018081874725,0.18717034925160372,0.26361621279290687,0.4090974521376134,0.1800556873259771,0.05627445079747216,0.22674536942804804,0.3427624080406176,0.35677922077922075,0.5717441615821587,0.6003239740820734,0.5574409780775715,0.44525099683058994,0.404973737806839,0.3530557834290402,0.6358606557377048,0.8832470536402687,0.8926357810694402,0.4833264717990943,0.3049416180150125,0.18504314477468836,0.11687036228721084,0.3747702205882353,0.4056494802058175,0.3041865394806571,0.28648869796461085,0.4061491935483871,0.5630876886070414,0.3895185608817719,0.5388359788359789,0.5372002230897936,0.37951807228915657,0.34619263741805345,0.31275774910203535,0.3981288981288981,0.1642024452658516,0.09928688974218323,0.11245925389351684,0.09523809523809525,0.25083612040133774,0.20242424242424242,0.07768924302788845,0.10057471264367815,0.13506493506493505,0.4780058651026392,0.4059633027522936,0.1237113402061856,0.3153409090909091,0.44164759725400465,0.40220385674931125,0.12933025404157042,1,train
0.20282317979197625,0.3745387453874538,0.38484848484848483,0.5155316606929511,0.6177062374245472,0.5875370919881306,0.5798160173160174,0.43823464182745614,0.19541435636145663,0.09532764357008534,0.30634354953670706,0.5397403419886004,0.37325464229163674,0.26327730225843043,0.32159695054669474,0.42468959902300024,0.5480261112838049,0.4342857142857142,0.4054281506417,0.6147948164146867,0.3604553119730185,0.18096309170841426,0.3075356415478615,0.9143765381460213,0.9355532786885246,0.4074237250798546,0.24057148860174393,0.6513997529847674,0.7944120100083403,0.3821242143389794,0.5139676996944567,0.7534466911764707,0.5581224404074346,0.9196608373078962,0.7814257952337119,0.7109879032258065,0.794226984474087,0.41780180929603833,0.2753439153439153,0.3302844394868935,0.3352957283680175,0.3582955118507312,0.0699747239590262,0.3234580734580735,0.2207847597384134,0.223944048272079,0.22672944585295182,0.22401916741539388,0.2519509476031215,0.07757575757575758,0.15338645418326693,0.02586206896551724,0.3844155844155844,0.1759530791788856,0.4610091743119266,0.18041237113402064,0.4232954545454546,0.10526315789473685,0.5482093663911846,0.15473441108545036,1,train
0.24294205052005946,0.06765067650676505,0.10666666666666666,0.24551971326164873,0.26438631790744466,0.28837334772052875,0.44642857142857145,0.32911953870037697,0.19646335980818225,0.39331693910024595,0.28524590163934427,0.3168144395186827,0.32906290485101486,0.13272146024543674,0.3470759353997392,0.32017097496438024,0.20205160087037616,0.1899220779220779,0.210288239006943,0.36587473002159826,0.27887858347386174,0.610571516204887,0.5555793761389217,0.3227030352748154,0.23780737704918029,0.515254984029078,0.8051265889274084,0.6851585014409223,0.6856755629691409,0.8572493874507298,0.5945002182453077,0.37454044117647056,0.6587209912842591,0.899311075781664,0.7787664927891992,0.7532258064516129,0.5945768642029302,0.4502443589476968,0.08941798941798942,0.656441717791411,0.9531763417305585,0.7464699949571357,0.45643208726885726,0.3123700623700623,0.3380722206425931,0.4695556774547449,0.41705903658094895,0.20634920634920637,0.12040133779264214,0.5684848484848485,0.4243027888446215,0.4784482758620689,0.3974025974025974,0.4193548387096774,0.22477064220183485,0.10824742268041238,0.26136363636363635,0.02745995423340962,0.19834710743801653,0.14087759815242495,1,train
0.12407132243684992,0.3696186961869618,0.22,0.4277180406212664,0.5263581488933602,0.18694362017804156,0.14475108225108227,0.03592814371257484,0.13217443428742695,0.1436424128453638,0.12972202423378476,0.2161177960734642,0.4802072837195912,0.433742394555017,0.37496238338850435,0.5698147771219214,0.6296756812765517,0.6664935064935065,0.7009257311171893,0.5103671706263498,0.5150716694772344,0.6280543911665474,0.7694286633079646,0.7698933552091878,0.5676229508196721,0.4340786430223593,0.3886962916272718,0.2236517085220255,0.032110091743119254,0.0,0.14556962025316458,0.46978400735294124,0.5774440827470335,0.37869634340222574,0.23238212130510386,0.5736895161290322,0.9294773671550405,0.8345637932827286,0.3347089947089946,0.3269380925822644,0.7853231106243156,0.7970247100353002,0.36038313156844476,0.24584199584199584,0.1791299402900199,0.17663192539769612,0.1430641072075335,0.24827792752321057,0.28985507246376807,0.26181818181818184,0.3585657370517928,0.45689655172413784,0.32727272727272727,0.31964809384164217,0.22247706422018348,0.04639175257731959,0.11931818181818181,0.07780320366132724,0.30578512396694213,0.15935334872979215,1,train
0.18202080237741458,0.052890528905289044,0.07878787878787878,0.1314217443249701,0.13360160965794768,0.17291610466684654,0.26866883116883117,0.2397427367487247,0.0957590289225236,0.19195718212064225,0.19215965787598008,0.17954401519949337,0.1694256513602994,0.1105496545323296,0.21195706690741298,0.5283940565845716,0.6715366283286708,0.5428571428571428,0.27340626972438464,0.26846652267818577,0.4129426644182125,0.5473877926592373,0.5478615071283097,0.6075676784249384,0.8086065573770491,0.9800638836876306,0.9814056098329657,0.9141622066694113,0.7313386155129273,0.7588153829764568,0.8719991270187692,0.7982536764705882,0.6504252861493226,0.6222575516693163,0.6153216733149228,0.5939516129032257,0.5864858954734311,0.5052511178122077,0.2663492063492063,0.14880089235917454,0.22494523548740417,0.24899142713061018,0.29360117067979247,0.30803880803880807,0.1923514358828547,0.18828853538123974,0.1356392611372691,0.14135968852949987,0.18115942028985507,0.21696969696969695,0.0448207171314741,0.10201149425287355,0.012987012987012988,0.020527859237536646,0.13073394495412843,0.0850515463917526,0.3323863636363637,0.29519450800915337,0.19008264462809918,0.18937644341801388,1,train
0.075037147102526,0.08794587945879458,0.3793939393939394,0.9999999999999999,1.0,0.65902346911249,0.7884199134199136,0.8988689288090483,0.7235126629701784,0.8284391725734124,0.7847469707769067,0.8206143128562382,0.7611918813876495,0.519851500464061,0.4965392717424014,0.6943822511703643,0.8230235208786656,0.7754805194805194,0.8122238586156113,0.9312095032397408,1.0,0.9206625089459155,0.7683567370564907,0.5354799015586547,0.44282786885245895,0.5508315893820904,0.5217985082466646,0.379477151090984,0.0494161801501251,0.18877170555022899,0.1661938018332606,0.02102481617647059,0.21705344954321115,0.1904610492845787,0.010841771504551498,0.14788306451612904,0.09413951454187625,0.21451596131849854,0.29248677248677246,0.33385387618516454,0.3684282584884994,0.09833585476550681,0.16841825196221893,0.23925848925848925,0.16150127949957352,0.0707624794295118,0.013219847881202463,0.08325846061695119,0.20735785953177255,0.14666666666666667,0.15239043824701196,0.11350574712643677,0.07792207792207792,0.25513196480938416,0.25229357798165136,0.0,0.5056818181818182,0.2082379862700229,0.3168044077134986,0.13163972286374134,1,train
0.33283803863298667,0.3093480934809348,0.48727272727272725,0.7132616487455198,0.6853118712273641,0.7968707850013489,0.8049242424242425,0.511199822577068,0.5507268095309457,0.5158397222624042,0.3840342124019957,0.4232108929702343,0.30473585720454877,0.11735588326286481,0.15558230514595245,0.23081620191329127,0.42741684799502644,0.5806753246753247,0.6574794866400169,0.7806695464362851,0.8228288364249579,0.7764032307535017,0.8527173330474864,0.7302091878589008,0.3977459016393442,0.18449168410617905,0.30580943376405084,0.3606422396047757,0.42535446205170974,0.6038137850218387,0.7602575294631166,0.7954963235294118,0.7588995064580488,0.8116587175410706,0.59578602843408,0.5826612903225806,0.6597419636999782,0.7170635333264013,0.6221164021164022,0.5704406023424428,0.507803943044907,0.2187342410489158,0.21617666622322734,0.4378031878031878,0.2705430764856412,0.2253154141524959,0.109380659181456,0.06259359089547768,0.24303232998885171,0.21212121212121213,0.10657370517928286,0.2586206896551724,0.2935064935064935,0.15542521994134895,0.07110091743119265,0.1237113402061856,0.1306818181818182,0.1807780320366133,0.0743801652892562,0.04849884526558892,1,train
0.474739970282318,0.34993849938499383,0.5012121212121212,0.18757467144563916,0.15211267605633802,0.17669274345832212,0.1996753246753247,0.23796850742958525,0.32938708227184177,0.2379574714306379,0.3623663578047042,0.6163711209626346,0.4984885562113144,0.1764463236052387,0.28177349784331424,0.3945654386322003,0.5686457361931407,0.6667012987012987,0.5882600462865559,0.44470842332613386,0.28815345699831363,0.18341682854513855,0.1512487940829671,0.14745693191140277,0.22991803278688525,0.19991188456878511,0.2629477886332598,0.44987649238369704,0.6861968306922435,0.7309044423138382,0.8155827149716282,0.8705193014705883,0.6550456788827049,0.7133015368309487,0.7381609900787564,0.8154233870967742,0.9360376120708507,1.0,0.8831746031746032,0.7650864472950362,0.882119386637459,0.7365103378719113,0.6143408274577623,0.6304573804573804,0.212112595962468,0.16675809105869446,0.2365085114089098,0.3587900569032645,0.32218506131549607,0.28484848484848485,0.1344621513944223,0.18390804597701146,0.4805194805194805,0.09384164222873898,0.05733944954128441,0.05154639175257733,0.05965909090909092,0.3638443935926774,0.2975206611570248,0.16859122401847576,1,train
0.0549777117384844,0.29397293972939725,0.17212121212121212,0.14277180406212664,0.23018108651911467,0.25923927704343136,0.6304112554112555,0.516300731869594,-0.011988610819721263,0.24432229133516564,0.1609408410548824,0.2621912602913236,0.43068950626169566,0.11003403114365268,0.2144648410071221,0.2336657846529615,0.2321003004869962,0.2504935064935065,0.1897748790237745,-0.00907127429805614,0.0979131534569983,0.09814947346897046,0.10687104727194771,0.1574036095159967,0.22909836065573766,0.18162793259169513,0.058304443744090766,0.5220255249073692,0.7001668056713929,0.6048790881005646,0.46639022261021396,0.6446461397058825,0.7068150792817389,0.6382617912029676,0.5627493096041731,0.7503024193548387,0.9141701290181501,0.9222210668607675,0.9843386243386243,1.014500836586726,1.1822289156626506,0.9902924861321232,0.7449780497538911,0.4916839916839917,0.6265282911572363,0.7552111903455843,0.7843172763491488,0.8700209643605871,1.1042363433667781,0.9442424242424242,0.39442231075697215,0.22988505747126434,0.37402597402597404,0.3049853372434017,0.4380733944954128,0.34278350515463923,0.07386363636363637,0.3592677345537758,0.2892561983471075,0.29561200923787534,1,test
0.06686478454680535,0.08856088560885607,0.07333333333333332,0.010752688172043008,0.052716297786720316,0.2541138386835716,0.26785714285714285,0.08494122865380348,0.11628952495129627,0.07825835382612471,0.05887384176764076,0.06111462951234959,0.12537786094717143,0.0938434567391977,0.16952552914033503,0.24648890698147774,0.298725520671433,0.35761038961038955,0.3943824952661477,0.37548596112311017,0.4149451939291737,0.394233718433698,0.2824525672633723,0.3859721082854799,0.43299180327868847,0.473290009912986,0.7428301292152538,0.9488472622478387,1.0,0.9024182379887078,0.8512658227848102,0.8234145220588236,0.712485561272708,0.629570747217806,0.5581466707579013,0.5722782258064516,0.5437349661054013,0.341998544244567,0.13354497354497352,0.07406581148912438,0.039156626506024104,0.23134140191628844,0.35692430490887317,0.5001732501732502,0.33281205572931477,0.22874382885353814,0.18381021369069178,0.35789158430667867,0.39241917502787066,0.20242424242424242,0.10657370517928286,0.11206896551724138,0.02857142857142857,0.2140762463343108,0.12155963302752294,0.05154639175257733,0.07386363636363637,0.07780320366132724,0.19008264462809918,0.08083140877598154,1,train
0.19910846953937594,0.39237392373923735,0.22727272727272727,0.06869772998805257,0.15935613682092556,0.1888319395737794,0.2597402597402597,0.05721889554224882,0.08706728607822568,0.09648488355272675,0.01240199572344975,0.037365421152628246,0.09370951489851737,0.06857791069402908,0.14394623332330225,0.06584571544880928,0.08600145062687806,0.18742857142857144,0.29791710498632445,0.27192224622030237,0.16852866779089376,0.21296390962069317,0.2883481616464788,0.4113002461033634,0.44764344262295075,0.1855931269963652,0.041285849353923744,0.26533552902428986,0.5419099249374478,0.8235858101629914,0.83085988651244,0.7865349264705882,0.795022576919038,0.9775304716481187,1.0,0.8951612903225806,0.5647277498359939,0.2759696371009671,0.20433862433862435,0.24316787506971557,0.4049835706462212,0.47465960665658097,0.20952507649328186,0.386001386001386,0.22490759169746943,0.19651673066374112,0.29590727997102495,0.3393231506439054,0.3160535117056856,0.1612121212121212,0.16932270916334663,0.031609195402298854,0.12207792207792206,0.2111436950146627,0.15366972477064217,0.1778350515463918,0.2897727272727273,0.3592677345537758,0.2589531680440771,0.011547344110854507,1,train
0.13075780089153047,0.012300123001230012,0.07454545454545454,0.002389486260454002,0.02132796780684104,0.009441596978688967,0.13744588744588745,0.03393213572854291,0.052450172336280534,0.13076811803847824,0.07327156094084106,0.11177960734642178,0.14682596804375989,0.015159327627101163,0.0,0.0,0.028494456533001755,0.182025974025974,0.30948874395118875,0.33185745140388767,0.34917790893760536,0.46467641345465704,0.6047807910815736,0.7460008203445446,0.8642418032786885,0.8665051217094393,0.7794936442903667,0.8308974886784685,0.9615304420350292,0.9594119527005434,0.955259711916194,0.9764476102941178,0.9693373936784625,0.9999999999999999,0.784391940267976,0.5269153225806451,0.258801661928712,0.16325257356764067,0.10232804232804232,0.3238148354712772,0.46960569550931003,0.5104639435199194,0.44632167087934016,0.5194040194040194,0.3906738697753767,0.2775644541963796,0.18888084027526258,0.13566936208445643,0.1878483835005574,0.1478787878787879,0.07171314741035856,0.1364942528735632,0.16883116883116883,0.15249266862170086,0.04357798165137615,0.012886597938144336,0.011363636363636366,0.048054919908466824,0.15426997245179064,0.08775981524249424,1,train
0.09361069836552749,0.19311193111931116,0.35393939393939394,0.5925925925925926,0.4358148893360161,0.4364715403291071,0.4453463203463203,0.2355289421157684,0.10999550427094262,0.14639085780413713,0.07412687099073414,0.20297656744775172,0.30531164531452426,0.2598741878931628,0.3383488815327515,0.44422959495216774,0.6839705729976169,0.876051948051948,0.9110035766884074,0.7345572354211662,0.6559865092748736,0.7082097944995399,0.821524279129596,0.764253486464315,0.691905737704918,0.61923119286265,0.4789368631158735,0.4777686290654591,0.47789824854045043,0.37796953233194847,0.1253819292885203,0.0,0.01680142812139032,0.29146793852676206,0.34632300296614504,0.18004032258064515,0.013667176907937902,0.1158365394613705,0.21142857142857144,0.19832682654768544,0.3854052573932092,0.2928643469490671,0.22828255953172807,0.27009702009702014,0.22121125959624677,0.05787164015359299,0.08927924664976457,0.14255765199161427,0.12207357859531771,0.07151515151515152,0.0856573705179283,0.06896551724137931,0.025974025974025972,0.2140762463343108,0.268348623853211,0.1237113402061856,0.022727272727272735,0.03661327231121282,0.06060606060606061,0.12933025404157042,1,train
0.11292719167904904,0.18081180811808115,0.16545454545454544,0.2007168458781362,0.22132796780684105,0.11060156460749934,0.17721861471861475,0.12774451097804387,0.0702832309306159,0.06075509908867352,0.19287241625089097,0.5129829005699811,0.6300561393407227,0.506857791069403,0.6296519209549604,0.7163647465906778,0.4977722515801471,0.35771428571428565,0.22617294340416583,0.281317494600432,0.4587900505902192,0.6552499744402412,0.7201200557401651,0.919298605414274,0.9999999999999999,0.7521753497081176,0.5370312007563821,0.6060107039934128,0.8576939115929942,0.6369447107702142,0.467917939764295,0.5260799632352942,0.29959046518954113,0.30355060943296236,0.27135113020353896,0.21633064516129033,0.04843647496173191,0.022876156805656647,0.06793650793650793,0.04506413831567206,0.16018619934282585,0.11686838124054463,0.21857123852600768,0.3293485793485793,0.1573784475405175,0.26289083927591883,0.26566461427019195,0.11740041928721175,0.19843924191750276,0.32727272727272727,0.16733067729083664,0.1278735632183908,0.3038961038961039,0.0967741935483871,0.14678899082568808,0.3041237113402062,0.27272727272727276,0.12356979405034327,0.08539944903581267,0.03002309468822171,1,test
0.055720653789004454,0.16543665436654365,0.10606060606060605,0.1869772998805257,0.1352112676056338,0.02292959266253035,0.07602813852813853,0.13173652694610777,0.260902142964184,0.3580211196296832,0.43464005702067005,0.4822672577580747,0.3235929178062473,0.10260905434670517,0.1250877720934898,0.43547730510889476,0.6679100611335613,0.6936103896103895,0.786029875867873,0.9353131749460043,0.9849283305227656,0.8152540640016358,0.5486118555043413,0.6302296964725185,0.6970286885245901,0.65579909681683,0.37819098644815635,0.1571634417455743,0.17264386989157632,0.3519761372110365,0.3610868616324749,0.1881893382352941,0.18376562007770658,0.331637519872814,0.3846783266850772,0.5037298387096775,0.566695823310737,0.30872413434543,0.24507936507936504,0.2315672058003346,0.23055859802847758,0.24331820474029248,0.11108154849008912,0.15731115731115733,0.19618993460335515,0.2671420735052112,0.21930459978268743,0.252470799640611,0.32831661092530656,0.2993939393939394,0.11752988047808764,0.10775862068965517,0.2571428571428571,0.07331378299120232,0.17660550458715596,0.10567010309278353,0.3238636363636364,0.03890160183066362,0.2479338842975207,0.12009237875288684,1,train
0.12184249628528974,0.18573185731857317,0.11030303030303029,0.3369175627240143,0.0,0.18154842190450501,0.3806818181818182,0.30915945886005763,0.24486737599280683,0.3369014899464776,0.32501781895937276,0.5500316656111464,0.5357708363322298,0.24739610188718159,0.26933493830875715,0.40922043557907595,0.6879079888094498,0.5566753246753247,0.18220071533768145,0.20421166306695465,0.7336635750421585,0.7201717615785707,0.2917783256511952,0.2641509433962264,0.5955942622950818,0.5480779821566252,0.4712679903351192,0.8575545491972005,0.8268348623853211,0.369766698625759,0.19489305979921434,0.15406709558823528,0.003150267772760687,0.14583995760466348,0.28812519177661866,0.12993951612903226,0.137109118740433,0.17448268690859936,0.0346031746031746,0.0,0.1749726177437021,0.19251134644478063,0.2434481841160037,0.3267498267498267,0.14330395223201592,0.09092155787164016,0.03314016660630206,0.12099430967355496,0.06020066889632107,0.17333333333333334,0.09063745019920319,0.035919540229885055,0.23636363636363633,0.3841642228739003,0.4105504587155963,0.3453608247422681,0.27272727272727276,0.2036613272311213,0.14049586776859505,0.15935334872979215,1,train
0.1597325408618128,0.1303813038130381,0.18727272727272726,0.30525686977299876,0.10060362173038231,0.10709468572970057,0.2337662337662338,0.14548680416943888,0.06204106099205754,0.028352379574714304,0.22908054169636494,0.3480050664977834,0.39182380883834755,0.24058987315664637,0.37917544387601565,0.49206187665377565,0.2762408040617553,0.34077922077922074,0.6624237323795499,0.7091792656587472,0.4786045531197301,0.431653205193743,0.6770286204309144,0.808552091878589,0.7726434426229507,0.8835774865073245,0.8874881815316736,0.8881226842321943,0.8550875729774812,0.7936507936507937,0.5519423832387604,0.23460477941176475,0.313136616612412,0.14870164281928988,0.22951825713409021,0.5528225806451613,0.47343100809096883,0.06197358843714257,0.12433862433862433,0.06123814835471278,0.40539430449069,0.46507816439737776,0.3546627644006917,0.18676368676368676,0.2015922661359113,0.2313494240263302,0.13364722926475914,0.18987720874513328,0.08026755852842808,0.2739393939393939,0.060756972111553786,0.2140804597701149,0.36623376623376624,0.24046920821114362,0.231651376146789,0.22680412371134026,0.14488636363636367,0.03661327231121282,0.1790633608815427,0.03926096997690531,1,train
0.043833580980683504,0.09040590405904057,0.16727272727272727,0.2234169653524492,0.3505030181086519,0.1715673050984624,0.1030844155844156,0.04479929030827234,0.08047355012737899,0.22566179661507307,0.23421240199572346,0.14740341988600378,0.2157765942133295,0.0557904506548417,0.21546795064700572,0.5046814573580297,0.7130867267640659,0.7689350649350648,0.6025667999158427,0.29816414686825055,0.3394814502529511,0.24568040077701667,0.3328331010826455,0.729388843314192,0.8640368852459015,0.8042735984139222,0.7659418006093078,0.7799505969534788,0.5467055879899917,0.32193459039096617,0.3330423395896988,0.3976332720588236,0.3037908222198887,0.1569687334393217,0.24588319525416794,0.31401209677419356,0.11338289962825279,0.06914838307164398,0.1348148148148148,0.1905186837702175,0.11144578313253015,0.1105648008068583,0.11387521617666621,0.16476091476091476,0.14017628660790446,0.1311025781678552,0.077145961608113,0.12189278227014078,0.059085841694537344,0.21696969696969695,0.055776892430278883,0.32040229885057464,0.2831168831168831,0.3665689149560116,0.24311926605504586,0.1391752577319588,0.15625000000000003,0.06407322654462243,0.1955922865013774,0.09006928406466512,1,val
0.12630014858841013,0.1273062730627306,0.02606060606060606,0.07885304659498207,0.09617706237424548,0.12274076072295659,0.26271645021645024,0.13550676424927918,0.08032369249213246,0.007088094893678575,0.0571632216678546,0.06380620645978466,0.4056427234777602,0.3692894709704032,0.47507272544889156,0.45186240586199883,0.2928193969536836,0.3932467532467532,0.6242373237954977,0.9999999999999999,0.855712478920742,0.5104795010735098,0.26637367349126384,0.5849056603773585,0.767622950819672,0.5640489040643242,0.4090765836747558,0.535508439687114,0.44954128440366975,0.5989133908596996,0.3676342208642514,0.1362591911764706,0.35850047254016587,0.5386327503974563,0.33558351232484407,0.4435483870967742,0.40345506232232675,0.48331080378496416,0.6421164021164021,0.5901840490797546,0.436473165388828,0.24861321230458905,0.250365837435147,0.1463963963963964,0.18694910435029855,0.21804717498628637,0.10177471930459978,0.18478586403114705,0.19119286510590855,0.4484848484848485,0.2599601593625498,0.20689655172413787,0.17922077922077922,0.7624633431085043,0.4403669724770642,0.21391752577319592,0.26136363636363635,0.2105263157894737,0.055096418732782364,0.10854503464203233,1,test
0.30980683506686485,0.28966789667896675,0.020606060606060607,0.3124253285543608,0.07967806841046277,0.15160507148637714,0.4412878787878788,0.31780882679086264,0.12273340326689644,0.15550412266743815,0.11147540983606558,0.3386637112096263,0.26241543112134735,0.19253377333195834,0.1081352191794563,0.19071850193364545,0.21956273961247535,0.6552727272727272,0.8258994319377236,0.811231101511879,0.7909991568296795,0.8959206625089459,0.9639832779504772,0.8477235438884332,0.6543032786885244,0.25553475052318536,0.1652484504674861,0.5542404281597365,0.55442035029191,0.4542452327687227,0.7693147097337408,0.8267463235294118,0.49438202247191,0.41420243773184945,0.5458729671678431,0.5533266129032257,0.10769735403455064,0.35853176666320064,0.44486772486772486,0.460457334076966,0.30065717415115006,0.17776096822995463,0.4641479313555939,0.4606722106722107,0.13420528859823713,0.18787712561711467,0.24339007605939875,0.12458820005989818,0.4007803790412486,0.7721212121212122,0.20916334661354583,0.2744252873563218,0.5480519480519481,0.36363636363636354,0.10091743119266054,0.17268041237113405,0.21875000000000006,0.23340961098398172,0.15977961432506887,0.2286374133949192,1,test
0.21248142644873702,0.29827798277982775,0.4103030303030303,0.4617682198327359,-0.0004024144869215207,0.022659832748853526,0.2564935064935065,0.21268573963184736,0.2802337779109846,0.08303196875452049,0.2052744119743407,0.36716276124129194,0.37829278825392254,0.2525523357739507,0.3205938409068111,0.33594545084469773,0.5228473733291887,0.7829610389610389,0.9015358720807911,0.8597192224622029,0.7546374367622259,0.27993047745629285,0.3727087576374746,0.5942370795734208,0.30102459016393446,0.2820795241766714,0.5963861750183844,0.7991972004940304,0.6131150959132611,0.46724193032917866,0.5835879528590135,0.7187500000000001,0.3829675522419405,0.11107578166401696,0.23156387439909995,0.46330645161290324,0.5500765361906845,0.2877196630965998,0.1832804232804233,0.18360290016731734,0.18058598028477546,0.28643469490670703,0.13502727151789276,0.12352737352737353,0.08743247085584305,0.10682940208447614,0.13781238681637087,0.2530697813716682,0.32998885172798215,0.08242424242424241,0.08864541832669323,0.10632183908045975,0.07012987012987013,0.3489736070381231,0.4059633027522936,0.2448453608247423,0.6420454545454546,0.40961098398169343,0.12396694214876033,0.07390300230946882,1,test
0.13447251114413078,0.07749077490774907,0.3139393939393939,0.30525686977299876,0.22816901408450702,0.35500404639870514,0.3547077922077922,0.44000887114659565,0.21219841150906638,0.19962389700564154,0.2851033499643621,0.2452501583280557,0.19044191737440624,0.16943384551923274,0.2036312568963788,0.21829839202116832,0.2083721894104238,0.096,0.3490427098674521,0.5526997840172785,0.42000421585160197,0.4761271853593702,1.0000000000000002,0.8641304347826088,0.458811475409836,0.48683775746227553,0.6004832440382394,0.7059489501852615,0.5418056713928273,0.33184190902311705,0.21813618507202095,0.1742876838235294,0.09545311351464873,0.32994170641229464,0.27206709624629233,0.31733870967741934,0.24666520883446313,0.17229905375896848,0.21047619047619046,0.12459564974902397,0.0442223439211391,0.03504790721129602,0.09525076493281893,0.1690921690921691,0.11188512937162355,0.07158529895776194,0.09054690329590728,0.06918238993710692,0.12318840579710144,0.17454545454545453,0.3057768924302789,0.535919540229885,0.3688311688311688,0.020527859237536646,0.20412844036697247,0.23195876288659795,0.2102272727272728,0.4050343249427918,0.2975206611570248,0.14780600461893764,1,train
0.0512630014858841,0.09840098400984008,0.23212121212121212,0.17980884109916367,0.241851106639839,0.15915834906932833,0.26704545454545453,0.1854069638500776,0.03386782556571258,0.16418342253724866,0.1391304347826087,0.005858138062064595,0.06621563264718584,0.04527173352583273,0.11766476075835088,0.05648280073274985,0.09066417987773288,0.20509090909090907,0.3355775299810646,0.34319654427645785,0.46511382799325457,0.8765974849197423,0.9577661056919285,0.8755127153404431,0.682889344262295,0.6626280427359841,0.5455404979514656,0.6438863729930012,0.7708507089241035,0.7416640034089698,0.5842426887821912,0.6792279411764707,0.8013231124645593,0.935559088500265,0.8616139920220928,0.6668346774193549,0.4019243385086377,0.20661328896745346,0.24105820105820105,0.3859453430005578,0.3980010952902519,0.27029752899647,0.3985632566183317,0.382016632016632,0.16533977822007392,0.08708173340647285,0.08420862006519376,0.1263851452530698,0.09698996655518394,0.2084848484848485,0.13346613545816732,0.18390804597701146,0.48311688311688306,0.39296187683284456,0.1238532110091743,0.31701030927835055,0.6079545454545455,0.19221967963386727,0.209366391184573,0.2678983833718245,1,test
0.22882615156017835,0.13222632226322262,0.15454545454545454,0.2526881720430107,0.24104627766599596,0.23334232533045593,0.2191558441558442,0.2472832113550676,0.09051401168889554,0.10516418342253726,0.16364932287954384,0.04528182393920203,0.1345904707067799,0.0718779003815613,0.11465543183869996,0.15428455119071852,0.13397575380789556,0.08623376623376625,0.0,0.08682505399568037,0.3133431703204047,0.6059707596360291,0.9084574981241291,0.9347826086956522,0.8644467213114754,0.8647428130851414,0.8479882340581995,0.8798888431453272,1.0,0.8184723553851071,0.6677215189873419,0.5853630514705883,0.5501417620497742,0.7045045045045044,0.6752582591797076,0.5102822580645161,0.2623004592171442,0.10138296766143289,0.12105820105820103,0.2726157278304518,0.2237130339539978,0.23033282904689864,0.3653053079686045,0.286036036036036,0.08174580608473131,0.09530992868897424,0.10829409634190511,0.13656783468104225,0.011705685618729096,0.08242424242424241,0.03585657370517928,0.012931034482758622,0.07012987012987013,0.14369501466275658,0.09862385321100918,0.1469072164948454,0.39772727272727276,0.29519450800915337,0.13774104683195593,0.08083140877598154,1,train
0.07280832095096583,0.009840098400984008,0.1096969696969697,0.0884109916367981,0.04024144869215291,0.10142972754248722,0.0,0.07562652472832113,0.09530945601678406,0.04079270938810936,0.11760513186029936,0.044965167827739065,0.14509860371383332,0.17221821181808805,0.18146253385495034,0.19489110523101974,0.16651124235830483,0.1303896103896104,0.07616242373237957,0.029913606911447094,0.08874367622259696,0.300378284428995,0.4259834923357274,0.5801886792452831,0.6696721311475409,0.7928185923559862,0.8522954091816369,0.9205434335117332,0.8318390325271059,0.7057632896559071,0.6340026189436928,0.548828125,0.4359970597500787,0.5344992050874403,0.5036309706453924,0.38800403225806457,0.10146512136453095,0.0029115108661744785,0.04783068783068783,0.10362520914668154,0.12951807228915663,0.21444780635400906,0.3522681920979113,0.3387040887040887,0.0932613022462326,0.07953922106417993,0.05776892430278884,0.09014675052410902,0.15161649944258637,0.0896969696969697,0.14840637450199204,0.16091954022988506,0.33506493506493507,0.043988269794721396,0.06192660550458716,0.0309278350515464,0.3125,0.12585812356979406,0.12672176308539945,0.15011547344110854,1,train
0.04903417533432393,0.1273062730627306,0.11575757575757575,0.2670250896057348,0.23219315895372228,0.18316698138656598,0.25351731601731603,0.1807496118873364,0.0881162895249513,0.09315781860263272,0.1784746970776907,0.10481317289423686,0.017993378436735284,0.16324636485510982,0.2947136121978132,0.1903114186851211,0.09480882810071496,0.132987012987013,0.12276456974542395,0.1458963282937365,0.18950252951096122,0.4335957468561497,0.6391896237538858,0.6855004101722724,0.7605532786885245,0.8024011455006057,0.689988444164303,0.7488678468505557,0.7358215179316097,0.6151059976563333,0.4762112614578787,0.3359375,0.512338548776646,0.9039745627980922,0.8540452081415567,0.6691532258064515,0.3383993002405424,0.2877196630965998,0.24285714285714285,0.2672615727830452,0.3261226725082147,0.446041351487645,0.5829453239324197,0.42619542619542616,0.10776229741256754,0.025644541963795946,0.1443317638536762,0.22401916741539388,0.20457079152731328,0.18787878787878787,0.29880478087649404,0.1422413793103448,0.2779220779220779,0.2668621700879765,0.03440366972477064,0.23453608247422686,0.26988636363636365,0.09153318077803205,0.1928374655647383,0.23556581986143188,1,train
0.03194650817236255,0.13899138991389912,0.3018181818181818,0.23058542413381122,0.06800804828973842,0.14054491502562724,0.10524891774891776,0.23796850742958525,0.26315000749288175,0.3301027050484594,0.18232359230220954,0.10861304623179227,0.3186987188714554,0.30390842528617096,0.4277259504463838,0.25340932220639123,0.03284633716713295,0.11085714285714285,0.1976646328634547,0.20032397408207347,0.2087900505902192,0.37664860443717413,0.6123914674670383,0.7987079573420837,0.6952868852459015,0.6556889525278113,0.684525685471163,0.8515850144092219,1.0,0.9596250133162885,0.9290702749890878,0.8238740808823529,0.6746823479995799,0.5801801801801801,0.42681804234427745,0.4502016129032258,0.2851519790072163,0.12519496724550278,0.1348148148148148,0.07138873396542109,0.11130887185104055,0.2140695915279879,0.3629107356658241,0.2953915453915454,0.027580324139891952,0.02921009325287987,0.06410720753350235,0.1257861635220126,0.05183946488294314,0.24727272727272728,0.19820717131474105,0.22988505747126434,0.41038961038961036,0.1290322580645161,0.07798165137614678,0.1597938144329897,0.10795454545454547,0.11212814645308924,0.5316804407713498,0.2286374133949192,1,test
0.05052005943536403,0.11008610086100859,0.024848484848484845,0.0035842293906810027,0.07243460764587525,0.09225789047747507,0.11823593073593075,0.0,0.040461561516559275,0.06466078403008825,0.07997148966500359,0.21580113996200123,0.1953361163091982,0.25729607094977824,0.2151670177550406,0.2683696315896601,0.325562117915242,0.25444155844155836,0.20881548495686936,0.24460043196544273,0.39924114671163574,0.45649729066557615,0.41258441419230363,0.48995077932731756,0.6123975409836065,0.6223152329551712,0.6461813215673916,0.7242692466035405,0.847164303586322,1.0,0.8692710606721956,0.68359375,0.6123070460989184,0.6358240593534711,0.6907026695305309,0.5834677419354839,0.49617319046577746,0.34314235208484983,0.17312169312169312,0.14132738427216954,0.2546549835706462,0.17561775088250126,0.1982173739523746,0.20980595980595979,0.16263861245379585,0.10847504114097642,0.06609923940601231,0.04552261156034741,0.04738015607580825,0.14545454545454545,0.021912350597609563,0.08045977011494251,0.15324675324675324,0.346041055718475,0.23623853211009171,0.1237113402061856,0.24431818181818185,0.10755148741418766,0.15702479338842973,0.04387990762124711,1,train
0.13818722139673106,0.19249692496924964,0.24242424242424243,0.13620071684587814,0.016498993963782696,0.0868626922039385,0.3425324675324675,0.29563096030161895,0.08092312303311855,0.05424562418631565,0.07726300784034212,0.2689993666877771,0.18626745357708363,0.16479323502114054,0.1969104223091584,0.3176267046611032,0.6747487307014819,0.5650909090909091,0.2110246160319798,0.10734341252699785,0.3004848229342327,0.5489213781821899,0.6346875334976955,0.6936013125512716,0.8052254098360654,0.8789514263685427,0.8681584200021012,0.7825236722931247,0.8670767306088407,0.933525087887504,0.9207769532955042,0.8161764705882354,0.6673317231964717,0.7841017488076312,0.8994579114247725,1.0,0.9591078066914499,0.7283976291982948,0.5828571428571429,0.43000557724484106,0.3640470974808324,0.2868129097327282,0.3899161899694027,0.3981288981288981,0.33992038669320446,0.26193088315962704,0.19847881202462875,0.08984725965858041,0.09531772575250835,0.46424242424242423,0.052788844621513946,0.11063218390804597,0.0961038961038961,0.4164222873900293,0.21788990825688076,0.036082474226804134,0.2897727272727273,0.10526315789473685,0.19008264462809918,0.17090069284064666,1,train
0.05052005943536403,0.16174661746617464,0.12242424242424244,0.16786140979689368,0.09054325955734405,0.28486646884273,0.3833874458874459,0.12885340430250608,0.08766671661921174,0.16881238246781427,0.2573057733428368,0.5544648511716277,0.5115877357132577,0.24749922656491696,0.23091583910121377,0.5297170771422756,0.7214796394156047,0.7567792207792207,0.6077214390911004,0.39470842332613393,0.4024030354131534,0.4198957161844392,0.5223496623432309,0.7292863002461033,0.8554303278688523,0.8886441238021808,0.9390692299611304,0.9383491148620832,0.9352585487906588,0.8481943112815596,0.7422522915757312,0.7233455882352942,0.7424131051139347,0.9073661897191309,0.9917152500767107,0.9921370967741936,0.9914716816094468,0.8323801601330977,0.6558730158730158,0.5146681539319576,0.35008214676889376,0.2159606656580938,0.15112411866436076,0.12144837144837144,0.22433892522035825,0.2657707076247943,0.2002897500905469,0.20754716981132076,0.09810479375696766,0.2484848484848485,0.30776892430278885,0.285919540229885,0.2233766233766234,0.1319648093841642,0.17201834862385323,0.22164948453608252,0.19034090909090914,0.25858123569794056,0.162534435261708,0.24018475750577364,1,test
0.17236255572065382,0.2712177121771217,0.22606060606060607,0.1081242532855436,0.49698189134808857,0.32560021580793097,0.42613636363636365,0.4630738522954091,0.10370148359058895,0.053233039201504406,0.0803991446899501,0.09895503483217225,0.19389664603425943,0.12900897184696297,0.18236533253084564,0.27569713006309793,0.1720029012537561,0.24654545454545454,0.4758047548916475,0.15464362850971924,0.4706998313659359,0.5158981699212759,0.3190052524386323,0.5660377358490566,0.504200819672131,0.5280317215552374,0.37031200756381977,0.34643886372993005,0.6543994995829858,0.8571428571428572,0.8260584897424706,0.42256433823529416,0.30473590255171684,0.5172231054583996,0.6702464968804337,0.729133064516129,0.6244259785698666,0.6922117084329833,0.8933333333333333,0.9790295593976576,1.0119112814895947,0.9065809379727686,1.0287348676333643,1.3447678447678448,0.8542792152402615,0.6190345584201866,0.5606664252082578,0.55675351901767,0.5328874024526198,0.2496969696969697,0.2051792828685259,0.11925287356321837,0.3844155844155844,0.2492668621700879,0.27522935779816515,0.49484536082474234,0.0625,0.4485125858123571,0.699724517906336,0.4018475750577367,1,val
0.2845468053491828,0.39790897908979084,0.2315151515151515,0.3261648745519713,0.16740442655935614,0.4588616131642838,0.3097943722943723,0.2144599689509869,0.06413906788550876,0.2868508606972371,0.30392017106201,0.4901836605446485,0.41787822081474013,0.24131174590079402,0.3210953957267529,0.3632200284958274,0.39933685628432286,0.5183376623376622,0.690932042920261,0.8051835853131748,0.8772133220910623,0.826091401697168,0.7437024332725909,0.7544093519278097,0.8326844262295081,0.8793920035246171,0.7533354343943692,0.5777068752573076,0.2740825688073395,0.022371364653243853,0.2515277171540812,0.7855009191176471,0.793342434106899,0.8307366189719131,0.7622992738058709,0.744758064516129,0.6453094248851957,0.14006446916917958,0.2655026455026455,0.5355270496374791,0.6653888280394306,0.6011094301563289,0.5326593055740321,0.6716909216909217,0.2347170884276372,0.06061437191442678,0.12006519377037304,0.12518718179095537,0.2647714604236343,0.28484848484848485,0.06573705179282868,0.07040229885057471,0.3220779220779221,0.5073313782991201,0.1330275229357798,0.49484536082474234,0.5568181818181819,0.22654462242562934,0.19008264462809918,0.11316397228637412,1,train
0.21025260029717685,0.20479704797047968,0.11333333333333333,0.496415770609319,0.5995975855130784,0.44078769894793635,0.2399891774891775,0.2874251497005988,0.21549527948448974,0.37639230435411547,0.4289379900213828,0.42811906269791,0.20498056715128835,0.3157677632257399,0.4969405155983549,0.7259312029309994,0.7254170552274376,0.8184935064935064,0.87302756154008,0.9629589632829373,1.0,0.8678049279214805,0.6217172258548612,0.587059064807219,0.8174180327868851,0.7527260711532106,0.5914486815842,0.40253190613421164,0.2691826522101752,0.07893895813358899,0.21344391095591445,0.5997242647058824,0.5332353250026252,0.7155272919978802,0.7236371074971873,0.6997983870967742,0.5594795539033457,0.10793386711032547,0.4583068783068783,0.6924707194645845,0.549698795180723,0.39359556227937476,0.316216575761607,0.48648648648648646,0.19533693488768836,0.15578716401535933,0.18725099601593626,0.20604971548367776,0.23522853957636566,0.14181818181818182,0.06972111553784861,0.2212643678160919,0.3168831168831169,0.3724340175953078,0.18119266055045868,0.115979381443299,0.07386363636363637,0.2723112128146454,0.15151515151515152,0.03233256351039261,1,test
0.2585438335809807,0.16912669126691265,0.1315151515151515,0.09976105137395459,0.03983903420523139,0.16644186673860267,0.21861471861471862,0.21601241960523393,0.12558069833658025,0.08809489367857659,0.17633642195295798,0.3687460417986067,0.35123074708507274,0.09343095802825617,0.05677600561741398,0.1425809077956442,0.19604186094705212,0.3336103896103895,0.13654533978539873,0.2717062634989201,0.5867411467116357,0.6920560269911051,0.8275270661378498,0.8516201804757998,0.7653688524590163,0.5831038660645446,0.5520537871625172,0.42383696994648007,0.38031693077564643,0.4046021093000958,0.5072020951549543,0.6389016544117648,0.713535650530295,0.6705882352941177,0.5808530223995091,0.5355846774193549,0.4970478897878855,0.3845273993969014,0.3955555555555555,0.6470719464584495,0.9359255202628698,0.8291729702471005,0.8363708926433417,0.7080734580734581,0.4566391811202729,0.34530992868897425,0.26838102136906916,0.29589697514225816,0.17670011148272016,0.32606060606060605,0.06573705179282868,-0.007183908045977008,0.10389610389610388,0.0381231671554252,-0.011467889908256883,0.17268041237113405,0.26420454545454547,0.11670480549199086,0.23140495867768596,0.12471131639722863,1,test
0.1225854383358098,0.019680196801968017,0.37999999999999995,0.2353643966547192,0.1018108651911469,0.1548421904504991,0.23484848484848486,0.3098247948547349,0.08766671661921174,0.022566179661507303,0.16136849607982895,0.5125079164027866,0.43371239383906723,0.2629679282252243,0.013541980138429131,0.04172603297374314,0.18806341311781166,0.43511688311688307,0.349779086892489,0.527753779697624,0.6294266441821248,0.7173090686023924,0.8115553649908888,0.873461853978671,0.9999999999999999,0.8438153981716047,0.638932660993802,0.494339234252779,0.45965387823185994,0.41727921593693407,0.4407463989524225,0.4742647058823529,0.5153838076236479,0.5401165871754108,0.5250076710647438,0.5232862903225807,0.4273999562650339,0.2134761360091505,0.08444444444444443,0.40635805911879536,0.5130065717415115,0.6317448310640446,0.5608620460290008,0.4294871794871795,0.22547625817458058,0.15414152495885902,0.11789206809127128,0.2362982929020665,0.18115942028985507,0.08484848484848485,0.02589641434262948,0.11494252873563215,0.2935064935064935,0.29618768328445744,0.19036697247706424,0.3453608247422681,0.19602272727272732,0.04347826086956523,0.14876033057851237,0.2678983833718245,1,train
0.06983655274888559,0.35424354243542433,0.36848484848484847,0.3237753882915173,0.5299798792756538,0.4766657674669544,0.3758116883116883,0.3082723442004879,0.049752734901843246,0.09706350354404746,0.2588738417676408,0.5516149461684611,0.3571325752123219,0.189749407033103,0.10753335339552611,0.09912477101567271,0.16423168583566472,0.3913766233766233,0.29297285924679156,0.5920086393088552,0.7331365935919056,0.7623964829772006,0.7713581305606174,0.8208572600492207,0.9999999999999999,0.9428351139993391,0.7414644395419688,0.5891313297653356,0.5242910758965804,0.5085756897837435,0.5605630728939328,0.544232536764706,0.5887850467289719,0.5732909379968204,0.5863761890150354,0.6046370967741935,0.5110430789416138,0.25434127066652806,0.007407407407407404,0.2910206358059119,0.4192223439211391,0.6418305597579427,0.5816150059864307,0.4279279279279279,0.24282058572647142,0.18417443773998904,0.1517566099239406,0.22611560347409404,0.16945373467112596,0.0896969696969697,0.06872509960159362,0.01724137931034483,0.2545454545454545,0.1847507331378299,0.25688073394495414,0.1623711340206186,0.20738636363636367,0.16018306636155608,0.07988980716253444,0.3048498845265589,1,train
0.24368499257057952,0.4348093480934809,0.18848484848484845,0.12783751493428913,0.11670020120724345,0.18235770164553552,0.28409090909090906,0.1397205588822355,0.021429641840251763,0.09937798350933023,0.10705630791161797,0.11763774540848637,0.29739455880236076,0.26255542951428273,0.20744307352793662,0.10970893547730512,0.13988187752564502,0.0585974025974026,0.06280244056385442,0.07235421166306695,0.0796795952782462,0.29976485021981397,0.0813592024868689,0.20672682526661196,0.5651639344262295,0.766053530124463,0.7014392268095389,0.5881020996294771,0.539512093411176,0.6053052093320549,0.7831732867743345,0.9806985294117647,0.8357660401134096,0.6989931107578166,0.834305001534213,1.0,1.0,0.7781012789851306,0.5544973544973545,0.3656441717791411,0.3046276013143483,0.28340897629853756,0.3921777304775841,0.5826403326403325,0.42891669036110325,0.3007405375754251,0.23831944947482794,0.3228511530398323,0.31159420289855067,0.04242424242424243,0.09760956175298804,0.2155172413793103,0.6155844155844156,0.09384164222873898,0.4380733944954128,0.2628865979381444,0.0965909090909091,0.2128146453089245,0.2534435261707989,0.10854503464203233,1,train
0.0787518573551263,0.038130381303813035,0.17757575757575758,0.15113500597371565,0.002012072434607652,0.17561370380361482,0.1996753246753247,0.12929696163229096,0.08556870972576053,0.10241573846376394,0.06029935851746258,0.09626345788473717,0.14999280264862533,0.13880581623182425,0.22931086367739992,0.282108691227356,0.32918868511035126,0.34098701298701295,0.28687144961077216,0.2541036717062635,0.3764755480607082,0.4157039157550353,0.4279129595883804,0.5853158326497129,0.687295081967213,0.8222271175239563,0.8818153167349512,0.6298888431453272,0.3023352793994996,0.29956322573772237,0.48428633784373637,0.48115808823529416,0.268507823164969,0.4402755696873344,0.5064948348164059,0.5082661290322581,0.48053794008309647,0.4698970572943746,0.444021164021164,0.47495817066369217,0.5251916757940854,0.3551437216338881,0.30544100039909533,0.1644144144144144,0.013505828831390388,0.07227098189797038,0.06935892792466497,0.03204552261156035,0.06020066889632107,0.09333333333333334,0.10856573705179283,0.07040229885057471,0.05974025974025973,0.0850439882697947,0.14678899082568808,0.0850515463917526,0.14204545454545459,0.022883295194508012,0.14049586776859505,0.03926096997690531,1,val
0.046062407132243674,0.02460024600246002,0.039999999999999994,0.1027479091995221,0.20362173038229375,0.15268411114108446,0.2597402597402597,0.14637391882900863,0.06309006443878315,0.0904093736438594,0.14084105488239487,0.25744141861937936,0.3749820066215632,0.23780550685779106,0.2215869194502959,0.24486057398738043,0.267744275204642,0.27179220779220775,0.3608247422680413,0.42667386609071273,0.5431070826306914,0.6384827727226254,0.6541965912745203,0.751538146021329,0.8827868852459015,0.9360061680801849,1.0,0.852202552490737,0.6653461217681401,0.5298817513582614,0.39993452640768223,0.2920496323529411,0.16255381707445132,0.05045045045045045,0.09696225836146058,0.209375,0.20391427946643342,0.24883019652698352,0.20126984126984127,0.1385387618516453,0.15785870755750275,0.21293494704992436,0.23360383131568443,0.2467082467082467,0.12908729030423657,0.018924849149753155,0.08493299529156102,0.14375561545372867,0.08862876254180602,0.05454545454545454,0.014940239043824702,0.05603448275862068,0.08571428571428572,0.19941348973607037,0.23623853211009171,0.11340206185567012,0.07670454545454547,0.13958810068649888,0.15702479338842973,0.05542725173210161,1,train
0.19910846953937594,0.2287822878228782,0.14666666666666667,0.002389486260454002,0.02012072434607646,0.1338009171837065,0.23322510822510822,0.2328675981370592,0.12258354563164992,0.08071748878923768,0.02865288667141839,0.15405319822672575,0.2272923564128401,0.18211818088068474,0.27043835891262913,0.21972318339100347,0.24111491037198218,0.2658701298701298,0.29465600673258996,0.4503239740820734,0.5153878583473861,0.6173192925058788,0.6597706077821847,0.7464109926168991,0.8467213114754097,0.8830267650622314,0.992436180271037,0.9108686702346644,0.69557964970809,0.6077554064131245,0.6158882584024444,0.48644301470588236,0.2436207077601596,0.15993640699523054,0.1474890048072006,0.2501008064516129,0.26066039798819163,0.2938546324217532,0.24518518518518514,0.1871723368655884,0.16319824753559695,0.31089258698940997,0.2821604363442863,0.312023562023562,0.2094114301961899,0.09339001645639057,0.19757334299166968,0.2752321054207847,0.2212931995540691,0.11272727272727272,0.07569721115537849,0.07471264367816091,0.17402597402597403,0.28445747800586507,0.09174311926605505,0.2474226804123712,0.10795454545454547,0.11899313501144165,0.1349862258953168,0.18706697459584293,1,train
0.07949479940564635,0.04551045510455104,0.10484848484848484,0.04958183990442054,0.1432595573440644,0.14890747234960885,0.15584415584415587,0.016411621202040365,0.11149408062340777,0.10545349341819761,0.1593727726300784,0.19616846105129826,0.2739311933208579,0.23563988862534807,0.257999799378072,0.18552819051496033,0.21189514039995855,0.2866493506493506,0.3769198401009889,0.4091792656587473,0.46174114671163574,0.5568960229015438,0.5963125736949297,0.6658121410992617,0.8239754098360655,0.8703601718250907,0.9155373463599118,0.8934746809386579,0.7444745621351126,0.652285075103867,0.6526625927542559,0.5288373161764707,0.3345584374671847,0.22109167991520934,0.11649790324230336,0.20594758064516128,0.22348567679860049,0.23811999584069876,0.26010582010582006,0.20725041829336305,0.17784775465498356,0.32488653555219366,0.33949713981641605,0.2938322938322938,0.20855843048052317,0.17635765222161273,0.16769286490402027,0.2144354597184786,0.18115942028985507,0.31272727272727274,0.13545816733067728,0.04454022988505747,0.05974025974025973,0.029325513196480926,0.02522935779816514,0.10824742268041238,0.3835227272727273,0.31350114416475977,0.0743801652892562,0.13394919168591224,1,val
0.13075780089153047,0.06765067650676505,0.06545454545454545,0.11170848267622462,0.1879275653923541,0.024817912058268138,0.23214285714285715,0.17276557995120864,0.17683200959088866,0.1455229278171561,0.20171062009978616,0.18223559214692842,0.26745357708363326,0.23790863153552644,0.25930384190992073,0.19692652147364137,0.2261941767692467,0.29485714285714276,0.4032190195665895,0.4341252699784017,0.5075885328836425,0.5968714855331766,0.645835566513024,0.7411812961443807,0.8903688524590163,0.9344641480339243,1.0,0.9778715520790449,0.8408048373644704,0.7484819431128157,0.6786337843736361,0.5267693014705883,0.34033392838391263,0.2102808691043985,0.12202106985782962,0.26209677419354843,0.24917996938552378,0.2829364666735989,0.31587301587301586,0.2142777467930842,0.11089813800657175,0.32766011094301567,0.2930690435013968,0.26697851697851693,0.20813193062268978,0.1431705979155239,0.22183991307497283,0.22312069481880803,0.27313266443701223,0.2715151515151515,0.03187250996015936,0.09051724137931033,0.10389610389610388,0.1319648093841642,0.14678899082568808,0.07989690721649487,0.11931818181818181,0.05949656750572083,0.01928374655647383,0.027713625866050806,1,train
0.09435364041604755,0.05904059040590406,0.05939393939393939,0.12246117084826762,0.006841046277665998,0.0741839762611276,0.22294372294372297,0.19028609447771122,0.11898696238573356,0.18964270215535947,0.22580185317177476,0.29749841671944266,0.2972506117748669,0.23718675879137874,0.16751930986056776,0.1893954813759414,0.22681587400269404,0.31605194805194803,0.37155480749000636,0.4117710583153347,0.5283516020236088,0.5901237092321848,0.5555793761389217,0.7040607054963085,0.9487704918032785,0.9843595109593567,1.0,0.9565664882667765,0.8584236864053377,0.6940449557899222,0.590462680052379,0.45025275735294124,0.25412160033602854,0.1623741388447271,0.055947632198015754,0.22348790322580644,0.2304832713754647,0.28262451908079445,0.30740740740740735,0.22509760178471835,0.06996166484118291,0.2531517902168432,0.24052148463482767,0.28135828135828134,0.1592266135911288,0.11176631925397697,0.20228178196305685,0.2845163222521713,0.22965440356744704,0.14545454545454545,0.04780876494023904,0.051724137931034475,0.09350649350649351,0.07331378299120232,0.004587155963302749,0.10309278350515466,0.0965909090909091,0.01830663615560641,0.0909090909090909,0.062355658198614314,1,train
0.14190193164933138,0.07257072570725706,0.09636363636363635,0.05615292712066905,0.2124748490945674,0.24548152144591315,0.29924242424242425,0.1818585052117986,0.1506069234227484,0.0973528135397078,0.17633642195295798,0.08613046231792273,0.11702893335252629,0.06620604310611529,0.06329621827665763,0.09892122939141054,0.14413014195420165,0.22836363636363635,0.2945508100147276,0.34233261339092874,0.5191821247892074,0.6028013495552602,0.6807803623110731,0.7549220672682527,0.7923155737704917,0.90142086132834,0.8746717092131527,0.7889048991354467,0.7904503753127606,0.6995845317992969,0.6465517241379312,0.6787683823529412,0.5725086632363751,0.6312665606783254,0.6418124168967987,0.6737903225806452,0.6453094248851957,0.4922533014453573,0.36857142857142855,0.34255437813720024,0.2942223439211391,0.18582955118507313,0.17600106425435677,0.28707553707553707,0.17273244242251917,0.13411958310477237,0.08185440057950018,0.08176100628930819,0.09977703455964325,0.11151515151515151,0.01792828685258964,0.05603448275862068,0.11428571428571427,0.2492668621700879,0.28211009174311924,0.2989690721649485,0.12500000000000003,0.03432494279176202,0.01377410468319559,0.03926096997690531,1,train
0.1485884101040119,0.007995079950799507,0.03636363636363636,0.023297491039426528,0.14688128772635814,0.21311033180469385,0.23160173160173164,0.13262364160567752,0.22014086617713172,0.18212064226819036,0.15894511760513186,0.11272957568081063,0.062473009932344906,0.14107455914200268,0.06791052262012237,0.06940769387339711,0.23220391669257073,0.23937662337662338,0.273511466442247,0.4252699784017278,0.5739881956155144,0.7183314589510276,0.8684746489441527,0.9194011484823625,0.9264344262295081,0.9936116312369202,1.0,0.9043845203787567,0.8483110925771477,0.7116224565888996,0.6565910082933218,0.6510799632352942,0.5367006195526619,0.6099629040805511,0.6190037843919403,0.5422379032258066,0.4849114366936367,0.37246542580846426,0.17777777777777776,0.16162855549358615,0.2020810514786419,0.0751386787695411,0.10083810030597312,0.08419958419958419,0.050184816605061126,0.040729566648381794,0.043643607388627305,0.11350703803533994,0.06633221850613155,0.08848484848484849,0.05079681274900399,0.030172413793103443,0.3220779220779221,0.26099706744868034,0.07568807339449542,0.1314432989690722,0.07670454545454547,0.07322654462242563,0.055096418732782364,0.04849884526558892,1,train
0.07429420505200594,0.08979089790897907,0.12303030303030302,0.06989247311827958,0.11348088531187123,0.15646074993256004,0.2272727272727273,0.12397427367487246,0.16439382586542786,0.16042239259366411,0.07997148966500359,0.041798606713109566,0.06391248020728371,0.10322780241311746,0.07723944227104022,0.059027071036026876,0.17604393327116363,0.26753246753246746,0.28392594151062484,0.41328293736501076,0.574093591905565,0.7036090379306819,0.8097330903633831,0.8384946677604594,0.9042008196721311,0.9781914307743141,1.0,0.8715520790448744,0.7480191826522101,0.6395014381591563,0.5787865560890442,0.5427389705882354,0.45143337183660615,0.5068362480127186,0.5087450138079167,0.503125,0.4620599169035644,0.32463346157845485,0.15216931216931215,0.1882877858337981,0.22001642935377877,0.12418053454362078,0.07316748702940001,0.08523908523908524,0.0884276371907876,0.06925397696105322,0.04473017022817819,0.06558849955076371,0.056856187290969896,0.05696969696969697,0.018924302788844622,0.04022988505747127,0.17922077922077922,0.055718475073313775,0.08944954128440367,0.10824742268041238,0.03977272727272728,0.08695652173913045,0.23415977961432508,0.12009237875288684,1,train
0.07800891530460624,0.0,0.04424242424242425,0.23775388291517324,0.17907444668008046,0.1785810628540599,0.24296536796536797,0.1960523397649146,0.23317848044357858,0.18660494720092577,0.17177476835352817,0.13679544015199493,0.10162660141068086,0.09930906465917294,0.11696258401043233,0.10004070832485244,0.18526577556729873,0.25589610389610384,0.3309488743951189,0.5064794816414686,0.6493465430016863,0.7933749105408445,0.9220709615178477,0.9002255947497949,0.9172131147540983,0.9999999999999999,0.9811955037293835,0.9065459036640593,0.810675562969141,0.6763609246830724,0.5912265386294195,0.5793887867647058,0.48986663866428637,0.5487016428192899,0.5429068221335789,0.5280241935483871,0.48928493330417666,0.3542684828948737,0.1506878306878307,0.17267150027886222,0.18058598028477546,0.0779122541603631,0.08101636291073566,0.06496881496881496,0.07577480807506397,0.038123971475589685,0.032415791379934805,0.03414195867026056,0.040691192865105905,0.1406060606060606,0.09163346613545817,0.09339080459770113,0.09350649350649351,0.0058651026392961825,0.0,0.10051546391752578,0.10227272727272728,0.04347826086956523,0.06060606060606061,0.023094688221709007,1,train
0.08172362555720654,0.023985239852398522,0.02181818181818182,0.1379928315412186,0.1935613682092555,0.21931480981926085,0.270021645021645,0.18318917720115324,0.21594485239022926,0.24808332127875016,0.1780470420527441,0.13869537682077263,0.14581833885130274,0.09291533463957925,0.13883037415989566,0.20893547730510892,0.23924981867164025,0.24290909090909088,0.3543025457605723,0.5374730021598271,0.6624156829679595,0.8718944893160209,1.0000000000000002,0.8921246923707957,0.8381147540983606,0.9090208172706243,0.92719823510873,0.9022231370934541,0.8152627189324436,0.6789176520720145,0.5836970755128765,0.5193014705882354,0.4290664706500052,0.5243243243243243,0.5571238621253963,0.5245967741935483,0.5240542313579707,0.3492773214100031,0.1984126984126984,0.11054099274958172,0.09967141292442497,0.04727685325264751,0.14234402022083276,0.101004851004851,0.006539664486778504,0.06486560614371915,0.07388627308946034,0.08685235100329441,0.10702341137123744,0.11393939393939394,0.024900398406374504,0.034482758620689655,0.20519480519480518,0.2668621700879765,0.19495412844036697,0.04639175257731959,0.0965909090909091,0.057208237986270026,0.07988980716253444,0.05542725173210161,1,test
0.04531946508172363,0.1285362853628536,0.13757575757575757,0.2311827956989247,0.2362173038229376,0.17669274345832212,0.1260822510822511,0.1882900864936793,0.16094710025475797,0.1434977578475336,0.06386315039201709,0.1369537682077264,0.12350654958975099,0.0598123130865216,0.04263215969505466,0.11622226745369427,0.24256553725002594,0.2672207792207792,0.33399957921312856,0.4544276457883369,0.6073988195615514,0.812084653920867,0.9182120270125416,0.8677194421657096,0.8004098360655737,0.8629805044608436,1.0,0.985384932070811,0.9402627189324437,0.7990838393522958,0.7098428633784374,0.735983455882353,0.6420245720886275,0.7145733969263381,0.7228188605911835,0.6653225806451614,0.6085720533566586,0.4695851097015702,0.32084656084656077,0.24138315672058006,0.18565169769989048,0.12065052950075643,0.10190235466276439,0.1463963963963964,0.036963321012226324,0.04566648381788262,0.037124230351321987,0.09254267744833783,0.05629877369007803,0.11515151515151514,0.046812749003984064,0.08477011494252873,0.1272727272727273,0.03225806451612903,0.011467889908256881,0.05927835051546393,0.15625000000000003,0.10755148741418766,0.06336088154269971,0.05542725173210161,1,train
0.0312035661218425,0.05535055350553505,0.005454545454545453,0.0,0.0470824949698189,0.13541947666576748,0.10795454545454547,0.19827012641383895,0.10205304960287725,0.14277448285838273,0.09280114041339987,0.10655478150728306,0.06794299697711244,0.03299989687532226,0.0803490821546795,0.11550987176877672,0.1750077712154181,0.3569870129870129,0.4162634125815275,0.4842332613390928,0.5690345699831365,0.6489111542787036,0.6042448279558367,0.589622641509434,0.4834016393442623,0.5205419099019715,0.674965857758168,0.8469534787978591,1.0,0.9111537232342601,0.7850283718900044,0.6632582720588236,0.5240995484616191,0.5621621621621621,0.5359517234325458,0.547883064516129,0.4603105182593484,0.32057814287199754,0.315026455026455,0.29570552147239265,0.2932639649507119,0.1998234997478568,0.21351603033124916,0.2583160083160083,0.18851293716235426,0.09421283598464071,0.10901847156827235,0.1680143755615454,0.17056856187290967,0.18666666666666668,0.02888446215139442,0.050287356321839075,0.046753246753246755,0.026392961876832835,0.06651376146788991,0.033505154639175264,0.08806818181818182,0.07093821510297482,0.13774104683195593,0.05773672055427251,1,train
0.03417533432392274,0.05965559655596555,0.07272727272727272,0.26045400238948624,0.06961770623742455,0.1861343404370111,0.18073593073593075,0.15103127079174983,-0.0056945901393676,0.10198177347027342,-0.005416963649322884,0.20867637745408488,0.18036562544983448,0.07858100443436114,0.13973317283579095,0.10838591491960106,0.05626359962698166,0.1737142857142857,0.0350305070481801,0.08466522678185746,0.2654932546374367,0.14201001942541663,-0.0004287705005895648,0.1207957342083675,0.015881147540983603,0.08062561956162571,0.30654480512658894,0.4704610951008646,0.5002085070892409,0.5214658570363269,0.6132693147097338,0.6416590073529412,0.6601911162448807,0.9205087440381559,1.0,0.9513104838709677,0.8865077629564838,0.6956431319538319,0.6656084656084655,0.683100948131623,0.6492332968236583,0.5175239536056482,0.37461753359052813,0.2953915453915454,0.20201876599374466,0.13315962698848055,0.159181455994205,0.258460616951183,0.19788182831661089,0.2824242424242424,0.250996015936255,0.04310344827586207,0.11168831168831167,0.19061583577712607,0.2591743119266055,0.25515463917525777,0.14488636363636367,0.06636155606407323,0.19834710743801653,0.13163972286374134,1,test
0.11218424962852898,0.10209102091020908,0.29454545454545455,0.13560334528076462,0.07323943661971832,0.06339357971405449,0.08901515151515153,0.10601020181858503,0.015435336430391126,0.04064805439027919,0.02836778332145403,0.25617479417352756,0.12321865553476322,0.0696091574713829,0.08837395927374861,0.15530225931202932,0.1263081545953787,0.0,0.08647170208289502,0.1453563714902808,0.15430016863406407,0.07432777834577242,0.1387072569407225,0.10192780968006562,0.03852459016393442,0.13437603260270953,0.437125748502994,0.6367846850555784,0.6184320266889074,0.5852775114520081,0.716281099956351,0.5712316176470589,0.5730337078651685,0.8723900370959194,0.946916231972998,0.9702620967741936,0.810736934178876,0.6166164084433815,0.5664550264550264,0.6632459564974903,0.6968784227820374,0.5997226424609179,0.4531062924038845,0.33194733194733195,0.1612169462610179,0.08776741634668131,0.16497645780514306,0.29350104821802936,0.31382385730211815,0.22666666666666668,0.08764940239043825,0.04166666666666666,0.4415584415584416,0.46920821114369493,0.1559633027522936,0.11340206185567012,0.30965909090909094,0.402745995423341,0.8071625344352616,0.13163972286374134,1,train
0.17830609212481427,0.2669126691266912,0.07393939393939394,0.015531660692951012,0.09054325955734405,0.0868626922039385,0.08333333333333334,0.16034597471723216,0.1032519106848494,0.08476782872848257,0.0,0.2887903736542115,0.248164675399453,0.0816747447664226,0.14304343464740696,0.2106655811113373,0.17832348979380375,0.07584415584415585,0.061434883231643186,0.04589632829373651,0.18043844856661043,0.048052346385850125,0.14889055632972453,0.21903199343724364,0.06803278688524589,0.14946580019825972,0.5663410022061143,0.8411897900370523,0.8401793160967473,0.7527431554277192,0.8263858577040595,0.6727941176470589,0.6371941615037278,0.904610492845787,0.9882377007261943,0.934274193548387,0.7226109774764925,0.5563065405011959,0.5783068783068783,0.7206915783602901,0.7243975903614459,0.6544377206253154,0.49008913130238124,0.34598059598059594,0.21495592834802388,0.06966538672517827,0.16859833393697934,0.29410002994908657,0.29208472686733555,0.22787878787878788,0.09960159362549802,0.035919540229885055,0.4727272727272728,0.42521994134897356,0.13073394495412843,0.23453608247422686,0.1988636363636364,0.17848970251716248,0.23415977961432508,0.20554272517321015,1,train
0.2548291233283804,0.2441574415744157,0.18303030303030302,0.14038231780167265,0.2977867203219316,0.3307256541677907,0.3051948051948052,0.134397870924817,0.0,0.045277014320844786,0.08253741981468282,0.36557948068397716,0.1842521951921693,0.10302155305764671,0.1195706690741298,0.15336861388153877,0.11138742099264325,0.09454545454545454,0.1433831264464549,0.04276457883369332,0.16410202360876897,0.0,0.1853360488798371,0.235746513535685,0.0,0.1103645775966516,0.44878663725181217,0.6915397282832442,0.6689949958298582,0.6210716948971983,0.718136185072021,0.5708869485294118,0.6430746613462144,0.9004769475357711,0.9507006239132659,0.9601814516129032,0.8048327137546469,0.6643443901424562,0.6374603174603175,0.7270496374790854,0.7769715224534502,0.6428391326273324,0.5057868830650525,0.3946638946638947,0.21637759454080183,0.10984640702139332,0.1455994204998189,0.22521713087750828,0.31549609810479373,0.21212121212121213,0.05776892430278884,0.11206896551724138,0.4025974025974026,0.4369501466275659,0.1605504587155963,0.16494845360824745,0.37500000000000006,0.1464530892448513,0.2121212121212121,0.14318706697459582,1,train
0.12630014858841013,0.08364083640836407,0.10060606060606062,0.20788530465949817,0.12515090543259558,0.03587806851901807,0.23241341991341993,0.20314925704147258,0.10265248014386333,0.14436568783451467,0.17034925160370634,0.17194426852438252,0.17993378436735283,0.10013406208105599,0.06239341960076235,0.07408915123142683,0.09087141228888197,0.15283116883116882,0.35619608668209557,0.3151187904967603,0.18813237774030353,0.24445353235865455,0.37753242576910717,0.5742411812961443,0.5535860655737704,0.49862319638726726,0.45078264523584416,0.6806298888431453,0.978836530442035,1.0,0.9890877346137058,0.9686351102941178,0.7544891315761839,0.6714361420243773,0.534315229620538,0.4549395161290323,0.47321233326044176,0.16678797961942393,0.030899470899470906,0.1440044617958728,0.18524096385542171,0.20146243066061523,0.3458826659571637,0.6663201663201663,0.533693488768837,0.33104772353263856,0.19503802969938427,0.06708595387840671,0.08639910813823856,0.22666666666666668,0.12450199203187251,0.021551724137931032,0.16103896103896104,0.31964809384164217,0.002293577981651373,0.04123711340206187,0.15625000000000003,0.08924485125858124,0.18181818181818182,0.013856812933025403,1,train
0.14190193164933138,0.1285362853628536,0.15636363636363637,0.04838709677419355,0.1114688128772636,0.18046938224979772,0.23620129870129872,0.18873364382346416,0.14925820470552972,0.11283089830753652,0.1248752672843906,0.13711209626345788,0.14509860371383332,0.1535526451479839,0.2366335640485505,0.20109912477101566,0.16371360480779196,0.1444155844155844,0.02650957290132548,0.056695464362850986,0.1573566610455312,0.1382271751354667,0.207310537035052,0.5268662838392124,0.8401639344262294,0.9999999999999999,0.8617501838428406,0.6646768217373404,0.5347164303586321,0.4287844891871737,0.3412265386294195,0.1896829044117647,0.12002520214218208,0.1992580816110228,0.29426204357164776,0.22822580645161292,0.07730155259129676,0.0,0.012804232804232804,0.12147239263803682,0.2575301204819277,0.2343671205244579,0.2111214580284688,0.1632016632016632,0.11941996019334661,0.091881513987932,0.06193408185440058,0.14046121593291405,0.19899665551839466,0.16484848484848483,0.08167330677290838,0.18247126436781608,0.1012987012987013,0.12023460410557182,0.1422018348623853,0.038659793814433,0.12500000000000003,0.048054919908466824,0.022038567493112945,0.025404157043879903,1,train
0.02971768202080238,0.07134071340713406,0.03212121212121212,0.02986857825567503,0.055130784708249496,0.045319665497707044,0.13365800865800867,0.11488134841428252,0.13472201408661771,0.13250397801244032,0.08695652173913046,0.09357188093730207,0.10594501223549735,0.06579354439517376,0.14605276356705787,0.15306330144514554,0.09522329292301317,0.1037922077922078,0.06322322743530402,0.05896328293736501,0.17221753794266442,0.2729782230855741,0.38235609390073966,0.6070549630844955,0.8121926229508195,0.9583654587509637,0.8193087509192143,0.5693701111568547,0.44401584653878234,0.31170768083519756,0.2449803579223047,0.11557904411764705,0.1455423711015436,0.20816110227874934,0.21857420476628822,0.1658266129032258,0.026022304832713755,0.024747842362483105,0.15238095238095237,0.2509760178471835,0.3592552026286966,0.37632375189107414,0.30264733271251826,0.2564102564102564,0.15666761444412852,0.1615469007131103,0.11010503440782325,0.09973045822102428,0.15384615384615383,0.12121212121212122,0.022908366533864542,0.08045977011494251,0.05194805194805194,0.04692082111436949,0.09403669724770641,0.077319587628866,0.06534090909090909,0.07551487414187644,0.01377410468319559,0.06697459584295612,1,train
0.008172362555720653,0.04428044280442804,0.04666666666666666,0.1965352449223417,0.18108651911468812,0.2916104666846507,0.3273809523809524,0.21490352628077175,0.16244567660722314,0.10053522349197165,0.08695652173913046,0.15975300823305888,0.20368504390384337,0.13086521604619986,0.18206439963888052,0.15978017504579686,0.1168790798880945,0.14264935064935066,0.10109404586576899,0.09060475161987043,0.18391652613827994,0.17953174522032514,0.2890985100225105,0.5721903199343724,0.8468237704918032,0.9999999999999999,0.8379031410862486,0.6525319061342116,0.5375312760633861,0.35282837967401726,0.30019642077695324,0.18956801470588236,0.15152787986978894,0.21356650768415475,0.2990692441444206,0.22056451612903227,0.048545812376995415,0.03795362379120308,0.08031746031746032,0.19709983268265474,0.30928258488499455,0.30900151285930405,0.2638020486896368,0.16424116424116422,0.13235712254762583,0.1323368074602304,0.06899674031148136,0.1302785265049416,0.18729096989966554,0.06666666666666667,0.07868525896414344,0.15229885057471265,0.12987012987012986,0.07038123167155425,0.05733944954128441,-0.005154639175257731,0.042613636363636374,0.10526315789473685,0.06336088154269971,0.023094688221709007,1,test
0.1359583952451709,0.11070110701107008,0.0703030303030303,0.09139784946236558,0.21327967806841044,0.13407067709738335,0.15665584415584416,0.09957862053670435,0.12498126779559418,0.13018949804715751,0.10491803278688527,0.1493033565547815,0.15934935943572764,0.13591832525523356,0.16541277961681214,0.1787095461021779,0.13117811625738268,0.13215584415584417,0.09499263622974964,0.07408207343412528,0.20204468802698144,0.2655147735405378,0.38793011040840397,0.6352543068088597,0.9037909836065573,0.9999999999999999,0.7990335119235215,0.6005557842733635,0.505838198498749,0.326408863321615,0.2470536883457006,0.07077205882352941,0.09051769400399033,0.14520402755696873,0.17684361256009004,0.17207661290322582,0.00852831839055325,0.07413954455651452,0.14338624338624337,0.25421081985499167,0.38198247535596935,0.3610690872415532,0.2530264733271252,0.12058212058212057,0.10776229741256754,0.12479429511793748,0.07986236870699022,0.07307577118897875,0.14771460423634336,0.11515151515151514,0.13944223107569723,0.08764367816091954,0.15064935064935064,0.20527859237536653,0.1743119266055046,0.09793814432989693,0.07102272727272728,0.03661327231121282,0.1322314049586777,0.03926096997690531,1,test
0.08469539375928677,0.1328413284132841,0.044848484848484846,0.02986857825567503,0.05432595573440643,0.005395198273536551,0.1693722943722944,0.19893546240851626,0.09456016784055148,0.1189064082164039,0.13314326443335708,0.09373020899303355,0.044479631495609614,0.0592966896978447,0.1487611595947437,0.12558518216975373,0.07429281939695369,0.16083116883116882,0.2626762045024195,0.2707343412526998,0.34622681281618883,0.5560781106226357,0.7301961625040198,0.8725389663658737,0.9024590163934426,0.7258508646326687,0.6699233112721925,0.6956566488266777,0.5688073394495413,0.3366357728773836,0.18812745525971192,0.2555147058823529,0.2304945920403234,0.2856385797562268,0.1799120384576046,0.22258064516129034,0.3099715722720315,0.2587085369657898,0.266031746031746,0.29046291132180707,0.317907995618839,0.2592032274331821,0.20127710522814948,0.30994455994455994,0.2630082456639181,0.23546352166758092,0.16262223831944947,0.19646600778676254,0.24804905239687844,0.13333333333333333,0.02390438247011952,0.07040229885057471,0.17402597402597403,0.29912023460410553,0.002293577981651373,0.04123711340206187,0.0625,0.12814645308924486,0.10468319559228649,0.09699769053117782,1,train
0.06240713224368499,0.053505535055350543,0.06424242424242424,0.1911589008363202,0.24104627766599596,0.20151065551659028,0.26271645021645024,0.13461964958970946,0.11778810130376144,0.12194416317083755,0.09194583036350676,0.04195693476884104,0.19605585144666762,0.32288336598948125,0.478784231116461,0.6521473641359659,0.7656201429903639,0.774233766233766,0.80559646539028,0.7979481641468681,0.8205101180438448,0.8502198139249566,0.8788723335834495,0.8865873666940115,0.8954918032786885,0.9633219517568014,1.0,0.9108686702346644,0.6624270225187656,0.4310216256524981,0.2633129637712789,0.2935431985294118,0.13325632678777694,0.20137784843667197,0.2399509051856398,0.2213709677419355,0.19658867264377872,0.12665072267859,-0.0038095238095238113,-0.009481316229782485,0.017524644030668134,0.02924861321230459,0.07941998137554875,0.07467082467082467,0.05245948251350583,0.0034284147010422384,0.05921767475552336,0.07696915244085056,0.10144927536231883,0.13090909090909092,0.12350597609561753,0.09195402298850575,0.046753246753246755,0.3108504398826979,0.0963302752293578,0.18298969072164953,0.20738636363636367,0.12128146453089245,0.14876033057851237,0.07621247113163972,1,val
0.13150074294205052,0.060270602706027056,0.18787878787878787,0.1081242532855436,0.29255533199195166,0.3811707580253575,0.3033008658008658,0.12220004435573295,0.1741345721564514,0.17025893244611603,0.07355666429080543,0.0052248258391386915,0.15402331941845404,0.2859647313602145,0.5570267830273848,0.7949318135558723,0.8281007149518185,0.79812987012987,0.8544077424784348,0.8670626349892008,0.9381323777403034,0.938963296186484,0.9366491585378925,1.0,0.9718237704918032,0.9238902962881373,0.9318205693875409,0.7238575545491972,0.41836947456213514,0.28028124001278365,0.40146224356176347,0.4833409926470589,0.3732017221463824,0.2954954954954955,0.22870001022808636,0.1278225806451613,0.23944893942707196,0.19465529790995117,0.12603174603174602,0.14311210262130505,0.06640197152245347,0.06467473524962179,0.1137421843820673,0.21864171864171864,0.16391811202729598,0.07816785518376304,0.077145961608113,0.1272836178496556,0.1309921962095875,0.007272727272727272,0.18725099601593626,0.16379310344827583,0.19740259740259739,0.16422287390029322,0.07339449541284404,0.1520618556701031,0.1306818181818182,0.11670480549199086,0.19834710743801653,0.11085450346420324,1,train
0.15898959881129274,0.1125461254612546,0.2733333333333333,0.22819593787335718,0.23219315895372228,0.16886970596169412,0.36444805194805197,0.23109336881791967,0.18417503371796792,0.17112686243309705,0.0870990734141126,0.0036415452818239352,0.18929034115445517,0.265855419201815,0.5729762263015347,0.8259719112558519,0.8620868303802716,0.8058181818181818,0.8995371344414055,0.8969762419006478,1.0,0.9975462631632759,0.9862793439811343,0.9754922067268252,0.8984631147540983,0.9696001762308625,0.965857758167875,0.7563812268423219,0.41972477064220187,0.3418557579631405,0.4632256656481886,0.41394761029411764,0.30494592040323426,0.31372549019607837,0.2044594456377212,0.0658266129032258,0.25595888913186093,0.15649370905687843,0.03227513227513227,0.09592861126603458,0.04572836801752465,0.03076147251638931,0.11879739257682585,0.2527720027720028,0.19164060278646575,0.05362040592430061,0.09887721839913075,0.14046121593291405,0.11204013377926421,0.11515151515151514,0.15438247011952191,0.11206896551724138,0.37922077922077924,0.20234604105571843,0.016055045871559634,0.18556701030927839,0.11931818181818181,0.052631578947368425,0.09641873278236913,0.04157043879907621,1,train
0.2310549777117385,0.17712177121771214,0.2793939393939394,0.2873357228195938,0.28732394366197184,0.18559482060965743,0.29843073593073594,0.2597028165890441,0.16184624606623707,0.0938810935917836,0.0042765502494654314,0.07172260924635845,0.21894342881819495,0.3077240383623801,0.4585214163908115,0.617036433950743,0.723033882499223,0.7758961038961038,0.7883442036608458,0.8122030237580992,1.0,0.980983539515387,0.959266802443992,0.9590853158326497,0.9096311475409835,0.8993281198369864,0.7826452358441014,0.5756484149855907,0.3196413678065054,0.38585277511452004,0.452968136185072,0.34535845588235303,0.24908117189961143,0.27927927927927926,0.15536463127748798,0.04727822580645161,0.09195276623660617,0.08017053135073308,0.047407407407407405,0.17947573898494143,0.12376779846659366,0.09367120524457893,0.05028601835838765,0.21968121968121967,0.15993744668751778,0.06925397696105322,0.171858022455632,0.20275531596286314,0.1443701226309922,0.20606060606060608,0.03286852589641434,0.19683908045977008,0.2753246753246753,0.06158357771260996,0.05504587155963303,0.42010309278350516,0.38068181818181823,0.02745995423340962,0.18732782369146006,0.10392609699769054,1,test
0.15304606240713226,0.21217712177121767,0.00909090909090909,0.14695340501792115,0.10422535211267606,0.20070137577555977,0.46130952380952384,0.2869815923708139,0.13607073280383636,0.022276869665846955,0.035352815395580904,0.18144395186827103,0.30084928746221395,0.3882644116737135,0.5208145250275854,0.6803378790962752,0.743135426380686,0.7672727272727272,0.7588891226593731,0.8517278617710582,1.0,0.8847766077088232,0.7917247293386216,0.8728465955701394,0.9043032786885244,0.9372177552593896,0.8787687782330078,0.6397694524495677,0.2670975813177648,0.19281985724938744,0.2738978611959843,0.21610753676470587,0.18901606636564106,0.13958664546899843,0.08325662268589547,0.027419354838709678,0.0789416138202493,0.10294270562545495,0.09777777777777777,0.139654210819855,0.10336801752464406,0.048411497730711045,0.10137022748436876,0.23925848925848925,0.11814046061984645,0.08968732857926495,0.1528431727634915,0.17819706498951782,0.2770345596432553,0.3793939393939394,0.15338645418326693,0.1336206896551724,0.23896103896103899,0.03225806451612903,0.09403669724770641,0.1701030927835052,0.15056818181818185,0.08009153318077804,0.11570247933884298,0.05542725173210161,1,train
0.061664190193164936,0.04920049200492004,0.02606060606060606,0.24014336917562723,0.27042253521126763,0.20798489344483412,0.2656926406926407,0.0969172765579951,0.047504870373145505,0.028930999566035006,0.11104775481111903,0.1861937935402153,0.2904851014826544,0.2787460039187377,0.40977028789246667,0.46733156930592307,0.5223292923013161,0.6134025974025974,0.6907216494845362,0.7751619870410366,0.9465640809443507,1.0,0.9619466180726767,0.9417555373256769,0.8624999999999999,0.7681462716158166,0.6324193717827504,0.4331000411692055,0.45152210175145957,0.5901779056141472,0.48526844172850286,0.3206571691176471,0.3421190801218103,0.3311075781664017,0.08479083563465277,0.05957661290322581,0.0030614476273780958,0.00811063741291463,0.1361904761904762,0.21940881204684887,0.1803121577217963,0.07413010590015129,0.021152055341226553,0.1347886347886348,0.0928348023883992,0.028798683488754803,0.09217674755523361,0.11590296495956874,0.14604236343366778,0.12242424242424242,0.1603585657370518,0.022988505747126433,0.1896103896103896,0.3020527859237536,0.1651376146788991,0.13402061855670105,0.0,0.045766590389016024,0.06887052341597796,0.04849884526558892,1,train
0.15156017830609214,0.2232472324723247,0.015151515151515152,0.18936678614097968,0.15090543259557343,0.3603992446722417,0.5892857142857143,0.2508316699933466,0.0891652929716769,0.2080138868797917,0.3395580898075552,0.4943001899936668,0.5624010364185981,0.4255955450139218,0.5470959975925368,0.7175859963362509,0.8069630090146099,0.9153246753246752,1.0,0.9371490280777536,0.9068296795952782,0.9334423883038544,0.7303033551291671,0.5022559474979491,0.39610655737704914,0.2777838969049454,0.6828448366425046,0.8675380815150268,0.8971017514595496,0.7884308085650368,0.4253601047577477,0.10512408088235292,0.1293709965347054,0.2408055113937467,0.2885343152296206,0.225,0.10791602886507765,0.17396277425392537,0.21873015873015875,0.28867819297267155,0.17113910186199344,0.0,0.0466941599042171,0.19889119889119888,0.18922377025874323,0.03784969829950631,0.13817457442955453,0.1889787361485475,0.17224080267558528,0.2909090909090909,0.1145418326693227,0.07327586206896551,0.04415584415584416,0.32551319648093835,0.3211009174311927,0.1288659793814433,0.06534090909090909,0.05949656750572083,0.2837465564738292,0.3625866050808314,1,train
0.055720653789004454,0.1156211562115621,0.08484848484848484,0.2574671445639187,0.30543259557344066,0.2408956029134071,0.4312770562770563,0.4466622310933688,0.3807882511613967,0.40460002893099956,0.4155381325730577,0.5270740975300824,0.5422484525694545,0.5081984118799628,0.694352492727455,0.8453083655607572,1.0,0.9249870129870128,0.84325689038502,0.7850971922246219,0.8041736930860033,0.8798691340353747,0.7107942973523422,0.6007998359310911,0.7089139344262294,0.8301575063332965,0.6132997163567603,0.4656237134623302,0.6133236030025021,0.6966016831788644,0.6026844172850285,0.44014246323529416,0.38107739157828413,0.4006359300476947,0.15413726091848215,0.19102822580645162,0.22075224141701288,0.09940729957367163,0.12444444444444444,0.3289459007250418,0.22015334063526834,0.2518910741301059,0.16921644272981243,0.1955994455994456,0.2766562411145863,0.30101481075150854,0.3495110467222021,0.44863731656184486,0.4308807134894091,0.23757575757575758,0.12151394422310757,0.16810344827586204,0.17662337662337663,0.19354838709677416,0.14678899082568808,0.1391752577319588,0.21875000000000006,0.03661327231121282,0.14325068870523416,0.03002309468822171,1,train
0.2852897473997028,0.2552275522755227,0.33818181818181814,0.04301075268817203,0.0414486921529175,0.2435932020501754,0.27624458874458874,0.224661787536039,0.3217443428742694,0.2988572255171416,0.29166072701354245,0.48875870804306515,0.5243990211602131,0.4709704032174899,0.6802086468050957,0.7523916140850804,0.9504714537353643,0.9819220779220778,0.8812329055333474,0.8129589632829373,0.7429384485666104,0.81770780083836,0.6748847679279666,0.6353568498769483,0.687295081967213,0.7812534420090318,0.5853556045803131,0.5969534787978592,0.8829232693911594,0.846276765739853,0.5544522042776081,0.28642003676470595,0.3319332143232175,0.4847906730259671,0.27462411782755447,0.08256048387096773,0.1849989066258474,0.1376728709576791,0.0,0.12091466815393197,0.16716867469879518,0.2691628845184065,0.2262870826127444,0.16822591822591823,0.3151833949388684,0.3746571585298958,0.3393697935530605,0.3180592991913747,0.37068004459308806,0.4909090909090909,0.11254980079681275,0.021551724137931032,0.08051948051948052,0.2756598240469208,0.25,0.20876288659793818,0.16477272727272732,0.13272311212814647,0.07988980716253444,0.16628175519630484,1,train
0.14264487369985143,0.2054120541205412,0.22848484848484849,0.10633213859020309,0.40281690140845067,0.2827083895333154,0.3693181818181818,0.21113328897760034,0.14865877416454368,0.22913351656299724,0.5348538845331433,0.613837872070931,0.5454152871743199,0.49551407651851087,0.6498144247166214,0.8051088947689803,0.9812454667910063,0.9999999999999999,0.9376183463075953,0.8328293736501079,0.8003794266441822,0.8425518863101932,0.5939543359416872,0.5708572600492207,0.7689549180327867,0.8021808569225685,0.5378716251707113,0.27840675174969126,0.47967055879899917,0.6407798018536273,0.5751855085115671,0.4194623161764707,0.3432741783051559,0.34647588765235826,0.1387951314309093,0.13528225806451613,0.19451126175377215,0.1542060933763128,0.06306878306878305,0.24472950362520915,0.2575301204819277,0.24873928391326272,0.09445257416522547,0.27823977823977825,0.23727608757463747,0.23313219967087223,0.3312205722564288,0.4201856843366278,0.28205128205128205,0.2715151515151515,0.0946215139442231,0.02586206896551724,0.2545454545454545,0.19648093841642225,0.1513761467889908,0.22680412371134026,0.07954545454545454,0.06178489702517164,0.03305785123966942,0.14549653579676675,1,train
0.262258543833581,0.19188191881918817,0.24727272727272726,0.17443249701314217,0.6869215291750502,0.4097653088751012,0.23106060606060608,0.16855178531825235,0.2433687996403417,0.26905829596412556,0.40028510334996437,0.4563014566181127,0.5041024902835757,0.3724863359802001,0.5837094994482895,0.7842458782821088,0.9729561703450421,0.9999999999999999,0.9834841152956028,0.8498920086393087,0.8358979763912311,0.9039975462631633,0.55482902776289,0.38812551271534046,0.5846311475409836,0.6467672651173036,0.6206534299821411,0.48559077809798273,0.5389908256880733,0.44934483860658353,0.4634439109559145,0.3347886029411764,0.36669116874934365,0.3902490726020138,0.2138692850567659,0.09637096774193549,0.10507325606822657,0.05001559737964023,0.22878306878306878,0.332069157836029,0.3133899233296824,0.3350983358547655,0.22788346414793134,0.10117810117810118,0.1748649417116861,0.301700493691717,0.3980441868888084,0.3216531895777179,0.23578595317725748,0.19636363636363635,0.09262948207171313,0.04741379310344827,0.1012987012987013,0.19648093841642225,0.20871559633027525,0.1520618556701031,0.16477272727272732,0.13501144164759726,0.11570247933884298,0.10854503464203233,1,train
0.2526002971768202,1.0,0.9824242424242424,0.8142174432497014,0.4225352112676056,0.32101429727542485,0.5625000000000001,0.49035262807717894,0.4251461111943654,0.51236800231448,0.3870277975766216,0.02390753641545281,0.35914783359723623,0.5284108487160977,0.6192195807001704,0.7220639120700184,0.8290332608019895,0.6766753246753245,0.4161582158636651,0.3435205183585313,0.536783305227656,0.7490031694100807,0.8189516561260586,1.0,0.873155737704918,0.6797004075338694,0.6857863220926569,0.4868258542610127,0.36843202668890745,0.4093959731543624,0.3917503273679616,0.04239430147058823,0.09933844376772026,0.020031796502384732,0.34509563260713927,0.6821572580645161,0.7352941176470589,0.33419985442445677,0.021693121693121688,0.31511433351924156,0.49370208105147867,0.48058497226424607,0.31661567114540373,0.3567221067221067,0.3252772249075917,0.23368074602303895,0.28739587106120973,0.5366876310272537,0.5696767001114826,0.18303030303030304,0.22211155378486055,0.139367816091954,0.17142857142857143,0.5689149560117301,0.35091743119266056,0.1469072164948454,0.21306818181818185,0.2082379862700229,0.30027548209366384,0.14318706697459582,1,train
0.12109955423476969,0.2238622386223862,0.5684848484848485,0.45758661887694146,0.06800804828973842,0.1003506878877799,0.37635281385281383,0.4247061432690174,0.2574554173535141,0.23332851150007233,0.2583036350677121,0.2037682077264091,0.2578091262415432,0.47138290192843146,0.7289597753034406,0.7780378587421127,0.7830276655268885,0.597090909090909,0.3898590363980644,0.22321814254859612,0.48861720067453623,0.7514569062468051,0.8495015542930647,1.0,0.841905737704918,0.647207842273378,0.681794306124593,0.5721490325236723,0.45496246872393664,0.48876105251944174,0.41019205587079877,0.1364889705882353,0.12506563057859915,0.03985161632220456,0.382939552009819,0.7123991935483871,0.7618631095560902,0.32504939170219405,0.019259259259259254,0.2775237032905745,0.5257393209200438,0.4813414019162885,0.3245975788213383,0.3465003465003465,0.32797839067386975,0.2586396050466264,0.35494386091995656,0.5094339622641509,0.7614269788182831,0.4824242424242424,0.14243027888446216,0.11494252873563215,0.07272727272727272,0.29912023460410553,0.04357798165137615,0.1314432989690722,0.2471590909090909,0.12356979405034327,0.18457300275482091,0.04157043879907621,1,val
0.6173848439821693,0.27552275522755226,0.2224242424242424,0.08661887694145758,0.1227364185110664,0.11275964391691398,0.5700757575757577,0.6770902639166111,0.4019181777311554,0.3700274844495878,0.3392729864575909,0.11241291956934768,0.12033971498488555,0.43786738166443234,0.6726853245059684,0.6652757989008753,0.695990052844265,0.5461818181818181,0.34620239848516726,0.21393088552915768,0.5043212478920742,0.7645435027093345,0.854539607674992,0.9286300246103364,0.935655737704918,0.5866284833131402,0.5823090660783697,0.6716755866611774,0.4836321934945789,0.5499094492383083,0.466171977302488,0.2293198529411765,0.24173054709650316,0.18918918918918917,0.519791347038969,0.7388104838709677,0.8117209709162476,0.4201934075075388,0.10677248677248677,0.3687674288901283,0.5643483023001096,0.5234493192133133,0.40627910070506845,0.3872141372141372,0.371197042934319,0.38370817334064733,0.43317638536762043,0.6052710392333034,0.7391304347826086,0.4339393939393939,0.12749003984063745,0.22844827586206895,0.34545454545454546,0.19941348973607037,0.05963302752293578,0.115979381443299,0.7244318181818182,0.22654462242562934,0.09917355371900827,0.07159353348729793,1,train
0.18499257057949484,0.14514145141451412,0.3672727272727273,0.29988052568697726,0.4221327967806841,0.2311842460210413,0.4843073593073593,0.37436238633843416,0.1925670612917728,0.23361782149573268,0.29066286528866714,0.10607979734008866,0.22527709802792575,0.38558317005259357,0.5172033303240043,0.7276613067372277,0.9028079991710705,0.9231168831168831,0.7300652219650747,0.4020518358531317,0.4838743676222596,0.6883754217360188,0.7593525565441098,0.832239540607055,0.7216188524590162,0.6033704152439696,0.5544700073537137,0.3974886784685056,0.3218306922435363,0.4073718973047832,0.23821475338280232,0.18612132352941177,0.1538380762364801,0.058611552729199795,0.3581875831032014,0.5809475806451614,0.4893942707194403,0.20422169075595303,0.06264550264550264,0.3393195761293921,0.49698795180722893,0.36800302571860816,0.22402554210456296,0.30509355509355507,0.2392664202445266,0.09997257268239168,0.2155016298442593,0.38843965259059604,0.4169453734671126,0.08121212121212121,0.2539840637450199,0.1436781609195402,0.26753246753246757,0.21700879765395892,0.08256880733944955,0.17525773195876293,0.2869318181818182,0.3615560640732266,0.6033057851239668,0.3856812933025404,1,train
0.1560178306092125,0.17527675276752766,0.4448484848484848,0.27538829151732375,0.059154929577464786,0.19368761801996226,0.17424242424242425,0.43135950321579053,0.4077626255057695,0.5035440474468393,0.3773342836778332,0.09515516149461684,0.24874046350942855,0.4915953387645664,0.6340656033704483,0.6759617341746388,0.7414775670914932,0.6462337662337662,0.42236482221754684,0.24017278617710586,0.36962478920741987,0.6722216542275841,0.8174509593739951,1.0,0.8196721311475409,0.6822337261812974,0.7611093602269147,0.6010703993412928,0.47206005004170143,0.5363801001384894,0.4827586206896552,0.16268382352941177,0.14008190696209177,0.09485956544780075,0.44799018103712795,0.6622983870967742,0.6638967854799913,0.18540085265675366,0.16338624338624338,0.5292805354155047,0.6250000000000001,0.5023953605648009,0.3195423706265797,0.24116424116424115,0.2529144156951948,0.2668678003291278,0.3120246287576965,0.45582509733453136,0.5178372352285395,0.21696969696969695,0.24103585657370516,0.10057471264367815,0.08311688311688312,0.24633431085043986,0.2155963302752294,0.0618556701030928,0.36647727272727276,0.14874141876430205,0.29476584022038566,0.19399538106235564,1,train
0.075037147102526,0.31549815498154976,0.3672727272727273,0.2747909199522102,0.3991951710261569,0.6665767466954411,0.614448051948052,0.44577511643379897,0.488685748538888,0.591783596123246,0.3831789023521026,0.1537365421152628,0.44839499064344324,0.5603794988140662,0.6952552914033503,0.9758803175249339,1.0,0.9265454545454544,0.6013044393014939,0.41533477321814255,0.47312394603709945,0.492076474798078,0.6872119198199165,0.8379819524200164,0.8062499999999999,0.7455666923670007,0.8009244668557622,0.6092013174145738,0.20308590492076734,0.2111430702034729,0.6347664775207335,0.7304687500000001,0.2547516538905807,0.44313725490196076,0.8495448501585354,0.7157258064516129,0.4865514979225892,0.5690963918061767,0.4852910052910053,0.2971556051310653,0.03299561883899233,0.14006555723651035,0.3641080218172143,0.48717948717948717,0.29542223485925506,0.09051014810751509,0.08891705903658094,0.10332434860736749,0.09587513935340021,0.3478787878787879,0.026892430278884463,0.28017241379310337,0.11168831168831167,0.5513196480938416,0.26376146788990823,0.04123711340206187,0.0965909090909091,0.07093821510297482,0.3112947658402204,0.16397228637413394,1,train
0.16939078751857356,0.4932349323493234,0.2981818181818182,0.11111111111111112,0.6615694164989939,1.0,1.0000000000000002,0.781991572410734,0.49063389779709277,0.2898886156516708,0.33157519600855306,0.47292590246991756,0.7770260544119765,0.6850572341961432,0.7936603470759354,0.7113779767962548,0.32773805823230756,0.16966233766233765,0.22953923837576268,0.38434125269978403,0.5025295109612142,0.33432164400368064,0.0813592024868689,0.5337366694011485,0.6247950819672131,0.7479898667254102,0.6678222502363694,0.7956978180321119,0.7991034195162635,0.8199637796953233,0.7976865997381057,0.5336626838235294,0.09828835451013336,0.2708002119766825,0.49718727626061165,0.4744959677419355,0.10988410233982068,0.19923052927108248,0.252063492063492,0.40501952035694366,0.3522727272727273,0.1385526979324256,0.22681920979114006,0.22418572418572416,0.12922945692351434,0.10970927043335163,0.10268018833755885,0.05929919137466308,0.06354515050167224,0.18303030303030304,0.08466135458167331,0.23706896551724133,0.17662337662337663,0.19941348973607037,0.06192660550458716,0.2835051546391753,0.08522727272727273,0.08237986270022883,0.22038567493112945,0.10854503464203233,1,train
0.17459138187221399,0.11439114391143909,0.14484848484848484,0.0017921146953405048,0.10945674044265594,0.15780954950094417,0.3327922077922078,0.22687957418496338,0.2050052450172336,0.20786923188196152,0.10021382751247326,0.3088980367321089,0.19548006333669213,0.24306486542229555,0.29180459424215066,0.2865866069611236,0.03626567195109316,0.10659740259740261,0.2625710077845571,0.34287257019438444,0.3252529510961214,0.2232900521419078,0.37914031514631796,0.5565012305168171,0.5997950819672131,0.5949994492785549,0.6374619182687259,0.7604981473857554,1.0,0.8362629167998297,0.5485595809690091,0.46415441176470595,0.4927018796597711,0.4298887122416534,0.16150148307251713,0.0716733870967742,0.02011808440848458,0.1583653946137049,0.2279365079365079,0.21762409369771332,0.32981927710843373,0.35110943015632884,0.23054410003990952,0.1411988911988912,0.04762581745806085,0.12794843664289632,0.18435349511046722,0.09254267744833783,0.11594202898550723,0.3854545454545455,0.13147410358565736,0.1508620689655172,0.2987012987012987,0.11730205278592373,0.13532110091743121,0.0231958762886598,0.09090909090909093,0.011441647597254008,0.1184573002754821,0.16397228637413394,1,train
0.3224368499257058,0.2650676506765067,0.20121212121212123,0.23775388291517324,-0.005231388329979877,0.2087941731858646,0.47754329004329005,0.37347527167886446,0.2162445676607223,0.17575582236366266,0.33727726300784033,0.4786257124762508,0.6277529869008206,0.568423223677426,0.4453806801083358,0.21056381029920618,0.18806341311781166,0.29361038961038954,0.2546812539448769,0.37742980561555073,0.41610455311973016,0.22093855434004703,0.6157144388466074,0.8939704675963904,0.889139344262295,0.7278334618350037,0.6678222502363694,0.8342939481268011,1.0,0.825503355704698,0.5396115233522479,0.4794347426470589,0.7970177465084531,0.7165871754107048,0.37762094712079375,0.14899193548387096,0.13634375683358846,0.18488094000207966,0.5048677248677249,0.5108756274400447,0.27163198247535597,0.44667170953101365,0.37049354795796197,0.31306306306306303,0.05004264998578334,0.06486560614371915,0.058312205722564285,0.12219227313566938,0.09085841694537346,0.10666666666666667,0.12051792828685258,0.07758620689655173,0.07012987012987013,0.28739002932551316,0.35091743119266056,0.3737113402061856,0.19034090909090914,0.1876430205949657,0.31955922865013775,0.11547344110854504,1,val
0.0,0.18634686346863466,0.09454545454545454,0.10155316606929511,0.14245472837022133,0.298893984353925,0.5178571428571429,0.35573297848746943,0.18177731155402369,0.17893823231592648,0.09508196721311477,0.31887270424319186,0.3253202821361739,0.30586779416314325,0.3017353796769987,0.22878078567066965,0.0018650917003419365,0.13475324675324674,0.26762045024195247,0.3595032397408207,0.32683389544688024,0.18147428688273182,0.42233894308071607,0.6768867924528301,0.7204918032786884,0.6863090648749861,0.6955562559092343,0.8472622478386167,1.0,0.7539149888143177,0.4756656481885639,0.3806295955882353,0.5900451538380762,0.5191308956014838,0.24168967986089804,0.08427419354838711,0.06516509949704791,0.19798273889986484,0.32518518518518513,0.21115448968209702,0.21098028477546552,0.36371659102370146,0.2941332978581881,0.26403326403326405,0.106056297981234,0.08310477235326386,0.12531691416153568,0.13357292602575624,0.19175027870680042,0.0993939393939394,0.10756972111553785,0.1954022988505747,0.18701298701298702,0.07331378299120232,0.23623853211009171,0.20360824742268047,0.27840909090909094,0.02974828375286042,0.0743801652892562,0.01847575057736721,1,train
0.19762258543833583,0.2423124231242312,0.4581818181818182,0.4486260454002389,0.17746478873239435,0.2522255192878338,0.030303030303030304,0.13683743623863381,0.17068784654578148,0.1378562129321568,0.08766928011404135,0.08834705509816337,0.009788397869583992,0.09466845416108075,0.10171531748420101,0.19214329330348057,0.1250647601284841,0.24051948051948055,0.3460972017673049,0.3546436285097192,0.3117622259696458,0.12023310499948883,0.05756243970414837,0.2644585726004922,0.12909836065573768,0.18779601277673752,0.4188465174913331,0.7447509263071223,0.8994995829858214,0.7669116863747737,0.4674814491488433,0.23885569852941177,0.514018691588785,0.6430312665606783,0.35020967576966355,0.4528225806451613,0.6568991909031271,0.6333575959238849,0.5410582010582011,0.3403234802007808,0.264512595837897,0.07526475037821483,0.0,0.0,0.0,0.0,0.0,0.0,0.0,0.0,0.0,0.06178160919540229,0.6025974025974026,0.565982404692082,0.08944954128440367,0.3376288659793815,0.4573863636363637,0.17848970251716248,0.3801652892561983,0.24249422632794457,1,train
0.11589895988112929,0.08610086100861007,0.006666666666666668,0.04958183990442054,0.13722334004024145,0.09630428918262748,0.08874458874458875,0.15169660678642713,0.18627304061141917,0.12324605815130914,0.08225231646471845,0.06887270424319189,0.11702893335252629,0.08074662266680416,0.03159795365633463,0.10879299816812538,0.13231789451870274,0.3404675324675324,0.29118451504313064,0.24352051835853133,0.16831787521079258,0.19272058071771803,0.15157037195840928,0.20857260049220672,0.0519467213114754,0.11543121489150786,0.37871625170711215,0.6279333058871963,0.7883653044203504,0.7345264727815064,0.5494325621999128,0.20795036764705885,0.44051244355770236,0.45225225225225224,0.21213051038150763,0.3180443548387097,0.45145418762300465,0.5405011957991058,0.6468783068783069,0.5746793084216397,0.2899780941949616,0.2788703983862834,0.2378608487428495,0.15557865557865558,0.07620130793289735,0.05128908392759189,0.17928286852589642,0.28631326744534297,0.17670011148272016,0.17212121212121212,0.07569721115537849,0.3017241379310345,0.6493506493506493,0.39296187683284456,0.5091743119266056,0.09020618556701034,0.042613636363636374,0.10297482837528604,0.2424242424242424,0.18244803695150116,1,test
0.3462109955423477,0.16789667896678964,0.34969696969696973,0.7240143369175628,0.6808853118712274,0.4834097653088751,0.590909090909091,0.1576846307385229,0.16349468005394874,0.2654419210183712,0.08838203848895226,0.35797973400886635,0.2914927306751116,0.3013303083427864,0.33192897983749625,0.3216975371463464,0.2518909957517356,0.27012987012987005,0.2581527456343362,0.10680345572354212,0.2900505902192243,0.3695941110315919,0.3057133669203559,0.5293273174733388,0.5110655737704918,0.3914528031721555,0.51045277865322,0.5186290654590366,0.36478315262718936,0.30286566528177267,0.39382365779135753,0.4865579044117647,0.5358605481465925,0.584525702172761,0.6271862534519792,0.7543346774193548,0.7163787448064729,0.6023708017053137,0.5261375661375662,0.6045733407696599,0.8417305585980286,0.5977054967221382,0.4970067846215245,0.48579348579348575,0.2817742394085868,0.33433900164563907,0.32397681999275624,0.510931416591794,0.42474916387959866,0.2884848484848485,0.26693227091633465,0.09770114942528733,0.3220779220779221,0.439882697947214,0.11926605504587155,0.29123711340206193,0.5426136363636365,0.31350114416475977,0.9118457300275482,1.0,0,train
0.9569093610698366,1.4348093480934807,1.844848484848485,2.5125448028673834,1.5814889336016096,0.4518478554086863,0.4924242424242424,-0.00044355732978487716,0.26584744492731904,0.2948068855778967,0.3677833214540271,0.3202976567447751,0.4249316251619404,0.31236464886047227,0.36402848831377266,0.3861184612253206,0.4182986219044659,0.4462337662337662,0.5008415737428993,0.3234341252699784,0.18244097807757165,0.1793272671505981,0.3929681637903313,0.6443806398687448,0.4948770491803278,0.206520541909902,0.38680533669503103,0.5831617949773569,0.5039616346955796,0.37978054756578244,0.35268441728502836,0.2264476102941176,0.040533445342854135,0.12983571807101218,0.2733967474685487,0.4533266129032258,0.36890443909905973,0.3108037849641261,0.35936507936507933,0.44383714445064143,0.44400328587075577,0.3347201210287444,0.2199015564719968,0.338011088011088,0.39963036678987773,0.3080087767416347,0.34788120246287574,0.44923629829290207,0.37068004459308806,0.23393939393939395,0.1553784860557769,0.5014367816091954,0.5324675324675325,0.4193548387096774,0.3876146788990825,0.018041237113402067,0.2926136363636364,0.28375286041189934,0.4876033057851239,0.5196304849884525,0,test
0.13075780089153047,0.2564575645756457,0.32666666666666666,0.4330943847072879,0.21730382293762573,0.20366873482600487,0.31601731601731603,0.5877134619649589,0.15750037464408811,0.012440329813395056,0.2742694226657163,0.3766624445851805,0.22829998560529727,0.3543363926987728,0.45159995987561435,0.5486464481986567,0.4421303491866128,0.3555324675324675,0.3109614980012623,0.2078833693304536,0.19846121416526136,0.09283304365606788,0.20205809840282993,0.5046144380639869,0.36260245901639343,0.34816609758784006,0.511818468326505,0.4973240016467683,0.4311926605504588,0.3883029721955896,0.3695984286337844,0.40613511029411764,0.4393573453743568,0.3987281399046104,0.2015955814667076,0.17500000000000002,0.07347474305707413,0.17936986586253512,0.3011640211640211,0.38984941438929166,0.3493975903614458,0.37241553202218863,0.34096048955700403,0.3338530838530839,0.29314756895081034,0.24012616566099837,0.15229989134371602,0.30997304582210244,0.3573021181716834,0.18545454545454546,0.08067729083665338,0.25574712643678155,0.4597402597402598,0.4369501466275659,0.6399082568807339,0.21649484536082475,0.6789772727272728,0.505720823798627,0.5206611570247933,0.20785219399538105,0,test
0.4487369985141159,0.6512915129151291,0.9157575757575759,0.6995221027479092,0.5460764587525151,0.2897221472889129,0.2302489177489178,0.1885118651585717,0.2925221040011989,0.4924056126139158,0.7325730577334284,0.7867321089297024,0.7115301569022601,0.5282045993606269,0.6547296619520513,0.8694280480358234,0.9778261320070459,0.9309090909090908,0.7808752366926153,0.7173866090712742,0.674114671163575,0.3712299355894081,0.0,0.026045939294503693,0.2537909836065574,0.21125674633770236,0.1841579997898939,0.1674557431041581,0.0,0.20432513049962714,0.1633566128328241,0.17084099264705882,0.20539745878399662,0.18484366719660839,0.2499744297841874,0.1270161290322581,0.0789416138202493,0.17053135073307685,0.14677248677248678,0.0027886224205242657,0.1304764512595838,0.21671709531013614,0.20606624983371025,0.2817047817047817,0.10065396644867786,0.01769061985737795,0.14396957624049259,0.2282120395327943,0.06521739130434782,0.07393939393939394,0.2559760956175299,0.10919540229885055,0.6675324675324675,0.28445747800586507,0.29128440366972475,0.46649484536082486,0.6448863636363638,0.12356979405034327,0.3085399449035813,0.2886836027713626,0,train
0.23031203566121847,0.07872078720787207,0.41272727272727266,0.6702508960573477,0.1078470824949698,0.28702454815214457,0.5181277056277057,0.34375693058327783,0.431739847145212,0.6045132359323014,0.7421240199572345,0.8763457884737175,0.984309774003167,0.7006290605341858,0.7358812318186377,0.7357012008955832,0.8572168687182676,0.9436883116883116,0.8718703976435936,0.7746220302375809,0.5531197301854973,0.29056333708209797,-0.01157680351591811,-0.0009228876127973726,0.23709016393442625,0.4340786430223593,0.47757117344258854,0.42383696994648007,0.25427439532944124,0.12613188452114626,0.3358795285901353,0.3582261029411765,0.2986453848577129,0.3073661897191309,0.3492891480004091,0.06794354838709676,0.16214738683577523,0.14942289695331185,0.14899470899470899,0.15515895147796988,0.029572836801752468,0.11321230458900657,0.1444725289344153,0.14067914067914067,0.11145862951379015,0.0667855183763028,0.07950018109380659,0.1755016471997604,0.20624303232998883,0.22424242424242424,0.300796812749004,0.3318965517241379,0.5896103896103896,0.24046920821114362,0.3394495412844037,0.48195876288659806,0.08238636363636365,0.8558352402745996,0.34435261707988984,0.3464203233256351,0,val
0.4175334323922734,0.7404674046740467,0.7593939393939394,0.8602150537634408,0.5456740442655935,0.1200431615861883,0.2161796536796537,0.13639387890884894,0.18237674209500973,0.3123101403153479,0.41069137562366353,0.6366371120962635,0.7221822369368074,0.47860162936990824,0.593740595847126,0.7184001628332994,0.9004248264428558,0.9076363636363636,0.8656637912897118,0.750107991360691,0.7181703204047218,0.511501891422145,0.2600493086075678,0.2998359310910582,0.20799180327868852,0.07919374380438372,0.13289211051581049,0.1596335940716344,0.17097581317764804,0.11302865665281771,0.24934526407682236,0.3102022058823529,0.30683608106689064,0.44822469528351877,0.49330060345709326,0.2756048387096774,0.14541876230045922,0.23396069460330665,0.2953439153439153,0.19308421639709983,0.07858707557502739,0.04878971255673223,0.10376479978714911,0.12508662508662508,0.057577480807506395,0.07583653318705431,0.19576240492575153,0.341120095837077,0.427536231884058,0.3212121212121212,0.2141434262948207,0.45689655172413784,0.2753246753246753,0.22580645161290322,0.3371559633027523,0.2989690721649485,0.09943181818181819,0.2242562929061785,0.6253443526170799,0.2725173210161662,0,train
0.10178306092124814,0.15190651906519062,0.1496969696969697,0.19593787335722823,0.22736418511066397,0.09603452926895065,0.2767857142857143,0.2951874029718341,0.0663869324142065,0.1650513525242297,0.3766215253029223,0.7153261557948069,0.7907010220238953,0.5586263792925646,0.6409870598856454,0.745471198860167,0.8962801782198737,0.9999999999999999,0.9673890174626553,0.8954643628509719,0.7560075885328836,0.6930784173397403,0.6402615500053597,0.5861361771944217,0.3556352459016393,0.0,0.0,0.06093042404281598,0.0658882402001668,0.11728986896772133,0.30357922304670454,0.48345588235294124,0.3635409009765829,0.5127715951245363,0.47151477958473975,0.345866935483871,0.21517603323857426,0.3791203077882916,0.34592592592592586,0.14590072504182933,0.05271084337349397,0.16880988401412003,0.20646534521750698,0.06531531531531531,0.09041796986067671,0.060751508502468465,0.04780876494023904,0.06678646301287812,0.10423634336677814,0.09333333333333334,0.1364541832669323,0.08333333333333333,0.2,0.6480938416422286,0.4288990825688074,0.17525773195876293,0.09090909090909093,0.22196796338672772,0.12947658402203854,0.03002309468822171,0,train
0.2095096582466568,0.3179581795817958,0.38666666666666666,0.27658303464755074,0.213682092555332,0.12435932020501755,0.17099567099567103,0.13461964958970946,0.19556421399670312,0.3759583393606249,0.5060584461867427,0.7530082330588981,0.6905138908881532,0.4845828606785604,0.5593339351991171,0.730409118664767,0.8165993161330433,0.9140779220779219,0.99737008205344,0.9903887688984879,0.8145025295109611,0.6419588999079849,0.5690856469074927,0.47313371616078753,0.298155737704918,0.06850974776957812,0.053366950309906507,0.0,0.06255212677231026,0.21551081282624907,0.2413793103448276,0.2902113970588235,0.25706185025727185,0.40127186009538945,0.3515393269919198,0.3116935483870968,0.46555871419199646,0.41499428096079866,0.1495238095238095,0.3540435025097602,0.7998357064622125,0.5537065052950076,0.2478382333377677,0.246015246015246,0.08373613875462041,0.07899067471201317,0.12169503802969937,0.08056304282719377,0.13656633221850611,0.2303030303030303,0.06274900398406374,0.4425287356321838,0.4779220779220779,0.3695014662756597,0.6100917431192661,0.3762886597938145,0.13920454545454547,0.2700228832951946,0.33884297520661155,0.11316397228637412,0,train
0.0676077265973254,0.10639606396063958,0.26303030303030306,0.6200716845878137,0.737625754527163,0.21796601025087675,0.196969696969697,0.22954091816367264,0.09021429641840252,0.11760451323593231,0.3097647897362794,0.5940468651044966,0.5218079746653232,0.4619985562545117,0.6153074531046243,0.6413596580500712,0.7952543777846857,0.9177142857142856,0.9823269513991165,0.960475161987041,0.8572934232715008,0.8287496166036192,0.8151999142459,0.7956316652994257,0.6006147540983605,0.4330873444211917,0.40697552263893266,0.4140592836558255,0.4160758965804838,0.3430275913497389,0.278262767350502,0.30227481617647056,0.2856242780636354,0.22045574986751457,0.195151887081927,0.2285282258064516,0.31161163350098403,0.4234168659665177,0.3437037037037037,0.28031232571109876,0.1898959474260679,0.21747352496217853,0.29253691632300116,0.18295218295218293,0.0814614728461757,0.042100932528798686,0.04291923216226005,0.14076070679844266,0.056856187290969896,0.06909090909090909,0.030876494023904383,0.2155172413793103,0.24415584415584418,0.2140762463343108,0.5940366972477064,0.6984536082474229,0.2670454545454546,0.11670480549199086,0.4049586776859504,0.19861431870669746,0,train
0.22734026745913818,0.2564575645756457,0.27818181818181814,0.4540023894862604,0.3038229376257545,0.1726463447531697,0.09226190476190478,0.20048791306276334,0.05889405065188072,0.0,0.08125445473984319,0.23717542748575043,0.25219519216928177,0.26090543467051663,0.3292205838098104,0.49440260533279057,0.6228370117086314,0.6982857142857142,0.8246370713233748,0.8628509719222461,0.7969013490725125,0.7451180860852674,0.7348054453853576,0.7229286300246104,0.6082991803278688,0.4433307632999228,0.42546485975417586,0.3926512968299712,0.4307756463719767,0.37402791094066257,0.28993889131383677,0.3205422794117647,0.33760369631418663,0.3777424483306836,0.4342845453615629,0.4734879032258065,0.47725781762519137,0.44514921493189147,0.3688888888888888,0.4520914668153932,0.5071193866374589,0.46091780131114474,0.5139018225355859,0.48544698544698545,0.18239977253340914,0.1531815688425672,0.23596522998913436,0.2356993111710093,0.24303232998885171,0.2715151515151515,0.13247011952191234,0.09339080459770113,0.43896103896103894,0.4838709677419355,0.06192660550458716,0.31701030927835055,0.17897727272727276,0.09382151029748285,0.3663911845730028,0.19861431870669746,0,train
0.29940564635958394,0.3376383763837638,0.42,0.3345280764635603,0.45674044265593555,0.37982195845697336,0.40854978354978355,0.07407407407407407,0.06818522403716469,-0.011572399826414004,0.13228795438346402,0.3541798606713109,0.4069382467252052,0.3582551304527173,0.4502959173437657,0.5322613474455526,0.6464615065796292,0.700051948051948,0.7477382705659584,0.8565874730021596,0.8330522765598651,0.7928637153665269,0.8268839103869655,0.929963084495488,0.8519467213114753,0.5772662187465579,0.3842840634520433,0.30722519555372585,0.2814845704753962,0.20677532758069672,0.3148188563945875,0.4665670955882354,0.4749553712065525,0.5192368839427662,0.5084381712181651,0.4575604838709677,0.42455718346818283,0.414786315898929,0.4095238095238095,0.471946458449526,0.4572836801752464,0.41200201714573875,0.34109352135160304,0.4378031878031878,0.30381006539664485,0.24533735600658257,0.1829047446577327,0.15813117699910154,0.2525083612040134,0.14303030303030304,0.00896414342629482,0.18534482758620688,0.45194805194805193,0.19941348973607037,0.11238532110091744,0.3221649484536083,0.24431818181818185,0.1853546910755149,0.3085399449035813,0.09930715935334873,0,val
0.42644873699851416,0.2878228782287822,0.2927272727272727,0.1965352449223417,0.3806841046277666,0.17723226328567576,0.2218614718614719,0.08649367930805055,0.14071631949647834,0.02285548965716765,0.17890235210263722,0.2829322355921469,0.2999856052972506,0.26358667629163657,0.3799779315879226,0.45827396702625695,0.6567195109315097,0.8594285714285713,0.9327792972859248,0.9316414686825053,0.9097807757166947,0.9143236887843779,0.9261442812734485,0.8568498769483184,0.7261270491803278,0.5333186474281308,0.3867002836432399,0.39409221902017294,0.38969974979149297,0.2701608607648876,0.26778699257965954,0.31767003676470595,0.28058384962721833,0.415474297827239,0.3857011353175821,0.41481854838709675,0.45713973321670676,0.41967349485286476,0.4582010582010581,0.3601784718349136,0.38800657174151154,0.41780131114473024,0.33164826393508046,0.45911295911295913,0.24850725049758318,0.12781130005485467,0.09597971749366171,0.02425876010781671,0.1906354515050167,0.16606060606060608,0.027888446215139442,0.0,0.0,0.6334310850439883,0.4541284403669724,0.19329896907216498,0.3238636363636364,0.25400457665903897,0.30578512396694213,0.21709006928406466,0,train
0.1775631500742942,0.03997539975399754,0.19818181818181818,0.43906810035842286,0.3875251509054326,0.17992986242244405,0.37445887445887444,0.24817032601463734,0.04465757530346172,0.10878055836829163,0.11475409836065573,0.09563014566181127,0.07672376565423925,0.1747963287614726,0.26100912829772294,0.4100346020761246,0.48709978240596835,0.6582857142857143,0.7814012202819273,0.8251619870410366,0.8692032040472175,0.9409058378488907,1.0000000000000002,0.9929245283018868,0.9564549180327868,0.8509747769578146,0.7074272507616347,0.5678262659530671,0.47497914929107593,0.4552040055395759,0.39251418594500215,0.2342601102941176,0.13556652315446815,0.23953365129835721,0.3370154444103508,0.37116935483870966,0.27968510824404114,0.20047831964230012,0.29216931216931213,0.3738984941438929,0.46289704271631976,0.553076147251639,0.43381668218704267,0.34009009009009006,0.12283195905601366,0.23148656061437195,0.3605577689243028,0.3644803833483079,0.3500557413600891,0.39151515151515154,0.25199203187250996,0.2887931034482758,0.6675324675324675,0.4868035190615836,0.05963302752293578,0.1597938144329897,0.33522727272727276,0.16933638443935928,0.2121212121212121,0.13856812933025403,0,train
0.13744427934621103,0.07072570725707256,0.11393939393939392,0.5842293906810035,0.641851106639839,0.08146749393040195,0.1866883116883117,0.17099135063206916,0.05080173834856885,0.07131491393027628,0.1137562366357805,0.23828372387587082,0.36361019144954665,0.29019284314736515,0.35550205637476173,0.4921636474659068,0.5866749559631127,0.6332467532467532,0.7966547443719757,0.8928725701943844,0.8846964586846542,0.9323177589203557,1.0000000000000002,0.9079163248564397,0.8459016393442622,0.7650622315232953,0.7571173442588509,0.7651296829971181,0.6109257714762302,0.39288377543411096,0.17405063291139242,0.09122242647058823,0.12422555917252966,0.25500794912559616,0.372200061368518,0.3909274193548387,0.3167504920183687,0.19954247686388688,0.3008465608465608,0.4261015058561071,0.5454545454545455,0.49823499747856786,0.44831714779832377,0.43624393624393626,0.2986920671026443,0.16195831047723533,0.20825787758058675,0.16471997604073077,0.1633221850613155,0.22181818181818183,0.10358565737051792,0.14942528735632182,0.24935064935064932,0.14662756598240467,0.045871559633027525,0.23969072164948457,0.21875000000000006,0.2379862700228833,0.44077134986225897,0.29330254041570436,0,train
0.37518573551263,0.540590405904059,1.2012121212121212,1.5209080047789725,1.2655935613682092,0.5748583760453198,0.15800865800865802,0.4945664227101352,0.11913682002098008,0.07912628381310574,0.18289379900213829,0.3150728309056364,0.3626025622570894,0.3188615035578014,0.4248169324907212,0.4052513739059638,0.5497875867785722,0.6801038961038961,0.847149168945929,0.917278617710583,0.9126264755480606,1.0,0.9498338514310217,0.9078137817883511,0.8296106557377049,0.6754047802621433,0.6358861224918585,0.4321737340469329,0.21392827356130112,0.14988814317673377,0.10519423832387606,0.06778492647058824,0.10847422030872624,0.23105458399576048,0.43070471514779585,0.49828629032258065,0.447190028427728,0.4354788395549548,0.3724867724867724,0.30094813162297823,0.4173055859802848,0.6220373171961675,0.48317147798323795,0.24029799029799026,0.25589991470002843,0.1781404278661547,0.09471206084751901,0.24468403713686734,0.26142697881828314,0.13818181818181818,0.29780876494023906,0.3318965517241379,0.503896103896104,0.721407624633431,0.16284403669724773,0.3737113402061856,0.47727272727272735,0.3272311212814646,0.3663911845730028,0.11547344110854504,0,test
0.31872213967310553,0.28659286592865924,0.41333333333333333,0.5752688172043011,0.5299798792756538,0.37145940113299164,0.3933982683982684,0.15834996673320023,0.15225535741046006,0.21437870678431942,0.3523877405559515,0.48875870804306515,0.5510292212465814,0.4148705785294421,0.5335540174541077,0.5341949928760432,0.6756812765516528,0.7968831168831167,0.9152114454029036,0.9102591792656587,1.0,0.9971373070238216,0.9027762889913175,0.7865053322395406,0.6623975409836065,0.48496530454895903,0.3247189830864587,0.22643062988884313,0.28701000834028356,0.3368488334931288,0.28982976865997384,0.150390625,0.25832195736637614,0.5322734499205087,0.5833077631175208,0.5400201612903226,0.45539033457249073,0.3115316626806697,0.2971428571428571,0.22041271611823757,0.1799014238773275,0.32501260716086744,0.3964347479047492,0.3529106029106029,0.1642024452658516,0.12602852441031268,0.15972473741398044,0.06828391734052112,0.21181716833890746,0.17212121212121212,0.1364541832669323,0.15373563218390804,0.0961038961038961,0.6656891495601173,0.2706422018348624,0.20103092783505158,0.6107954545454546,0.7276887871853547,0.42148760330578516,0.10854503464203233,0,train
0.19167904903417535,0.3646986469864698,0.3884848484848485,0.10215053763440861,0.30543259557344066,0.4200161855948206,0.3033008658008658,0.23087159015302725,0.18207702682451674,0.2276869665846955,0.23777619387027799,0.41687777074097526,0.44494026198359005,0.36052387336289576,0.4150867689838499,0.49603093832688794,0.604186094705212,0.7948051948051947,0.9298337891857775,0.935097192224622,0.923587689713322,0.943768530825069,0.8207739307535642,0.771636587366694,0.6933401639344261,0.576385064434409,0.5598277129950625,0.42918896665294365,0.3439324437030859,0.24267604133375947,0.18583587952859015,0.1501608455882353,0.3256326787776961,0.3958664546899841,0.27043060243428463,0.2339717741935484,0.3573146730811284,0.3047727981699075,0.35513227513227513,0.5092024539877301,0.506434830230011,0.45448814926878467,0.3086337634694692,0.25121275121275116,0.14458345180551607,0.1523587493143171,0.11861644331763854,0.08116202455825097,0.13600891861761427,0.21696969696969695,0.10856573705179283,0.19252873563218387,0.4285714285714286,0.43108504398826974,0.08027522935779817,0.17268041237113405,0.14488636363636367,0.06864988558352403,0.1212121212121212,0.16859122401847576,0,train
0.06612184249628529,0.1328413284132841,0.15393939393939393,0.19474313022700118,0.45754527162977865,0.5249527920151066,0.393939393939394,0.19339099578620533,0.1790798741195864,0.23231592651526112,0.30776906628652884,0.43334388853704875,0.5020872318986614,0.42497679694750956,0.5243254087671783,0.6709749643802158,0.7308050979173143,0.8217142857142856,0.8982747738270567,0.9550755939524836,1.0,0.9981596973724567,0.8819809197127239,0.7429245283018867,0.6277663934426229,0.6413701949553915,0.7065868263473055,0.6728077398106217,0.5321100917431193,0.4448705656759348,0.37560017459624623,0.24460018382352947,0.06426546256431796,0.12485426603073663,0.23810984964713103,0.3246975806451613,0.26973540345506236,0.18290527191431843,0.1967195767195767,0.21639709983268265,0.2730010952902519,0.3548915784165406,0.3453505387787681,0.3335065835065835,0.1785612738129087,0.13754799780581461,0.17222021006881566,0.3623839472896077,0.40579710144927533,0.21090909090909088,0.21215139442231076,0.36781609195402293,0.38181818181818183,0.721407624633431,0.19724770642201833,0.09020618556701034,0.1335227272727273,0.3249427917620138,0.28099173553719003,0.04387990762124711,0,train
0.28900445765230315,0.26445264452644524,0.2618181818181818,0.4695340501792114,0.13641851106639838,0.2964661451308336,0.5327380952380952,0.3235750720780661,0.09935561216843998,0.2577752061333719,0.28253741981468283,0.44157694743508547,0.5403771412120341,0.4926265855419202,0.5859163406560337,0.6562181966212091,0.7323593410009327,0.7928311688311687,0.8375762676204503,0.7774298056155508,0.873946037099494,0.8347817196605665,0.7697502411834066,0.8440319934372437,0.7370901639344261,0.6071153210706024,0.5287320096648809,0.33295594895018527,0.2877397831526272,0.2911473314157878,0.17175905718027065,0.07215073529411765,0.2825790192166334,0.40572337042925277,0.41515802393372203,0.4493951612903226,0.36660835337852615,0.3491733388790684,0.36317460317460315,0.3672058003346347,0.550383351588171,0.5306354009077157,0.37967274178528665,0.48648648648648646,0.3404890531703156,0.05060340098738344,0.14578051430641073,0.16202455825097337,0.09866220735785952,0.07878787878787878,0.22111553784860558,0.04597701149425287,0.3402597402597402,0.29912023460410553,0.0963302752293578,0.4097938144329898,0.3920454545454546,0.16933638443935928,0.674931129476584,0.443418013856813,0,train
0.0512630014858841,0.2011070110701107,0.17636363636363636,0.1899641577060932,0.4893360160965794,0.4529268950633936,0.5075757575757576,0.362608117099135,0.25700584444777463,0.22161145667582813,0.2709907341411262,0.454401519949335,0.5700302288757738,0.5036609260596061,0.5354599257698867,0.5032566659881946,0.63122992436017,0.7221818181818181,0.8068588260046288,0.8764578833693304,0.9885118043844856,1.0,0.8660092185657627,0.8596185397867104,0.905122950819672,0.8539486727613171,0.7636306334699025,0.6500617538081516,0.5428482068390325,0.3625226376904229,0.20176778699257966,0.08731617647058823,0.0648955161188701,0.023211446740858507,0.04050322184719239,0.18911290322580646,0.19341788760113712,0.29728605594260166,0.39100529100529097,0.3052983825989961,0.21234939759036145,0.2075138678769541,0.13436211254489822,0.26195426195426197,0.20287176570941143,0.15043883708173342,0.21242303513219848,0.29110512129380056,0.3918617614269788,0.3406060606060606,0.2151394422310757,0.2011494252873563,0.2779220779220779,0.6744868035190615,0.35091743119266056,0.12628865979381446,0.21306818181818185,0.11899313501144165,0.2479338842975207,0.14087759815242495,0,train
0.15081723625557208,0.061500615006150054,0.06969696969696969,0.46833930704898447,0.4173038229376257,0.37496628001079046,0.4715909090909091,0.20847194499889107,0.19076876966881465,0.294228265586576,0.32701354240912334,0.45487650411652947,0.38505829854613505,0.31380839434876767,0.37355802989266723,0.4413800122124975,0.457569163817221,0.6108051948051947,0.7163896486429625,0.8598272138228941,0.9313870151770656,0.9605357325426849,0.9063136456211813,0.9428835110746514,0.9999999999999999,0.939971362484855,0.8755121336274819,0.7447509263071223,0.6943286071726439,0.5723873441994248,0.36828895678742907,0.2419577205882353,0.17694003990339174,0.08012718600953896,0.11250894957553442,0.12741935483870967,0.20763175158539254,0.2974940210044713,0.3737566137566137,0.4020078081427775,0.39676889375684554,0.45360564800806863,0.39683384328854593,0.3082120582120582,0.21822576059141313,0.16442676906198575,0.17366896052155015,0.22911051212938008,0.36176142697881825,0.3793939393939394,0.18426294820717132,0.12212643678160917,0.44935064935064933,0.19354838709677416,0.14449541284403672,0.22938144329896912,0.14772727272727276,0.09610983981693363,0.17079889807162535,0.07621247113163972,0,test
0.2511144130757801,0.29028290282902824,0.1715151515151515,0.09080047789725208,0.5348088531187122,0.4855678446182898,0.356060606060606,0.34508760257263243,0.2319796193616065,0.18096340228554897,0.2369208838203849,0.3036732108929702,0.38563408665611054,0.3400020624935547,0.3961279967900492,0.4271320985141462,0.516526784789141,0.6159999999999999,0.68388386282348,0.7230021598272138,0.8291526138279932,0.8610571516204887,0.8943080716046736,0.9417555373256769,0.9524590163934425,0.9999999999999999,0.9524109675386071,0.9737546315356114,0.8917848206839032,0.7012890167252583,0.5434308162374509,0.3161764705882353,0.21505827995379606,0.18622151563328035,0.20108417715045518,0.1464717741935484,0.039361469494861134,0.1159405219923053,0.14264550264550263,0.23134411600669266,0.13170865279299018,0.1260716086737267,0.2624717307436477,0.2931392931392931,0.2674154108615297,0.16140976412506858,0.14107207533502353,0.1482479784366577,0.27424749163879597,0.23515151515151517,0.24900398406374502,0.14655172413793102,0.4805194805194805,0.1290322580645161,0.19495412844036697,0.11340206185567012,0.17897727272727276,0.25400457665903897,0.19834710743801653,0.062355658198614314,0,test
0.17533432392273407,0.15990159901599013,0.12606060606060607,0.41278375149342883,0.5167002012072434,0.3768545994065282,0.3471320346320346,0.35418052783322235,0.25610669863629554,0.26327209605091856,0.36535994297933,0.5405319822672577,0.47876781344465236,0.332267711663401,0.4307352793660347,0.532871972318339,0.6100922184229615,0.6754285714285714,0.7190195665895225,0.795572354211663,0.8309443507588532,0.860137000306717,0.8656876406903207,0.9597005742411813,0.9709016393442622,0.9031831699526379,0.850404454249396,0.876286537669823,0.762301918265221,0.5430915095344626,0.41270187690964644,0.28216911764705876,0.27690853722566416,0.19650238473767886,0.09634857318195766,0.010584677419354836,0.10397988191559154,0.2180513673702818,0.13015873015873017,0.10050195203569437,0.24424972617743704,0.24924357034795763,0.2510309964081415,0.23735273735273738,0.19562126812624395,0.042100932528798686,0.06754798985874683,0.18149146451033246,0.2224080267558528,0.20484848484848484,0.1344621513944223,0.30028735632183906,0.4415584415584416,0.3401759530791788,0.02522935779816514,0.3041237113402062,0.14488636363636367,0.04118993135011442,0.0743801652892562,0.03926096997690531,0,train
0.23848439821693906,0.3093480934809348,0.03878787878787879,0.1105137395459976,0.1416498993963783,0.16698138656595632,0.24485930735930736,0.238855622089155,0.16079724261951148,0.19022132214668014,0.21126158232359232,0.3410386320455984,0.3977256369655967,0.26740228936784577,0.39913732570970006,0.5254427030327702,0.532276448036473,0.566025974025974,0.5835261939827477,0.6489200863930885,0.6926644182124788,0.784275636437992,0.923250080394469,0.9775430680885973,0.9731557377049179,0.9999999999999999,0.968694190566236,0.9954713874022232,0.8159924937447873,0.5760093746670928,0.5303360977738979,0.5127527573529412,0.32017221463824425,0.14350821409644937,0.07394906413010127,0.15453629032258065,0.27039142794664334,0.31267547052095257,0.27640211640211637,0.30596765197992193,0.35843373493975905,0.3303076147251639,0.2733803379007582,0.35845460845460847,0.23102075632641456,0.16675809105869446,0.18344802607750815,0.22282120395327942,0.21516164994425863,0.06060606060606061,0.1454183266932271,0.038793103448275856,0.3038961038961039,0.281524926686217,0.231651376146789,0.2474226804123712,0.13920454545454547,0.048054919908466824,0.21487603305785125,0.05773672055427251,0,test
0.10178306092124814,0.02152521525215252,0.13575757575757577,0.2287933094384707,0.22132796780684105,0.21715673050984627,0.36120129870129875,0.2264360168551785,0.2093511164393826,0.2294228265586576,0.2618674269422666,0.3692210259658011,0.418166114869728,0.36671135402701865,0.43755642491724345,0.526460411154081,0.5851207128794944,0.6600519480519479,0.7169156322322744,0.7939524838012958,0.888385328836425,0.9660566404253144,1.0000000000000002,0.9890278917145201,0.9360655737704917,0.888864412380218,0.914276709738418,0.9102511321531493,0.7717889908256881,0.5757963140513477,0.35824967263203844,0.33272058823529416,0.18933109314291713,0.0,0.09143909174593433,0.1721774193548387,0.22108025366280343,0.2557970260996153,0.19407407407407407,0.28031232571109876,0.411144578313253,0.31391830559757944,0.24837036051616335,0.3742203742203742,0.1816889394370202,0.10532089961601755,0.19377037305324157,0.28331835879005696,0.35451505016722407,0.27515151515151515,0.12749003984063745,0.22988505747126434,0.33766233766233766,0.3020527859237536,0.11697247706422019,0.3891752577319588,0.2414772727272728,0.07551487414187644,0.14325068870523416,0.05542725173210161,0,train
0.16641901931649333,0.06949569495694956,0.15878787878787878,0.4193548387096774,0.4579476861167002,0.38359859724844886,0.3135822510822511,0.2599245952539365,0.29432039562415707,0.33820338492694924,0.36037063435495365,0.431443951868271,0.45444076579818626,0.4139424564298237,0.5190089276757949,0.6029920618766538,0.7136048077919388,0.7482597402597402,0.7607826635808963,0.7946004319654426,0.8940767284991566,0.9230140067477762,0.9319326830314075,0.9849261689909761,0.9770491803278688,0.9999999999999999,0.98907448261372,0.9048991354466859,0.719140950792327,0.5480984340044742,0.43507202095154957,0.380859375,0.16822429906542052,0.07874933757286699,0.02710442876137875,0.13366935483870968,0.2408703258254975,0.17375480919205577,0.1277248677248677,0.22643614054657,0.1934556407447974,0.2820221886031266,0.3353731541838499,0.25363825363825365,0.09567813477395506,0.1323368074602304,0.2701919594349873,0.33782569631626236,0.25808249721293197,0.23393939393939395,0.13944223107569723,0.020114942528735632,0.1636363636363636,0.4076246334310849,0.002293577981651373,0.32731958762886604,0.12784090909090912,0.5514874141876431,0.209366391184573,0.15704387990762125,0,train
0.18202080237741458,0.09655596555965557,0.19757575757575757,0.11290322580645161,0.29859154929577464,0.30752630159158345,0.349025974025974,0.3386560212907518,0.27903491682901244,0.27903949081440765,0.2684248039914469,0.34246358454718173,0.40017273643299267,0.3906362792616273,0.5079747216370748,0.5444738449012824,0.6490519117189929,0.6679480519480518,0.6339154218388388,0.653131749460043,0.769287521079258,0.8332481341376137,0.8894844034730411,0.9852337981952419,0.9999999999999999,0.9333627051437382,0.8862275449101797,0.8049608892548373,0.6693077564637198,0.5282837967401727,0.4167394151025753,0.33720128676470584,0.1636039063320382,0.06210916799152093,0.0599365858647847,0.14566532258064516,0.24874261972446976,0.21555578662784658,0.16645502645502647,0.24651422197434467,0.2805312157721796,0.23260211800302572,0.27630703738193424,0.30613305613305614,0.159084446971851,0.10682940208447614,0.24339007605939875,0.28751123090745734,0.3333333333333333,0.4,0.19621513944223107,0.2528735632183908,0.5168831168831169,0.21700879765395892,0.07339449541284404,0.22164948453608252,0.3835227272727273,0.2082379862700229,0.2865013774104683,0.20092378752886833,0,train
0.2696879643387816,0.19557195571955716,0.4078787878787879,0.5017921146953406,0.47766599597585513,0.37739411923388183,0.568452380952381,0.5668662674650697,0.4011688895549228,0.36525386952119193,0.47298645759087665,0.5854971500949969,0.5267021736001152,0.45416108074662265,0.5349583709499447,0.47435375534296764,0.46482229820743964,0.5700779220779221,0.7453187460551232,0.6757019438444923,0.6751686340640808,0.8602392393415805,0.9042769857433809,0.9329368334700574,0.7831967213114753,0.8441458310386606,0.922365794726337,0.6994648003293535,0.5599457881567973,0.49025247682965795,0.4390004364906155,0.3130744485294118,0.1019636669116875,0.08839427662957075,0.16334253861102588,0.14506048387096776,0.07281871856549312,0.10970157013621713,0.1670899470899471,0.20490797546012268,0.3310514786418401,0.3559001512859304,0.17706531861114805,0.19750519750519752,0.1862382712539096,0.19651673066374112,0.11300253531329228,0.02994908655286014,0.05462653288740245,0.15878787878787878,0.15139442231075698,0.3477011494252873,0.17142857142857143,0.7390029325513195,0.1559633027522936,0.27061855670103097,0.29545454545454547,0.14874141876430205,0.2644628099173554,0.14087759815242495,0,train
0.15081723625557208,0.5209102091020911,0.596969696969697,0.22102747909199516,0.4173038229376257,0.41408146749393043,0.4231601731601732,0.45664227101352844,0.47055297467405965,0.4808332127875018,0.4280826799714897,0.5394236858771375,0.5521807974665324,0.4597298133443333,0.5181061289998996,0.6524526765723591,0.8369080924256554,0.8416623376623376,0.8257942352198613,0.8329373650107991,0.7891020236087689,0.8504242919946836,0.9616250401972345,1.0,0.9341188524590163,0.9349047251899988,0.9023006618342264,0.7019349526554137,0.6163469557964971,0.5384041759880686,0.3294412920122218,0.23471966911764705,0.12821589835135988,0.3262321144674086,0.35297125907742666,0.22691532258064517,0.22545375027334352,0.22595403972132683,0.15714285714285714,0.19386503067484662,0.37157721796276016,0.34404942007060013,0.04097379273646401,0.21448371448371448,0.2635769121410293,0.24040043883708176,0.1954002173125679,0.21802935010482183,0.13489409141583053,0.2315151515151515,0.15836653386454183,0.22844827586206895,0.48311688311688306,0.7302052785923753,0.2958715596330275,0.3067010309278351,0.3210227272727273,0.20594965675057209,0.030303030303030297,0.06928406466512702,0,train
0.512630014858841,0.518450184501845,0.3466666666666667,0.09557945041816009,0.3146881287726358,0.4545454545454546,0.509469696969697,0.4078509647371922,0.4203506668664768,0.5776074063358889,0.647184604419102,0.7936985433818874,0.8312940837771701,0.6787666288542848,0.8568562543886046,0.9725218807246082,0.8645736193140607,0.866077922077922,0.8899642331159269,0.9915766738660906,0.892495784148398,0.8116756977814129,0.8255975988851968,0.7478465955701394,0.5792008196721311,0.5030289679480118,0.5422838533459398,0.5271716755866611,0.45610925771476235,0.4075849579205284,0.35093845482322134,0.24931066176470593,0.10511393468444814,0.16226815050344465,0.10289454842998874,0.15201612903225806,0.1587579269626066,0.10949360507434754,0.1333333333333333,0.2708310094813163,0.25657174151150053,0.14914271306101864,0.11560462950645203,0.3624393624393624,0.21310776229741257,0.09270433351618211,0.16280333212604128,0.2776280323450135,0.366778149386845,0.10424242424242425,0.2151394422310757,0.2011494252873563,0.3012987012987013,0.2492668621700879,0.42431192660550454,0.09278350515463919,0.17897727272727276,0.21967963386727693,0.22589531680440772,0.2725173210161662,0,test
0.13670133729569095,0.15682656826568264,0.06363636363636363,0.42413381123058536,0.39597585513078465,0.4219045049905585,0.8070887445887446,0.7547127966289642,0.4734002697437434,0.5687834514682482,0.5154668567355666,0.1738442051931602,0.6388369080178495,1.0,0.9134316380780417,0.8273967026256871,0.6885296860428972,0.774025974025974,0.8726067746686305,0.8381209503239739,0.8861720067453625,0.9461200286269298,1.0000000000000002,0.8948933552091878,0.7752049180327868,0.8150677387377463,0.6325244248345415,0.4388637299300124,0.450792326939116,0.2959411952700543,0.24716281099956353,0.06594669117647059,0.0,0.1262321144674086,0.1647744706965327,0.20846774193548387,0.10059042204242291,0.15898928979931376,0.31576719576719575,0.3616285554935862,0.2750547645125958,0.14359556227937467,0.35452973260609283,0.44819819819819817,0.19803810065396646,0.14851892484914975,0.25045273451647954,0.39562743336328243,0.5958751393534002,0.3939393939393939,0.31474103585657376,0.06321839080459771,0.4,0.21700879765395892,0.8279816513761467,0.2448453608247423,0.3522727272727273,0.6521739130434784,0.3526170798898072,0.03926096997690531,0,train
0.25928677563150077,0.3567035670356703,0.37151515151515146,0.2843488649940263,0.0704225352112676,0.3523064472619369,0.5516774891774893,0.5937014859170546,0.4368350067435936,0.34775061478374075,0.4498930862437634,0.5957884737175427,0.6319274506981432,0.585438795503764,0.7917544387601564,0.8253612863830654,0.8017821987358824,0.8937142857142857,0.9819061645276669,0.8900647948164145,0.8830101180438448,0.9352826909313976,0.9058848751205918,0.7883511074651354,0.6637295081967212,0.5944487278334618,0.4605525790524215,0.31947303417044054,0.46121768140116765,0.3418557579631405,0.28295504146660844,0.09914981617647059,0.0279323742518114,0.1375728669846317,0.17213869285056765,0.1751008064516129,0.1484802099278373,0.05854216491629406,0.25629629629629624,0.3127718906860011,0.1700438116100767,0.17990418557740795,0.3824664094718637,0.3546431046431046,0.15126528291157235,0.1913055403181569,0.1928649040202825,0.15783168613357293,0.22017837235228538,0.22181818181818183,0.35159362549800793,0.1508620689655172,0.15064935064935064,0.6627565982404691,0.0481651376146789,0.20876288659793818,0.34375,0.2517162471395881,0.2672176308539945,0.27713625866050806,0,train
0.9999999999999999,0.7503075030750307,0.8303030303030304,0.8518518518518519,0.6824949698189134,0.3539250067439979,0.47077922077922085,0.46662231093368806,0.22104001198861084,0.271083465933748,0.5602280826799715,0.830905636478784,1.0,0.6940290811591214,0.6766977630655029,0.7914716059434155,0.9359651849549271,0.8883116883116882,0.9101620029455082,0.7658747300215982,0.7849915682967961,0.7937838666802985,0.7551720441633616,0.6528917145200984,0.4733606557377049,0.5122810882255755,0.4429036663515075,0.5512556607657472,0.42837781484570475,0.29359752849685733,0.24028808380619823,0.22231158088235295,0.27039798382862545,0.2971913089560148,0.2587705840237292,0.09687499999999999,0.15372840586048547,0.28834355828220865,0.33820105820105817,0.28265476854433913,0.12883351588170866,0.3028240040342915,0.45284022881468666,0.3037075537075537,0.09653113448962183,0.14563905650027428,0.11644331763853676,0.15932914046121593,0.29598662207357856,0.32969696969696966,0.1703187250996016,0.1508620689655172,0.3220779220779221,0.976539589442815,0.1238532110091743,0.15721649484536085,0.05397727272727274,0.1739130434782609,0.3994490358126722,0.10392609699769054,0,train
0.31054977711738485,0.2706027060270602,0.13333333333333333,0.5675029868578256,0.8740442655935614,0.6730509846236851,0.5487012987012988,0.3572854291417165,0.24666566761576503,0.4180529437292059,0.49422665716322167,0.811906269791007,0.8620987476608608,0.7805506857791069,0.8386999699067107,0.9010787706085894,1.0,0.8868571428571428,0.8688196928255839,0.7717062634989199,0.7002529510961213,0.7526837746651671,0.6111051559652696,0.30373256767842494,0.18811475409836065,0.1495759444872783,0.29709003046538507,0.2637916838205023,0.16065471226021683,0.11270906572919996,0.05925360104757748,0.1100643382352941,0.18219048619132627,0.09666136724960255,0.1487163751662064,0.0966733870967742,0.24174502514760549,0.23302485182489346,0.19354497354497352,0.10909090909090909,0.1017250821467689,0.34984871406959156,0.31728083011839825,0.044178794178794174,0.27964174011942,0.20337356006582555,0.07859471206084752,0.1877807726864331,0.28595317725752506,0.5733333333333334,0.24701195219123506,0.37499999999999994,0.5194805194805195,0.3812316715542521,0.39908256880733944,0.12628865979381446,0.11931818181818181,0.25629290617848977,0.41597796143250687,0.21709006928406466,0,train
0.8358098068350669,0.7115621156211562,0.5157575757575757,0.17921146953405015,0.06116700201207243,0.31049366064202866,0.645021645021645,0.5775116433799068,0.6280533493181477,0.7500361637494575,0.4973627940128297,0.11953768207726406,0.062185115877357144,0.1569557595132515,0.38880529641889855,0.350091593730918,0.27893482540669357,0.2132987012987013,0.375131495897328,0.8266738660907127,0.9764966273187183,0.45608833452612213,-0.006538750133990787,0.1943191140278917,0.11352459016393443,0.21290891067298157,0.11934026683475157,0.2434129271305064,0.43338198498748964,0.6273569830616811,0.2581841990397206,0.3322610294117647,0.5138086737372677,0.679915209326974,0.8594660938938326,0.8535282258064516,0.8197026022304834,0.897681189560154,0.891005291005291,0.6563301728945902,0.33543263964950715,0.10716086737266768,0.15657842224291604,0.4667359667359667,0.7412567529144156,0.5803620405924301,0.4237595074248461,0.5774183887391435,0.608695652173913,0.6145454545454546,0.22709163346613548,0.12356321839080459,0.15584415584415584,0.21700879765395892,0.3555045871559633,0.2680412371134021,0.53125,0.31578947368421056,0.18457300275482091,0.18475750577367206,0,val
0.700594353640416,0.501230012300123,0.3721212121212121,0.3285543608124253,0.21609657947686114,0.29430806582141894,0.246482683982684,0.9239299179418938,0.8375543233927769,0.6989729495154057,0.45060584461867426,0.23179227359088034,0.2723477760184253,0.29019284314736515,0.4206038720032099,0.5241196824750662,0.21624702103408977,0.1567792207792208,0.14874815905743743,0.8186825053995679,1.0,0.39433595746856154,0.030978668667595674,0.1722723543888433,0.22325819672131145,0.31600396519440466,0.2533879609202647,0.3259571840263483,0.3512301918265221,0.49003941621391284,0.20013094718463556,0.3367417279411765,0.4519584164653996,0.6257551669316376,0.6629845555896492,0.7353830645161291,0.7659085939208398,0.7704065716959552,0.6752380952380952,0.5640825432236476,0.32886089813800656,0.18772062531517902,0.26859119329519754,0.3865211365211365,0.6000852999715667,0.4205979155238618,0.24067366896052153,0.40401317759808325,0.5891861761426979,0.6048484848484849,0.2051792828685259,0.08620689655172413,0.19740259740259739,0.8563049853372433,0.4105504587155963,0.5309278350515465,0.34943181818181823,0.4530892448512587,0.5757575757575758,0.08083140877598154,0,train
0.5683506686478454,0.43111931119311186,0.20424242424242425,0.956989247311828,0.5030181086519114,0.029673590504451036,0.1996753246753247,0.5812818806830782,0.8255657125730556,0.9281064660784031,0.6664290805416964,0.3715959468017732,0.2110263423060314,0.4201299370939465,0.4497943625238238,0.4495216771829839,0.31261009221842295,0.3766233766233766,0.5082053439932674,0.8930885529157666,0.9935708263069141,0.35476945097638285,0.03655268517525995,0.0,0.21290983606557376,0.33704152439696,0.18678432608467277,0.510806916426513,0.676605504587156,0.8206029615425589,0.4194674814491488,0.3833869485294118,0.5543421190801218,0.8299947005829359,0.7916538815587605,0.7151209677419356,0.7331073693417888,0.807424352708745,0.7612698412698412,0.6505298382598996,0.5742059145673605,0.5891326273323249,0.595716376213915,0.6448371448371448,0.6671879442706852,0.5264673614920461,0.13908004346251357,0.4393530997304583,0.4331103678929766,0.5684848484848485,0.19223107569721118,0.4094827586206896,0.9999999999999999,0.8299120234604104,0.3761467889908257,0.6262886597938144,0.3920454545454546,0.16018306636155608,0.06611570247933884,0.21939953810623555,0,train
0.7860326894502229,0.6543665436654366,0.14666666666666667,0.4653524492234169,0.2688128772635815,0.2721877528999191,0.8898809523809524,1.0053226879574184,0.8048853589090363,0.8350933024736005,0.709479686386315,0.3190310322989233,0.3192745069814309,0.24914922140868306,0.6635570267830273,0.6584571544880928,0.1372914723862812,0.047999999999999994,0.40363980643803915,0.8615550755939524,0.7883642495784149,0.3571209487782435,0.11062278915210635,0.139766201804758,0.18913934426229506,0.21213790064985127,0.18174177959869733,0.602099629477151,0.5628648874061718,0.6724193032917866,0.36479703186381496,0.44795496323529416,0.7680352829990549,0.8999470058293587,1.0,0.9205645161290322,0.9878635469057512,0.9275241759384425,0.7308994708994709,0.5118795315114334,0.23644578313253015,0.2471003530005043,0.22203006518557933,0.49757449757449757,0.6218367927210691,0.4247120131651124,0.28576602680188334,0.1656184486373166,0.1861761426978818,0.2533333333333333,0.1713147410358566,0.23994252873563215,0.2727272727272727,0.6539589442815249,0.6077981651376146,0.06701030927835053,0.23011363636363638,0.2723112128146454,0.2231404958677686,0.3163972286374134,0,test
0.0512630014858841,0.37207872078720783,0.6793939393939394,0.6839904420549582,0.12997987927565394,0.2997032640949555,0.6661255411255412,0.9999999999999999,0.9638843099055896,0.7067843193982353,0.43093371347113335,0.0946801773274224,0.40593061753274795,0.37991131277714757,0.37496238338850435,0.3730917972725422,0.09304735260594758,0.10264935064935066,0.22974963181148744,0.9123110151187903,0.9767074198988195,0.3084551681832124,0.1364562118126273,0.16673502871205909,0.06608606557377047,0.2777838969049454,0.259691144027734,0.5788390284067517,0.4332777314428691,0.7159901992116758,0.16226538629419468,0.27412683823529416,0.6022261892260842,0.8976152623211446,0.8589546895775801,0.9375,0.8720752241417014,0.9459290839139025,0.6681481481481482,0.47228109313998884,0.6575848849945236,0.4731467473524963,0.20713050419050152,0.251039501039501,0.37844754051748647,0.24766867800329131,0.30767837739949294,0.7663971248876911,0.6293199554069119,0.24363636363636362,0.47808764940239046,0.31752873563218387,0.4415584415584416,1.0,0.3371559633027523,0.8247422680412371,0.5625000000000001,0.3775743707093822,0.6721763085399449,0.34180138568129326,0,train
0.7897473997028231,0.7822878228782287,0.5521212121212122,0.7025089605734767,0.48128772635814887,0.43566226058807667,0.5181277056277057,0.932579285872699,1.0,0.8054390279184145,0.6280826799714897,0.33660544648511714,0.12077155606736723,0.27132102712179024,0.4696559333935199,0.4576633421534704,0.11045487514247228,0.049246753246753254,0.29065853145381865,0.8927645788336931,0.9274873524451939,0.4740824046621,0.07235502197448815,0.1390484003281378,0.2558401639344262,0.5163564269192641,0.33333333333333337,0.6026142445450803,0.5277314428690576,0.8374347501864281,0.5626364033173287,0.5789292279411765,0.48398613882179986,0.6402755696873343,0.8462718625345199,0.8393145161290323,0.8822436037612071,0.9101590932723304,0.7731216931216931,0.5220301171221418,0.4605695509309968,0.5563540090771559,0.6100838100305973,0.7780665280665281,0.7984077338640887,0.5903730115194734,0.17113364722926475,0.2377957472297095,0.1527313266443701,0.18666666666666668,0.13944223107569723,0.6350574712643677,0.5402597402597402,0.20821114369501464,0.2591743119266055,0.4149484536082475,0.2840909090909091,0.4622425629290619,0.4876033057851239,0.418013856812933,0,train
0.30089153046062406,0.5510455104551045,0.4957575757575758,0.4510155316606929,0.03420523138832999,0.043431346101969255,0.14502164502164502,0.4435573297848746,0.559268694739997,1.0000000000000002,0.9999999999999999,0.7594996833438885,0.40535482942277246,0.17304320923997113,0.2744507974721637,0.36383065336861387,0.22360377162988287,0.22150649350649346,0.29434041657900273,0.4461123110151188,0.6339586846543002,0.8419384521010123,0.9720227248365313,1.0,0.6582991803278687,0.48485516025994047,0.3722029624960605,0.32523672293124745,0.39939532944120104,0.38020666879727283,0.42677869925796597,0.08708639705882354,0.4052294445027827,0.6720720720720721,0.6084688554771402,0.4327620967741936,0.41187404329761645,0.33877508578558807,0.4407407407407407,0.46458449525934187,0.3565169769989047,0.5365607665153809,0.5527471065584674,0.316008316008316,0.21140176286607903,0.018924849149753155,0.21079319087287215,0.6145552560646901,0.5958751393534002,0.2412121212121212,0.20717131474103584,0.23419540229885055,0.49870129870129865,0.5835777126099706,0.2981651376146789,0.11082474226804126,0.06818181818181819,0.3638443935926774,0.15977961432506887,0.03464203233256351,0,train
0.5245170876671619,0.7644526445264452,1.0,0.8590203106332139,0.5484909456740443,0.7159428108983007,0.6823593073593075,0.36704369039698376,0.04660572456166642,0.1332272530015912,0.20128296507483964,0.46295123495883467,0.4411976392687492,0.19500876559760752,0.20062192797672787,0.2460818237329534,0.14993264946637658,0.21267532467532466,0.3276877761413844,0.11555075593952484,0.22048903878583476,0.6495245884878846,0.9714867617107944,0.9750820344544708,0.8031762295081966,0.6168080185042405,0.46580523164197923,0.5227459860024701,0.7548999165971643,0.4939810376051987,0.504037538192929,0.4383042279411765,0.38674787356925333,0.17954425013248543,0.0,0.41723790322580645,0.5625410015307238,0.21836331496308625,0.17216931216931217,0.2818739542665923,0.3391292442497262,0.5555975794251136,0.4227750432353332,0.1398128898128898,0.16946261017912995,0.2926494788809655,0.586925027164071,0.8820005989817311,0.8216276477146042,0.25575757575757574,0.3595617529880478,0.6192528735632183,0.5844155844155844,0.8181818181818181,0.2981651376146789,0.3994845360824743,0.4943181818181819,0.43707093821510307,0.5674931129476584,0.11778290993071594,0,train
0.10326894502228827,0.38191881918819187,0.43818181818181823,0.3285543608124253,0.061569416498993966,0.25141623954680337,0.3530844155844156,0.1301840762918607,0.2048553873819871,0.08491248372631274,0.20869565217391306,0.3871120962634579,0.2308910321001871,0.07899350314530268,0.1955060688133213,0.3126399348666803,0.3521914827479018,0.22971428571428568,0.33515674310961496,0.29892008639308854,0.5368887015177066,0.5124220427359165,0.5143102154571766,0.6876538146021329,0.6262295081967212,0.6428020707126334,0.8423153692614771,0.7967270481679704,0.6416805671392827,0.8498987962075211,0.6736141422959407,0.5704273897058825,0.27732857292869895,0.37636459989401166,0.26368006545975253,0.08014112903225806,0.3245134485020774,0.40074867422273064,0.1475132275132275,0.3949804796430564,0.5842004381161008,0.19641956631366614,0.33178129572967935,0.5547470547470547,0.3220073926642025,0.1571585298957762,0.08620065193770374,0.2824198861934711,0.4593088071348941,0.20727272727272728,0.24302788844621515,0.35201149425287354,0.35844155844155845,0.6304985337243401,0.4036697247706422,0.4613402061855671,0.30397727272727276,0.2082379862700229,0.2121212121212121,0.2448036951501155,0,train
0.28751857355126303,0.6943419434194342,0.3048484848484848,0.1039426523297491,0.22776659959758555,0.27191799298624225,0.4745670995670996,0.5211798624972277,0.37869024426794545,0.26978157095327643,0.17377049180327866,0.3855288157061431,0.42565136029940986,0.27132102712179024,0.3510883739592738,0.5004070832485243,0.44451352191482746,0.1541818181818182,0.41868293709236276,0.36058315334773217,0.515177065767285,0.4669256722216543,0.3924322006645943,0.6014150943396226,0.49702868852459015,0.405881705033594,0.7103687362117871,0.8957389872375464,0.877606338615513,0.9148822840098009,0.8209297250109123,0.6467141544117647,0.17252966502152678,0.281293057763646,0.3896900889843511,0.27449596774193546,0.29914716816094467,0.32931267547052095,0.22624338624338622,0.13720022308979363,0.7542442497261774,0.8037065052950076,0.7750432353332446,0.7425502425502425,0.6957634347455217,0.7922380691168405,0.7814197754436798,0.7906558849955078,0.9999999999999999,0.9357575757575758,0.7948207171314741,0.5215517241379309,0.35844155844155845,0.7653958944281524,0.2660550458715596,0.41237113402061865,0.26136363636363635,0.5080091533180778,0.2672176308539945,0.18244803695150116,0,train
0.5066864784546805,0.7662976629766297,0.8678787878787879,0.9474313022700119,0.6490945674044265,0.19638521715673055,0.18452380952380953,0.19738301175426923,0.21399670313202457,0.15246636771300448,0.28695652173913044,0.24192526915769474,0.3022887577371527,0.29308033412395584,0.4708596649613802,0.5476287400773459,0.5219148274790177,0.3502337662337662,0.4301493793393646,0.5638228941684664,0.7327150084317031,0.7591248338615683,0.540250830742845,0.6161812961443807,0.6613729508196721,0.6839960348055952,0.7444059249921211,0.8020790448744339,0.8412218515429525,0.9242569511025887,0.9854866870362288,0.8721277573529412,0.4079596765725086,0.4065712771595124,0.4836862023115476,0.16451612903225807,0.360922807784824,0.35146095455963405,0.25756613756613755,0.025097601784718353,0.6805859802847756,0.8693898134140193,0.5704403352401224,0.5306652806652806,0.8295422234859255,0.7805814591332969,0.4762767113364723,0.3581910751722073,0.5479375696767,0.45333333333333337,0.2898406374501992,0.20545977011494249,0.49870129870129865,0.36363636363636354,0.2660550458715596,0.3402061855670104,0.3693181818181818,0.2929061784897026,0.42148760330578516,0.4896073903002309,0,train
0.3722139673105498,0.3425584255842558,0.7296969696969697,0.6857825567502988,0.06680080482897385,0.24440248179120586,0.13690476190476192,0.08471944998891105,0.32009590888655776,0.2081585418776219,0.3160370634354954,0.40706143128562383,0.4069382467252052,0.31844900484685984,0.3002307152171732,0.21605943415428458,0.2653611024764273,0.09776623376623375,0.06911424363559857,0.2876889848812095,0.5322512647554807,0.6297924547592271,0.6305070211169472,0.7317473338802296,0.6448770491803277,0.4958695891618019,0.6719193192562245,0.724680938657884,0.7629274395329441,0.8113348247576435,0.906263640331733,1.0000000000000002,0.6539955896251181,0.6232114467408585,0.7448092461900379,0.4732862903225806,0.14377870107150667,0.3500051991265468,0.35650793650793644,0.21238148354712771,0.7565717415115006,0.7024710035300051,0.3428229346813888,0.9086971586971586,0.8741825419391527,0.7025507405375755,0.6130025353132923,0.4489368074273735,0.3043478260869565,0.32727272727272727,0.3784860557768924,0.46839080459770105,0.37402597402597404,0.9501466275659823,0.8371559633027523,0.43298969072164956,0.36647727272727276,0.2288329519450801,1.0000000000000002,0.4665127020785219,0,train
0.3647845468053492,0.5768757687576875,0.36787878787878786,0.21326164874551973,0.3682092555331992,0.6244942001618561,0.47186147186147187,0.4349079618540696,0.36805035216544285,0.1592651526110227,0.33057733428367786,0.402469917669411,0.6114869727940119,0.35052077962256367,0.20102317183268129,0.26480765316507227,0.30079784478292404,0.1206233766233766,0.24090048390490215,0.29892008639308854,0.4927276559865093,0.6985993252223699,0.6937506699539073,0.6732977850697293,0.49795081967213106,0.4832029959246613,0.5935497426200231,0.8340881020996295,0.898978315262719,0.8516032811334825,1.0010912265386294,1.0068933823529411,0.6988344009240784,0.7086380498145204,0.7248644778561931,0.4086693548387097,0.13437568335884542,0.14931891442237705,0.10306878306878306,0.3076408254322365,0.9001916757940855,1.0325264750378216,0.7118531328987627,0.7628205128205129,0.916690361103213,0.8521667580910587,0.5461789206809127,0.41299790356394134,0.20289855072463767,0.43030303030303024,0.45418326693227096,0.6020114942528735,0.6987012987012987,0.4134897360703812,0.25,0.31701030927835055,0.04829545454545456,0.24256292906178492,0.20110192837465565,0.16628175519630484,0,val
0.2035661218424963,0.41943419434194334,0.5921212121212122,0.5752688172043011,0.289738430583501,0.13838683571621258,0.026244588744588744,0.1676646706586826,0.2406713622059044,0.11644727325329089,0.027940128296507487,0.1057631412286257,0.35569310493738304,0.29143033928018974,0.3499849533554017,0.3796051292489314,0.37436535074085586,0.21548051948051947,0.19577109194193143,0.24892008639308855,0.27403035413153454,0.45792863715366533,0.521277736091757,0.43929450369155043,0.4327868852459016,0.4129309395307853,0.4349196344153798,0.6899958830794566,0.7525020850708923,0.6830723340790456,0.7529463116542995,0.8090533088235295,0.7823164969022366,0.5315315315315315,0.382939552009819,0.2985887096774194,0.10474524382243602,0.21056462514297597,0.14529100529100528,0.15571667596207472,0.7252190580503834,0.8052193645990924,0.5641878408939736,0.7912335412335412,0.8188797270400909,0.7258639605046627,0.5952553422672944,0.3842467804731956,0.3890746934225195,0.40484848484848485,0.3406374501992032,0.6408045977011494,0.7064935064935065,0.472140762463343,0.1743119266055046,0.10309278350515466,0.5681818181818182,0.2906178489702518,0.31404958677685946,0.020785219399538105,0,train
0.5170876671619613,0.964329643296433,0.6648484848484848,0.6135005973715651,0.23581488933601613,0.45427569463177775,0.29085497835497837,0.6070082058106009,0.1877716169638843,0.08708230869376538,0.3146115466856736,0.5832805573147563,0.4593349647329783,0.13787769413220582,0.1863777710903802,0.32017097496438024,0.20029012537560875,0.18722077922077923,0.14296233957500526,0.4780777537796977,0.5090640809443507,0.6215110929352827,0.8324579268946297,0.6673502871205906,0.572233606557377,0.574953188677167,0.874881815316735,0.8327501029230137,0.3608215179316097,0.47278150633855326,0.5426669576604104,0.4408318014705882,0.11099443452693479,0.5021727609962904,0.6914186355732843,0.7085685483870967,0.5790509512355129,0.4665696163044609,0.5405291005291005,0.471946458449526,0.6694961664841184,0.7588250126071611,0.6985499534388718,0.23544698544698542,0.606767131077623,0.6091607240811849,0.3971387178558493,0.2695417789757413,0.668896321070234,0.7612121212121211,0.23306772908366535,0.425287356321839,0.3168831168831169,0.20821114369501464,0.6192660550458715,0.28608247422680416,0.2528409090909091,0.3295194508009154,0.4297520661157024,0.2840646651270208,0,train
0.7399702823179791,0.5067650676506765,0.34060606060606063,0.33990442054958186,0.2233400402414487,0.3269490153763151,0.2583874458874459,0.38367709026391655,0.15645137119736252,0.17011427744828583,0.31104775481111907,0.3791956934768841,0.37598963581402045,0.27884912859647315,0.38037917544387595,0.3019539995929168,0.37374365350740857,0.1784935064935065,0.2865558594571849,0.281317494600432,0.28161888701517707,0.2727737450158471,0.3150391253081788,0.23769483182936835,0.39610655737704914,0.40422954069831474,0.4455299926462864,0.7198435570193495,0.7488532110091743,0.6355598167678705,0.7673505019642078,0.7194393382352942,0.4647695054079597,0.6094329623741388,0.6473355835123249,0.39657258064516127,0.09151541657555218,0.2975980035354061,0.28571428571428564,0.12849972113775793,0.6501916757940855,1.0,0.9999999999999999,0.9542619542619541,0.8328120557293147,1.0,1.0,1.0,0.8963210702341137,0.5757575757575758,1.0,0.9999999999999999,0.8103896103896103,0.8739002932551319,0.5527522935779816,0.20876288659793818,0.4943181818181819,0.48283752860411905,0.6225895316804407,0.23094688221709006,0,train
0.4673105497771174,0.3954489544895448,0.43757575757575756,0.6415770609318996,0.9665995975855131,0.30779606150526034,0.4772727272727273,0.2066977156797516,0.34542184924321895,0.4670909879936352,0.25673556664290803,0.18065231158961365,0.553908161796459,0.5580076312261524,0.23743605176045743,0.4242825157744759,0.5807688322453632,0.5607272727272727,0.8081211866189776,0.8741900647948163,0.49915682967959535,0.6291790205500459,0.8258119841354916,0.6615053322395407,0.7700819672131146,0.8623196387267319,0.8214098119550374,0.6805269658295595,0.3090075062552127,0.6170235431980399,0.7263203841117417,0.8959099264705883,0.6489551611887009,0.5343932167461579,0.2799427227165797,0.06290322580645161,0.06767986004810847,0.369969845066029,0.5948148148148148,0.3702175125488009,0.4879518072289157,0.5990922844175492,0.6122123187441798,0.7214137214137214,0.7731020756326413,0.7746845858475041,0.5785947120608476,0.7439353099730459,0.7240802675585283,1.0,0.24203187250996014,0.28304597701149425,0.9246753246753247,0.6686217008797654,0.9999999999999999,1.0000000000000002,1.0,1.0,0.6666666666666666,0.21247113163972287,0,train
0.5104011887072808,0.550430504305043,0.7642424242424243,0.8596176821983273,0.48450704225352104,0.28297814944699223,0.33874458874458874,0.3608338877799955,0.25101153903791396,0.2797627658035585,0.3655024946543122,0.5935718809373022,0.6322153447531309,0.5721357120758997,0.5011535760858662,0.17993079584775087,0.23106413843125068,0.29111688311688305,0.23679781190826849,0.588120950323974,0.890177065767285,0.7384725488191392,0.4841890877907601,0.26281788351107466,0.15706967213114753,0.6262804273598412,0.7453514024582416,0.4979415397282833,0.44756046705587993,0.5183764781080218,0.4217590571802706,0.10018382352941177,0.03874829360495641,0.07578166401695814,0.009205277692543729,0.09254032258064515,0.15635250382680957,0.12509098471456798,0.27449735449735446,0.2237590630228667,0.14991785323110624,0.35791729702471003,0.4261008381003059,0.24497574497574495,0.08942280352573215,0.10065825562260013,0.14578051430641073,0.18209044624138965,0.3149386845039019,0.3466666666666667,0.15338645418326693,0.2025862068965517,0.39220779220779217,0.126099706744868,0.04357798165137615,0.10824742268041238,0.23863636363636367,0.2242562929061785,0.2589531680440771,0.14318706697459582,0,test
0.13521545319465084,0.32533825338253375,0.19333333333333333,0.4540023894862604,0.2655935613682092,0.05611006204478015,0.239448051948052,0.224661787536039,0.2095009740746291,0.1505858527412122,0.20940841054882398,0.24556681443951867,0.15301569022599684,0.2375992575023203,0.33493830875714714,0.38957866883777736,0.13449383483576832,0.19646753246753246,0.2866610561750474,0.49848812095032397,0.8059654300168633,1.0,0.8607567799335406,0.680988515176374,0.6207991803278687,0.5305650402026654,0.5490072486605737,0.5858377933305887,0.4058590492076731,0.15393629487589222,0.05652553470100393,0.2117417279411765,0.19227134306416044,0.3990461049284578,0.3164569908970032,0.1659274193548387,0.11786573365405642,0.18560881771862325,0.16507936507936508,0.2161740100390407,0.453723986856517,0.2479828542612204,0.10349873619795129,0.16025641025641024,0.3394938868353711,0.46626439934174446,0.469757334299167,0.33003893381251875,0.507803790412486,0.5599999999999999,0.1703187250996016,0.028735632183908042,0.11688311688311687,0.5249266862170088,0.21100917431192662,0.29639175257731964,0.11079545454545454,0.19908466819221968,0.19008264462809918,0.2147806004618938,0,test
0.13670133729569095,0.16728167281672812,0.06060606060606061,0.2311827956989247,0.13963782696177063,0.175343943889938,0.3855519480519481,0.3045021068973164,0.260602427693691,0.24012729639809055,0.20256593014967927,0.2089930335655478,0.18597955952209588,0.1139527688975972,0.25609389106229313,0.3729900264604112,0.4595378717231375,0.5179220779220779,0.5994108983799706,0.7745140388768897,0.9224283305227656,1.0,0.9013827848644015,0.7369770303527482,0.5447745901639344,0.24793479458090095,0.0855131841579998,0.032317826265953066,0.2412427022518766,0.31991051454138697,0.3067437800087298,0.5113740808823529,0.3632258741993069,0.17307896131425543,0.012171422726807817,0.24284274193548389,0.3811502296085721,0.3255693043568681,0.23777777777777778,0.17378694924707191,0.16963307776560788,0.1021180030257186,0.07848875881335637,0.14085239085239085,0.06994597668467444,0.057185957213384535,0.08964143426294821,0.10991314764899672,0.0641025641025641,0.14303030303030304,0.13247011952191234,0.11925287356321837,0.023376623376623374,0.11143695014662755,0.06422018348623852,0.05927835051546393,0.21306818181818185,0.10068649885583525,0.055096418732782364,0.011547344110854507,0,train
0.15304606240713226,0.19003690036900367,0.09393939393939395,0.10035842293906809,0.13279678068410464,0.0,0.05140692640692641,0.16589044133954312,0.3311853738947999,0.32807753507883697,0.27341411261582327,0.20329322355921467,0.22282999856052974,0.29143033928018974,0.4362523823853947,0.5529208223081621,0.6705004662729253,0.6014545454545454,0.6636860929938987,0.8309935205183585,0.9916736930860033,1.0,0.7837924750777148,0.5309680065627563,0.38032786885245895,0.46899438264126003,0.5430192247084779,0.2838616714697407,0.15356547122602165,0.3565569404495579,0.1968572675687473,0.3607536764705882,0.389583114564738,0.23169051404345523,0.166104121918789,0.3709677419354839,0.43516291274874264,0.337215347821566,0.2234920634920635,0.18605688789737868,0.093921139101862,0.287821482602118,0.26486630304642805,0.19057519057519057,0.09724196758601081,0.04155238617663193,0.12205722564288302,0.2351003294399521,0.25362318840579706,0.29818181818181816,0.150398406374502,0.16091954022988506,0.08051948051948052,0.32844574780058644,0.07339449541284404,0.2783505154639176,0.13920454545454547,0.2013729977116705,0.01928374655647383,0.19861431870669746,0,train
0.0787518573551263,0.1199261992619926,0.01818181818181818,0.09498207885304659,0.060362173038229376,0.0984623684920421,0.19182900432900435,0.0612109115103127,0.18192716918927018,0.27281932590771013,0.2805416963649323,0.2777074097530082,0.14394702749388227,0.16685572857584818,0.2927073929180459,0.5272745776511297,0.6736089524401618,0.7842077922077921,0.8127498422049233,0.7073434125269977,0.720910623946037,0.7871383294141703,0.7917247293386216,0.476825266611977,0.17356557377049178,0.2206190109042846,0.6065763210421263,0.8503499382461919,0.8922018348623852,0.767870459145627,0.5113487560017461,0.5096507352941176,0.3739367846266932,0.3390567037625861,0.26858954689577585,0.22913306451612905,0.25672425103870544,0.42206509306436524,0.41439153439153437,0.34712771890686,0.11432092004381161,0.20335350479072112,0.4924837036051615,0.5322245322245321,0.13434745521751493,0.21187602852441031,0.2524447663889895,0.2312069481880803,0.342809364548495,0.2787878787878788,0.11055776892430279,0.22270114942528732,0.21038961038961038,0.09970674486803516,0.11697247706422019,0.1520618556701031,0.07670454545454547,0.14416475972540047,0.0771349862258953,0.10854503464203233,0,train
0.1545319465081724,0.2386223862238622,0.24303030303030304,0.2921146953405018,0.3674044265593561,0.37739411923388183,0.4439935064935065,0.3229097360833887,0.23497677206653678,0.27267467090987996,0.1300071275837491,0.0,0.22844393263279114,0.29308033412395584,0.49744207041829674,0.6660899653979239,0.7570199979276759,0.8425974025974026,0.9794866400168317,0.9999999999999999,1.0,0.999182087721092,0.8999892807374853,0.6721698113207547,0.49825819672131133,0.41799757682564154,0.4726336800084043,0.608480856319473,0.705066722268557,0.6075423457973794,0.33522479266695765,0.28642003676470595,0.4031292659876089,0.3793322734499205,0.22481333742456788,0.08709677419354839,0.0,0.04793594676094416,0.003068783068783068,0.10351366424986057,0.23069550930996716,0.2371406959152799,0.11094851669549022,0.2602217602217602,0.23812908729030424,0.14509051014810753,0.201195219123506,0.2542677448337826,0.3322185061315496,0.24363636363636362,0.07071713147410359,0.13074712643678157,0.14805194805194805,0.043988269794721396,0.03211009174311927,0.14175257731958765,0.09943181818181819,0.2242562929061785,0.2121212121212121,0.0,0,train
0.06835066864784548,0.038745387453874534,0.16,0.3136200716845878,0.33601609657947684,0.31049366064202866,0.41774891774891776,0.4147261033488578,0.33058594335381386,0.28583827571242587,0.12159657875980043,0.08201393286890435,0.3739743774291061,0.35938950190780655,0.5077740997090981,0.6543863220028496,0.6965081338721376,0.7435844155844155,0.8271617925520725,0.8480561555075592,0.9594224283305228,0.9834372763521113,0.8611855504341303,0.6311525840853158,0.49456967213114755,0.49278554906928074,0.6779073432083204,0.8442774804446275,0.813698915763136,0.5698306168104825,0.2693147097337407,0.27045036764705876,0.25286149322692425,0.17816640169581346,0.1250894957553442,0.08820564516129031,0.058714191996501214,0.04710408651346573,0.05153439153439152,0.15002788622420524,0.2680722891566265,0.27344931921331317,0.13768790740987094,0.2981635481635482,0.28675007108330963,0.24506308283049918,0.20137631293009778,0.11919736448038336,0.17001114827201783,0.10181818181818181,0.03884462151394422,0.05747126436781609,0.06233766233766233,0.026392961876832835,0.004587155963302749,0.05927835051546393,0.04829545454545456,0.13501144164759726,0.06887052341597796,0.10623556581986142,0,train
0.13818722139673106,0.07503075030750306,0.0,0.2341696535244922,0.2539235412474849,0.39034259509036956,0.40178571428571425,0.2548236859614105,0.2264348868574854,0.16664255750036164,0.06528866714183892,0.020740975300823312,0.1501367496761192,0.24141487057852945,0.4262212859865583,0.6065540403012416,0.7342244327012746,0.8057142857142856,0.8954344624447718,0.9571274298056155,0.9116779089376053,0.9120744300173806,0.7696430485582593,0.5010254306808859,0.3277663934426229,0.26093182068509746,0.219560878243513,0.3500411692054344,0.5584862385321101,0.594119527005433,0.45078568310781314,0.3689108455882353,0.4155203192271343,0.38706942236354,0.2935460775288944,0.20745967741935484,0.08320577301552591,0.10429447852760736,0.11809523809523809,0.08856664807585053,0.17579408543263966,0.23272818961169947,0.17467074630836768,0.3076923076923077,0.2843332385555872,0.1049094898518925,0.13165519739224918,0.22431865828092243,0.25027870680044595,0.16242424242424242,0.17330677290836652,0.14942528735632182,0.046753246753246755,0.10557184750733137,0.08715596330275228,0.06443298969072166,0.05965909090909092,0.08237986270022883,0.13774104683195593,0.020785219399538105,0,train
0.01634472511144131,0.03259532595325953,0.0393939393939394,0.2962962962962963,0.3231388329979879,0.3134610196924737,0.4439935064935065,0.2918607229984475,0.41465607672710925,0.47388977289165335,0.41881682109764795,0.47925902469917664,0.30473585720454877,0.10106218418067442,0.20774400641990168,0.22786484836148993,0.16360998860221737,0.13485714285714287,0.07721439091100359,0.01749460043196545,0.11013912310286678,0.3140783151007055,0.49276449780255127,0.6657095980311731,0.785450819672131,0.8830267650622314,0.9364429036663516,0.9478180321119802,0.8999165971643036,0.9095557686161714,0.9107376691401136,0.8825827205882353,0.7038748293604955,0.6897721250662427,0.6365960928710239,0.685383064516129,0.6439973759020338,0.47343246334615785,0.3954497354497354,0.45041829336307865,0.5731106243154437,0.5466464952092789,0.5750964480510842,0.8525641025641025,0.6696047767984077,0.43828853538123974,0.4058312205722564,0.5408805031446542,0.5518394648829431,0.30424242424242426,0.12848605577689243,0.11781609195402298,0.3142857142857143,0.1700879765395894,0.06422018348623852,0.1597938144329897,0.16193181818181823,0.09610983981693363,0.0027548209366391185,0.053117782909930716,0,train
0.13075780089153047,0.10578105781057809,0.15696969696969698,0.1039426523297491,0.2591549295774648,0.19341785810628542,0.3244047619047619,0.2752273231315147,0.2892252360257755,0.36554317951685233,0.2652886671418389,0.4434768841038632,0.3994530012955233,0.18418067443539238,0.08777209348981843,0.14736413596580503,0.15034711428867475,0.18753246753246752,0.16116137176520096,0.08272138228941688,0.0009485666104553092,0.19670790307739494,0.39253939328974174,0.5839827727645611,0.6850409836065573,0.7330102434188787,0.8725706481773297,0.9032523672293125,0.8465387823185988,0.9027378289123255,1.0012003491924923,1.0227481617647058,0.766250131261157,0.6816110227874934,0.6526541884013501,0.6858870967741936,0.7202055543406954,0.5769990641572216,0.567936507936508,0.671611823759063,0.7504107338444688,0.563666162380232,0.6533191432752427,0.9982674982674983,0.7126812624395791,0.554306088864509,0.5655559579862369,0.6684636118598384,0.6047937569676699,0.5018181818181818,0.25199203187250996,0.16954022988505746,0.11428571428571427,0.2727272727272727,0.20871559633027525,0.22164948453608252,0.22727272727272732,0.03890160183066362,0.12947658402203854,0.06928406466512702,0,test
0.060921248142644865,0.2749077490774907,0.16606060606060605,0.3912783751493429,0.4004024144869215,0.2435932020501754,0.4255952380952381,0.4573076070082058,0.4354862880263749,0.3967886590481702,0.39586600142551676,0.5058581380620647,0.3270476464661005,0.16644322986490667,0.1156585414785836,0.195196417667413,0.24733188270645529,0.3011948051948052,0.19461392804544497,0.05615550755939526,0.006745362563237774,0.10448829363050813,0.2752706613784972,0.4213494667760459,0.5629098360655738,0.7604361713845136,0.9214203172602166,0.9329971181556196,0.9320266889074228,1.0,0.9631165429943257,0.9276194852941176,0.7485036228079386,0.7236883942766296,0.7482867955405544,0.7973790322580646,0.8005685545593703,0.5793906623687222,0.45756613756613757,0.5173452314556609,0.5449069003285871,0.49142713061018656,0.6434747904749235,0.931912681912682,0.6376172874609042,0.36670323642347785,0.2790655559579862,0.40700808625336926,0.5245261984392419,0.3163636363636364,0.07868525896414344,0.21695402298850575,0.2987012987012987,0.29912023460410553,0.022935779816513756,0.23453608247422686,0.19602272727272732,0.13043478260869568,0.04407713498622589,0.06928406466512702,0,train
0.1560178306092125,0.1316113161131611,0.09212121212121212,0.27359617682198323,0.2680080482897384,0.2711087132452118,0.3314393939393939,0.36815258372144594,0.43743443728457965,0.4348329234775062,0.37334283677833213,0.3559214692843572,0.33482078595077014,0.15809013096834074,0.13862975223191895,0.2907592102584979,0.3404828515179774,0.3648831168831168,0.26151904060593306,0.159719222462203,0.1172006745362563,0.11491667518658624,0.14738985957766107,0.3633100902378999,0.566700819672131,0.7295957704593016,0.8325454354448998,0.8504528612597777,0.8994995829858214,1.0,1.0,0.862591911764706,0.6232279743778221,0.6119766825649179,0.6762810678122124,0.7753024193548387,0.8455062322326701,0.7323489653738173,0.623068783068783,0.6141662018962633,0.5576396495071195,0.4166666666666667,0.5048556605028601,0.8575883575883576,0.6216946261017913,0.32967635765222164,0.2042738138355668,0.4953578915843067,0.5200668896321069,0.2727272727272727,0.21314741035856571,0.29885057471264365,0.38181818181818183,0.2111436950146627,0.10779816513761466,0.04381443298969073,0.15340909090909094,0.11212814645308924,0.07162534435261708,0.03464203233256351,0,train
0.17310549777117387,0.2626076260762607,0.3224242424242424,0.3721624850657108,0.2832997987927565,0.30590774210952254,0.3417207792207792,0.3708139277001552,0.3954742994155552,0.39939244900911325,0.3106200997861725,0.37444585180493983,0.2972506117748669,0.18995565638857378,0.12428528438158289,0.10492570730714432,0.14972541705522746,0.18805194805194805,0.1211866189774879,0.0,0.011909780775716694,0.22104079337491056,0.4451709722371101,0.6279737489745693,0.74702868852459,0.8853397951316223,0.993801869944322,0.995574310415809,0.9299416180150125,0.9301161180355811,0.9135748581405501,0.8370863970588236,0.6707970177465084,0.6547959724430312,0.6295387133067404,0.6601814516129033,0.6157883227640499,0.434854944369346,0.288042328042328,0.44127161182375907,0.5428532311062432,0.5011346444780637,0.5588665691100172,0.7895010395010394,0.5622689792436736,0.4067471201316511,0.3793915248098515,0.466606768493561,0.49275362318840576,0.3212121212121212,0.12051792828685258,0.11206896551724138,0.14805194805194805,0.023460410557184744,0.07798165137614678,0.18814432989690727,0.07954545454545454,0.13729977116704806,0.12947658402203854,0.10161662817551963,0,train
0.20802377414561665,0.2195571955719557,0.1206060606060606,0.10095579450418161,0.15130784708249498,0.1480981926085784,0.24512987012987017,0.20292747837658012,0.35666117188670765,0.4244177636337335,0.26585887384176765,0.3776124129195693,0.32172160644882686,0.19655563576363824,0.1131507673788745,0.10940362304091186,0.05564190239353435,0.14337662337662335,0.132968651378077,0.08639308855291576,0.0,0.16215110929352827,0.36102476149640905,0.5587571780147662,0.6492827868852458,0.72177552593898,0.8469377035402879,0.9058254425689584,0.8611342785654712,0.8819644188771706,0.9365997381056308,0.9326746323529411,0.7063950435787042,0.6346581875993641,0.6167536054004297,0.682258064516129,0.7638311830308332,0.6132889674534678,0.5627513227513228,0.6600111544896821,0.7170043811610077,0.6188855269793243,0.6687508314487163,1.0,0.8397782200739267,0.6586670323642349,0.702100688156465,0.8322851153039832,0.7954292084726866,0.5139393939393939,0.2699203187250996,0.2686781609195402,0.16883116883116883,0.17302052785923752,0.17201834862385323,0.21391752577319592,0.2017045454545455,0.08924485125858124,0.14876033057851237,0.03464203233256351,0,train
0.14264487369985143,0.08979089790897907,0.2006060606060606,0.17204301075268819,0.16257545271629778,0.11060156460749934,0.2002164502164502,0.17853182523841205,0.1942154952794845,0.2773036308404455,0.287384176764077,0.2930652311589613,0.210306607168562,0.146024543673301,0.1624034506971612,0.18369631589660088,0.26784789141021653,0.34638961038961036,0.4013254786450663,0.3694384449244061,0.4852445193929174,0.6422656170125755,0.7552792367885091,0.8452625102543068,0.9081967213114753,0.8801630135477474,0.8097489232062192,0.6684849732400164,0.5170975813177648,0.4894002343666773,0.5640549978175471,0.6140854779411765,0.5012076026462249,0.42851086380498143,0.31778664211925955,0.22691532258064517,0.1202711567898535,0.13153790163252577,0.24201058201058198,0.3935303959843837,0.5622946330777656,0.5139939485627838,0.4979380071837169,0.5233887733887733,0.2941427352857549,0.24547449259462426,0.3058674393335748,0.40161725067385445,0.4286510590858416,0.2690909090909091,0.20418326693227093,0.15804597701149423,0.16103896103896104,0.0,0.03440366972477064,0.11082474226804126,0.07386363636363637,0.04347826086956523,0.05785123966942149,0.06004618937644342,0,train
0.034918276374442794,0.012915129151291515,0.044848484848484846,0.0017921146953405048,0.13682092555331993,0.2020501753439439,0.31087662337662336,0.20891550232867595,0.27289075378390526,0.30739187038912197,0.3057733428367784,0.4186193793540215,0.2795451273931193,0.04485923481489121,0.11666165111846724,0.2692855688988398,0.4012019479846648,0.5095064935064935,0.5641699978960657,0.5845572354211662,0.6577782462057336,0.7825375728453123,0.890020366598778,0.9823625922887613,0.9999999999999999,0.8303777949113337,0.5855657106838955,0.2832441333882256,-0.027522935779816522,0.20379247896026415,0.4204495853339153,0.5186121323529412,0.5179040218418566,0.6093269740328563,0.5139613378336915,0.3726814516129032,0.2206429040017494,0.13902464385983154,0.15566137566137564,0.33998884551031794,0.30325848849945236,0.298411497730711,0.3599840361846481,0.40246015246015243,0.2450952516349161,0.19980800877674165,0.21278522274538209,0.25995807127882603,0.2185061315496098,0.15878787878787878,0.09163346613545817,0.09339080459770113,0.17142857142857143,0.20527859237536653,0.05275229357798164,0.14948453608247425,0.0965909090909091,0.07551487414187644,0.030303030303030297,0.07159353348729793,0,val
0.1025260029717682,0.11808118081180811,0.11333333333333333,0.19593787335722823,0.27042253521126763,0.35824116536282713,0.3933982683982684,0.31647815480150804,0.34272441180878166,0.38029798929553016,0.479543834640057,0.5563647878404053,0.5387937239096013,0.3129833969268846,0.10572775604373558,0.09943008345206596,0.3208993886643871,0.5263376623376623,0.6286555859457186,0.7058315334773217,0.778035413153457,0.8225130354769451,0.8603280094329512,0.7780968006562756,0.706967213114754,0.5261592686419209,0.25496375669713206,0.4479209551255661,0.6256255212677231,0.7235538510706296,0.8279135748581405,0.9209558823529412,0.9999999999999999,0.988235294117647,0.6680985987521736,0.38558467741935487,0.09818499890662585,0.33752729541437043,0.6295238095238096,0.8827663134411601,1.0,0.6758698940998488,0.3477451110815485,0.29851004851004853,0.40005686664771106,0.37904552934722985,0.3594712060847519,0.4498352800239593,0.6794871794871794,0.5975757575757575,0.026892430278884463,0.09195402298850575,0.054545454545454536,0.058651026392961866,0.1651376146788991,0.036082474226804134,0.23011363636363638,0.24027459954233413,0.22589531680440772,0.062355658198614314,0,train
0.1456166419019317,0.03628536285362853,0.0903030303030303,0.25627240143369173,0.1766599597585513,0.19773401672511468,0.21076839826839827,0.39387890884896865,0.31065487786602725,0.23390713149139303,0.3167498218104063,0.435085497150095,0.35123074708507274,0.16706197793131897,0.06389808406058782,0.2548341135762264,0.4066936068801161,0.6146493506493506,0.7666736797811909,0.750107991360691,0.7996416526138279,0.8459257744606892,0.9399721299174618,0.9436013125512714,0.9646516393442622,0.7846679149686088,0.4714780964387016,0.3783449979415398,0.359466221851543,0.5284968573559178,0.7449803579223048,0.9357766544117647,0.9396198676887535,0.9023847376788554,0.6597115679656337,0.46512096774193545,0.13065821123988627,0.14193615472600607,0.3386243386243386,0.5583937534857781,0.659501642935378,0.45965708522440746,0.29799121990155647,0.14137214137214138,0.05615581461472846,0.10765222161272628,0.19051068453458891,0.3096735549565739,0.42586399108138234,0.26181818181818184,0.16633466135458166,0.10919540229885055,0.11948051948051949,0.011730205278592372,0.14678899082568808,0.13402061855670105,0.03693181818181819,0.15331807780320367,0.20110192837465565,0.07390300230946882,0,train
0.2867756315007429,0.16666666666666663,0.356969696969697,0.27897252090800473,0.16458752515090544,0.07256541677906664,0.1563852813852814,0.23508538478598354,0.16214596133673012,0.3047880804281788,0.14868139700641486,0.1740025332488917,0.28112854469555204,0.12921522120243376,0.07463135720734275,0.10523101974353756,0.05740337788830174,0.03262337662337663,0.16589522406900908,0.24136069114470843,0.2449409780775717,0.32041713526224314,0.3163254368099475,0.30291222313371613,0.3290983606557377,0.29089106729816055,0.3583359596596281,0.65232606010704,0.9222268557130943,1.0,0.878000872981231,0.677045036764706,0.5012076026462249,0.4027556968733439,0.2739081517848011,0.1942540322580645,0.3285589328668271,0.4591868566080899,0.6074074074074074,0.6741773563859454,0.6315717415115006,0.4331820474029249,0.3541306372222961,0.5434857934857934,0.6087574637475122,0.5844761382336808,0.6358203549438609,0.7361485474693023,0.701783723522854,0.39636363636363636,0.1802788844621514,0.29310344827586204,0.08571428571428572,0.023460410557184744,0.1238532110091743,0.3247422680412372,0.2982954545454546,0.10755148741418766,0.23140495867768596,0.08775981524249424,0,val
0.08320950965824667,0.17896678966789667,0.061212121212121204,0.014336917562724018,0.0647887323943662,0.03695710817372539,0.06655844155844157,0.01618984253714792,0.05005245017233628,0.09851005352234922,0.11019244476122594,0.13426219126029132,0.13099179501943287,0.07734350830153655,0.057177249473367435,0.07571748422552411,0.09988602217386801,0.24758441558441555,0.3330528087523669,0.48909287257019446,0.5583895446880269,0.6095491258562519,0.5578304212670169,0.45026661197703033,0.5311475409836065,0.7099900870139882,0.9042966698182584,1.0,0.8172435362802335,0.5143283264088634,0.3128546486250545,0.054342830882352935,0.11792502362700828,0.41939586645468996,0.6497903242303366,0.7368951612903226,0.8322764049857863,0.7393157949464491,0.675978835978836,0.5031790295593976,0.2731380065717415,0.20776601109430157,0.3629107356658241,0.6957726957726957,0.5864373045208985,0.4758639605046626,0.49601593625498,0.5360886492961965,0.5139353400222966,0.33454545454545453,0.16832669322709162,0.09770114942528733,0.09090909090909091,0.041055718475073305,0.05733944954128441,0.13402061855670105,0.18181818181818185,0.07322654462242563,0.11570247933884298,0.062355658198614314,0,train
-0.007429420505200594,0.11070110701107008,0.16606060606060605,0.08183990442054959,0.17505030181086517,0.18910169948745617,0.262987012987013,0.014859170547793297,0.15180578450472051,0.18559236221611458,0.25531004989308625,0.3703293223559215,0.3123650496617245,0.10941528307724038,0.0061189688032902,0.18206798290250356,0.345663661796705,0.4437402597402597,0.5179886387544709,0.5961123110151187,0.7280775716694772,0.8217973622329005,0.8508950584199808,0.8359310910582445,0.8923155737704918,0.9939420641039761,1.0,0.9638740222313709,0.8693703085904921,0.6012570576328966,0.18572675687472723,0.29193474264705876,0.3326682768035283,0.5087440381558028,0.7793801779687022,0.9355846774193549,0.8576426853269189,0.6055942601642925,0.43449735449735444,0.3125488008923592,0.31681270536692224,0.2754664649520928,0.41785286683517353,0.6398128898128899,0.42450952516349155,0.3052660449808009,0.15374864179645056,0.10751722072476791,0.16109253065774803,0.1478787878787879,0.0448207171314741,0.1364942528735632,0.1818181818181818,0.22873900293255126,0.05733944954128441,0.05927835051546393,0.02840909090909091,0.01601830663615561,0.08539944903581267,0.09468822170900693,0,test
0.07800891530460624,0.07011070110701106,0.25515151515151513,0.3381123058542413,0.14004024144869215,0.06285405988670084,0.09496753246753246,0.08627190064315811,0.1742844297916979,0.1709822074352669,0.2421952957947256,0.340880303989867,0.277529869008205,0.12075899762813241,0.07132109539572674,0.1395277834317118,0.28007460366801373,0.3886753246753246,0.5230380812118662,0.5607991360691145,0.6482925801011805,0.7273284940190164,0.6930003215778755,0.6938063986874488,0.7702868852459016,0.9049454785769356,0.9962180901355185,1.0,0.8833402835696413,0.636198998615106,0.24279790484504585,0.15418198529411767,0.23437992229339488,0.49189189189189186,0.711977089086632,0.8194556451612903,0.7855893286682704,0.6356452116044505,0.45513227513227505,0.3658672615727831,0.43099671412924423,0.3939737771053959,0.46880404416655574,0.6339223839223839,0.40460619846460055,0.23505211190345585,0.1256791017747193,0.09074573225516623,0.16276477146042362,0.1406060606060606,0.02390438247011952,0.10201149425287355,0.24675324675324672,0.020527859237536646,0.05504587155963303,0.13402061855670105,0.022727272727272735,0.013729977116704808,0.0881542699724518,0.04618937644341801,0,train
0.08098068350668648,0.10209102091020908,0.09878787878787879,0.18219832735961766,0.14647887323943662,0.16940922578904777,0.20752164502164505,0.0884896872920825,0.03191967630750787,0.152900332706495,0.2962223806129722,0.33074730842305256,0.3366920973081906,0.1236464886047231,0.06399839502457617,0.0954610217789538,0.20764687597140197,0.302025974025974,0.41258152745634336,0.4780777537796977,0.631956155143339,0.7743584500562315,0.7832565119519778,0.7729696472518457,0.8552254098360655,0.9252120277563608,0.9426410337220298,0.8605393165911899,0.7101751459549625,0.45136891445616273,0.09548232213007421,0.2926240808823529,0.445027827365326,0.6172760996290408,0.8039275851488188,0.9868951612903226,0.9237918215613383,0.6268066964749923,0.40941798941798935,0.2788622420524261,0.3124315443592552,0.41427130610186585,0.5766928295862711,0.7869022869022869,0.5629798123400626,0.34626988480526605,0.19630568634552698,0.11141060197663971,0.15942028985507245,0.12000000000000001,0.045816733067729085,0.11637931034482757,0.11168831168831167,0.10557184750733137,0.011467889908256881,0.0051546391752577345,0.11079545454545454,0.048054919908466824,0.07162534435261708,0.08083140877598154,0,train
0.11441307578008915,0.07995079950799507,0.2381818181818182,0.3434886499402628,0.20764587525150904,0.18667386026436472,0.5565476190476191,0.7558216899534264,0.7674209500974074,0.8349486474757704,0.844903777619387,0.6762191260291324,0.5051101194760329,0.26719604001237496,0.16089878623733575,0.02646041115408101,0.14879287120505647,0.4175584415584415,0.6791500105196718,0.7944924406047515,0.8471753794266441,0.8688273182701156,0.8500375174188016,0.9180680885972109,0.8697745901639343,0.7889635422403347,0.8628007143607522,0.8364553314121037,0.5614053377814846,0.3346116970278044,0.32769532955041464,0.4865579044117647,0.6319437152157933,0.7089560148383678,0.5567147386723945,0.5149193548387098,0.5148698884758365,0.36414682333368,0.35502645502645497,0.39442275515895153,0.3073658269441402,0.19351991931417045,0.2494346148729546,0.39275814275814275,0.22419675860108046,0.16607240811848603,0.15990583122057225,0.2545672356993112,0.19788182831661089,0.26545454545454544,0.0856573705179283,0.15804597701149423,0.14285714285714285,0.5161290322580645,0.22935779816513763,0.309278350515464,0.22159090909090912,0.3478260869565218,0.4380165289256198,0.18244803695150116,0,test
0.1151560178306092,0.26937269372693723,0.2793939393939394,0.38231780167264034,0.6177062374245472,0.20798489344483412,0.15232683982683984,0.22488356620093145,0.45257005844447773,0.39418486908722694,0.4199572344975053,0.44316022799240024,0.4101050813300706,0.23863050427967408,0.16561340154478885,0.11662935070221861,0.25427416847995027,0.4305454545454545,0.6466442247001895,0.7497840172786177,0.6795952782462056,0.4267457315202945,0.18876621288455356,0.27050861361771944,0.48504098360655734,0.7986562396739728,1.0,0.9215726636475916,0.8456005004170142,0.7573239586662406,0.577258838934963,0.5498621323529412,0.6664916517904022,0.6367779544250133,0.4941188503630971,0.3526209677419355,0.378088781981194,0.35666008110637415,0.3123809523809523,0.2865588399330731,0.45016429353778753,0.47629853756933943,0.4593587867500332,0.36313236313236313,0.14657378447540517,0.10943499725726824,0.126946758420862,0.15753219526804435,0.13433667781493866,0.14181818181818182,0.12151394422310757,0.15660919540229884,0.2831168831168831,0.25513196480938416,0.03669724770642202,0.04896907216494846,0.06534090909090909,0.10755148741418766,0.19834710743801653,0.03695150115473442,0,train
0.22585438335809807,0.12915129151291513,0.22484848484848485,0.33990442054958186,0.43380281690140843,0.36849204208254654,0.5468073593073594,0.343313373253493,0.35621159898096805,0.3585997396210039,0.38902352102637205,0.46310956301456613,0.30660716856196923,0.18500567185727543,0.17785133915136925,0.2692855688988398,0.42213242151072433,0.5789090909090908,0.6424363559856934,0.5511879049676025,0.4244308600337268,0.4672323893262448,0.5332833101082646,0.5160992616899098,0.704405737704918,0.9999999999999999,0.9541968694190567,0.5975710168793742,0.49040867389491244,0.3608181527644615,0.0,0.16636029411764708,0.17946025412160033,0.12972972972972974,0.15689884422624528,0.13588709677419356,0.1413732779357096,0.28137672870957686,0.3429629629629629,0.4728388176240937,0.47905257393209205,0.34757942511346446,0.16469336171344948,0.16510741510741508,0.17074210975263007,0.11313768513439387,0.1119159724737414,0.042228212039532795,0.06020066889632107,0.1503030303030303,0.10358565737051792,0.11781609195402298,0.37922077922077924,0.14076246334310846,0.009174311926605505,0.12113402061855671,0.03693181818181819,0.08924485125858124,0.14325068870523416,0.15704387990762125,0,train
0.12332838038632986,0.10270602706027059,0.16727272727272727,0.14516129032258063,0.15412474849094568,0.1548421904504991,0.14691558441558442,0.23198048347748942,0.3398771167390978,0.4254303486185448,0.6356379187455453,0.7921152628245726,0.6058730387217505,0.326595854387955,0.2846825157989768,0.3792998168125382,0.42182157289400063,0.36540259740259734,0.3780770039974753,0.4606911447084234,0.7123735244519391,0.9371229935589408,1.0000000000000002,0.982670221493027,0.9930327868852457,0.9075889415133825,0.8147914696921946,0.6868052696582956,0.43035863219349463,0.28422286140406944,0.22261021388040156,0.4090073529411764,0.3861178200147012,0.3281399046104928,0.12498721489209369,0.18578629032258065,0.31237699540782854,0.31028387230945204,0.5583068783068783,0.5915225878416063,0.3930722891566265,0.04942007060010086,0.41652254888918444,0.5867983367983368,0.5871481376172875,0.4990400438837082,0.3746830858384643,0.2572626534890686,0.334448160535117,0.32363636363636367,0.12450199203187251,0.038793103448275856,0.3402597402597402,0.3695014662756597,0.36926605504587157,0.3247422680412372,0.30397727272727276,0.2723112128146454,0.3112947658402204,0.14318706697459582,0,train
0.199851411589896,0.07195571955719555,0.061818181818181814,0.03285543608124253,0.16780684104627766,0.237928243862962,0.34983766233766234,0.23508538478598354,0.4239472501123932,0.47446839288297415,0.5565217391304348,0.7612412919569347,0.7273643299265872,0.42538929565845107,0.32149663958270636,0.28434764909423976,0.3043207957724588,0.2967272727272727,0.42436355985693247,0.6046436285097192,0.6884485666104554,0.8276249872201207,0.8337442383963984,0.8474159146841673,0.9116803278688523,0.9983478356647207,1.0,0.7472210786331823,0.44339032527105926,0.35272184936614465,0.36741597555652555,0.4905790441176471,0.39567363225874197,0.3055643879173291,0.05410657665950701,0.2827620967741935,0.40684452219549533,0.2897993137152959,0.25989417989417984,0.27127718906860016,0.024780941949616657,0.22919818456883512,0.46015697751762663,0.8049203049203049,0.6206994597668467,0.3539495337356007,0.2388627308946034,0.15124288709194372,0.06243032329988851,0.07151515151515152,0.04083665338645419,0.06178160919540229,0.2571428571428571,0.19941348973607037,0.006880733944954129,0.1237113402061856,0.0340909090909091,0.006864988558352403,0.22038567493112945,0.08545034642032333,0,train
0.4531946508172363,0.4323493234932349,0.26545454545454544,0.1642771804062127,0.042253521126760556,0.3086053412462908,0.2656926406926407,0.41273009536482586,0.48059343623557615,0.5362360769564589,0.6196721311475409,0.8543381887270425,0.7660860803224414,0.41971743838300507,0.30303942220884744,0.3388968043964991,0.3757123614133251,0.3636363636363636,0.5034714916894594,0.6974082073434125,0.7577993254637436,0.8529802678662713,0.8593632758066246,0.9216570959803118,0.9999999999999999,0.9627712303117081,0.9813005567811747,0.7282832441333882,0.39095079232693913,0.24555235964631938,0.30532518550851157,0.3775275735294118,0.31219153628058377,0.2809750927397986,0.06556203334356142,0.3673387096774194,0.46993221080253667,0.3228657585525632,0.1492063492063492,0.1048522030117122,0.11774370208105148,0.3233736762481089,0.5934548357057337,0.8187803187803188,0.4638896787034404,0.19514536478332423,0.07062658457080767,0.12159329140461216,0.173355629877369,0.10424242424242425,0.15338645418326693,0.050287356321839075,0.05194805194805194,0.22287390029325507,0.13990825688073394,0.22938144329896912,0.23579545454545459,0.1876430205949657,0.10743801652892562,0.10392609699769054,0,train
0.13075780089153047,0.09778597785977859,0.1993939393939394,0.16248506571087218,0.12756539235412476,0.08821149177232265,0.17613636363636367,0.18762475049900199,0.23737449423048101,0.34398958484015624,0.3712045616535995,0.454718176060798,0.4921548870015835,0.2814272455398577,0.26953556023673386,0.18776714838184408,0.15045073049424934,0.19314285714285712,0.3233747107090259,0.5131749460043196,0.7058389544688026,0.8280339433595747,0.8782291778325652,0.9507793273174733,0.9628073770491802,0.9999999999999999,0.9656476520642926,0.8624948538493207,0.780650542118432,0.6106317247256844,0.5313182016586644,0.4195772058823529,0.21904861913262624,0.2842607313195548,0.3441751048378848,0.425,0.4834900502952111,0.42975980035354067,0.3553439153439153,0.3177914110429448,0.21371851040525738,0.1422087745839637,0.2639350804842357,0.272002772002772,0.09382996872334376,0.17745474492594623,0.1443317638536762,0.015573525007487272,0.12987736900780378,0.18424242424242424,0.12450199203187251,0.05890804597701149,0.13506493506493505,0.3695014662756597,0.22477064220183485,0.07474226804123713,0.15056818181818185,0.23340961098398172,0.2231404958677686,0.06928406466512702,0,val
0.12778603268945024,0.2386223862238622,0.2236363636363636,0.010752688172043008,0.06881287726358148,0.13838683571621258,0.1931818181818182,0.11554668440895982,0.180128877566312,0.21727180674092292,0.20057020669992873,0.3537048765041165,0.42565136029940986,0.3118490254717954,0.2736483097602568,0.19275391817626705,0.08423997513211066,0.1567792207792208,0.3046496949295182,0.34406047516198707,0.3973440134907251,0.531540742255393,0.6192517954764714,0.7152378999179656,0.7800204918032786,0.7779491133384733,0.878873831284799,0.9569781803211198,0.8947039199332778,0.6624054543517631,0.6139240506329114,0.5831801470588236,0.48104588890055655,0.45193428722840484,0.22276772015955817,0.13356854838709678,0.15536846708943802,0.14131225954039722,0.3088888888888889,0.42598996095928615,0.3626779846659365,0.25453857791225415,0.1604363442862844,0.044178794178794174,0.04236565254478249,0.09476138233680746,0.14143426294820718,0.2327044025157233,0.205685618729097,0.06909090909090909,0.09063745019920319,0.17385057471264367,0.23896103896103899,0.09090909090909088,0.10779816513761466,0.1701030927835052,0.10795454545454547,0.09610983981693363,0.12672176308539945,0.11085450346420324,0,val
0.27414561664190196,0.25461254612546125,0.26121212121212123,0.2945041816009558,0.2080482897384306,0.3506878877798759,0.24972943722943727,0.16522510534486579,0.21924172036565262,0.342109069868364,0.39215965787598006,0.5015832805573147,0.46293364042032537,0.3792925647107353,0.3331327114053566,0.2127009973539589,0.17998134908299662,0.1945974025974026,0.303808121186619,0.4144708423326134,0.6283726812816188,0.6634290972293221,0.6791724729338622,0.7558449548810501,0.7689549180327867,0.6439035136028196,0.7240256329446371,0.7770687525730753,0.9602793994995829,1.0,0.8297686599738107,0.5921415441176471,0.5179040218418566,0.5062003179650238,0.2950802904776517,0.2839717741935484,0.2069757270938115,0.05999792034938131,0.19894179894179892,0.33753485778025655,0.4236035049288061,0.48234997478567826,0.4310230145004656,0.16042966042966042,0.16676144441285187,0.07761930883159628,0.13871785584932994,0.29020664869721474,0.32775919732441466,0.06060606060606061,0.11752988047808764,0.19109195402298848,0.09090909090909091,0.3020527859237536,0.0481651376146789,0.1443298969072165,0.27840909090909094,0.14874141876430205,0.14325068870523416,0.18706697459584293,0,test
0.21173848439821696,0.13222632226322262,0.2533333333333333,0.07945041816009557,0.35573440643863175,0.4615592123010521,0.2903138528138528,0.36482590374805934,0.3969728757680204,0.613192535802112,0.6977904490377762,0.8510132995566816,0.7478048078307185,0.38929565845106734,0.22208847427023773,0.16507225727661307,0.20184436845922704,0.24363636363636362,0.4960025247212288,0.665010799136069,0.8104974704890389,0.8752683774665168,0.7427376996462645,0.7555373256767843,0.7081967213114753,0.7012886881815177,0.861960289946423,0.9494648003293537,0.8277731442869057,0.5451155853840417,0.4235050196420777,0.44634650735294124,0.3951485876299485,0.31202967673555904,0.10882683849851693,0.14082661290322582,0.18707631751585393,0.20973276489549758,0.5043386243386243,0.5539319576129392,0.1548466593647317,0.2963943519919314,0.4543035785552747,0.7785862785862786,0.6573784475405174,0.27441031267142074,0.14034770010865627,0.36897274633123694,0.4364548494983277,0.10787878787878788,0.24800796812749,0.2744252873563218,0.14025974025974025,0.12316715542521992,0.1559633027522936,0.07989690721649487,0.0340909090909091,0.12128146453089245,0.18181818181818182,0.11085450346420324,0,train
0.29569093610698366,0.19372693726937265,0.42060606060606065,0.02986857825567503,0.39839034205231383,0.2311842460210413,0.2510822510822511,0.28077178975382566,0.345721564513712,0.3620714595689281,0.4397719173200285,0.6421785940468652,0.5035267021736002,0.3781581932556461,0.29431236834185975,0.3063301445145532,0.2565537250025904,0.27792207792207785,0.20134651798863873,0.5053995680345572,0.6629426644182124,0.62376035170228,0.5523635973845,0.6723748974569319,0.5885245901639344,0.8250908690384402,0.9906502783905874,0.9163235899547139,0.7920141784820683,0.6498348780227975,0.5619816673941511,0.7959558823529411,0.5839546361440722,0.25045045045045045,0.012887388769561213,0.17328629032258067,0.29389897222829653,0.4551315379016326,0.566031746031746,0.4519799219185722,0.6415662650602411,0.8980080685829552,0.8198749501130769,0.9811157311157311,0.8173158942280352,0.4927317608337905,0.45744295545092356,0.6885294998502546,0.7084726867335562,0.4315151515151515,0.3655378486055777,0.23419540229885055,0.07792207792207792,0.24046920821114362,0.25229357798165136,0.1778350515463918,0.15056818181818185,0.04118993135011442,0.11570247933884298,0.025404157043879903,0,train
0.052005943536404156,0.18573185731857317,0.31757575757575757,0.21087216248506568,0.21448692152917503,0.24898840032371197,0.26596320346320346,0.2965180749611887,0.365203057095759,0.5138145522927817,0.5562366357804704,0.6749525015832806,0.7514034835180654,0.4155924512735898,0.3312268030895777,0.33930388764502345,0.3188270645528961,0.2572467532467532,0.37534188933305285,0.6579913606911446,0.7523187183811129,0.6595440139045088,0.5393932897416659,0.5893150123051683,0.6397540983606557,0.8473400154202004,0.9809853976258011,0.9361877315767805,0.8368432026688908,0.5817620112922127,0.5369925796595374,0.7451746323529411,0.5775490916727921,0.32135665076841546,0.02996829293239235,0.3101814516129032,0.3541438880384868,0.3637308932099408,0.5617989417989417,0.45867261572783047,0.3684282584884994,0.5467725668179527,0.5723027803645071,0.8369715869715869,0.7227750924083025,0.26769061985737796,0.27870336834480264,0.610062893081761,0.5875139353400222,0.30424242424242426,0.3555776892430279,0.24137931034482757,0.03636363636363636,0.2668621700879765,0.2798165137614679,0.08762886597938147,0.11079545454545454,0.06178489702517164,0.08264462809917354,0.062355658198614314,0,train
0.05274888558692421,0.2447724477244772,0.40424242424242424,0.3763440860215054,0.32474849094567404,0.22012408956029136,0.24945887445887446,0.4619649589709469,0.3583096058744193,0.39910313901345296,0.5271560940841056,0.7777074097530083,0.6789981286886426,0.3974425079921625,0.35550205637476173,0.3343171178506005,0.28173246295720655,0.267012987012987,0.4057437407952872,0.704535637149028,0.8047006745362562,0.8060525508639199,0.6425125951334548,0.6880639868744872,0.7692622950819672,0.8554906928075778,1.0,0.9939275421984355,0.8741659716430358,0.6252263769042292,0.588607594936709,0.6897977941176472,0.4720151212853092,0.26952835188129304,0.007875626470287406,0.330241935483871,0.3078941613820249,0.38993449100551114,0.6215873015873016,0.5326268823201339,0.3084611171960569,0.5850983358547656,0.6393508048423573,0.8525641025641025,0.7526300824566391,0.303894679100384,0.2537124230351322,0.5654387541179995,0.527870680044593,0.16242424242424242,0.30876494023904383,0.32183908045977005,0.1896103896103896,0.39002932551319636,0.36467889908256884,0.015463917525773196,0.30113636363636365,0.07551487414187644,0.11570247933884298,0.027713625866050806,0,test
0.18127786032689452,0.2318573185731857,0.296969696969697,0.38769414575866185,0.4961770623742454,0.5360129484758566,0.6033549783549784,0.5471279662896429,0.5155102652480144,0.8277158975842616,0.9049180327868852,0.8617796073464218,0.7184396142219663,0.31566463854800453,0.19771291002106528,0.2741705678811317,0.26815874002694023,0.3167792207792207,0.5738480959394068,0.7328293736501079,0.8902824620573355,0.8105510683979142,0.690106120698896,0.7311320754716981,0.713217213114754,0.8076880713734992,0.8862275449101797,0.9814738575545492,0.8101542952460383,0.4511558538404176,0.296922741161065,0.2724034926470589,0.20004200357030344,0.28606253312135665,0.14851181343970546,0.3100806451612903,0.16597419636999783,0.3127794530518873,0.5911111111111111,0.4374790853318461,0.11240416210295728,0.4532274331820474,0.619263003857922,0.8276160776160776,0.5,0.12616566099835436,0.22220210068815646,0.5345911949685535,0.6047937569676699,0.36363636363636365,0.3446215139442231,0.2212643678160919,0.503896103896104,0.39296187683284456,0.1605504587155963,0.10051546391752578,0.11363636363636365,0.05491990846681923,0.14876033057851237,0.11778290993071594,0,test
0.23402674591381878,0.38068880688806883,0.22181818181818183,0.11887694145758661,0.14527162977867203,0.24575128135958998,0.3392857142857143,0.3976491461521401,0.3734452270343174,0.5676262114856069,0.7010691375623663,0.8082647245091831,0.7729955376421478,0.37558007631226153,0.2928077038820343,0.2964583757378384,0.27686250129520257,0.24353246753246752,0.520618556701031,0.7766738660907127,0.8683600337268127,0.86371536652694,0.6898917354486012,0.6832444626743233,0.7220286885245901,0.8669456988655138,1.0,0.9810621655002059,0.8940783986655546,0.5789922232875253,0.48581405499781755,0.5706571691176471,0.43148167594245507,0.28574456809750926,0.05635675565101769,0.21864919354838708,0.13678110649464248,0.3717375480919206,0.6042328042328042,0.5570552147239264,0.2684830230010953,0.543872919818457,0.5051217240920579,0.7487872487872487,0.6954791015069662,0.26069665386725177,0.17022817819630567,0.4085055405810123,0.5050167224080268,0.17454545454545453,0.32768924302788843,0.18390804597701146,0.03636363636363636,0.16422287390029322,0.2018348623853211,0.09278350515463919,0.15340909090909094,0.10983981693363846,0.0881542699724518,0.12009237875288684,0,train
0.13670133729569095,0.11377613776137759,0.24,0.15710872162485062,0.24869215291750502,0.3946587537091989,0.38014069264069267,0.29829230428032816,0.43353813876817027,0.5382612469260813,0.4528866714183892,0.5435402153261558,0.5410968763495034,0.3132927709600907,0.331026181161601,0.28902910645226954,0.20464200600973992,0.10451948051948051,0.3109614980012623,0.3982721382289417,0.4614249578414839,0.35354258255802073,0.3974702540465217,0.47333880229696473,0.6113729508196721,0.697764070932922,0.6453408971530624,0.7621449156031289,0.789512093411176,0.8484073718973049,0.9592972501091227,0.7588465073529412,0.4593090412685078,0.33884472708002117,0.12099826122532475,0.10756048387096773,0.11830308331511044,0.14942289695331185,0.33841269841269833,0.5941996653653095,0.7705366922234392,0.6330055471507818,0.7332712518291872,0.870928620928621,1.0,0.809654415798135,0.7368706990220933,0.8268942797244685,0.882943143812709,0.6181818181818182,0.053784860557768925,0.09339080459770113,0.509090909090909,0.2727272727272727,0.06422018348623852,0.06443298969072166,0.16761363636363638,0.19221967963386727,0.19008264462809918,0.08314087759815242,0,train
0.2548291233283804,0.16789667896678964,0.05333333333333333,0.30346475507765824,0.2732394366197183,0.15187483140005398,0.25351731601731603,0.3140385894876912,0.3010639892102503,0.3400838998987415,0.3719173200285104,0.42732742241925264,0.3559809989923708,0.3005053109209033,0.2771591934998495,0.24140036637492368,0.16899803129209412,0.16145454545454543,0.2453187460551231,0.2705183585313175,0.3153456998313659,0.3174522032512013,0.3801050487726445,0.46410992616899094,0.46803278688524586,0.595219737856592,0.8249816157159366,0.9442157266364759,1.0,0.8322147651006712,0.5501964207769534,0.5044806985294118,0.4959571563582904,0.3980922098569157,0.17561624220108418,0.14506048387096776,0.18139077192215178,0.14068836435478843,0.0658201058201058,0.22777467930842163,0.4596111719605695,0.5538325769036814,0.524012238925103,0.3516978516978517,0.28575490474836507,0.29991771804717504,0.33321260412893877,0.4423480083857443,0.5412486064659977,0.2715151515151515,0.150398406374502,0.13218390804597702,0.04935064935064934,0.020527859237536646,0.1055045871559633,0.22164948453608252,0.01704545454545455,0.1899313501144165,0.30027548209366384,0.10623556581986142,0,train
0.0475482912332838,0.16482164821648215,0.1412121212121212,0.10692951015531658,0.057947686116700196,0.19665497707040738,0.39366883116883117,0.25881570192947434,0.21189869623857338,0.27860552582091713,0.3814682822523165,0.4525015832805573,0.3683604433568447,0.2345055171702588,0.18447186277460126,0.13128434764909425,0.11480675577660347,0.2134025974025974,0.29086892488954347,0.3173866090712743,0.299641652613828,0.2945506594417749,0.3476256833529854,0.5159967186218212,0.6320696721311475,0.7474391452803172,0.8691038974682215,1.0,0.9797748123436196,0.6771066368381804,0.49006983849847235,0.5303308823529412,0.5126535755539221,0.3847376788553259,0.1662064027820395,0.10776209677419354,0.13328230920621037,0.09649578870749713,0.12444444444444444,0.27094255437813725,0.3755476451259584,0.5617750882501261,0.5035253425568711,0.21985446985446988,0.20742109752630083,0.14975315414152499,0.2689243027888446,0.414794848757113,0.399108138238573,0.21333333333333335,0.19820717131474105,0.11925287356321837,0.2545454545454545,0.24046920821114362,0.03211009174311927,0.09793814432989693,0.05113636363636364,0.15102974828375287,0.162534435261708,0.027713625866050806,0,val
0.09881129271916791,0.14329643296432962,0.08181818181818182,0.26045400238948624,0.36539235412474846,0.35311572700296734,0.386904761904762,0.25770680860501216,0.23108047355012734,0.2502531462462028,0.2899501069137563,0.3931285623812539,0.4124082337699727,0.27977725069609155,0.22018256595445881,0.16110319560350092,0.21863019376230441,0.28311688311688304,0.32379549758047554,0.3826133909287257,0.39586846543001686,0.3594724465801043,0.419551934826884,0.5994667760459393,0.7152663934426228,0.7351029849102323,0.8640613509822462,1.0,0.9807130942452045,0.700330243954405,0.5855521606285465,0.4352022058823529,0.3443242675627428,0.32337042925278214,0.17602536565408614,0.13245967741935485,0.1442160507325607,0.09275241759384424,0.13322751322751322,0.2645844952593419,0.2598576122672508,0.3430408472012103,0.2145802846880404,0.2312889812889813,0.2809212396929201,0.16922654964344488,0.28141977544367985,0.3165618448637317,0.27313266443701223,0.11757575757575758,0.22211155378486055,0.15517241379310343,0.26753246753246757,0.1348973607038123,0.0389908256880734,0.18814432989690727,0.08806818181818182,0.09839816933638444,0.05785123966942149,0.03464203233256351,0,test
0.09732540861812779,0.12546125461254612,0.1618181818181818,0.3213859020310633,0.15372233400402413,0.17885082276773673,0.3603896103896104,0.16034597471723216,0.13232429192267348,0.1987559670186605,0.30634354953670706,0.4032615579480684,0.3903843385634087,0.2766835103640301,0.3167820242752533,0.17606350498676981,0.14309397989845613,0.1923116883116883,0.2033452556280244,0.2601511879049676,0.3783726812816189,0.36693589612514066,0.4528888412477222,0.6197703035274815,0.7457991803278687,0.778059257627492,0.8770879294043493,0.9912515438452039,0.9189949958298582,0.6783850005326516,0.6203622872108251,0.5359604779411765,0.3616507403129266,0.35103338632750397,0.20047049197095224,0.11743951612903225,0.13568773234200746,0.1292502859519601,0.20624338624338623,0.2544339096486336,0.28436473165388826,0.3352244074634393,0.1575096448051084,0.20045045045045043,0.2059994313335229,0.2582281952825014,0.3538572980804056,0.4468403713686733,0.2848383500557413,0.18787878787878787,0.18824701195219123,0.19683908045977008,0.14285714285714285,0.20821114369501464,0.1834862385321101,0.08247422680412372,0.15056818181818185,0.12128146453089245,0.12947658402203854,0.04157043879907621,0,train
0.21545319465081725,0.15129151291512913,0.09212121212121212,0.2514934289127837,0.33078470824949696,0.2538440787698948,0.26812770562770566,0.25548902195608775,0.16274539187771617,0.19383769709243454,0.25673556664290803,0.3641545281823939,0.36015546278969346,0.26090543467051663,0.18607683819841508,0.1346427844494199,0.18764894829551343,0.21215584415584413,0.2624658110666947,0.2808855291576674,0.34506745362563235,0.3820672732849402,0.4889055632972452,0.6834495488105005,0.7815573770491803,0.8168300473620442,0.9158525055152854,1.0,0.8947039199332778,0.6224565888995419,0.5985377564382367,0.4539292279411765,0.2646224929118975,0.2206677265500795,0.16804745832054824,0.08487903225806451,0.1616006997594577,0.14141624207133202,0.2164021164021164,0.24595649749023982,0.29545454545454547,0.39435199193141707,0.22415857389916188,0.11694386694386695,0.16860961046346318,0.2513713658804169,0.3400941687794277,0.333632824198862,0.17279821627647712,0.17333333333333334,0.13745019920318724,0.1364942528735632,0.14805194805194805,0.0967741935483871,0.13990825688073394,0.0025773195876288672,0.14488636363636367,0.07322654462242563,0.0,0.11316397228637412,0,train
0.02303120356612184,0.16051660516605165,0.12484848484848485,0.3004778972520908,0.34446680080482894,0.27785271108713244,0.1820887445887446,0.20825016633399862,0.227483890304211,0.2409952263850716,0.307056307911618,0.3920202659911336,0.39585432560817624,0.2437867381664432,0.1854749724144849,0.12650111947893347,0.17397160915967258,0.2325194805194805,0.24026930359772775,0.2814254859611231,0.34970489038785835,0.38687250792352523,0.47625683352985315,0.6780147662018048,0.7428278688524589,0.7624187685868486,0.8971530622964599,1.0,0.884070058381985,0.6283157558325344,0.6111959842863378,0.46633731617647056,0.2594770555497217,0.1607843137254902,0.12938529201186458,0.07268145161290324,0.155149792258911,0.10387854840386813,0.21132275132275133,0.2056887897378695,0.22042716319824754,0.34316691880988404,0.18318478116269785,0.11867636867636869,0.09439863520045494,0.2283324190894131,0.3272365085114089,0.3728661275831087,0.28762541806020064,0.05333333333333334,0.18426294820717132,0.08477011494252873,0.12987012987012986,0.1847507331378299,0.13073394495412843,0.20103092783505158,0.0965909090909091,0.048054919908466824,0.0909090909090909,0.002309468822170903,0,train
0.13224368499257058,0.07072570725707256,0.2212121212121212,0.04181600955794504,0.18390342052313882,0.20447801456703538,0.2673160173160173,0.17631403858948766,0.147010340176832,0.22479386662809198,0.26671418389166074,0.3934452184927169,0.27652223981574786,0.14994328142724553,0.2015247266526231,0.16527579890087524,0.10040410320174077,0.19584415584415585,0.19608668209551866,0.2556155507559395,0.3577150084317032,0.3488395869542992,0.4435630828598993,0.6442780968006563,0.7758196721311474,0.8232184161251238,0.9138564975312534,0.9762247838616716,0.8891784820683903,0.6827527431554278,0.6567001309471847,0.5359604779411765,0.35976057964927016,0.2964493905670376,0.137260918482152,0.09122983870967744,0.20216488082221737,0.19340750753873348,0.24645502645502645,0.21751254880089235,0.28450164293537783,0.3905698436712053,0.2809631501928961,0.17169092169092168,0.08444697185100938,0.2660449808008777,0.3507787033683448,0.32404911650194673,0.18729096989966554,0.21454545454545454,0.20816733067729082,0.17385057471264367,0.23116883116883116,0.10557184750733137,0.07798165137614678,0.09278350515463919,0.07102272727272728,0.07551487414187644,0.03305785123966942,0.023094688221709007,0,train
0.27265973254086184,0.06273062730627306,0.15272727272727274,0.11887694145758661,0.13279678068410464,0.10115996762881038,0.275974025974026,0.36216455976935014,0.29222238873070583,0.3295240850571387,0.33542409123307204,0.4453768207726409,0.38563408665611054,0.20841497370320716,0.11375263316280469,0.1999796458375738,0.17749456014920734,0.1918961038961039,0.2889753839680202,0.3876889848812095,0.4805016863406408,0.5853184745935999,0.6867831493193268,0.7581009023789992,0.8850409836065574,0.9681683004736202,0.9873936337850616,0.9806504734458625,0.9441201000834029,0.8446788111217641,0.6520078568310783,0.34386488970588236,0.3518849102173684,0.3171171171171171,0.1133271964815383,0.03629032258064516,0.0965449376776733,0.1712592284496205,0.13174603174603175,0.09380925822643615,0.0966593647316539,0.25895108421583457,0.32153784754556336,0.28257103257103255,0.10932613022462324,0.09914975315414154,0.16515755161173487,0.2431865828092243,0.2764771460423634,0.12242424242424242,0.08864541832669323,0.10057471264367815,0.19480519480519481,0.043988269794721396,0.1559633027522936,0.09278350515463919,0.19318181818181823,0.09382151029748285,0.05785123966942149,0.01847575057736721,0,test
0.07726597325408618,0.08302583025830257,0.1781818181818182,0.18936678614097968,0.27645875251509056,0.18100890207715137,0.1701839826839827,0.2330893768019516,0.24306908436984864,0.2968320555475192,0.29992872416250893,0.45883470550981637,0.4350079170865122,0.2726616479323502,0.22248971812619117,0.22236922450641156,0.18588747280074602,0.26638961038961034,0.4632863454660215,0.5817494600431965,0.7397765598650927,0.7666905224414682,0.7247293386215029,0.8639253486464314,0.9290983606557376,0.9819363366009471,1.0,0.9583161794977357,0.8667639699749791,0.6657078938958134,0.4822130074203404,0.3304227941176471,0.2770135461514229,0.18622151563328035,0.08141556714738674,0.02389112903225806,0.04428165318171878,0.05448684620983675,0.06973544973544973,0.13139988845510317,0.0417579408543264,0.17889561270801815,0.32858853265930554,0.483021483021483,0.38512937162354277,0.31308283049917723,0.32922854038391886,0.35489667565139266,0.3043478260869565,0.26545454545454544,0.20318725099601595,0.15948275862068964,0.22857142857142854,0.17888563049853368,0.01834862385321101,0.0541237113402062,0.14488636363636367,0.032036613272311214,0.06336088154269971,0.053117782909930716,0,train
0.018573551263001486,0.006765067650676506,0.15454545454545454,0.2341696535244922,0.35331991951710257,0.19260857836525497,0.22889610389610393,0.2579285872699046,0.27304061141915176,0.3021842904672356,0.3127583749109052,0.5142495250158329,0.4498344609183821,0.24141487057852945,0.17564449794362524,0.19265214736413597,0.20194798466480157,0.3293506493506493,0.6021460130443931,0.7046436285097192,0.8256745362563238,0.8229219916163991,0.8248472505091651,0.9392945036915504,0.949795081967213,0.9780812864852956,0.9972686206534301,1.0,0.8994995829858214,0.6174496644295302,0.36828895678742907,0.2876838235294118,0.16412895096083163,0.15272919978802332,0.1581262145852511,0.10685483870967744,0.04253225453750273,0.058022252261620055,0.022645502645502642,0.024986056887897377,0.029025191675794086,0.1275844679778114,0.2539576958893175,0.38617463617463615,0.31319306226897925,0.3106143719144268,0.3198116624411445,0.3285414794848758,0.3110367892976589,0.17212121212121212,0.2798804780876494,0.21839080459770113,0.13246753246753246,-0.002932551319648098,0.03669724770642202,0.1443298969072165,0.05965909090909092,0.13729977116704806,0.04407713498622589,0.05080831408775982,0,test
0.2533432392273403,0.2552275522755227,0.2963636363636364,0.11469534050179213,0.20764587525150904,0.036687348260048554,0.25027056277056275,0.20714127300953644,0.18942005095159598,0.2392593664111095,0.2701354240912331,0.38188727042431914,0.3345328918957824,0.20810559967000103,0.15287390911826662,0.17311215143496844,0.21116982696093672,0.30857142857142855,0.4985272459499264,0.641900647948164,0.7645446880269813,0.7881607197628053,0.779183192196377,0.9106849876948319,0.9485655737704917,0.9818261923119286,1.0,0.9455537258130918,0.8162010008340284,0.6007244060935336,0.4036446966390223,0.322265625,0.22902446707970175,0.2102808691043985,0.13961337833691317,0.04848790322580645,0.0652744369123114,0.13694499324113552,0.0855026455026455,0.12046848856664809,0.003559693318729469,0.16048915784165405,0.3100971132100572,0.42758142758142753,0.27864657378447544,0.27221612726275374,0.28431727634914883,0.2758310871518419,0.30602006688963207,0.23515151515151517,0.16533864541832669,0.17097701149425285,0.05714285714285715,0.03225806451612903,0.11009174311926605,0.025773195876288665,0.0625,0.032036613272311214,0.07162534435261708,0.04849884526558892,0,train
0.15824665676077268,0.19188191881918817,0.24666666666666665,0.20370370370370366,0.2849094567404426,0.175343943889938,0.22943722943722944,0.24085163007318694,0.21564513711973624,0.2683350209749747,0.3314326443335709,0.45345155161494616,0.3162516194040593,0.16964009487470352,0.14033503861972113,0.1600854874821901,0.1483784063827583,0.25735064935064933,0.4778034925310331,0.5859611231101511,0.7487352445193929,0.8083018096309171,0.7634258762997107,0.8757178014766203,0.8783811475409835,0.9416235268201342,1.0,0.9731370934540964,0.8379899916597164,0.5899648449984021,0.41684853775643826,0.3172104779411765,0.25118135041478523,0.19130895601483835,0.10054208857522758,0.019254032258064515,0.025038268095342237,0.0914006446916918,0.07037037037037036,0.098159509202454,0.0,0.14384770549672213,0.27417852866835174,0.35585585585585583,0.2669889110036963,0.28071859572133845,0.3107569721115538,0.3201557352500749,0.26588628762541805,0.20606060606060608,0.18525896414342627,0.11925287356321837,0.17142857142857143,0.2140762463343108,0.06192660550458716,0.05154639175257733,0.07102272727272728,0.022883295194508012,0.09366391184573003,0.12471131639722863,0,train
0.0676077265973254,0.45387453874538736,0.21333333333333335,0.09976105137395459,-0.001609657947686114,0.11572700296735908,0.2913961038961039,0.22444000887114654,0.23272890753783904,0.3005930854911037,0.4054169636493229,0.41893603546548447,0.3559809989923708,0.20975559451376713,0.1863777710903802,0.16578465296153064,0.20194798466480157,0.34701298701298694,0.6026719966337051,0.7041036717062634,0.7822512647554805,0.8001226868418362,0.7927966555900955,0.9151968826907301,0.931045081967213,0.9517568014098469,1.0,0.9812680115273775,0.8628023352793994,0.6144668158090977,0.38356612832824094,0.32605698529411764,0.24761104693898978,0.2332803391626921,0.2145852510995193,0.11895161290322581,0.03739339602011808,0.03306644483726734,0.1092063492063492,0.14199665365309536,0.010679079956188386,0.05206757438224912,0.19635492882798988,0.3018018018018018,0.221069092976969,0.22641250685682943,0.21387178558493297,0.215633423180593,0.1789297658862876,0.06787878787878787,0.20119521912350596,0.18390804597701146,0.2545454545454545,0.26099706744868034,0.05275229357798164,0.05154639175257733,0.0965909090909091,0.09382151029748285,0.15426997245179064,0.06697459584295612,0,test
0.0787518573551263,0.2343173431734317,0.19030303030303028,0.011947431302270009,0.25794768611670016,0.33045589425411387,0.4310064935064935,0.40918163672654684,0.3679004945301963,0.43396499349052503,0.44775481111903065,0.5544648511716277,0.41327191593493595,0.17046509229658657,0.13582104524024477,0.1994707917769184,0.2496114392290954,0.4364675324675324,0.6304439301493795,0.6926565874730021,0.7902613827993255,0.7877517636233514,0.8706185014471005,1.0,0.9861680327868853,0.9420641039762087,0.9447420947578529,0.9294977356937011,0.8254795663052544,0.5965697240865026,0.359013531209079,0.27780330882352944,0.164338968812349,0.20964493905670376,0.20456172650097168,0.12570564516129035,0.018587360594795543,0.024435894769678695,0.10677248677248677,0.1403234802007808,0.06653888280394304,0.12594553706505293,0.21803911134761203,0.33194733194733195,0.29641740119419957,0.3202139330773451,0.35566823614632376,0.38933812518718186,0.3528428093645484,0.22181818181818183,0.1364541832669323,0.19683908045977008,0.18441558441558442,0.06158357771260996,0.05963302752293578,0.16752577319587633,0.10511363636363638,0.013729977116704808,0.03856749311294766,0.18244803695150116,0,train
0.23031203566121847,0.15498154981549814,0.23212121212121212,0.3058542413381123,0.1806841046277666,0.26301591583490697,0.45346320346320346,0.3608338877799955,0.25625655627154204,0.3568638796470418,0.40784034212401993,0.5251741608613046,0.4220526846120628,0.17448695472826647,0.1754438760156485,0.26786077752900467,0.2612164542534452,0.37340259740259735,0.5370292446875657,0.6691144708423326,0.7859401349072512,0.7394949391677742,0.8073748526101405,0.9242206726825267,0.8780737704918031,0.8693688732239232,0.9265679167979831,0.9953684643886374,0.8515429524603837,0.5812293597528497,0.37669140113487565,0.23667279411764705,0.12265042528614932,0.0983571807101219,0.07497187276260613,0.0,0.038377432757489616,0.057502339606946035,0.05153439153439152,0.10317902955939766,0.0702354874041621,0.12153303076147252,0.2612744445922575,0.3908523908523908,0.25789024736991756,0.2759188151398793,0.305686345526983,0.31057202755315966,0.2792642140468227,0.16484848484848483,0.1294820717131474,0.15373563218390804,0.0883116883116883,0.12316715542521992,0.11697247706422019,0.10309278350515466,0.11931818181818181,0.04347826086956523,0.011019283746556474,0.05773672055427251,0,train
0.1835066864784547,0.2287822878228782,0.2866666666666667,0.4719235364396654,0.421327967806841,0.26625303479902884,0.356060606060606,0.5056553559547571,0.4432788850591938,0.5502676117459858,0.5151817533856023,0.4865421152628246,0.39470274938822525,0.15334639579251313,0.1713311264921256,0.19143089761856302,0.18018858149414568,0.23927272727272722,0.20408163265306123,0.11868250539956805,0.24135750421585161,0.6086289745424803,0.7872226390824312,0.8270098441345366,0.8401639344262294,0.8341227007379667,0.9125958609097595,1.0,0.780650542118432,0.506871204857782,0.6536446966390224,0.7009420955882353,0.4706500052504462,0.2080551139374669,0.07844942211312264,0.035685483870967746,0.14837087251257383,0.16595611937194554,0.15587301587301586,0.10105967651979922,0.18373493975903615,0.06669188098840143,0.08487428495410401,0.240990990990991,0.09070230309923229,0.07967635765222161,0.11608113002535314,0.3126684636118599,0.40802675585284276,0.3333333333333333,0.1454183266932271,0.11206896551724138,0.10389610389610388,0.09384164222873898,0.07339449541284404,0.23711340206185572,0.14488636363636367,0.10983981693363846,0.17630853994490356,0.22401847575057737,0,train
0.12035661218424963,0.20910209102091018,0.09272727272727271,0.07108721624850657,0.12595573440643865,0.4084165093067171,0.5397727272727274,0.3630516744289199,0.3256406413906789,0.360335599594966,0.3964362081254455,0.4270107663077897,0.30099323448970783,0.07435289264721048,0.17755040625940416,0.2074089151231427,0.2469174178841571,0.25838961038961034,0.16200294550810018,0.10799136069114469,0.38132377740303536,0.6809119721909824,0.7984778647229072,0.8413658736669402,0.8892418032786884,0.9228989976869698,0.9986343103267151,1.0,0.8023352793994996,0.5950782997762863,0.6066128328240943,0.5908777573529412,0.38674787356925333,0.13354531001589826,0.06402782039480413,0.0532258064516129,0.06757052263284496,0.10689404180097743,0.13428571428571429,0.11132180702732851,0.11514238773274918,0.12355017650025214,0.26300385792204334,0.23198198198198197,0.1282342905885698,0.14879319802523314,0.27544367982615,0.40820604971548374,0.47826086956521735,0.3515151515151515,0.20219123505976094,0.1479885057471264,0.24155844155844153,0.5513196480938416,0.05045871559633028,0.2448453608247423,0.17613636363636367,0.25629290617848977,0.5289256198347108,0.348729792147806,0,test
0.22139673105497776,0.05842558425584255,0.1715151515151515,0.30227001194743125,0.2736418511066398,0.2271378473158889,0.25892857142857145,0.21312929696163227,0.13112543084070133,0.28366845074497327,0.3931575196008553,0.5049081697276758,0.4039153591478336,0.11642776116324635,0.12077440064199016,0.13962955424384288,0.1608123510517045,0.2134025974025974,0.1710498632442668,0.17872570194384452,0.29089376053962895,0.5858296697679174,0.8179869224997321,0.9020713699753896,0.9885245901639342,0.9903073025663617,0.9420107154112828,1.0,0.9053377814845704,0.7242995632257377,0.7866652116979486,0.7712545955882354,0.5068780846371941,0.2033916269210387,0.07210800859159251,0.12268145161290325,0.08834463153291058,0.08765727357803889,0.14402116402116402,0.015950920245398775,0.1645673603504929,0.0968229954614221,0.15285353199414659,0.29348579348579346,0.13562695479101505,0.010970927043335164,0.1430641072075335,0.3758610362383948,0.3606465997770345,0.21696969696969695,0.05079681274900399,0.06896551724137931,0.22857142857142854,0.36363636363636354,0.11926605504587155,0.1469072164948454,0.08806818181818182,0.06636155606407323,0.1680440771349862,0.14087759815242495,0,train
0.3692421991084696,0.2650676506765067,0.09999999999999999,0.13978494623655913,0.10905432595573442,0.28459670892905314,0.33116883116883117,0.24861388334442225,0.16529297167690693,0.3379140749312889,0.3405559515324305,0.33850538315389483,0.24384626457463657,0.07321852119212127,0.06540274852041328,0.13647465906777936,0.14236866645943425,0.20405194805194804,0.1544287818220072,0.0707343412526998,0.27951096121416524,0.5795930886412433,0.7460606710258335,0.8434167350287121,0.940983606557377,0.9984579799537393,0.9683790314108626,1.0,0.8571726438698916,0.6781719399169064,0.7895024006983852,0.7928538602941178,0.4956421295810144,0.16682564917859036,0.0894957553441751,0.13770161290322583,0.07817625191340477,0.10990953519808673,0.16105820105820104,0.013720022308979365,0.15470974808324206,0.034291477559253665,0.07143807369961419,0.22678447678447675,0.12937162354279214,0.10381239714755898,0.19177834118073162,0.3009883198562444,0.298216276477146,0.28484848484848485,0.15438247011952191,0.21120689655172412,0.06233766233766233,0.11730205278592373,0.11697247706422019,0.21391752577319592,0.3892045454545455,0.3089244851258582,0.209366391184573,0.05773672055427251,0,train
0.20653789004457654,0.21340713407134068,0.2878787878787879,0.3285543608124253,0.03501006036217303,0.3339627731319126,0.3874458874458874,0.23641605677533817,0.2682451670912633,0.3125994503110082,0.3665003563791875,0.4078530715642812,0.20066215632647186,0.0,0.06439963888052963,0.1304701811520456,0.17832348979380375,0.23584415584415583,0.24552913949084787,0.38369330453563716,0.5452150084317031,0.6922605050608321,0.7047915103440884,0.7561525840853158,0.9223360655737705,0.9999999999999999,0.9977938859123859,0.8247221078633182,0.6905754795663053,0.6954298497922659,0.699585333915321,0.5235523897058824,0.22125380657355875,0.08023317435082142,0.05656131737751867,0.02862903225806452,0.13350098403673738,0.14973484454611624,0.09968253968253968,0.07216954824316789,0.018072289156626502,0.16527987897125565,0.20646534521750698,0.26819126819126815,0.1875177708274097,0.1350795392210642,0.2278160086925027,0.28571428571428575,0.2725752508361204,0.2921212121212121,0.04183266932270916,0.10488505747126436,0.10649350649350649,0.3372434017595307,0.05733944954128441,0.07474226804123713,0.08806818181818182,0.1739130434782609,0.09641873278236913,0.09699769053117782,0,train
0.17459138187221399,0.2195571955719557,0.07333333333333332,0.12783751493428913,0.053923541247484906,0.059886700836255725,0.16829004329004332,0.29784874695054336,0.25295968829611865,0.3125994503110082,0.34112615823235926,0.3492716909436352,0.21318554771843964,0.006496854697329066,0.12749523522921058,0.15733767555465095,0.18941042379028084,0.2909090909090909,0.3387334315169367,0.4116630669546436,0.546795952782462,0.7338717922502812,0.7922606924643586,0.8807424118129615,0.9418032786885245,0.9999999999999999,0.9343418426305286,0.7532935364347467,0.7000625521267724,0.8250772344732076,0.7791357485814056,0.4782858455882353,0.1300010500892576,0.14170641229464762,0.14503426408918893,0.18034274193548389,0.2519134047671113,0.13829676614328795,0.05841269841269841,0.06313441160066927,0.06667579408543264,0.2546646495209279,0.3332446454702674,0.32259182259182256,0.20457776514074494,0.20159078442128361,0.1794639623324882,0.012279125486672659,0.0858416945373467,0.1406060606060606,0.1802788844621514,0.19109195402298848,0.3220779220779221,0.10557184750733137,0.06422018348623852,0.14175257731958765,0.10511363636363638,0.07551487414187644,0.1652892561983471,0.2517321016166282,0,test
