x_minimum,x_maximum,y_minimum,y_maximum,pixels_areas,x_perimeter,y_perimeter,sum_of_luminosity,minimum_of_luminosity,maximum_of_luminosity,length_of_conveyer,typeofsteel_a300,typeofsteel_a400,steel_plate_thickness,edges_index,empty_index,square_index,outside_x_index,edges_x_index,edges_y_index,outside_global_index,logofareas,log_x_index,log_y_index,orientation_index,luminosity_index,sigmoidofareas,target,split
0.024881516587677725,0.02661147250147842,0.020771833686635658,0.02077431539187913,0.00173596326308687,0.0014358188953766634,0.002369015481240703,0.0020679545212197842,0.37438423645320196,0.33023255813953495,0.8112874779541448,1,0,0.15384615384615385,0.050040192926045016,0.2558533742981248,0.1749521024503378,0.005152149412332957,0.4628652597402597,1.0,1.0,0.43531242959837796,0.22828436018957346,0.3859158898255336,0.9115833460734852,0.4312004875076173,0.5257661748013621,1,val
0.3821090047393365,0.3820224719101124,0.19902923041106274,0.19903023841479284,0.000694385305234748,0.0007657700775342204,0.0015977081152553578,0.0009616808113490586,0.41379310344827586,0.39999999999999997,0.8112874779541448,1,0,0.15384615384615385,0.768388263665595,0.4018434156160611,0.20026217606130886,0.0033810980518435025,0.5941558441558441,0.9627932960893855,1.0,0.35480369467712536,0.18092890995260666,0.34339117571089767,0.8987922336034246,0.5017062766605729,0.20363223609534617,1,train
0.4911137440758294,0.4908338261383797,0.1216489842528668,0.12164925514542099,0.0004520055288792228,0.0005743275581506654,0.0009916808991240153,0.0006661971135944587,0.4876847290640394,0.4093023255813954,0.6984126984126986,1,0,0.23076923076923078,0.9756832797427654,0.3629621781968429,0.3277200766360795,0.0035421027209789077,0.7463474025974025,0.9412290502793297,1.0,0.31750875540172446,0.18092890995260666,0.2947613121375068,0.8343780257860673,0.5338817794028031,0.10896708286038592,1,train
0.5053317535545024,0.5056179775280899,0.028514056888003673,0.02851660443492557,0.0011398400293476053,0.001052933856609553,0.0024241088645253705,0.0016172663936080967,0.4876847290640394,0.41395348837209306,0.22222222222222232,0,1,0.9615384615384616,0.7322146302250805,0.4675283398665113,0.1485328224261369,0.0059571727580099805,0.5317573051948051,1.0,1.0,0.3982427755135478,0.20629383886255923,0.3881935802005307,0.9249350252255006,0.5131627056672761,0.4565266742338252,1,val
0.7636255924170616,0.7693672383205205,0.038633748812464674,0.038652948164851604,0.015767787072641874,0.005551833062123097,0.014269186270728885,0.021281728047329848,0.18226600985221675,0.41395348837209306,0.22222222222222232,0,1,0.5576923076923077,0.06983520900321545,0.47526220997987073,0.058384592114550764,0.017871518274029944,0.27282873376623373,0.987150837988827,1.0,0.6309623773731746,0.3524170616113744,0.5658769107943739,0.9704938082861947,0.4873248019500305,1.0,1,train
0.254739336492891,0.25783560023654645,0.007354443727120559,0.00736032846408289,0.0041139053932775635,0.0017229826744519958,0.004738030962481405,0.005358133143487574,0.31527093596059114,0.4186046511627907,0.2821869488536155,0,1,0.0,0.6229903536977492,0.36200868736094927,0.11908843400221843,0.010304298824665915,0.5434253246753247,1.0,1.0,0.5116636287300059,0.2807203791469195,0.45542066827905225,0.9398155226010294,0.47056672760511886,0.9856980703745744,1,test
0.24466824644549764,0.2607924305144885,0.010359341526550667,0.010391010324257642,0.059284783135608206,0.021824447209725283,0.023745248195691696,0.1278336670933135,0.11330049261083744,0.7534883720930232,0.8112874779541448,0,1,0.42307692307692313,0.4919614147909968,0.35914821485326837,0.07179590601996573,0.029141845113508282,0.13098620129870128,0.9560893854748604,1.0,0.748704610154218,0.46161137440758304,0.6147650691525584,0.9637160474952862,0.7787934186471663,1.0,1,train
0.11255924170616115,0.1153163808397398,0.016057152341588114,0.01605775482974135,0.0008516046196275212,0.000861491337225998,0.0010467742824086827,0.0017044880048285055,0.6108374384236454,0.627906976744186,0.8112874779541448,0,1,0.42307692307692313,0.22638665594855306,0.3602076491153724,0.49581526671372395,0.007084205441957815,0.9077719155844155,1.0,1.0,0.37266266614782806,0.2650236966824645,0.30549228637847226,0.7494266931661826,0.720901889092017,0.2461975028376844,1,test
0.19549763033175357,0.19988172678888233,0.033220325336914866,0.033221371236905974,0.0017163108487877735,0.0012443763759931081,0.0013773345821166878,0.0025448695230263327,0.26108374384236455,0.5162790697674418,0.8112874779541448,0,1,0.42307692307692313,0.39308681672025725,0.2319101599745736,0.49581526671372395,0.009982289486395103,0.864752435064935,1.0,1.0,0.4343088864767445,0.3082085308056872,0.33226101862070584,0.7494266931661826,0.5357708714198659,0.4997729852440409,1,test
0.04383886255924171,0.05026611472501479,0.06073261858311261,0.06074446931617419,0.009852410368613784,0.004211735426438212,0.009145501625254807,0.01552605070552017,0.26108374384236455,0.4930232558139535,0.8112874779541448,0,1,0.42307692307692313,0.08812299035369775,0.4514249390825299,0.09004739336492892,0.012880373530832392,0.3382711038961038,0.9798882681564245,1.0,0.589182214758228,0.3424075829383887,0.5200648085096391,0.9544921775467563,0.569043266301036,1.0,1,train
0.0627962085308057,0.06682436428149024,0.06343009186017703,0.06343281763151419,0.0028823540972008413,0.001052933856609553,0.0025893890143793732,0.004325967607739827,0.37438423645320196,0.4930232558139535,0.8112874779541448,0,1,0.42307692307692313,0.12630627009646303,0.2464244093653989,0.24372290007058586,0.009016261471582673,0.9219764610389609,1.0,1.0,0.4801441825219653,0.29505213270142183,0.3947683565407284,0.8768282117922845,0.5421084704448507,0.8424517593643587,1,train
0.2991706161137441,0.30159668835008874,0.007854028232264179,0.00785810376779187,0.0018473269441150846,0.0038288503876711018,0.003746350063357391,0.0026582317358291195,0.47783251231527096,0.3813953488372093,0.8112874779541448,0,1,0.42307692307692313,0.6015876205787782,0.5892573365822651,0.14923868105273772,0.007084205441957815,0.22696834415584416,0.9189944134078212,1.0,0.4408011960595572,0.2650236966824645,0.42412003663089676,0.9246292615807981,0.5200487507617306,0.8919409761634507,1,train
0.027251184834123227,0.03134240094618569,0.013566463334043318,0.01356974318694132,0.003131284678322732,0.0012443763759931081,0.002919949314087378,0.005324400552006684,0.5024630541871922,0.5627906976744186,0.8112874779541448,0,1,0.42307692307692313,0.054762861736334406,0.27471130416357664,0.2156902288998689,0.009016261471582673,0.797077922077922,1.0,1.0,0.4874761914514511,0.29505213270142183,0.4067908047056613,0.8909952606635072,0.6139549055453991,0.8970488081725312,1,train
0.34419431279620855,0.34594914251921943,0.01760669773462722,0.01761044266699375,0.0028233968543035512,0.001914425193835551,0.003250509613795383,0.00333590310688383,0.3054187192118227,0.34418604651162793,0.8112874779541448,0,1,0.42307692307692313,0.6921221864951769,0.20987392732280963,0.14288595341333063,0.006118177427145387,0.40046672077922074,1.0,1.0,0.4783214205255289,0.24765876777251186,0.4175217789466269,0.9277888192427254,0.42723948811700185,0.8069239500567537,1,train
0.2671800947867299,0.2726197516262567,0.028417583770627027,0.02842170397819255,0.004755884260381388,0.002680195271369771,0.0036912566800727234,0.005953500442233412,0.17733990147783252,0.4465116279069768,0.8112874779541448,0,1,0.42307692307692313,0.5372789389067524,0.26835469859095246,0.22436220631239287,0.011914345516019963,0.49269480519480513,0.9507262569832402,1.0,0.524525365064411,0.3317914691943128,0.42569328668372974,0.8866126484227692,0.452224253503961,0.9872871736662883,1,train
0.39632701421800953,0.40153755174452993,0.038120640773344865,0.03813001283947356,0.007173131219170275,0.00545611180243132,0.007272326593576111,0.010291459943108388,0.24630541871921183,0.45116279069767445,0.8112874779541448,0,1,0.42307692307692313,0.7969252411575564,0.4725076808984003,0.10618130483008976,0.011914345516019963,0.24330357142857137,0.9916201117318437,1.0,0.561001085465009,0.3317914691943128,0.4979453823936882,0.9463384803546858,0.5180987202925046,1.0,1,train
0.09241706161137442,0.11058545239503254,0.05559399017295106,0.05561402639758023,0.03302915763201509,0.015794007849143296,0.015481240702991571,0.04923241531221541,0.054187192118226604,0.4930232558139535,0.8112874779541448,0,1,0.42307692307692313,0.18579180064308684,0.5055620298760463,0.12705455278814157,0.03187892448881017,0.2041396103896104,0.9444692737430167,1.0,0.6967046920761054,0.4759431279620854,0.5701505154155024,0.9357896346124446,0.5382084095063986,1.0,1,train
0.0533175355450237,0.05854523950325252,0.0585244299103146,0.0585291294082127,0.0036029426215010516,0.0034459653489039917,0.004132003746350063,0.005133220442744146,0.3891625615763547,0.45116279069767445,0.8112874779541448,0,1,0.42307692307692313,0.10721463022508039,0.4872338171416463,0.18503579711606333,0.010948317501207533,0.3591720779220779,0.9558659217877095,1.0,0.4999078378765846,0.3204170616113744,0.4375278840960856,0.9064872853284411,0.5146861669713589,0.9906923950056754,1,train
0.0485781990521327,0.04967474866942638,0.0658872865335715,0.06588819987121214,0.000884358643459349,0.0005743275581506654,0.0013222411988320203,0.0012644976811647217,0.45320197044334976,0.41395348837209306,0.8112874779541448,0,1,0.42307692307692313,0.09766881028938906,0.2300031783027863,0.27397398406776247,0.004186121397520528,0.8731737012987012,1.0,1.0,0.3759600221189096,0.20629383886255923,0.3282457087843708,0.8615400295571523,0.5173674588665448,0.2052213393870602,1,train
0.9484597156398105,0.9509166173861622,0.001150837016334149,0.0011520144921724814,0.0013560165866376684,0.0012443763759931081,0.0014324279654013552,0.002118596544747361,0.4729064039408867,0.4837209302325582,0.8112874779541448,0,1,0.6153846153846154,0.08812299035369775,0.3759932196207225,0.43974992437229005,0.009016261471582673,0.797077922077922,1.0,1.0,0.4135212075286215,0.29505213270142183,0.3361119590485359,0.7777607909086277,0.564411943936624,0.4735527809307605,1,val
0.010071090047393365,0.013601419278533413,0.0028282269805667603,0.0028299520622962135,0.0018473269441150846,0.0015315401550684408,0.001818081648394028,0.002791264104278052,0.4285714285714286,0.4837209302325582,0.8112874779541448,0,1,0.6153846153846154,0.02029742765273312,0.2548998834622312,0.3178380558636685,0.008050233456770244,0.6054180194805194,1.0,1.0,0.4408011960595572,0.2807203791469195,0.35961678446474277,0.8393721653162105,0.5458866544789762,0.5656072644721907,1,train
0.025473933649289102,0.02779420461265524,0.0062563642183330525,0.006257690514435955,0.0009891715197211978,0.001052933856609553,0.0015426147319706903,0.0015100295362916098,0.4975369458128079,0.45116279069767445,0.8112874779541448,0,1,0.6153846153846154,0.0512459807073955,0.4383938976586503,0.30452757890491083,0.006118177427145387,0.6878043831168831,1.0,1.0,0.3857906486165441,0.24765876777251186,0.34339117571089767,0.8460989654996687,0.5517367458866544,0.3549375709421112,1,train
0.03732227488151659,0.03962152572442342,0.008552298611581223,0.008552834866129028,0.000681283695702017,0.0007657700775342204,0.0009916808991240153,0.0011714958049079455,0.5270935960591133,0.5255813953488373,0.8112874779541448,0,1,0.6153846153846154,0.07506028938906753,0.40269096302574425,0.46929514974286585,0.006118177427145387,0.8985389610389609,1.0,1.0,0.35314477645564957,0.24765876777251186,0.30025594665038624,0.7628293329256485,0.6204143814747105,0.19886492622020432,1,train
0.0485781990521327,0.05144884683619161,0.0111908816156912,0.011192986014959206,0.0017163108487877735,0.0012443763759931081,0.0020935485648173654,0.0027542531535228038,0.45320197044334976,0.4837209302325582,0.8112874779541448,0,1,0.6153846153846154,0.09766881028938906,0.34230321008581416,0.2501764646566502,0.007084205441957815,0.661830357142857,1.0,1.0,0.4343088864767445,0.2650236966824645,0.373611665531735,0.8735667329154564,0.5795246800731262,0.5938706015891033,1,train
0.04443127962085308,0.046717918391484335,0.013966822839896531,0.013968450905328342,0.001303610148506744,0.0014358188953766634,0.0018731750316786954,0.002337901525679388,0.6059113300492611,0.5162790697674418,0.8112874779541448,0,1,0.6153846153846154,0.08932877813504825,0.34240915351202456,0.2666128869617828,0.006118177427145387,0.5225243506493505,0.9362011173184357,1.0,0.41006000778257934,0.24765876777251186,0.35656420973536523,0.8652601539010345,0.6471054235222425,0.4225879682179342,1,train
0.8074644549763034,0.8083973979893555,0.16685619270532714,0.16685678208040358,0.0011070860055157775,0.0006700488178424428,0.0012120544322626852,0.0014144394816603407,0.3793103448275862,0.34418604651162793,0.2574955908289245,0,1,0.0,0.001507234726688103,0.18423561817989195,0.3862055056972875,0.00821123812590565,0.9999999999999999,1.0,1.0,0.39568271652978887,0.24765876777251186,0.319745462230258,0.8048208734648117,0.4627666057282145,0.25811577752553916,1,train
0.8045023696682465,0.8083973979893555,0.18474436864713317,0.18474618648765312,0.0025744662731816605,0.0016272614147602184,0.0020935485648173654,0.003319079947449626,0.3694581280788177,0.37674418604651166,0.2574955908289245,0,1,0.0,0.001507234726688103,0.29303951689797647,0.35363517192699406,0.014007406214780225,0.7329545454545454,1.0,1.0,0.47014971224937024,0.3204170616113744,0.373611665531735,0.8212811496713042,0.4660572821450335,0.8132803632236095,1,train
0.8317535545023698,0.830869308101715,0.40850460456675586,0.40850440182441605,0.0005437167956083405,0.0006700488178424428,0.0009365875158393477,0.0007503991833779593,0.47783251231527096,0.3813953488372093,0.7054673721340388,0,1,0.0,0.26808681672025725,0.22565949782815975,0.3277200766360795,0.0035421027209789077,0.661830357142857,1.0,1.0,0.3335040039322506,0.18092890995260666,0.2947613121375068,0.8343780257860673,0.5004875076173065,0.10896708286038592,1,train
0.7588862559241707,0.7670017740981668,0.340120968011417,0.3401391978198841,0.02104118490956614,0.00861491337225998,0.013883532587736213,0.031759623106014205,0.1625615763546798,0.47906976744186053,0.2574955908289245,0,1,0.0,0.10389871382636658,0.413391249072995,0.07603105777957044,0.022218644340685875,0.21702516233766234,0.991173184357542,1.0,0.6566244086263747,0.3871848341232228,0.5634818136990162,0.9615757019823676,0.5450335161486899,1.0,1,train
0.029028436018957347,0.03370786516853933,0.37863080351256495,0.3786322225970017,0.0025155090302843705,0.0012443763759931081,0.002038455181532698,0.0031597344321933497,0.2512315270935961,0.40465116279069774,0.2574955908289245,0,1,0.0,0.0717443729903537,0.23159232969594234,0.33659372794191794,0.012880373530832392,0.864752435064935,1.0,1.0,0.468101665062363,0.3082085308056872,0.37095827365158385,0.8298934923304286,0.4541133455210238,0.7527809307604995,1,train
0.4917061611374408,0.49201655824955653,0.14684592268202498,0.14684733134726413,0.0011791448579457986,0.0006700488178424428,0.0017629882651093603,0.0017686748285159282,0.4876847290640394,0.441860465116279,0.2574955908289245,0,1,0.0,0.784565916398714,0.22470600699226614,0.20550569728748613,0.005796168088874576,0.7745535714285714,1.0,1.0,0.4012329244065784,0.20629383886255923,0.35656420973536523,0.8961422820160017,0.5421084704448507,0.3001135073779796,1,train
0.05390995260663507,0.05854523950325252,0.1864565895738742,0.18646029158892613,0.0034391725023419127,0.0016272614147602184,0.0034157897636493857,0.0041879314277668755,0.2315270935960591,0.4093023255813954,0.2821869488536155,0,1,0.0,0.13183279742765275,0.377688314440089,0.19965715438136533,0.012719368861696986,0.6795860389610389,1.0,1.0,0.49579126303070026,0.3082085308056872,0.4224998238899194,0.8990470366406768,0.4400975015234613,0.9649262202043132,1,train
0.09537914691943129,0.09639266706091071,0.22683904140473662,0.22683961036561442,0.0010219255435530254,0.0006700488178424428,0.001267147815547353,0.001417459023097249,0.39408866995073893,0.3813953488372093,0.2821869488536155,0,1,0.0,0.23331993569131834,0.06303633859519017,0.2857719068266613,0.005635163419739172,0.7745535714285714,1.0,1.0,0.38865791467835425,0.20629383886255923,0.324089510883603,0.8555776384854508,0.5019500304692261,0.19421112372304203,1,train
0.7867298578199052,0.7882909520993496,0.21106533290026572,0.21106624240580127,0.001388770610469496,0.0007657700775342204,0.0014875213486860229,0.0016833512147701474,0.3448275862068966,0.34418604651162793,0.2821869488536155,0,1,0.038461538461538464,0.07104099678456592,0.24970865557792138,0.35171926994050623,0.00917726614071808,0.9999999999999999,1.0,1.0,0.4156306961312389,0.2650236966824645,0.33982201141193324,0.8222494012128625,0.4390006093845216,0.3904653802497162,1,train
0.7411137440758294,0.7504435245416914,0.30408192934283723,0.304085358518515,0.006498398328234623,0.002584474011677994,0.0033606963803647183,0.005918387488952792,0.07389162561576355,0.3813953488372093,0.2821869488536155,0,1,0.038461538461538464,0.16368569131832797,0.32090263799131263,0.3657356055258647,0.02431170503944614,0.7900771103896104,1.0,1.0,0.5522354435046183,0.4021611374407583,0.4208796111489422,0.8151658767772512,0.3291285801340646,0.9993189557321225,1,train
0.4342417061611375,0.4376108811354229,0.3106547599812526,0.31065668442806943,0.002391043739723425,0.0013400976356848858,0.0023139220979560356,0.0030718226400730762,0.270935960591133,0.4186046511627907,0.2821869488536155,0,1,0.038461538461538464,0.9301647909967846,0.30596461489564575,0.2730664515478472,0.01159233617774915,0.7463474025974025,1.0,1.0,0.4636164417228174,0.29505213270142183,0.3835677554183201,0.8619986750242064,0.46447288238878737,0.7799091940976164,1,train
0.007109004739336493,0.011235955056179777,0.023408372435609698,0.023410456662255802,0.0020831559157042444,0.0012443763759931081,0.0020935485648173654,0.0027999776381388442,0.270935960591133,0.4093023255813954,0.22222222222222232,0,1,0.11538461538461542,0.017785369774919617,0.3349931136772963,0.3019058182918221,0.011914345516019963,0.797077922077922,1.0,1.0,0.4514305609601245,0.29505213270142183,0.373611665531735,0.8474239412933802,0.48592321755027423,0.7175936435868331,1,train
0.09597156398104266,0.09875813128326434,0.03925378712023342,0.039258361186263566,0.002463102592153446,0.0030630803101368816,0.003911630213211393,0.0037160202374843456,0.3793103448275862,0.4558139534883721,0.22222222222222232,0,1,0.11538461538461542,0.24065514469453378,0.4953914609598475,0.13360895432086317,0.009499275478988888,0.2837865259740259,0.9844692737430167,1.0,0.46623794212218655,0.2650236966824645,0.4347101228074295,0.9324262345207155,0.5449725776965265,0.9297389330306471,1,train
0.0,0.0029568302779420462,0.13325146877765887,0.13325407926507576,0.001362567391404034,0.0032545228295204364,0.0025893890143793732,0.0014806968480473575,0.35960591133004927,0.2930232558139535,0.1869488536155206,0,1,0.0,0.0,0.5959317724335205,0.20167389331451044,0.009660280148124294,0.2672483766233766,1.0,1.0,0.413951297437893,0.2650236966824645,0.3947683565407284,0.8980787850991183,0.3940889701401584,0.7342792281498298,1,train
0.9579383886255924,0.9603784742755767,0.013914772959127712,0.013915614859823299,0.001303610148506744,0.001914425193835551,0.0012120544322626852,0.001789552800736837,0.3891625615763547,0.41395348837209306,0.7160493827160495,0,1,0.8076923076923077,0.00492363344051447,0.2878482890136667,0.5176968841383484,0.009499275478988888,0.5387581168831168,1.0,1.0,0.41006000778257934,0.29505213270142183,0.319745462230258,0.7383682413494369,0.49658744667885435,0.38297389330306464,1,train
0.6824644549763034,0.6842105263157896,0.02181314580280219,0.02181641203938487,0.0025155090302843705,0.003158801569828659,0.002919949314087378,0.0038358528962233645,0.4433497536945813,0.441860465116279,0.8112874779541448,0,1,0.6153846153846154,0.6254019292604501,0.3021506515520712,0.17838055863668448,0.007084205441957815,0.2752637987012987,1.0,1.0,0.468101665062363,0.2650236966824645,0.4067908047056613,0.9098506854201702,0.5508226691042047,0.8069239500567537,1,test
0.7458530805687205,0.7486694263749262,0.1502826300663227,0.15028426893232663,0.0021093591347697066,0.002680195271369771,0.001928268414963363,0.002589817554130025,0.32019704433497537,0.40465116279069774,0.22222222222222232,0,1,0.11538461538461542,0.12178456591639872,0.2648585655260091,0.3277200766360795,0.011914345516019963,0.3912337662337662,1.0,1.0,0.4525365064411085,0.29505213270142183,0.3654401577946322,0.8343780257860673,0.4441194393662401,0.663677639046538,1,train
0.9152843601895735,0.9178001182732112,0.0010302259633139547,0.0010313250132286678,0.001519786705796807,0.0017229826744519958,0.0013773345821166878,0.001980560364774409,0.3251231527093596,0.40465116279069774,0.7054673721340388,0,1,0.0,0.08641479099678456,0.2648585655260091,0.4569930422506807,0.009499275478988888,0.5941558441558441,1.0,1.0,0.42357711921682684,0.29505213270142183,0.33226101862070584,0.7690465270346023,0.47148080438756856,0.45085130533484674,1,train
0.9360189573459716,0.9373151981076288,0.30488484986007464,0.30488733420921654,0.0022141720110315554,0.002680195271369771,0.002699575780948708,0.002968209232480879,0.43349753694581283,0.36744186046511623,0.7054673721340388,0,1,0.0,0.04571945337620579,0.33901896387329167,0.19330442674195827,0.007406214780228625,0.32355925324675316,1.0,1.0,0.4568169250619534,0.2650236966824645,0.39894803578556837,0.902308515517505,0.4845825716026813,0.7603859250851306,1,train
0.2665876777251185,0.26788882318154944,0.07888198743113316,0.07888256481260895,0.0006288772575710926,0.0013400976356848858,0.0011018676656933504,0.0009087956998969216,0.4729064039408867,0.441860465116279,0.8165784832451499,1,0,0.07692307692307693,0.5350683279742765,0.44146625701875203,0.3758193001915902,0.005152149412332957,0.49269480519480513,1.0,1.0,0.3461609355479551,0.22828436018957346,0.3104703313217649,0.8101207766396575,0.523217550274223,0.19421112372304203,1,val
0.9626777251184835,0.9633353045535187,0.13332710621768848,0.13332979520528612,0.00173596326308687,0.003924571647362879,0.0026444823976640407,0.0019441533223065433,0.33004926108374383,0.33953488372093027,0.8165784832451499,1,0,0.07692307692307693,0.06661977491961416,0.4180527598262528,0.17686800443682565,0.006118177427145387,0.19774756493506493,1.0,1.0,0.43531242959837796,0.24765876777251186,0.3968816775072205,0.9106150945319269,0.405606337599025,0.6777525539160045,1,train
0.8856635071090048,0.8852749852158487,0.27542453871972544,0.27542416258406,0.00035374345738373956,0.0009572125969177757,0.0006611205994160101,0.00046043693282227737,0.4187192118226601,0.36744186046511623,0.8095238095238098,1,0,0.07692307692307693,0.21935289389067525,0.4074584172052124,0.5346374911767672,0.004186121397520528,0.5772118506493507,1.0,1.0,0.29639338890368033,0.20629383886255923,0.2615586916195083,0.7298068592977629,0.47428397318708104,0.08796821793416573,1,train
0.5675355450236967,0.5671200473092846,0.27865100232581197,0.2786509353631181,0.0004520055288792228,0.000861491337225998,0.0008814941325546802,0.0006256489857274041,0.4482758620689655,0.40465116279069774,0.8024691358024691,1,0,0.07692307692307693,0.8578175241157557,0.32196207225341666,0.3474841181809015,0.0033810980518435025,0.5387581168831168,1.0,1.0,0.31750875540172446,0.18092890995260666,0.2889379388076173,0.824389746725781,0.5023765996343693,0.10136208853575485,1,train
0.9099526066350712,0.9124778237729155,0.002855981675296961,0.0028559769597101565,0.0005764708194401682,0.0011486551163013307,0.0006060272161313426,0.0006276332558145153,0.33004926108374383,0.2930232558139535,0.8130511463844798,1,0,0.07692307692307693,0.1667001607717042,0.39728784828901365,1.0,0.009016261471582673,0.8550121753246752,1.0,0.5,0.3385831609560284,0.29505213270142183,0.25341066522647754,0.4946236559139785,0.39737964655697744,0.15811577752553915,1,test
0.4620853080568721,0.46244825547013607,0.13210354089363355,0.13210324414891902,0.000347192652617374,0.0006700488178424428,0.0005509338328466751,0.0005067653257256994,0.46798029556650245,0.4093023255813954,0.8165784832451499,1,0,0.07692307692307693,0.9275522508038586,0.3026803686831232,0.63335686195422,0.004186121397520528,0.7745535714285714,1.0,1.0,0.29479591209781475,0.20629383886255923,0.24453471716721067,0.6799164246037812,0.5294332723948811,0.07173666288308739,1,train
0.6753554502369669,0.6753400354819634,0.18653073313515064,0.18653050377439637,0.00036684506691647066,0.0006700488178424428,0.0006611205994160101,0.0005449840930557104,0.49261083743842365,0.441860465116279,0.8165784832451499,1,0,0.07692307692307693,0.6456993569131833,0.3841508634389236,0.5346374911767672,0.004186121397520528,0.7745535714285714,1.0,1.0,0.2995064206279313,0.20629383886255923,0.2615586916195083,0.7298068592977629,0.5383912248628885,0.08796821793416573,1,train
0.007701421800947868,0.011235955056179777,0.19704944793710674,0.19705336833721349,0.0037012046929965348,0.00430745668612999,0.003581069913503388,0.00397846152465792,0.2512315270935961,0.3348837209302326,0.8165784832451499,1,0,0.07692307692307693,0.015474276527331191,0.232016103400784,0.15972572350509226,0.008050233456770244,0.22280844155844157,1.0,1.0,0.5023040530853831,0.2807203791469195,0.42724305539249063,0.9192783977985017,0.3886654478976234,0.9364358683314415,1,val
0.006516587677725119,0.008870490833826138,0.2231789598342392,0.22317977071357753,0.0011791448579457986,0.0017229826744519958,0.0014324279654013552,0.0013878675170155474,0.35467980295566504,0.3348837209302326,0.8130511463844798,1,0,0.07692307692307693,0.013062700964630225,0.26591799978811315,0.3277200766360795,0.006118177427145387,0.44196428571428564,1.0,1.0,0.4012329244065784,0.24765876777251186,0.3361119590485359,0.8343780257860673,0.426691042047532,0.32179341657207716,1,train
0.941350710900474,0.9426374926079244,0.30033661805821077,0.3003370656652978,0.0009957223244875632,0.0017229826744519958,0.001267147815547353,0.001158468640422998,0.33990147783251234,0.33023255813953495,0.746031746031746,1,0,0.11153846153846153,0.06209807073954984,0.37959529611187626,0.41181809014823034,0.007406214780228625,0.49269480519480513,1.0,1.0,0.3863641018289062,0.2650236966824645,0.324089510883603,0.7918768791723998,0.4221815965874467,0.3163450624290579,1,train
0.45319905213270145,0.45476049674748675,0.32636328819696614,0.3263644790814076,0.001218449686543992,0.0017229826744519958,0.001818081648394028,0.001749436035932198,0.46798029556650245,0.4093023255813954,0.742504409171076,1,0,0.11153846153846153,0.9328778135048232,0.40851785146731645,0.2585459312292024,0.006440186765416195,0.44196428571428564,1.0,1.0,0.4041206709402585,0.24765876777251186,0.35961678446474277,0.8693370024970697,0.5191956124314443,0.4396140749148695,1,train
0.7511848341232228,0.7522176227084566,0.426960061308784,0.4269605357197614,0.0009433158863566389,0.0017229826744519958,0.0014324279654013552,0.0013218689684659799,0.43349753694581283,0.41395348837209306,0.7389770723104059,1,0,0.11153846153846153,0.45056270096463025,0.42292615743193135,0.3277200766360795,0.006440186765416195,0.44196428571428564,1.0,1.0,0.3816331128269196,0.24765876777251186,0.3361119590485359,0.8343780257860673,0.5071297989031078,0.32179341657207716,1,train
0.1972748815165877,0.20165582495564754,0.44629989427269684,0.44629868562474295,0.00032098943355191186,0.0011486551163013307,0.0003305602997080051,0.0005738854182375472,0.5911330049261084,0.5209302325581395,0.746031746031746,1,0,0.11153846153846153,0.40554662379421225,0.36677614154041743,0.4569930422506807,0.010304298824665915,0.927556818181818,0.8403351955307261,0.0,0.2880783173244312,0.3082085308056872,0.18273181956935214,0.22020078479335475,0.6436319317489336,0.07287173666288307,1,train
0.762440758293839,0.7652276759314016,0.07855860199366767,0.07855988753470314,0.0011922464674785297,0.0022015889729108833,0.0015977081152553578,0.0015824985307774095,0.4187192118226601,0.3813953488372093,0.746031746031746,1,0,0.23076923076923078,0.427451768488746,0.5179574107426634,0.39497832005646877,0.009338270809853486,0.4724025974025973,1.0,1.0,0.40219550658447173,0.29505213270142183,0.3468429332895015,0.8003873006166233,0.48037781840341254,0.5404086265607264,1,train
0.6445497630331753,0.6451803666469546,0.08553674552538103,0.08553660429340045,0.0004258023098137606,0.0007657700775342204,0.0006060272161313426,0.0006182295410538579,0.4630541871921182,0.441860465116279,0.8518518518518521,1,0,0.23076923076923078,0.7215635048231511,0.3200550905816294,0.6639104567913683,0.005152149412332957,0.797077922077922,1.0,1.0,0.31234767649046635,0.22828436018957346,0.25341066522647754,0.6644753605462977,0.5262644728823888,0.09398410896708287,1,train
0.7434834123222749,0.742755765819042,0.05597249187388927,0.05597263533143217,0.00040614989551466396,0.0007657700775342204,0.000771307365985345,0.0005834616782231707,0.4876847290640394,0.39999999999999997,0.23456790123456805,1,0,0.23076923076923078,0.14630225080385853,0.30607055832185615,0.39497832005646877,0.004669135404926743,0.5941558441558441,1.0,1.0,0.30827206258832207,0.18092890995260666,0.27616408763237604,0.8003873006166233,0.5210237659963437,0.08671963677639044,1,train
0.41883886255924174,0.4192785334121822,0.06299120600753118,0.06299094475095117,0.00033409104308464296,0.0007657700775342204,0.0004958404495620075,0.0004131595411815414,0.39901477832512317,0.34418604651162793,0.23456790123456805,1,0,0.23076923076923078,0.9545819935691319,0.25733658226507045,0.6974891600282342,0.0059571727580099805,0.695616883116883,1.0,1.0,0.29149855612673314,0.20629383886255923,0.23481344072134688,0.6475054782653009,0.45198049969530774,0.06390465380249719,1,test
0.7026066350710901,0.7025428740390303,0.0182366428172855,0.018236534081214978,0.00037994667644920176,0.0007657700775342204,0.0005509338328466751,0.0005705207863507065,0.49261083743842365,0.441860465116279,0.23809523809523814,1,0,0.3076923076923077,0.24939710610932478,0.23392308507257126,0.63335686195422,0.005796168088874576,0.695616883116883,1.0,1.0,0.30251704999283185,0.20629383886255923,0.24453471716721067,0.6799164246037812,0.5438756855575868,0.07173666288308739,1,test
0.3708530805687204,0.37256061502069787,0.16237935258282593,0.1623790058489188,0.0004847595527110505,0.0011486551163013307,0.0005509338328466751,0.0006740479213304204,0.41379310344827586,0.41395348837209306,0.23809523809523814,1,0,0.3076923076923077,0.9236334405144695,0.24610657908676767,0.81667843097711,0.00821123812590565,0.6376826298701298,1.0,1.0,0.3235504946033957,0.24765876777251186,0.24453471716721067,0.5872700402588799,0.5043875685557587,0.09772985244040863,1,train
0.8904028436018958,0.8900059136605559,0.06975132186647727,0.06975120669822678,0.00041925150504739506,0.0006700488178424428,0.0006060272161313426,0.00054998790457973,0.4285714285714286,0.37674418604651166,0.7142857142857144,1,0,0.23076923076923078,0.1502210610932476,0.227036762368895,0.5798124432792175,0.004508130735791337,0.7745535714285714,1.0,1.0,0.3109959653470416,0.20629383886255923,0.25341066522647754,0.7069765071599654,0.47720901889092016,0.07968217934165722,1,train
0.6824644549763034,0.6836191602602011,0.07573084676428612,0.07573064309801637,0.00044545472411285726,0.0006700488178424428,0.0005509338328466751,0.0006553267644215888,0.4876847290640394,0.4186046511627907,0.7142857142857144,1,0,0.23076923076923078,0.5799839228295821,0.31030829537027227,0.81667843097711,0.006440186765416195,0.9999999999999999,1.0,1.0,0.31623896614578,0.24765876777251186,0.24453471716721067,0.5872700402588799,0.5329677026203534,0.09772985244040863,1,train
0.9081753554502371,0.9089296274393851,0.08057722531520645,0.08058086627527108,0.0024893058112189083,0.003924571647362879,0.003250509613795383,0.003274563279408349,0.3793103448275862,0.37674418604651166,0.7142857142857144,1,0,0.23076923076923078,0.11083199356913183,0.3099904650916411,0.14288595341333063,0.006440186765416195,0.19774756493506493,1.0,1.0,0.4671800438282098,0.24765876777251186,0.4175217789466269,0.9277888192427254,0.4755027422303474,0.8069239500567537,1,train
0.4668246445497631,0.46777054997043177,0.0828709582029236,0.08287145037303664,0.0007074869147674791,0.001052933856609553,0.0010467742824086827,0.00093830093336614,0.41379310344827586,0.36744186046511623,0.7107583774250443,1,0,0.23076923076923078,0.9715635048231511,0.3310732069075114,0.39497832005646877,0.005474158750603766,0.609780844155844,1.0,1.0,0.3564421324267311,0.22828436018957346,0.30549228637847226,0.8003873006166233,0.4808653260207191,0.181838819523269,1,train
0.02014218009478673,0.020697811945594325,0.07138664735002813,0.07138660810671624,0.00032098943355191186,0.0005743275581506654,0.0006611205994160101,0.00044162950330096267,0.46798029556650245,0.36744186046511623,0.7530864197530867,1,0,0.23076923076923078,0.04129823151125402,0.36677614154041743,0.4569930422506807,0.0033810980518435025,0.7463474025974025,1.0,1.0,0.2880783173244312,0.18092890995260666,0.2615586916195083,0.7690465270346023,0.5005484460694698,0.07287173666288307,1,train
0.9502369668246446,0.9503252513305738,0.09341365369012818,0.09341365670251184,0.0003995990907482984,0.0012443763759931081,0.0007162139827006776,0.0004298101553907787,0.35960591133004927,0.2651162790697675,0.7566137566137567,1,0,0.23076923076923078,0.05335610932475885,0.46350248967051594,0.5678128466270042,0.005313154081468361,0.5264813311688311,1.0,1.0,0.30685891002928706,0.22828436018957346,0.26911968441073564,0.7130408194465678,0.3946983546617916,0.11407491486946653,1,train
0.9537914691943129,0.9538734476641042,0.15232979433456703,0.1523293069436156,0.00035374345738373956,0.0009572125969177757,0.00044074706627734013,0.0003816700376252117,0.3497536945812808,0.29767441860465116,0.7566137566137567,1,0,0.23076923076923078,0.04612138263665595,0.2354062930395169,0.8879701522637895,0.005313154081468361,0.661830357142857,1.0,1.0,0.29639338890368033,0.22828436018957346,0.2240589851363092,0.5512408907914182,0.396709323583181,0.06617480136208856,1,train
0.9579383886255924,0.9597871082199882,0.16423089735960075,0.16423070481869453,0.0005699200146738027,0.0011486551163013307,0.0006611205994160101,0.0006517033146972988,0.3793103448275862,0.2930232558139535,0.7601410934744268,1,0,0.23076923076923078,0.036374598070739554,0.40004237737048415,0.8448119390944842,0.00821123812590565,0.7825689935064933,1.0,1.0,0.337600098306265,0.2807203791469195,0.2615586916195083,0.573052030780207,0.41675807434491163,0.1566401816118048,1,train
0.941350710900474,0.942046126552336,0.19553575563414405,0.19553669078097494,0.001231551296076723,0.0018187039341437735,0.0014875213486860229,0.0015672282783679016,0.39901477832512317,0.36744186046511623,0.742504409171076,1,0,0.23076923076923078,0.0609927652733119,0.260620828477593,0.31572047998386615,0.006440186765416195,0.4202516233766233,1.0,1.0,0.40504229217441173,0.24765876777251186,0.33982201141193324,0.8404423380726698,0.46075563680682513,0.3382519863791146,1,test
0.2855450236966825,0.2868125369603785,0.8981894110886217,0.8981885570648948,0.0005175135765428783,0.0012443763759931081,0.0010467742824086827,0.0007297800289944997,0.4876847290640394,0.3813953488372093,0.7566137566137567,1,0,0.23076923076923078,0.5849075562700965,0.5231486386269733,0.39497832005646877,0.005313154081468361,0.5264813311688311,1.0,1.0,0.3292235853114056,0.22828436018957346,0.30549228637847226,0.8003873006166233,0.5112126751980499,0.181838819523269,1,test
0.6321090047393365,0.6315789473684211,0.018161634378836174,0.018162076142088077,0.0003995990907482984,0.0014358188953766634,0.0009365875158393477,0.00037666622610119224,0.2857142857142857,0.26046511627906976,0.8236331569664905,1,0,0.6576923076923077,0.7367363344051447,0.44146625701875203,0.3277200766360795,0.003220093382708098,0.3434456168831168,1.0,1.0,0.30685891002928706,0.18092890995260666,0.2947613121375068,0.8343780257860673,0.34814137720901894,0.10896708286038592,1,train
0.3690758293838863,0.37019515079834425,0.023807867064290018,0.023807827754491653,0.00037994667644920176,0.0006700488178424428,0.0006060272161313426,0.0003739917751142163,0.3054187192118227,0.2558139534883721,0.8236331569664905,1,0,0.6576923076923077,0.7390474276527332,0.39728784828901365,0.6639104567913683,0.005152149412332957,0.8872767857142856,1.0,1.0,0.30251704999283185,0.22828436018957346,0.25341066522647754,0.6644753605462977,0.3631322364411944,0.09398410896708287,1,train
0.264218009478673,0.26493199290360736,0.015241415917152315,0.015240919001241492,0.00018342253345823533,0.0005743275581506654,0.0002754669164233376,0.000239147681803139,0.39408866995073893,0.36744186046511623,0.8201058201058204,1,0,0.3961538461538462,0.5297427652733119,0.3026803686831232,0.8559040032267823,0.004186121397520528,0.8731737012987012,1.0,0.0,0.2408708296639155,0.20629383886255923,0.18273181956935214,0.4218009478672986,0.47891529555149304,0.03507377979568674,1,train
0.2221563981042654,0.22412773506800712,0.040331974454044316,0.04033340173714224,0.0013560165866376684,0.002105867713219106,0.0016528014985400254,0.0020519078152979285,0.4433497536945813,0.4930232558139535,0.8201058201058204,1,0,0.3961538461538462,0.44543810289389074,0.26581205636190275,0.28436018957345977,0.006118177427145387,0.36586850649350644,1.0,1.0,0.4135212075286215,0.24765876777251186,0.3502007654918168,0.8562910869897569,0.5468007312614259,0.38853575482406355,1,test
0.0740521327014218,0.07628622117090479,0.10439130377010179,0.1043919962826068,0.0010088239340202943,0.0017229826744519958,0.0012120544322626852,0.0015877611601388783,0.4975369458128079,0.4837209302325582,0.22045855379188728,1,0,0.15384615384615385,0.18579180064308684,0.2610446021824346,0.3862055056972875,0.008372242795041056,0.44196428571428564,1.0,1.0,0.38751100825363016,0.24765876777251186,0.319745462230258,0.8048208734648117,0.5686166971358928,0.25811577752553916,1,val
0.07345971563981044,0.07983441750443525,0.1863674285998684,0.18638827102689842,0.01730067538797141,0.015602565329759741,0.015646520852845573,0.025862286134507285,0.31527093596059114,0.47906976744186053,0.30511463844797193,0,1,0.0,0.1779541800643087,0.43659285941307346,0.04900675607542603,0.015939462244405084,0.08380681818181818,0.9843575418994412,1.0,0.6392160075368136,0.3424075829383887,0.5749876722943621,0.9752331447790858,0.5397318708104815,1.0,1,train
0.7825829383886257,0.788882318154938,0.03987083767049579,0.039885474726365104,0.014038374614321369,0.012635206279314637,0.011018676656933502,0.01973442874244554,0.07881773399014778,0.4465116279069768,0.26984126984126977,0,1,0.0,0.05968649517684888,0.4250450259561394,0.08278713320560653,0.01851553695057156,0.12165178571428573,0.9889385474860335,1.0,0.6206402195506584,0.36181990521327023,0.5398126188743044,0.9581613412831881,0.5075563680682511,1.0,1,train
0.4840047393364929,0.495564754583087,0.0046769412502302736,0.0046890417884372405,0.009295591963472712,0.013400976356848856,0.010137182524378821,0.01214580347582003,0.2315270935960591,0.41395348837209306,0.7742504409171076,0,1,0.0,0.9855305466237942,0.7106685030193876,0.14954119189270948,0.02270165834809209,0.17116477272727273,0.8852513966480446,1.0,0.5840211358469699,0.4223696682464456,0.5213093197454622,0.9244254191509963,0.47184643510054847,1.0,1,train
0.4786729857819906,0.4795978710821999,0.012206955043448677,0.012207328013561253,0.0006616312814029204,0.001052933856609553,0.0008814941325546802,0.0009645278075610009,0.47783251231527096,0.41395348837209306,0.7742504409171076,0,1,0.0,0.9746784565916399,0.25712469541264965,0.46616920439649095,0.005313154081468361,0.609780844155844,1.0,1.0,0.3505847174718906,0.22828436018957346,0.2889379388076173,0.7644091117566121,0.527666057282145,0.14665153234960274,1,train
0.786137440758294,0.7865168539325843,0.009453815126528778,0.009453406391746256,0.0002489305811218908,0.000861491337225998,0.0003305602997080051,0.0003247301133863691,0.43842364532019706,0.34418604651162793,0.24162257495590822,0,1,0.07692307692307693,0.042704983922829585,0.3026803686831232,0.873953816678431,0.007084205441957815,0.7233157467532466,1.0,0.0,0.2664714195015053,0.22828436018957346,0.19844083875361024,0.4309228966009275,0.4770871419865935,0.04903518728717368,1,train
0.037914691943127965,0.05322294500295684,0.032307565418719666,0.03235350773945854,0.07148238161058086,0.045850483392361446,0.03322131012065451,0.09455754400507144,0.10344827586206896,0.4837209302325582,0.23809523809523814,0,1,0.07692307692307693,0.09445337620578778,0.43468587774128614,0.04396490874256328,0.03429399452584125,0.05083198051948052,0.9870391061452513,1.0,0.7653552337845865,0.4513364928909953,0.6518421114424588,0.9777811751516079,0.4775137111517368,1.0,1,test
0.03376777251184834,0.03784742755765819,0.0021294848500645,0.002129795834286662,0.0008712570339266179,0.0015315401550684408,0.0008264007492700126,0.000920097412132207,0.270935960591133,0.27906976744186046,0.23456790123456805,0,1,0.6153846153846154,0.08420418006430869,0.31454603241868845,0.747907633356862,0.01175334084688456,0.661830357142857,1.0,1.0,0.37464927191922504,0.29505213270142183,0.28273886397257375,0.6220251745400805,0.38427787934186475,0.23280363223609532,1,train
0.5456161137440759,0.5470136014192786,0.049671940294540994,0.049672172780158806,0.0007336901338329413,0.0011486551163013307,0.0008814941325546802,0.0011149009711190353,0.4630541871921182,0.47906976744186053,0.29100529100529116,0,1,0.6923076923076924,0.6670016077170418,0.22068015679627082,0.5588383583745085,0.008050233456770244,0.6376826298701298,0.9343016759776537,1.0,0.3596166055665923,0.24765876777251186,0.28273886397257375,0.717576313509657,0.5494820231566119,0.15811577752553915,1,train
0.4917061611374408,0.49201655824955653,0.06534980468321554,0.06535032578296808,0.0005240643813092438,0.001052933856609553,0.0010467742824086827,0.000812774282203237,0.5221674876847291,0.4232558139534884,0.29100529100529116,0,1,0.6923076923076924,0.8012459807073955,0.4389236147897023,0.34455984672784107,0.005635163419739172,0.5317573051948051,1.0,1.0,0.3303090503205194,0.20629383886255923,0.30549228637847226,0.8258676043418438,0.5608165752589884,0.15232690124858114,1,train
0.7114928909952607,0.7143701951507985,0.2743532704032977,0.27435438991271827,0.0017883697012177945,0.0016272614147602184,0.0017078948818246929,0.0024791297923142143,0.3842364532019705,0.4186046511627907,0.23809523809523814,0,1,0.0,0.21985530546623794,0.30077338701133594,0.3697690833921549,0.01175334084688456,0.6262175324675324,1.0,1.0,0.4379339299977471,0.29505213270142183,0.3534177096296992,0.8131274524792336,0.501157830591103,0.583427922814983,1,train
0.7268957345971565,0.7291543465405087,0.3124581861371354,0.31245955723079366,0.0018800809679469122,0.0022015889729108833,0.001928268414963363,0.002750715976410997,0.45320197044334976,0.441860465116279,0.24162257495590822,0,1,0.0,0.18569131832797428,0.28625913762051064,0.2997882424120198,0.010626308162936724,0.43181818181818177,1.0,1.0,0.44235771192168266,0.2807203791469195,0.3654401577946322,0.8484941140498394,0.5287020109689214,0.6043132803632236,1,train
0.5681279620853081,0.5730337078651686,0.32796850022986074,0.32797008158923274,0.0020373002823396856,0.0032545228295204364,0.0020935485648173654,0.0029984046468499626,0.33497536945812806,0.4558139534883721,0.24162257495590822,0,1,0.0,0.5746583601286174,0.492636931878377,0.37944943027125144,0.015295443567863463,0.4081777597402597,1.0,1.0,0.44944395518872754,0.3317914691943128,0.373611665531735,0.8082352341639912,0.5317489335770872,0.8503972758229285,1,test
0.18957345971563982,0.19396806623299823,0.34414343311735773,0.344146009895751,0.0028496000733690134,0.0032545228295204364,0.002809762547518043,0.003850605512957974,0.3103448275862069,0.441860465116279,0.24162257495590822,0,1,0.0,0.4714630225080386,0.37451001165377684,0.24372290007058586,0.012880373530832392,0.351765422077922,1.0,1.0,0.47914063940033175,0.3082085308056872,0.40293986427783124,0.8768282117922845,0.48829981718464355,0.9132803632236095,1,train
0.02014218009478673,0.027202838557066827,0.009890656724038686,0.009895122022173842,0.0049589592081387196,0.004116014166746435,0.003746350063357391,0.00584307149825505,0.21674876847290642,0.40465116279069774,0.23809523809523814,0,1,0.0,0.05014067524115756,0.37387435109651446,0.2400927699909247,0.017710513604894538,0.36870941558441556,1.0,1.0,0.5282323304728941,0.3524170616113744,0.43179843614248475,0.8786627936605005,0.425716026812919,0.9965947786606129,1,test
0.09419431279620853,0.09875813128326434,0.02096210666467273,0.020966396432308926,0.004421793217296744,0.004020292907054657,0.0036361632967880555,0.005810201632898991,0.35467980295566504,0.40465116279069774,0.23456790123456805,0,1,0.0,0.234927652733119,0.23593601017056892,0.18725420994252295,0.013041378199967795,0.28520698051948046,1.0,1.0,0.5180740164253385,0.3082085308056872,0.4287928241012516,0.9053661519645315,0.47471054235222426,0.9749148694665153,1,val
0.7494075829383887,0.752808988764045,0.001955251412324767,0.0019560344346346565,0.0013691181961703995,0.0015315401550684408,0.0011569610489780178,0.0015158098013279772,0.2413793103448276,0.3348837209302326,0.24162257495590822,0,1,0.23076923076923078,0.1267081993569132,0.27778366352367834,0.5874760512251689,0.012880373530832392,0.7181412337662336,1.0,1.0,0.4143813873471645,0.3082085308056872,0.31521356282433605,0.7031035009937319,0.40140158439975626,0.4017026106696935,1,train
0.7956161137440759,0.7965700768775873,0.007846794714090869,0.007846388632702211,0.0003275402383182774,0.0006700488178424428,0.0003305602997080051,0.00041402226730637235,0.4285714285714286,0.3348837209302326,0.24514991181657875,0,1,0.23076923076923078,0.020598874598070742,0.18497722216336476,0.7759403045275789,0.00821123812590565,0.9999999999999999,1.0,0.0,0.28979867696151723,0.24765876777251186,0.19844083875361024,0.381389186159099,0.4616087751371115,0.0564131668558456,1,val
0.3299763033175356,0.3341218214074513,0.1901923872095988,0.1901934098040742,0.0016966584344886768,0.0024887527519862162,0.0015426147319706903,0.0024165821482639706,0.4482758620689655,0.41395348837209306,0.23104056437389797,0,1,0.0,0.8242564308681672,0.325987922449412,0.44368256529192296,0.013041378199967795,0.4564732142857142,1.0,1.0,0.4332848628832408,0.3082085308056872,0.34339117571089767,0.7757733272180605,0.5148080438756856,0.57105561861521,1,train
0.6267772511848342,0.6274393849793023,0.028361445379586337,0.028362499302202526,0.0008712570339266179,0.0015315401550684408,0.0013773345821166878,0.0013057359899316411,0.5073891625615764,0.41395348837209306,0.8165784832451499,0,1,0.11538461538461542,0.7420618971061094,0.3718614259985168,0.3019058182918221,0.005152149412332957,0.43628246753246747,1.0,1.0,0.37464927191922504,0.22828436018957346,0.33226101862070584,0.8474239412933802,0.5418647166361974,0.2598183881952326,1,train
0.4620853080568721,0.46244825547013607,0.08159974600916187,0.0816020486547644,0.001172594053179433,0.002584474011677994,0.0023139220979560356,0.001726660066236661,0.4876847290640394,0.4093023255813954,0.8165784832451499,0,1,0.11538461538461542,0.9275522508038586,0.42239644030087936,0.15579308258545932,0.004186121397520528,0.23031655844155843,1.0,1.0,0.4007413930816966,0.20629383886255923,0.3835677554183201,0.921265861489069,0.5323583180987204,0.4300794551645857,1,train
0.5752369668246446,0.5759905381431106,0.0974941441918505,0.09749453359216706,0.0007009361100011136,0.0012443763759931081,0.0009916808991240153,0.001031992990522781,0.49261083743842365,0.4186046511627907,0.8236331569664905,0,1,0.11538461538461542,0.8482717041800643,0.2997139527492319,0.41625491580114954,0.005152149412332957,0.5264813311688311,1.0,1.0,0.3556229135519282,0.22828436018957346,0.30025594665038624,0.7896346124445803,0.5327239488117002,0.16980703745743472,1,val
0.22156398104265404,0.22294500295683028,0.20946098574454405,0.20946095439824697,0.0006550804766365548,0.000861491337225998,0.0008264007492700126,0.0009606455399992617,0.46798029556650245,0.4186046511627907,0.8201058201058204,0,1,0.11538461538461542,0.4442323151125402,0.2151710986333298,0.49581526671372395,0.005152149412332957,0.7233157467532466,1.0,1.0,0.34972453765334754,0.22828436018957346,0.28273886397257375,0.7494266931661826,0.5307129798903107,0.13552780930760497,1,train
0.6084123222748815,0.6085156712004731,0.22970626648328124,0.22970588720919535,0.00032098943355191186,0.0005743275581506654,0.0006060272161313426,0.0004959812491653126,0.5467980295566502,0.4558139534883721,0.8201058201058204,0,1,0.11538461538461542,0.7815514469453377,0.41625172158067597,0.5798124432792175,0.004186121397520528,0.8731737012987012,1.0,1.0,0.2880783173244312,0.20629383886255923,0.25341066522647754,0.7069765071599654,0.5593540524070688,0.07968217934165722,1,train
0.9206161137440759,0.9219396806623301,0.26489080650504,0.26489107676243984,0.0008647062291602523,0.001052933856609553,0.0011018676656933504,0.0011306888592034416,0.43842364532019706,0.34418604651162793,0.8165784832451499,0,1,0.11538461538461542,0.14981913183279744,0.3834092594554508,0.4718160734092972,0.007084205441957815,0.7658279220779219,1.0,1.0,0.3739938968193827,0.2650236966824645,0.3104703313217649,0.7615553177393874,0.4738574040219379,0.26322360953461976,1,val
0.10604265402843603,0.11117681845062094,0.10013044706523193,0.1001315397382886,0.0017294124583205046,0.0020101464535273285,0.0014875213486860229,0.0020961656655017562,0.2413793103448276,0.41395348837209306,0.7037037037037037,0,1,0.3076923076923077,0.22126205787781353,0.34050217184023734,0.49581526671372395,0.011431331508613748,0.6029829545454545,1.0,1.0,0.43498474204845683,0.3204170616113744,0.33982201141193324,0.7494266931661826,0.43869591712370504,0.5973893303064699,1,test
0.580568720379147,0.58367829686576,0.025680562019202,0.02568767449850966,0.00634117901384185,0.005264669283047765,0.005619525095036086,0.00839121938055574,0.3251231527093596,0.4465116279069768,0.23809523809523814,0,1,0.5192307692307693,0.5459204180064309,0.22799025320478866,0.10910557628315017,0.01175334084688456,0.19896509740259738,1.0,1.0,0.5500645134863907,0.29505213270142183,0.472632493483927,0.944860622738623,0.47794028031687996,0.9977298524404086,1,test
0.9354265402843602,0.9384979302188056,0.04370491680314035,0.04370838276884466,0.003360562845145526,0.0028716377907533263,0.0030852294639413806,0.0035692705236506014,0.22660098522167488,0.33023255813953495,0.7142857142857144,0,1,0.3269230769230769,0.0492363344051447,0.3231274499417311,0.22163960875264696,0.010465303493801318,0.3976258116883116,1.0,1.0,0.49374321584369313,0.3082085308056872,0.412308920562613,0.8879885848239311,0.3840950639853748,0.9422247446083996,1,train
0.13329383886255924,0.13601419278533414,0.056004492329286414,0.056004635733992524,0.0007467917433656724,0.0014358188953766634,0.000771307365985345,0.0009840254179821803,0.3497536945812808,0.4186046511627907,0.7178130511463845,0,1,0.3269230769230769,0.2767282958199357,0.24017374721898507,0.6639104567913683,0.007406214780228625,0.5821834415584415,1.0,1.0,0.3611731214287177,0.2650236966824645,0.27616408763237604,0.6644753605462977,0.4776965265082267,0.16685584562996594,1,test
0.8678909952606636,0.8758131283264341,0.1439274339746869,0.1439417419698253,0.01629840225871748,0.013783861395615967,0.010798303123794832,0.024396859538869435,0.09359605911330049,0.4837209302325582,0.7178130511463845,0,1,0.3269230769230769,0.18207395498392284,0.4217607797436169,0.09912271856408189,0.018193527612300753,0.13129058441558442,1.0,1.0,0.633911565322465,0.3871848341232228,0.5387794397351304,0.9499057228762167,0.5404631322364412,1.0,1,train
0.8056872037914693,0.8089887640449439,0.1641722429622389,0.16417322989419425,0.0016311503868250215,0.001914425193835551,0.0014875213486860229,0.0023983786270300373,0.43842364532019706,0.47906976744186053,0.7142857142857144,0,1,0.3269230769230769,0.3189308681672026,0.32884839495709295,0.4598164767570838,0.010465303493801318,0.5849228896103895,1.0,1.0,0.4298236631371987,0.3082085308056872,0.33982201141193324,0.7676196300259899,0.5313833028641073,0.5476730987514189,1,train
0.6842417061611374,0.6871673565937316,0.16653634540175077,0.16653701393000325,0.0010677811769175844,0.001914425193835551,0.0013773345821166878,0.0015953531500373906,0.4285714285714286,0.45116279069767445,0.7037037037037037,0,1,0.3269230769230769,0.567323151125402,0.45248437334463393,0.49581526671372395,0.009499275478988888,0.5387581168831168,0.9140782122905029,1.0,0.3925082433899277,0.29505213270142183,0.324089510883603,0.7494266931661826,0.5400975015234613,0.40556186152099893,1,train
0.7849526066350712,0.7859254878769959,0.15350178152903834,0.15350192120352965,0.0007205885243002102,0.0013400976356848858,0.0008814941325546802,0.0009653042610733486,0.41379310344827586,0.4186046511627907,0.23104056437389797,0,1,0.0,0.03547025723472669,0.2839283822438818,0.5254613290309569,0.00821123812590565,0.5561079545454545,1.0,1.0,0.3580396092325967,0.24765876777251186,0.2889379388076173,0.7344442745757529,0.48555758683729433,0.17128263337116909,1,train
0.7464454976303319,0.7486694263749262,0.04293494024367049,0.04293644185401054,0.001349465781871303,0.002105867713219106,0.0017078948818246929,0.001917667630274233,0.41379310344827586,0.41395348837209306,0.2169312169312172,0,1,0.038461538461538464,0.11756430868167204,0.4334145566267613,0.3383079560350913,0.01078731283207213,0.45038555194805185,1.0,1.0,0.41311159809122,0.2807203791469195,0.3534177096296992,0.8290781226112216,0.5138330286410725,0.5257661748013621,1,test
0.7375592417061612,0.7409816676522768,0.05469624766748523,0.05469796573362298,0.002194519596732459,0.002297310232602661,0.0018731750316786954,0.00285812537895245,0.33497536945812806,0.4093023255813954,0.22398589065255736,0,1,0.038461538461538464,0.142483922829582,0.27471130416357664,0.36613895331249374,0.013041378199967795,0.49269480519480513,1.0,1.0,0.45601818665902066,0.3082085308056872,0.36257543381783175,0.8149620343474495,0.4708714198659354,0.6988649262202044,1,train
0.9994075829383887,1.0,0.011322028445181214,0.011323267752164353,0.0010808827864503155,0.002105867713219106,0.0014875213486860229,0.0008031117496051303,0.11330049261083744,0.2651162790697675,0.8306878306878307,0,1,0.1923076923076923,0.0024115755627009644,0.3573471766076915,0.31572047998386615,0.006118177427145387,0.36586850649350644,1.0,1.0,0.3935732279271715,0.24765876777251186,0.33982201141193324,0.8404423380726698,0.2718464351005485,0.3382519863791146,1,train
0.8927725118483413,0.8935541099940865,0.014314188962610493,0.014315737829429206,0.0012970593437403785,0.002105867713219106,0.0017078948818246929,0.0018497710842500373,0.4433497536945813,0.4093023255813954,0.8271604938271606,0,1,0.1923076923076923,0.21332395498392284,0.32376311049899353,0.27528486437430677,0.006118177427145387,0.36586850649350644,1.0,1.0,0.4096094374014378,0.24765876777251186,0.3534177096296992,0.8609285022677471,0.515661182205972,0.40556186152099893,1,test
1.0,0.9988172678888233,0.018918637780712594,0.018924267548525428,0.0023386373015925007,0.002584474011677994,0.004572750812627403,0.0016371090944792086,0.1477832512315271,0.26046511627906976,0.8271604938271606,0,1,0.1923076923076923,0.0024115755627009644,0.3047992372073313,0.06362811334072806,0.003220093382708098,0.1953125,1.0,1.0,0.4616503164232904,0.18092890995260666,0.4518515039800878,0.9678438566987718,0.2542961608775137,0.7653802497162315,1,train
0.9982227488151659,0.9976345357776465,0.02283149936128821,0.022836021917523878,0.0022731292539288454,0.002967359050445104,0.0038014434466420582,0.0021091065573742205,0.22167487684729065,0.26976744186046514,0.8306878306878307,0,1,0.1923076923076923,0.007134244372990354,0.3049051806335417,0.09246748008470305,0.004186121397520528,0.20058847402597402,1.0,1.0,0.4591312183832716,0.20629383886255923,0.43325427947495715,0.9532691229679457,0.3362583790371725,0.7475595913734392,1,test
0.9994075829383887,0.9988172678888233,0.026851684336500436,0.026853055252193836,0.0009040110577584456,0.0009572125969177757,0.0015977081152553578,0.0007767123301853033,0.18719211822660098,0.29767441860465116,0.8306878306878307,0,1,0.1923076923076923,0.00472266881028939,0.3531094395592753,0.22688312997882426,0.004186121397520528,0.5772118506493507,1.0,1.0,0.37788518647469643,0.20629383886255923,0.3468429332895015,0.8853386332365082,0.3140158439975625,0.26322360953461976,1,train
0.9306872037914693,0.9331756357185098,0.03374271114934392,0.033745250063096616,0.0024696533969198117,0.003158801569828659,0.0024241088645253705,0.003230477974429488,0.39408866995073893,0.40465116279069774,0.8342151675485008,0,1,0.1923076923076923,0.1382636655948553,0.31592329695942367,0.2605626701623475,0.009016261471582673,0.33329951298701294,1.0,1.0,0.4664632273127573,0.29505213270142183,0.3881935802005307,0.868317790348061,0.4728214503351615,0.8069239500567537,1,train
0.44845971563981046,0.45002956830277946,0.03780739798636151,0.037807964562109476,0.0007795457671975002,0.001052933856609553,0.0010467742824086827,0.0011297398604661274,0.43842364532019706,0.45116279069767445,0.8306878306878307,0,1,0.1923076923076923,0.8959003215434084,0.3472825511177031,0.44539679338509636,0.006118177427145387,0.6878043831168831,1.0,1.0,0.3649210477809409,0.24765876777251186,0.30549228637847226,0.774906996891403,0.524375380865326,0.21316685584562997,1,test
0.9289099526066351,0.9331756357185098,0.043859022190310876,0.04386468940346375,0.0049786116224378165,0.00583899684119843,0.004682937579196738,0.006746949659240435,0.43349753694581283,0.40465116279069774,0.8306878306878307,0,1,0.1923076923076923,0.13615353697749197,0.42631634707066424,0.16960774427750328,0.01175334084688456,0.22696834415584416,0.9870391061452513,1.0,0.5285804984946852,0.3317914691943128,0.45304905252776667,0.9142842582683586,0.48951858622790984,0.9982973893303064,1,val
0.9306872037914693,0.9343583678296866,0.05370729993287767,0.05371397301115925,0.0056271412943080055,0.007274815736575094,0.005344058178612748,0.007756252952680162,0.4482758620689655,0.41395348837209306,0.8271604938271606,0,1,0.1923076923076923,0.1315313504823151,0.3945333192075432,0.13572653020066552,0.01078731283207213,0.1675121753246753,1.0,1.0,0.5394556290576935,0.3204170616113744,0.46756052316434593,0.9314070223717066,0.4978062157221207,0.9990919409761634,1,train
0.9330568720379148,0.9367238320520404,0.06358812850722435,0.06359038226721674,0.0021814179871997275,0.003350244089212214,0.002258828714671368,0.002805240267500313,0.4236453201970443,0.40465116279069774,0.8271604938271606,0,1,0.1923076923076923,0.12680868167202575,0.4558745629833669,0.3277200766360795,0.01078731283207213,0.36931818181818177,1.0,1.0,0.4554856943903987,0.3204170616113744,0.3811726583229624,0.8343780257860673,0.46496039000609385,0.8530079455164586,1,test
0.9354265402843602,0.9373151981076288,0.07336635119878658,0.07336788118808768,0.0015721931439277314,0.002105867713219106,0.0017629882651093603,0.002106949742062143,0.4433497536945813,0.3813953488372093,0.8306878306878307,0,1,0.1923076923076923,0.12781350482315115,0.3531094395592753,0.3277200766360795,0.008050233456770244,0.45038555194805185,1.0,1.0,0.42656726810985723,0.2807203791469195,0.35656420973536523,0.8343780257860673,0.48470444850700795,0.5458569807037458,1,test
0.8264218009478673,0.8290952099349498,0.08664811269255211,0.08664938487678273,0.0017163108487877735,0.002297310232602661,0.0015977081152553578,0.0021810579161851214,0.31527093596059114,0.41395348837209306,0.8271604938271606,0,1,0.1923076923076923,0.342443729903537,0.2825511177031465,0.39497832005646877,0.009016261471582673,0.45363230519480513,1.0,1.0,0.4343088864767445,0.29505213270142183,0.3468429332895015,0.8003873006166233,0.45971968312004874,0.5404086265607264,1,train
0.0029620853080568723,0.004730928444707275,0.0888839774348828,0.08888501005221491,0.0008647062291602523,0.0017229826744519958,0.0014324279654013552,0.001238443352194827,0.4630541871921182,0.4093023255813954,0.8236331569664905,0,1,0.1923076923076923,0.005928456591639872,0.4021612458946922,0.29041040637289506,0.005152149412332957,0.3912337662337662,1.0,1.0,0.3739938968193827,0.22828436018957346,0.3361119590485359,0.8532334505427305,0.5182205971968312,0.27366628830874007,1,train
0.9348341232227488,0.9373151981076288,0.09451236220049597,0.09451668777749735,0.002423797763555253,0.005168948023355988,0.0038014434466420582,0.003250752038363015,0.3793103448275862,0.4093023255813954,0.8271604938271606,0,1,0.1923076923076923,0.12560289389067525,0.5834304481406929,0.16698598366441464,0.009016261471582673,0.20282061688311687,0.9840223463687152,1.0,0.4648043090912815,0.29505213270142183,0.43179843614248475,0.9156092340620701,0.48476538695917126,0.9668558456299658,1,train
0.9449052132701422,0.9497338852749854,0.12483464138143213,0.12484033214373605,0.005188237374961513,0.00545611180243132,0.004738030962481405,0.007260703066577266,0.3054187192118227,0.4186046511627907,0.8271604938271606,0,1,0.1923076923076923,0.10068327974276528,0.45513295899989403,0.17706967833014017,0.012719368861696986,0.260551948051948,1.0,1.0,0.5322465029594281,0.3424075829383887,0.45542066827905225,0.910513173317026,0.5054844606946983,0.999205448354143,1,test
0.0059241706161137445,0.010053222945002957,0.13142107417902124,0.13142242968756757,0.0014739310724322483,0.0024887527519862162,0.0017078948818246929,0.0020236103984034733,0.3793103448275862,0.4186046511627907,0.8306878306878307,0,1,0.1923076923076923,0.011856913183279744,0.4332026697743405,0.3697690833921549,0.009016261471582673,0.4202516233766233,1.0,1.0,0.4208736969299773,0.29505213270142183,0.3534177096296992,0.8131274524792336,0.49652650822669103,0.583427922814983,1,train
0.9437203791469195,0.94795978710822,0.1350242311065026,0.13503108442052147,0.006059494408888131,0.0060304393605819856,0.005619525095036086,0.007700520845016083,0.33497536945812806,0.4186046511627907,0.8306878306878307,0,1,0.1923076923076923,0.10651125401929261,0.4175230426952008,0.13996168196027026,0.01175334084688456,0.2195616883116883,0.9891620111731843,1.0,0.5460298605279865,0.3317914691943128,0.47164627703289735,0.9292666768587882,0.4590493601462523,0.9996594778660612,1,train
0.00533175355450237,0.00768775872264932,0.13653320589761314,0.13653447434031604,0.0014739310724322483,0.001914425193835551,0.0016528014985400254,0.001864696246209613,0.3645320197044335,0.41395348837209306,0.8306878306878307,0,1,0.1923076923076923,0.010651125401929262,0.1974785464561924,0.28436018957345977,0.006118177427145387,0.40046672077922074,1.0,1.0,0.4208736969299773,0.24765876777251186,0.3502007654918168,0.8562910869897569,0.45789152955514933,0.38853575482406355,1,train
0.8915876777251186,0.8923713778829097,0.13716543111099996,0.1371677206356994,0.0017621664821523323,0.003158801569828659,0.0024241088645253705,0.002417186056551352,0.4187192118226601,0.4186046511627907,0.8342151675485008,0,1,0.1923076923076923,0.21985530546623794,0.3344633965462443,0.19784208934153472,0.006118177427145387,0.2462459415584415,0.975195530726257,1.0,0.4366436602699326,0.24765876777251186,0.3859158898255336,0.8999643275747846,0.4959171237050579,0.6043132803632236,1,train
0.8708530805687205,0.876995860437611,0.13876097224459763,0.13876679726290414,0.005037568865335106,0.004594620465205322,0.00484821772905074,0.006567933988338014,0.3103448275862069,0.4186046511627907,0.8306878306878307,0,1,0.1923076923076923,0.24859324758842447,0.5495285517533638,0.19562367651507512,0.014651424891321846,0.3506493506493506,1.0,1.0,0.529625002560059,0.36181990521327023,0.45774532134219365,0.9011364215461448,0.47093235831809876,0.9997729852440409,1,test
0.9733412322274883,0.9763453577764637,0.1417422038595694,0.14174527207811558,0.003072327435425442,0.003350244089212214,0.002919949314087378,0.0037640740826374295,0.3054187192118227,0.4093023255813954,0.8306878306878307,0,1,0.1923076923076923,0.0497387459807074,0.3486598156584384,0.23434506403146113,0.009982289486395103,0.34192370129870125,1.0,1.0,0.4857967927581052,0.3082085308056872,0.4067908047056613,0.8815675482851755,0.4428397318708105,0.9261066969353007,1,val
0.9212085308056873,0.9254878769958605,0.14288108984587808,0.14288242643248977,0.00185387774888145,0.002105867713219106,0.0017078948818246929,0.0025575515970613478,0.39901477832512317,0.41395348837209306,0.8306878306878307,0,1,0.1923076923076923,0.15152733118971062,0.43044814069287,0.4643541393566603,0.01175334084688456,0.6195211038961038,1.0,1.0,0.4411084031376083,0.3317914691943128,0.3534177096296992,0.7653773632981705,0.4987202925045704,0.7342792281498298,1,test
0.5468009478672986,0.547604967474867,0.08754483307044998,0.08754555339860787,0.0007729949624311346,0.0014358188953766634,0.0012120544322626852,0.0010342360784473415,0.41379310344827586,0.40465116279069774,0.8130511463844798,1,0,0.11538461538461542,0.9012258842443731,0.3684712363597839,0.3423414339013815,0.005152149412332957,0.4628652597402597,1.0,1.0,0.3641837507936183,0.22828436018957346,0.319745462230258,0.8269887377057534,0.4848263254113345,0.2196367763904654,1,train
0.9123222748815166,0.9183914843287996,0.1182879143085987,0.11832026977833235,0.030683969525656225,0.02383459366325261,0.02346978127926836,0.03918251868405968,0.1477832512315271,0.4465116279069768,0.8130511463844798,1,0,0.11538461538461542,0.1547427652733119,0.4120139845322598,0.03418372491680952,0.014812429560457249,0.05813717532467532,0.9974301675977655,1.0,0.6901509410776824,0.36181990521327023,0.6174184610327095,0.9827243540743006,0.46099939061547834,1.0,1,train
0.7411137440758294,0.7397989355411,0.03555517920294335,0.03555559224725382,0.00044545472411285726,0.0012443763759931081,0.0009365875158393477,0.0006730126499806232,0.5221674876847291,0.4186046511627907,0.2275132275132279,0,1,0.0,0.14821141479099678,0.2354062930395169,0.27175557124130284,0.0035421027209789077,0.32355925324675316,1.0,1.0,0.31623896614578,0.15090047393364928,0.2947613121375068,0.862661162921062,0.5468616697135893,0.08671963677639044,1,train
0.04917061611374408,0.05144884683619161,0.27693909589986104,0.2769397393893505,0.0011660432484130675,0.0015315401550684408,0.0013773345821166878,0.0016277916523310342,0.39408866995073893,0.4186046511627907,0.23809523809523814,0,1,0.0,0.1224879421221865,0.24451742769361162,0.3407280427548654,0.00821123812590565,0.49269480519480513,1.0,1.0,0.40024986175681493,0.24765876777251186,0.33226101862070584,0.827855068032411,0.5049969530773919,0.30556186152099885,1,train
0.2221563981042654,0.22531046717918393,0.08309047975444406,0.0830912074373024,0.001100535200749412,0.0015315401550684408,0.0012120544322626852,0.0015358250474240551,0.3891625615763547,0.4186046511627907,0.8306878306878307,0,1,0.07692307692307693,0.44383038585209006,0.34760038139633437,0.4739336492890996,0.008050233456770244,0.6054180194805194,1.0,1.0,0.39515022426116697,0.2807203791469195,0.319745462230258,0.7604851449829282,0.5048750761730653,0.34018161180476736,1,train
0.6729857819905214,0.6723832052040214,0.11125575526617812,0.11125620056940275,0.0005306151860756094,0.0011486551163013307,0.0010467742824086827,0.0008339973448740782,0.541871921182266,0.45116279069767445,0.8271604938271606,0,1,0.07692307692307693,0.6564509646302251,0.32662358300667443,0.2941413733992135,0.003220093382708098,0.4202516233766233,1.0,1.0,0.3313945153296332,0.18092890995260666,0.30549228637847226,0.8513479080670641,0.5681291895185863,0.12463110102156641,1,train
0.2671800947867299,0.2720283855706683,0.20003295968280707,0.20005967642639633,0.017706825283486074,0.020197185794965065,0.01972343121591097,0.01705669939619524,0.13793103448275862,0.41395348837209306,0.24162257495590822,1,0,0.15384615384615385,0.6644895498392284,0.48447928806017587,0.03125945346374912,0.014168410883915631,0.05204951298701297,0.9906145251396647,1.0,0.6412845351956908,0.3204170616113744,0.5991264940005165,0.9842022116903634,0.34771480804387567,1.0,1,train
0.7885071090047394,0.7871082199881727,0.3352150701859619,0.3352175044560757,0.0011463908341139708,0.0012443763759931081,0.002699575780948708,0.0014785400327352802,0.32019704433497537,0.41395348837209306,0.23456790123456805,1,0,0.23076923076923078,0.03547025723472669,0.30935480453437864,0.09246748008470305,0.0035421027209789077,0.32355925324675316,1.0,1.0,0.3987547873102997,0.15090047393364928,0.39894803578556837,0.9532691229679457,0.4670322973796466,0.33461975028376845,1,train
0.10189573459715641,0.10526315789473685,0.016153153707779547,0.016154620913167262,0.001434626243834055,0.002297310232602661,0.0016528014985400254,0.001920255808648726,0.3251231527093596,0.4093023255813954,0.23104056437389797,0,1,0.0,0.25452170418006437,0.3728149168344104,0.34940002016738936,0.010626308162936724,0.41467126623376616,1.0,1.0,0.4184979621930489,0.2807203791469195,0.3502007654918168,0.8234214951842226,0.4842169408897014,0.5053348467650398,1,test
0.017772511848341235,0.01951507983441751,0.17855452134591554,0.1785546982802339,0.0007009361100011136,0.0013400976356848858,0.0009365875158393477,0.0009768647911460834,0.43842364532019706,0.41395348837209306,0.23104056437389797,0,1,0.0,0.04441318327974277,0.2575484691174913,0.43974992437229005,0.007084205441957815,0.49269480519480513,1.0,1.0,0.3556229135519282,0.22828436018957346,0.2947613121375068,0.7777607909086277,0.5048141377209019,0.15811577752553915,1,val
0.23045023696682465,0.23299822590183325,0.42620345103289525,0.4262029045672515,0.0006681820861692859,0.0011486551163013307,0.0007162139827006776,0.000991962498330625,0.41379310344827586,0.4558139534883721,0.23809523809523814,0,1,0.0,0.5739549839228296,0.2723805487869478,0.7119088434002219,0.009338270809853486,0.7101258116883117,1.0,1.0,0.35144489729043354,0.2650236966824645,0.26911968441073564,0.6402181113998879,0.5371115173674589,0.15232690124858114,1,train
0.2665876777251185,0.2726197516262567,0.9226481375381146,0.9226737397777585,0.021729019410034522,0.020962955872499286,0.019613244449341635,0.03136621999309129,0.18226600985221675,0.4465116279069768,0.23456790123456805,0,1,0.0,0.6649919614147911,0.4437970123953809,0.03680548552989815,0.016583480920946702,0.0588474025974026,1.0,1.0,0.6594711942163147,0.3424075829383887,0.5994082701293822,0.9813993782805892,0.5212065813528336,1.0,1,train
0.02428909952606635,0.02897693672383206,0.9883683455269221,0.9883699372336084,0.0032688515784164087,0.002967359050445104,0.0028648559308027104,0.0039918337795928,0.2413793103448276,0.4186046511627907,0.23104056437389797,0,1,0.0,0.06069131832797428,0.28911961012819154,0.23898356357769485,0.013041378199967795,0.3850446428571428,1.0,1.0,0.49128555921928446,0.3082085308056872,0.4048888158358184,0.8792233603424553,0.44137720901889094,0.9198637911464245,1,train
0.17476303317535546,0.179183914843288,1.0,1.0,0.0018931825774796433,0.0017229826744519958,0.0017629882651093603,0.0024554048238813633,0.33497536945812806,0.41395348837209306,0.23104056437389797,0,1,0.0,0.4365956591639872,0.34082000211886854,0.3888272663103761,0.013041378199967795,0.6448863636363635,1.0,1.0,0.44297212607778486,0.3082085308056872,0.35656420973536523,0.8034958976711002,0.469043266301036,0.6589103291713961,1,train
0.15876777251184834,0.16203429923122414,1.0150765388779193,1.0150787154865437,0.002895455706733572,0.003924571647362879,0.003305602997080051,0.0038839067413764484,0.3842364532019705,0.41395348837209306,0.23456790123456805,0,1,0.0,0.39600080385852093,0.3584066108697955,0.17343954825047897,0.010626308162936724,0.24492694805194806,1.0,1.0,0.4805537919593668,0.2807203791469195,0.41921243571982064,0.9123477551852418,0.48470444850700795,0.9105561861520999,1,test
0.03672985781990522,0.04080425783560024,1.0206296793294907,1.0206294880171465,0.0016770060201895802,0.0023930314922944386,0.0016528014985400254,0.0022993376678994448,0.3694581280788177,0.4093023255813954,0.23456790123456805,0,1,0.0,0.09163987138263667,0.32471660133488717,0.3819703539376828,0.01175334084688456,0.43628246753246747,1.0,1.0,0.43226083928973724,0.29505213270142183,0.3502007654918168,0.8069612189777302,0.49573430834856796,0.5620885357548241,1,test
0.01066350710900474,0.012418687167356595,0.03652462788856199,0.03652582558286728,0.001087433591216681,0.002105867713219106,0.0014875213486860229,0.0017269188840741104,0.5024630541871922,0.4930232558139535,0.23456790123456805,1,0,0.11538461538461542,0.026627813504823152,0.2648585655260091,0.279721690027226,0.007084205441957815,0.32355925324675316,1.0,1.0,0.3941057201957933,0.22828436018957346,0.33982201141193324,0.8586352749324773,0.573674588665448,0.2877412031782066,1,train
0.009478672985781991,0.012418687167356595,0.061340941736448495,0.06134139083027285,0.0008778078386929834,0.0016272614147602184,0.0009916808991240153,0.0014080553083365916,0.4876847290640394,0.4930232558139535,0.23104056437389797,1,0,0.11538461538461542,0.023713826366559488,0.3010912172899672,0.522335383684582,0.009499275478988888,0.5193790584415584,1.0,1.0,0.37530464701906735,0.2650236966824645,0.30025594665038624,0.7360240534067166,0.5794028031687996,0.22951191827468784,1,test
0.011255924170616115,0.013601419278533413,0.06301502944238459,0.06301602614755253,0.0007664441576647691,0.002297310232602661,0.0013773345821166878,0.0012268828221220923,0.47783251231527096,0.4930232558139535,0.23104056437389797,1,0,0.11538461538461542,0.028135048231511257,0.5207119398241339,0.3407280427548654,0.00821123812590565,0.33664772727272724,1.0,1.0,0.36344645380629576,0.24765876777251186,0.33226101862070584,0.827855068032411,0.5782449725776966,0.30556186152099885,1,test
0.009478672985781991,0.012418687167356595,0.10779797632894077,0.10779952809234357,0.0016704552154232146,0.0018187039341437735,0.001818081648394028,0.002657886645379187,0.4482758620689655,0.5302325581395348,0.2275132275132279,1,0,0.11538461538461542,0.023713826366559488,0.2586079033795953,0.28819199354643543,0.009499275478988888,0.4685470779220779,1.0,1.0,0.431912671267946,0.2650236966824645,0.35961678446474277,0.8543545839066402,0.5746496039000609,0.5035187287173666,1,test
0.008293838862559242,0.010644589000591367,0.11436310169799761,0.1143662937479705,0.001722861653554139,0.00430745668612999,0.003030136080656713,0.0029164456649910225,0.5221674876847291,0.5534883720930233,0.23104056437389797,1,0,0.11538461538461542,0.02069935691318328,0.49231910159974573,0.15659977815871734,0.00821123812590565,0.1796875,0.98,1.0,0.4346365740266656,0.24765876777251186,0.4086693122314321,0.9208581766294655,0.6111517367458866,0.7540295119182747,1,train
0.007701421800947868,0.009461856889414548,0.11651468022856973,0.11651543134891525,0.0006747328909356515,0.0015315401550684408,0.001267147815547353,0.0011813308827310182,0.5911330049261084,0.5255813953488373,0.23104056437389797,1,0,0.11538461538461542,0.019292604501607715,0.4800296641593389,0.3277200766360795,0.007084205441957815,0.43628246753246747,1.0,1.0,0.35230507710897657,0.22828436018957346,0.324089510883603,0.8343780257860673,0.6315051797684339,0.23280363223609532,1,train
0.008886255924170618,0.011235955056179777,0.12689902456793684,0.12689960129228162,0.0009957223244875632,0.0017229826744519958,0.0011569610489780178,0.0016789513115335096,0.5073891625615764,0.5534883720930233,0.23104056437389797,1,0,0.11538461538461542,0.022206591639871386,0.2354062930395169,0.40415448220227895,0.00821123812590565,0.44196428571428564,1.0,1.0,0.3863641018289062,0.24765876777251186,0.31521356282433605,0.7957498853386332,0.608714198659354,0.24279228149829737,1,train
0.010071090047393365,0.012418687167356595,0.1293522879814545,0.12935278203008352,0.0009367650815902734,0.0015315401550684408,0.0011018676656933504,0.0015912983372506852,0.4975369458128079,0.5534883720930233,0.23104056437389797,1,0,0.11538461538461542,0.02512057877813505,0.24663629621781968,0.4238176868004437,0.00821123812590565,0.49269480519480513,1.0,1.0,0.3810186986708174,0.24765876777251186,0.3104703313217649,0.7858125668857974,0.613162705667276,0.22780930760499432,1,test
0.6907582938388626,0.6978119455943229,0.17705891283838612,0.17705877774187234,0.0007926473767302313,0.002967359050445104,0.0008814941325546802,0.001346542935636145,0.5714285714285714,0.4930232558139535,0.848324514991182,1,0,0.23076923076923078,0.6153536977491962,0.5695518593071299,0.7345971563981043,0.01545644823699887,0.5696022727272726,0.8027932960893855,0.0,0.366375161283716,0.37069194312796205,0.26911968441073564,0.3604953371044183,0.6131017672151128,0.3642451759364359,0,train
0.004146919431279621,0.00827912477823773,0.0011636529235325137,0.0011631792517881306,0.00035374345738373956,0.001052933856609553,0.0002754669164233376,0.0005505918128671115,0.5320197044334976,0.441860465116279,0.22398589065255736,1,0,0.11538461538461542,0.01034967845659164,0.2354062930395169,0.49581526671372395,0.011914345516019963,0.9219764610389609,1.0,0.0,0.29639338890368033,0.29505213270142183,0.18273181956935214,0.23982061866177445,0.5631322364411944,0.06617480136208856,0,test
0.021919431279620854,0.028385570668243647,0.003438279888248434,0.0034392963370939705,0.0014673802676658826,0.002967359050445104,0.0016528014985400254,0.0021838186397845805,0.49261083743842365,0.441860465116279,0.22398589065255736,1,0,0.11538461538461542,0.054963826366559485,0.46085390401525583,0.6369869920338812,0.016583480920946702,0.47727272727272724,0.7837988826815643,1.0,0.4204845679644459,0.3424075829383887,0.3282457087843708,0.6780818427355654,0.5378427787934187,0.6111237230419977,0,val
0.023104265402843605,0.027202838557066827,0.004702573064627003,0.0047060248030638616,0.0028430492686026478,0.003733129127979324,0.003030136080656713,0.0033467734560566997,0.3497536945812808,0.372093023255814,0.22398589065255736,1,0,0.11538461538461542,0.057877813504823156,0.37207331285093764,0.20772411011394573,0.011914345516019963,0.2823660714285714,1.0,1.0,0.4789358346816311,0.29505213270142183,0.4105008570690586,0.8950211486520919,0.4256550883607556,0.9110102156640181,0,val
0.11433649289099528,0.11827321111768185,0.005943750432929993,0.0059436619939788925,0.0005371659908419749,0.0016272614147602184,0.0005509338328466751,0.00076825761416196,0.4876847290640394,0.37674418604651166,0.22398589065255736,1,0,0.11538461538461542,0.2864750803858521,0.38521029770102766,0.9160028234345063,0.011914345516019963,0.6262175324675324,1.0,0.0,0.33245949986687695,0.29505213270142183,0.24453471716721067,0.4521734699077613,0.5182205971968312,0.14097616345062428,0,train
0.0859004739336493,0.09107037256061502,0.007499821717364586,0.00749980933421079,0.0003995990907482984,0.0017229826744519958,0.000771307365985345,0.0006472171388481778,0.5369458128078818,0.47906976744186053,0.22398589065255736,1,0,0.11538461538461542,0.21523311897106112,0.6621464138150228,0.8559040032267823,0.014168410883915631,0.695616883116883,0.776536312849162,0.0,0.30685891002928706,0.3204170616113744,0.25341066522647754,0.4218009478672986,0.5851310176721511,0.19421112372304203,0,train
0.023104265402843605,0.03252513305736251,0.008755780622804342,0.008768110301534997,0.01040267796898849,0.013496697616540635,0.009420968541678145,0.013267433710712746,0.39408866995073893,0.36744186046511623,0.22398589065255736,1,0,0.11538461538461542,0.057877813504823156,0.5848077126814282,0.11697085812241605,0.022540653678956683,0.1344358766233766,0.9805586592178772,1.0,0.5940156061195649,0.3871848341232228,0.5231408645830887,0.9408856953574887,0.4605728214503352,1.0,0,train
0.0835308056872038,0.10467179183914843,0.009983119956341,0.00999363923202179,0.014837572795817966,0.019048530678663734,0.008814941325546803,0.02144383428618558,0.4729064039408867,0.4186046511627907,0.22398589065255736,1,0,0.11538461538461542,0.20930466237942125,0.6582265070452378,0.2747806796410205,0.046369344710996616,0.19237012987012986,0.8958659217877096,1.0,0.6255555327994756,0.49736492890995265,0.5082302110972832,0.8611323446975487,0.5218159658744668,1.0,0,val
0.04028436018957346,0.05795387344766411,0.01119103886608627,0.011193693640568648,0.0033998676737437197,0.008423470852876425,0.002919949314087378,0.005407222259990455,0.5123152709359606,0.4558139534883721,0.22398589065255736,1,0,0.11538461538461542,0.10088424437299036,0.7166013348871703,0.7588988605425028,0.039124134599903396,0.3799715909090909,0.8344134078212291,1.0,0.49476723943719664,0.47131753554502376,0.3904477892314556,0.6164704683279825,0.5743449116392444,0.9997729852440409,0,test
0.04798578199052133,0.052631578947368425,0.012279132974786706,0.012282493578297596,0.0025744662731816605,0.0049775055039724325,0.0031954162305107155,0.0035566747222280696,0.45320197044334976,0.4186046511627907,0.2275132275132279,1,0,0.11538461538461542,0.12007636655948553,0.4740968322915563,0.23000907532519915,0.013041378199967795,0.22960633116883114,0.9242458100558659,1.0,0.47014971224937024,0.3082085308056872,0.4086693122314321,0.8837588544055445,0.49920780012187693,0.9318955732122587,0,train
0.0,0.007096392667060912,0.0134154243295767,0.01341838993158833,0.0022993324729943076,0.004881784244280655,0.003030136080656713,0.002768056771520099,0.3891625615763547,0.37674418604651166,0.22045855379188728,1,0,0.11538461538461542,0.0,0.6194512130522302,0.3344761520621156,0.017871518274029944,0.3107751623376623,0.8803351955307261,1.0,0.4601552419767752,0.3524170616113744,0.39894803578556837,0.8309636650868879,0.4354052407068861,0.971282633371169,0,train
0.0556872037914692,0.05972797161442934,0.014480638505794166,0.014482422972986787,0.0013298133675722062,0.002967359050445104,0.001928268414963363,0.001955196216704379,0.4827586206896552,0.4093023255813954,0.22398589065255736,1,0,0.11538461538461542,0.13956993569131834,0.5423243987710563,0.33740042351517596,0.011914345516019963,0.354301948051948,0.9689385474860335,1.0,0.4118008478915355,0.29505213270142183,0.36257543381783175,0.8294858074708251,0.5314442413162705,0.6444948921679909,0,train
0.0059241706161137445,0.009461856889414548,0.015585165280779622,0.015585768548243163,0.0008712570339266179,0.0013400976356848858,0.0012120544322626852,0.0007359916570932825,0.22660098522167488,0.22790697674418608,0.2275132275132279,1,0,0.11538461538461542,0.014871382636655951,0.4093653988769997,0.5462337400423516,0.010626308162936724,0.6829342532467532,0.8543016759776536,1.0,0.37464927191922504,0.2807203791469195,0.30549228637847226,0.7239463894409621,0.30901889092017065,0.28070374574347334,0,train
0.0017772511848341234,0.005913660555884092,0.016856298849343823,0.01685862976949489,0.00191283499177874,0.003158801569828659,0.002258828714671368,0.0017592711137552708,0.2315270935960591,0.26976744186046514,0.2275132275132279,1,0,0.11538461538461542,0.004421221864951769,0.44146625701875203,0.279721690027226,0.01175334084688456,0.33329951298701294,1.0,1.0,0.44387326684006806,0.29505213270142183,0.3811726583229624,0.8586352749324773,0.3335770871419866,0.7653802497162315,0,test
0.009478672985781991,0.011235955056179777,0.01837195678224492,0.01837200507288937,0.0004520055288792228,0.0009572125969177757,0.0006611205994160101,0.0005668110640139334,0.4236453201970443,0.33953488372093027,0.2275132275132279,1,0,0.11538461538461542,0.023713826366559488,0.3361584913656108,0.6121811031561963,0.007084205441957815,0.661830357142857,1.0,1.0,0.31750875540172446,0.22828436018957346,0.2615586916195083,0.6906181521683739,0.45661182205971973,0.10385925085130532,0,test
0.08530805687203792,0.08574807806031934,0.019494331477071046,0.01949477103987156,0.00035374345738373956,0.0013400976356848858,0.0009916808991240153,0.0005472271809802709,0.5369458128078818,0.41395348837209306,0.22398589065255736,1,0,0.11538461538461542,0.213725884244373,0.5101175972030936,0.3277200766360795,0.004669135404926743,0.36586850649350644,0.9412290502793297,1.0,0.29639338890368033,0.18092890995260666,0.2947613121375068,0.8343780257860673,0.5598415600243754,0.10896708286038592,0,train
0.017772511848341235,0.020106445890005917,0.021033655594430475,0.021033778115341403,0.00034064184785100846,0.0014358188953766634,0.000771307365985345,0.0004884755318792833,0.47783251231527096,0.441860465116279,0.22398589065255736,1,0,0.11538461538461542,0.044513665594855305,0.6053607373662464,0.6399112634869416,0.00821123812590565,0.5225243506493505,0.9254748603351957,1.0,0.293157474348209,0.24765876777251186,0.26911968441073564,0.6766039851195026,0.5205362583790372,0.1326901248581158,0,train
0.03732227488151659,0.04553518628030752,0.02210335140690749,0.022105044662969718,0.0026072202970134884,0.004498899205513544,0.002258828714671368,0.0030348116893178286,0.3842364532019705,0.29767441860465116,0.2275132275132279,1,0,0.11538461538461542,0.09334807073954984,0.4034325670092171,0.5551073913481899,0.020125583641925612,0.3788555194805194,0.7871508379888268,1.0,0.4712761382022242,0.37069194312796205,0.35961678446474277,0.7194618559853233,0.4209628275441804,0.895800227014756,0,train
0.09834123222748815,0.09994086339444117,0.0233074176819735,0.02330785094888663,0.0005240643813092438,0.001914425193835551,0.0011018676656933504,0.0007951746692566856,0.5172413793103449,0.4186046511627907,0.23104056437389797,1,0,0.11538461538461542,0.24567926045016078,0.45619239326199806,0.43974992437229005,0.007084205441957815,0.354301948051948,0.8403351955307261,1.0,0.3303090503205194,0.22828436018957346,0.2947613121375068,0.7777607909086277,0.5489945155393053,0.15811577752553915,0,train
0.09360189573459717,0.09639266706091071,0.024577529122969732,0.024577645792497438,0.0004389039193464917,0.0011486551163013307,0.0007162139827006776,0.0006391937858872501,0.4827586206896552,0.4093023255813954,0.23104056437389797,1,0,0.11538461538461542,0.23382234726688103,0.5372391143129569,0.7119088434002219,0.009499275478988888,0.7101258116883117,1.0,1.0,0.31496917688983556,0.2650236966824645,0.26911968441073564,0.6402181113998879,0.5277879341864716,0.15232690124858114,0,train
0.10308056872037916,0.11176818450620934,0.025756985711206975,0.025756943183167316,0.0007336901338329413,0.0034459653489039917,0.0011018676656933504,0.0011513080135869013,0.5221674876847291,0.45116279069767445,0.22398589065255736,1,0,0.11538461538461542,0.2582395498392283,0.5562029876046192,0.5966522133709791,0.02141362099500885,0.5193790584415584,0.5211173184357543,0.0,0.3596166055665923,0.37914691943127965,0.25341066522647754,0.29078122611221524,0.5670932358318099,0.3163450624290579,0,test
0.3039099526066351,0.30987581312832646,0.027028905531746535,0.027029411279080463,0.0010219255435530254,0.0024887527519862162,0.0009916808991240153,0.0013345510425009947,0.43842364532019706,0.34418604651162793,0.22398589065255736,1,0,0.11538461538461542,0.7613545016077171,0.5088462760885687,0.840778461228194,0.016583480920946702,0.565137987012987,1.0,1.0,0.38865791467835425,0.3424075829383887,0.30025594665038624,0.5750904550782245,0.4729433272394881,0.43575482406356414,0,test
0.01481042654028436,0.018923713778829097,0.027991513825179545,0.027991467607651477,0.0003602942621501051,0.0012443763759931081,0.0006060272161313426,0.00037157614196468966,0.3448275862068966,0.26046511627906976,0.22398589065255736,1,0,0.11538461538461542,0.037077974276527335,0.6401101811632588,1.0,0.011914345516019963,0.797077922077922,1.0,0.5,0.2979703852376759,0.29505213270142183,0.25341066522647754,0.4946236559139785,0.3799512492382694,0.15811577752553915,0,train
0.00533175355450237,0.00768775872264932,0.028923694167166135,0.028923567785422755,0.00047165794317831946,0.0012443763759931081,0.0005509338328466751,0.00035345889334323973,0.17733990147783252,0.2186046511627907,0.2275132275132279,1,0,0.11538461538461542,0.013364147909967846,0.2675071511812692,0.81667843097711,0.00821123812590565,0.5941558441558441,1.0,1.0,0.3211747598664673,0.24765876777251186,0.24453471716721067,0.5872700402588799,0.2789762340036563,0.09772985244040863,0,train
0.10959715639810427,0.1147250147841514,0.029931826449972478,0.029931777028742966,0.00047820874794468496,0.0020101464535273285,0.0006060272161313426,0.0007147685944224411,0.5123152709359606,0.4186046511627907,0.2275132275132279,1,0,0.11538461538461542,0.2742162379421222,0.5865028075007945,0.8559040032267823,0.014168410883915631,0.6029829545454545,1.0,0.0,0.32238310770680156,0.3204170616113744,0.25341066522647754,0.4218009478672986,0.5411334552102377,0.19421112372304203,0,train
0.07938388625592417,0.0892962743938498,0.031836757735874216,0.03184260204944101,0.0051423817415969545,0.008806355891643535,0.005123684645474078,0.007334724968087761,0.4630541871921182,0.40465116279069774,0.2275132275132279,1,0,0.11538461538461542,0.19855305466237944,0.6237948935268567,0.24664717152364626,0.02366768636290452,0.22280844155844157,0.9167597765363129,1.0,0.5314682450283654,0.39484360189573464,0.45542066827905225,0.8753503541762218,0.5151736745886655,1.0,0,train
0.04798578199052133,0.12477823772915436,0.032889785006473604,0.032900816835828496,0.03291779395098688,0.07140805973006606,0.02214754008043634,0.052737930375241,0.458128078817734,0.4930232558139535,0.23104056437389797,1,0,0.11538461538461542,0.11987540192926047,0.8015679627079141,0.8814157507310678,0.1576235710835614,0.1685267857142857,0.30681564245810056,1.0,0.6963974849980543,0.6935734597156399,0.5129969239439265,0.5546042908831473,0.5784887263863497,1.0,0,test
0.22808056872037916,0.23832052040212892,0.03400288192799048,0.03400439828628802,0.0022993324729943076,0.0060304393605819856,0.002148641948102033,0.002931543372175564,0.41379310344827586,0.34418604651162793,0.2275132275132279,1,0,0.11538461538461542,0.5705385852090032,0.5513295899989406,0.7164465059997983,0.02495572371598776,0.34446022727272724,0.776536312849162,1.0,0.4601552419767752,0.4021611374407583,0.3534177096296992,0.6379758446720685,0.46099939061547834,0.9402951191827469,0,train
0.02014218009478673,0.021880544056771145,0.034937499651100684,0.03493744196487189,0.0003733958716828362,0.001052933856609553,0.0006060272161313426,0.00046224865768442234,0.4187192118226601,0.30697674418604654,0.22398589065255736,1,0,0.11538461538461542,0.05044212218649518,0.40830596461489566,0.6639104567913683,0.007084205441957815,0.609780844155844,1.0,1.0,0.3010219755463166,0.22828436018957346,0.25341066522647754,0.6644753605462977,0.4518586227909811,0.09398410896708287,0,train
0.6795023696682465,0.6830277942046127,0.03594146479843762,0.03594140545453545,0.00047165794317831946,0.0016272614147602184,0.0006611205994160101,0.0007475521871660172,0.5369458128078818,0.441860465116279,0.22398589065255736,1,0,0.11538461538461542,0.28798231511254024,0.5568386481618816,0.9224563880205707,0.013041378199967795,0.6795860389610389,0.9140782122905029,0.0,0.3211747598664673,0.3082085308056872,0.25341066522647754,0.4554349487845895,0.5728823887873248,0.17582292849035183,0,train
0.15402843601895735,0.15789473684210528,0.03698238378861647,0.036981929600686865,0.000347192652617374,0.0009572125969177757,0.0003305602997080051,0.0005052124187010037,0.4975369458128079,0.40465116279069774,0.2275132275132279,1,0,0.11538461538461542,0.3853496784565917,0.3657167072783134,0.5798124432792175,0.01175334084688456,0.9999999999999999,1.0,0.0,0.29479591209781475,0.29505213270142183,0.19844083875361024,0.28227080466799165,0.527848872638635,0.07968217934165722,0,train
0.0005924170616113745,0.006505026611472502,0.03838332755831257,0.03838648781036262,0.0025875678827143914,0.004594620465205322,0.003030136080656713,0.0018733235074579223,0.1625615763546798,0.2186046511627907,0.22398589065255736,1,0,0.11538461538461542,0.001507234726688103,0.5303527916092807,0.2769990924674801,0.01545644823699887,0.28977272727272724,0.9401117318435754,1.0,0.47060028263051185,0.3317914691943128,0.4048888158358184,0.8600112113336391,0.2627056672760512,0.9590238365493757,0,train
0.13329383886255924,0.1413364872856298,0.03931818115701538,0.03931803761265989,0.0007926473767302313,0.0024887527519862162,0.0008264007492700126,0.0011127441558069578,0.46798029556650245,0.37674418604651166,0.2275132275132279,1,0,0.11538461538461542,0.3335008038585209,0.43595719885581097,0.5753756176262982,0.020125583641925612,0.6739042207792206,0.6508379888268156,0.0,0.366375161283716,0.37069194312796205,0.24453471716721067,0.28002853794017224,0.5082266910420475,0.2615209988649262,0,train
0.21860189573459718,0.22176227084565348,0.04022064117433337,0.0402204961399023,0.0004978611622437816,0.002105867713219106,0.0006060272161313426,0.0007020865203874262,0.46798029556650245,0.3813953488372093,0.2275132275132279,1,0,0.11538461538461542,0.5469252411575564,0.37652293675177456,1.0,0.010626308162936724,0.45038555194805185,0.9069273743016759,0.5,0.3258647879247138,0.2807203791469195,0.24453471716721067,0.4946236559139785,0.5112736136502133,0.12599318955732122,0,train
0.25829383886255924,0.25842696629213485,0.04121973155942307,0.041220056625773764,0.0003995990907482984,0.0014358188953766634,0.0008814941325546802,0.0005283334788464731,0.4433497536945813,0.36744186046511623,0.2275132275132279,1,0,0.11538461538461542,0.646201768488746,0.4050217184023731,0.3474841181809015,0.004669135404926743,0.3434456168831168,1.0,1.0,0.30685891002928706,0.18092890995260666,0.2889379388076173,0.824389746725781,0.4809872029250457,0.10136208853575485,0,test
0.29976303317535546,0.3039621525724424,0.042631918732366825,0.04263279184249197,0.001100535200749412,0.0024887527519862162,0.0013222411988320203,0.001703884096541124,0.5172413793103449,0.41395348837209306,0.2275132275132279,1,0,0.11538461538461542,0.7498995176848875,0.482148532683547,0.5378642734697993,0.013041378199967795,0.4564732142857142,0.9553072625698324,1.0,0.39515022426116697,0.3082085308056872,0.324089510883603,0.7281761198593487,0.5594149908592322,0.45085130533484674,0,train
0.06457345971563981,0.06859846244825547,0.04353579400324046,0.0435363511206824,0.0007991981814965968,0.0015315401550684408,0.0010467742824086827,0.0011473394734126789,0.47783251231527096,0.40465116279069774,0.22045855379188728,1,0,0.11538461538461542,0.1619774919614148,0.5120245788748808,0.5966522133709791,0.011914345516019963,0.661830357142857,1.0,1.0,0.3670919777991685,0.29505213270142183,0.30549228637847226,0.6984660857157418,0.5195003046922608,0.3163450624290579,0,train
0.029028436018957347,0.03903015966883501,0.04452835849693468,0.04453276660384523,0.005777809803934413,0.009955011007944865,0.005344058178612748,0.007200829873513998,0.3793103448275862,0.37674418604651166,0.2275132275132279,1,0,0.11538461538461542,0.07264871382636656,0.44252569128085606,0.31309871937077743,0.02366768636290452,0.19602272727272727,0.6693854748603352,1.0,0.5417904028508816,0.39484360189573464,0.43179843614248475,0.8417673138663813,0.4502132845825716,0.9996594778660612,0,test
0.030213270142180098,0.03311649911295092,0.04553570452776566,0.04553680871857651,0.0008974602529920801,0.0018187039341437735,0.0014324279654013552,0.0006887142654525464,0.19704433497536947,0.1906976744186047,0.2275132275132279,1,0,0.11538461538461542,0.07556270096463023,0.5140375039728785,0.3651305838459212,0.009499275478988888,0.4685470779220779,1.0,1.0,0.37725029184672415,0.2650236966824645,0.3361119590485359,0.8154716404219539,0.2812918951858623,0.3717366628830874,0,train
0.23518957345971567,0.24246008279124778,0.04699946983029302,0.04700237998079976,0.002895455706733572,0.005360390542739543,0.002699575780948708,0.004435361280368391,0.47783251231527096,0.45116279069767445,0.23104056437389797,1,0,0.11538461538461542,0.5875200964630225,0.5368153406081153,0.35464354139356663,0.018837546288842374,0.30022321428571425,1.0,1.0,0.4805537919593668,0.36181990521327023,0.39894803578556837,0.8207715435967997,0.5532602071907373,0.9793416572077185,0,train
0.4164691943127962,0.4216439976345358,0.048073018277449295,0.04807325340308949,0.0007205885243002102,0.0020101464535273285,0.0008814941325546802,0.0009407165665156666,0.4285714285714286,0.34418604651162793,0.2275132275132279,1,0,0.11538461538461542,0.9455385852090032,0.5649962919800826,0.9369769083392154,0.01545644823699887,0.6471185064935064,0.9343016759776537,1.0,0.3580396092325967,0.3317914691943128,0.28273886397257375,0.526474035570504,0.47343083485679466,0.3163450624290579,0,test
0.23992890995260666,0.24305144884683622,0.04934257934206277,0.049342261996023144,0.0004520055288792228,0.0012443763759931081,0.0004958404495620075,0.0007397013794300556,0.5566502463054187,0.4558139534883721,0.23104056437389797,1,0,0.11538461538461542,0.5993770096463024,0.2996080093230215,0.81667843097711,0.010626308162936724,0.729403409090909,0.8882681564245811,0.0,0.31750875540172446,0.2807203791469195,0.2240589851363092,0.40197727156907714,0.5909811090798294,0.09772985244040863,0,train
0.07997630331753555,0.08101714961561206,0.05032146305138573,0.05032200896483022,0.0004913103574774161,0.0012443763759931081,0.0010467742824086827,0.0006888868106775126,0.47783251231527096,0.40465116279069774,0.2275132275132279,1,0,0.11538461538461542,0.20006028938906753,0.4767454179468164,0.34455984672784107,0.0059571727580099805,0.45890827922077915,1.0,1.0,0.3247178814999898,0.20629383886255923,0.30549228637847226,0.8258676043418438,0.5084704448507008,0.15232690124858114,0,train
0.0,0.005322294500295683,0.05272487808966559,0.05273328254153958,0.005306151860756093,0.008710634631951757,0.006556112610875433,0.005177219475110524,0.2512315270935961,0.26046511627906976,0.23104056437389797,1,0,0.11538461538461542,0.0,0.5474096832291557,0.10930725017646466,0.014168410883915631,0.13808847402597402,1.0,1.0,0.5342535892026953,0.3204170616113744,0.48822410594782445,0.9447587015237222,0.3526508226691042,0.9998864926220203,0,train
0.0059241706161137445,0.021880544056771145,0.05434361365653636,0.05435861994136142,0.01901043543199282,0.018665645639896623,0.011349236956641508,0.012499089823938303,0.10837438423645321,0.22790697674418608,0.23104056437389797,1,0,0.11538461538461542,0.014770900321543408,0.5880919588939507,0.14984370273268127,0.03558203187892448,0.15016233766233764,0.9837988826815642,1.0,0.647592520531673,0.45653080568720394,0.5423251226900228,0.9242725373286449,0.23723339427178552,1.0,0,train
0.0059241706161137445,0.015966883500887052,0.0559585752139254,0.05596508732493145,0.006301874185243657,0.009955011007944865,0.005619525095036086,0.004615584767845576,0.14285714285714285,0.2186046511627907,0.2275132275132279,1,0,0.11538461538461542,0.014871382636655951,0.5759084648797542,0.22274881516587677,0.02366768636290452,0.19602272727272727,0.9240223463687152,1.0,0.5495115407458988,0.39484360189573464,0.4654706835419259,0.8874280181419762,0.2647775746496039,1.0,0,train
0.004739336492890996,0.015375517445298642,0.05856633714060127,0.0585703289436958,0.0033998676737437197,0.005647554321814875,0.0036361632967880555,0.0026973132292839614,0.21182266009852216,0.1906976744186047,0.23104056437389797,1,0,0.11538461538461542,0.011856913183279744,0.6845004767454179,0.3540385197136231,0.02479471904685235,0.36799918831168826,0.9499441340782124,1.0,0.49476723943719664,0.4021611374407583,0.42412003663089676,0.8210773072415023,0.2873248019500305,0.9995459704880818,0,train
0.1279620853080569,0.14488468361916026,0.05953185456634311,0.059536709650991185,0.0061315532613181525,0.011007944864554418,0.005123684645474078,0.009479375841805016,0.5024630541871922,0.4465116279069768,0.2275132275132279,1,0,0.11538461538461542,0.32013665594855306,0.6697743405021719,0.44872441262478574,0.03799710191595556,0.2802353896103896,0.7741899441340783,1.0,0.5470743645933602,0.4665402843601897,0.44029868269659755,0.7732252968455384,0.5582571602681292,1.0,0,train
0.02014218009478673,0.07924305144884684,0.060494855985763804,0.060517714620881714,0.028253620957334608,0.04479754953575189,0.020880392264888987,0.04130318577150664,0.4039408866995074,0.5162790697674418,0.22398589065255736,1,0,0.11538461538461542,0.05044212218649518,0.9161987498675708,0.3399213471816074,0.12252455321204313,0.2120535714285714,0.776536312849162,1.0,0.6828189321481967,0.6522085308056872,0.5830182919670321,0.828211792284564,0.5277879341864716,1.0,0,train
0.13388625592417064,0.14429331756357186,0.06167745758190249,0.06168333124976903,0.006504949133000989,0.006509045659040873,0.004903311112335408,0.009554087924215375,0.46798029556650245,0.4465116279069768,0.22398589065255736,1,0,0.11538461538461542,0.3354099678456592,0.5386163788536921,0.255218311989513,0.02495572371598776,0.3187905844155844,0.975195530726257,1.0,0.5523173653920985,0.4021611374407583,0.456594735482659,0.8710187025429343,0.5304082876294942,1.0,0,train
0.10308056872037916,0.11176818450620934,0.06259029612529522,0.06259325915844445,0.0038191191787911145,0.009476404709485978,0.003030136080656713,0.0054303433201359245,0.4729064039408867,0.4093023255813954,0.22045855379188728,1,0,0.11538461538461542,0.2586414790996785,0.45184871278737154,0.38711303821720283,0.02141362099500885,0.18628246753246752,0.9002234636871509,1.0,0.5050893972597128,0.37914691943127965,0.40096743137577195,0.8043622279977578,0.5135892748324192,0.9905788876276957,0,train
0.0,0.018923713778829097,0.06349173401504524,0.06352142808282994,0.04775536674680484,0.04441466449698478,0.029474960057297116,0.052518021486021596,0.21182266009852216,0.33023255813953495,0.22045855379188728,1,0,0.11538461538461542,0.0,0.5254793940036021,0.08702228496521126,0.04170020930606987,0.06594967532467533,0.6977653631284917,1.0,0.7294734470682204,0.48045497630331757,0.6086834010378754,0.9560209957702696,0.3969530773918343,1.0,0,train
0.001184834123222749,0.013010053222945005,0.06478676964366037,0.06479263817765964,0.006629414423561934,0.00899779841102709,0.005564431711751418,0.005260990181831609,0.19704433497536947,0.19534883720930235,0.2275132275132279,1,0,0.11538461538461542,0.003014469453376206,0.5711410107002861,0.2781082988807099,0.027209789083883426,0.24959415584415587,0.8465921787709496,1.0,0.5539967640854444,0.4158862559241706,0.456594735482659,0.8594506446516843,0.286837294332724,1.0,0,train
0.09537914691943129,0.11117681845062094,0.06641847836812458,0.06642473733330503,0.011673534093663406,0.008423470852876425,0.005399151561897415,0.017451827961367815,0.46798029556650245,0.4558139534883721,0.22398589065255736,1,0,0.11538461538461542,0.2389469453376206,0.42430342197266663,0.3386104668750631,0.03558203187892448,0.3461850649350649,0.9322905027932962,1.0,0.6042558420546009,0.45653080568720394,0.4622302580599713,0.8288742801814197,0.5398537477148081,1.0,0,test
0.07286729857819906,0.08160851567120048,0.06822905941698314,0.06823248489022761,0.003740509521594728,0.006221881879965541,0.0033606963803647183,0.005155219958927335,0.4433497536945813,0.41395348837209306,0.22398589065255736,1,0,0.11538461538461542,0.18257636655948553,0.5269626019705478,0.3454673792477564,0.02141362099500885,0.2882508116883116,0.9099441340782124,1.0,0.5032461547914063,0.37914691943127965,0.412308920562613,0.8254089588747898,0.49786715417428395,0.9958002270147559,0,val
0.03850710900473934,0.05854523950325252,0.069991128718962,0.0700005267879537,0.01882046209376822,0.019144251938355512,0.008814941325546803,0.02726067891024577,0.4039408866995074,0.4465116279069768,0.22045855379188728,1,0,0.11538461538461542,0.09666398713826367,0.47218985061976904,0.28728446102652017,0.044115279343100944,0.1813108766233766,0.8056983240223463,1.0,0.6466913797693898,0.4891374407582939,0.49872026674806863,0.8548132293736941,0.5229737964655697,1.0,0,train
0.01599526066350711,0.030159668835008875,0.07093172195708494,0.07094041084742884,0.016252546625352925,0.010050732267636642,0.007051953060437441,0.017093969164787937,0.21674876847290642,0.29767441860465116,0.22398589065255736,1,0,0.11538461538461542,0.04009244372990354,0.32789490412119926,0.22748815165876776,0.032039929157945575,0.2603490259740259,0.9566480446927375,1.0,0.6336657996600241,0.4403412322274882,0.4915584568060675,0.8850328695918055,0.3797074954296161,1.0,0,train
0.14454976303317538,0.1596688350088705,0.07205669128342976,0.07205885243568666,0.004631418969820442,0.007849143294725759,0.0029750426973720458,0.007193151611003003,0.5172413793103449,0.441860465116279,0.22045855379188728,1,0,0.11538461538461542,0.36264067524115756,0.4684818307024049,0.7540586871029545,0.03445499919497665,0.3597808441558441,0.7156424581005587,1.0,0.5221905912712228,0.4513364928909953,0.37870711719538824,0.6189165774856036,0.5608775137111517,0.9981838819523268,0,train
0.08530805687203792,0.09402720283855708,0.07312387108958562,0.07312948998277326,0.0075072222622549175,0.007944864554417537,0.005123684645474078,0.010468750161761149,0.43842364532019706,0.441860465116279,0.22398589065255736,1,0,0.11538461538461542,0.213725884244373,0.34399830490518063,0.22889986891196937,0.02141362099500885,0.22412743506493507,0.8930726256983241,1.0,0.5650357384234133,0.37914691943127965,0.45304905252776667,0.8843194210874994,0.5035953686776355,0.9998864926220203,0,train
0.08175355450236968,0.10585452395032525,0.07411163944623014,0.07412527646539437,0.02495201535508637,0.02230305350818417,0.01261638477218886,0.031549290476780414,0.3842364532019705,0.40465116279069774,0.23104056437389797,1,0,0.11538461538461542,0.20418006430868169,0.5901048839919484,0.23968942220429565,0.05216551279987119,0.18394886363636365,0.7910614525139663,1.0,0.6717594773383578,0.5163222748815167,0.5334491746307558,0.8788666360903021,0.4564899451553931,1.0,0,train
0.03909952606635071,0.05144884683619161,0.07508470489093544,0.07508725416889765,0.00400254171224935,0.008902077151335312,0.004187097129634731,0.00545501728730609,0.4433497536945813,0.372093023255814,0.2275132275132279,1,0,0.11538461538461542,0.09786977491961416,0.5164742027757178,0.5615609559342544,0.028497826436966665,0.26308847402597396,0.5501675977653631,1.0,0.5092469330493374,0.4223696682464456,0.3904477892314556,0.7162003771084952,0.4923217550274223,0.997048808172531,0,train
0.0995260663507109,0.10408042578356003,0.07602451187708302,0.07602886797986255,0.003524332964304665,0.006413324399349096,0.0038014434466420582,0.005688039613622929,0.541871921182266,0.4558139534883721,0.22398589065255736,1,0,0.11538461538461542,0.24939710610932478,0.4216548363174065,0.18160734092971667,0.013041378199967795,0.1765422077922078,0.9840223463687152,1.0,0.4979621930489279,0.3082085308056872,0.43179843614248475,0.9082199459817561,0.5828153564899452,0.9788876276958003,0,train
0.0995260663507109,0.1159077468953282,0.0768218500052954,0.07682478954034999,0.004533156898324959,0.005551833062123097,0.0028648559308027104,0.006681037383303351,0.4630541871921182,0.4186046511627907,0.22398589065255736,1,0,0.11538461538461542,0.24939710610932478,0.6225235724123318,0.6441464152465464,0.036870069232007724,0.5434253246753247,0.9578770949720672,1.0,0.5202859073873062,0.46161137440758304,0.40096743137577195,0.6744636396065842,0.532297379646557,0.9998864926220203,0,train
0.09300947867298578,0.09580130100532229,0.07887396766098449,0.07887383743009249,0.0004258023098137606,0.0012443763759931081,0.0006611205994160101,0.0007097647828984216,0.5566502463054187,0.47906976744186053,0.22045855379188728,1,0,0.11538461538461542,0.2334204180064309,0.4679521135713529,0.8319048099223556,0.009499275478988888,0.661830357142857,0.9140782122905029,1.0,0.31234767649046635,0.2650236966824645,0.25341066522647754,0.5795749885338634,0.6017062766605729,0.12463110102156641,0,train
0.11196682464454977,0.12359550561797752,0.0800926582227922,0.08009920911044385,0.008817383215528028,0.009189240930410644,0.005454244945182083,0.01091426193262385,0.39901477832512317,0.37674418604651166,0.2275132275132279,1,0,0.11538461538461542,0.28014469453376206,0.47049475580040256,0.2514873449631945,0.027209789083883426,0.24421672077922077,0.9664804469273742,1.0,0.5793311077887234,0.4158862559241706,0.466527344025172,0.8729042450186006,0.4469835466179159,1.0,0,test
0.036137440758293844,0.04316972205795388,0.08093787909630398,0.08093955383419074,0.001722861653554139,0.00430745668612999,0.002148641948102033,0.0022813929645029607,0.4236453201970443,0.36744186046511623,0.2275132275132279,1,0,0.11538461538461542,0.09043408360128617,0.5875622417628986,0.4813955833417365,0.017710513604894538,0.35237418831168826,0.8603351955307261,1.0,0.4346365740266656,0.3524170616113744,0.36257543381783175,0.7567140600315956,0.47891529555149304,0.8587968217934167,0,train
0.1042654028436019,0.11117681845062094,0.08193579010343065,0.08193581206721814,0.0008909094482257145,0.002680195271369771,0.0008264007492700126,0.0014705166797743523,0.5615763546798029,0.4837209302325582,0.2275132275132279,1,0,0.11538461538461542,0.26085209003215437,0.44517427693611616,0.8220227891499445,0.017710513604894538,0.5603693181818181,0.8603351955307261,0.0,0.3766153972187519,0.3524170616113744,0.26911968441073564,0.4046781837639505,0.5959780621572213,0.31271282633371167,0,train
0.0835308056872038,0.08811354228267297,0.08283785699476096,0.0828385064696637,0.0007009361100011136,0.0022015889729108833,0.0011569610489780178,0.001065639309391188,0.5024630541871922,0.441860465116279,0.2275132275132279,1,0,0.11538461538461542,0.2090032154340836,0.6556838648161881,0.5874760512251689,0.013041378199967795,0.512987012987013,1.0,1.0,0.3556229135519282,0.3082085308056872,0.31521356282433605,0.7031035009937319,0.549725776965265,0.4017026106696935,0,train
0.10189573459715641,0.1028976936723832,0.08377640597774796,0.08377689665285225,0.00047165794317831946,0.0016272614147602184,0.0010467742824086827,0.0006709421072810289,0.4827586206896552,0.3813953488372093,0.22398589065255736,1,0,0.11538461538461542,0.2553255627009646,0.49941731115584276,0.34455984672784107,0.0059571727580099805,0.3591720779220779,1.0,1.0,0.3211747598664673,0.20629383886255923,0.30549228637847226,0.8258676043418438,0.5157830591102986,0.15232690124858114,0,train
0.27251184834123227,0.31283264340626854,0.08460220642746837,0.08461857800275031,0.04963544771475176,0.05637982195845698,0.02369015481240703,0.07916685502853725,0.46798029556650245,0.4837209302325582,0.2275132275132279,1,0,0.11538461538461542,0.6817725080385852,0.570611293569234,0.3277200766360795,0.0854934793109,0.11241883116883117,0.4582122905027933,1.0,0.7329141663423925,0.5945781990521327,0.5509427759644961,0.8343780257860673,0.5759293113954905,1.0,0,train
0.0811611374407583,0.0892962743938498,0.08544711280019002,0.08544720759140755,0.0011922464674785297,0.0027759165310615487,0.000771307365985345,0.0016572968858002528,0.4729064039408867,0.37674418604651166,0.22398589065255736,1,0,0.11538461538461542,0.20337620578778137,0.37546350248967053,0.7877382272864777,0.020125583641925612,0.6072443181818181,1.0,0.0,0.40219550658447173,0.37069194312796205,0.27616408763237604,0.3873515772308006,0.5028641072516759,0.3998864926220205,0,train
0.008293838862559242,0.015966883500887052,0.08638133739731253,0.08638245277188746,0.001637701191591387,0.00507322676366421,0.001928268414963363,0.0016736886821720406,0.2561576354679803,0.2651162790697675,0.2275132275132279,1,0,0.11538461538461542,0.02069935691318328,0.5297171310520182,0.6399112634869416,0.018998550957977776,0.31747159090909083,0.751731843575419,1.0,0.43017183115898994,0.36181990521327023,0.33982201141193324,0.6766039851195026,0.3705667276051189,0.7653802497162315,0,train
0.1255924170616114,0.12832643406268482,0.0872870210477295,0.08728703417595819,0.00039304828598193286,0.0011486551163013307,0.0007162139827006776,0.0005667247914014503,0.4827586206896552,0.40465116279069774,0.22398589065255736,1,0,0.11538461538461542,0.31461012861736337,0.5902108274181588,0.7119088434002219,0.009499275478988888,0.7101258116883117,1.0,1.0,0.30544575747025215,0.2650236966824645,0.26911968441073564,0.6402181113998879,0.5229128580134065,0.15232690124858114,0,train
0.06753554502369669,0.07214665878178593,0.0881552004789218,0.08815466179820247,0.00037994667644920176,0.0011486551163013307,0.0003856536829926726,0.0005551642613287156,0.5024630541871922,0.40465116279069774,0.22398589065255736,1,0,0.11538461538461542,0.1692122186495177,0.36094925309884524,0.5346374911767672,0.013041378199967795,0.927556818181818,0.8603351955307261,0.0,0.30251704999283185,0.3082085308056872,0.19844083875361024,0.25944045253019415,0.5297379646556978,0.08796821793416573,0,train
0.14336492890995262,0.14606741573033707,0.08892785029510787,0.08892754621384918,0.000347192652617374,0.0017229826744519958,0.0007162139827006776,0.0005377371936071305,0.5369458128078818,0.4186046511627907,0.22398589065255736,1,0,0.11538461538461542,0.3592242765273312,0.4767454179468164,1.0,0.009499275478988888,0.49269480519480513,0.6807821229050279,0.5,0.29479591209781475,0.2650236966824645,0.23481344072134688,0.4946236559139785,0.5605118829981719,0.09886492622020432,0,train
0.02251184834123223,0.03429923122412774,0.08976112013859419,0.0897615223071111,0.001565642339161366,0.004116014166746435,0.0018731750316786954,0.0012617369575652626,0.20689655172413793,0.22325581395348837,0.2275132275132279,1,0,0.11538461538461542,0.056270096463022515,0.5218773175124484,0.7579913280225875,0.027209789083883426,0.5491071428571428,0.4892737430167598,0.0,0.426198619616196,0.4158862559241706,0.30025594665038624,0.37231819803292054,0.2931748933577087,0.7273552780930761,0,train
0.06338862559241706,0.06800709639266705,0.09060869976803207,0.09060815703627526,0.00034064184785100846,0.0015315401550684408,0.0003305602997080051,0.0005077143244630135,0.5024630541871922,0.40465116279069774,0.22398589065255736,1,0,0.11538461538461542,0.15886254019292603,0.43076597097150127,0.5346374911767672,0.013041378199967795,0.7181412337662336,1.0,0.0,0.293157474348209,0.3082085308056872,0.19844083875361024,0.25944045253019415,0.540219378427788,0.08796821793416573,0,train
0.07049763033175356,0.07214665878178593,0.09166841018042202,0.09166959545043908,0.000825401400562059,0.001914425193835551,0.0015977081152553578,0.0013498212949105027,0.5467980295566502,0.47906976744186053,0.2275132275132279,1,0,0.11538461538461542,0.17634646302250803,0.47494437970123954,0.26983966925481495,0.007084205441957815,0.354301948051948,0.9627932960893855,1.0,0.3699182829172385,0.22828436018957346,0.34339117571089767,0.8636294144626204,0.5905545399146862,0.3019296254256527,0,train
0.7944312796208531,0.7936132465996453,0.09260467903268048,0.09260468338078356,0.00032098943355191186,0.0014358188953766634,0.0007162139827006776,0.0003665723304406701,0.2512315270935961,0.372093023255814,0.23104056437389797,1,0,0.11538461538461542,0.01627813504823151,0.41625172158067597,0.4238176868004437,0.004669135404926743,0.3434456168831168,1.0,1.0,0.2880783173244312,0.18092890995260666,0.26911968441073564,0.7858125668857974,0.41931748933577084,0.07968217934165722,0,train
0.04443127962085308,0.04553518628030752,0.09357884523015128,0.09357884796978282,0.0003864974812155673,0.0009572125969177757,0.0007162139827006776,0.0004697543749704516,0.39901477832512317,0.3348837209302326,0.22398589065255736,1,0,0.11538461538461542,0.11133440514469453,0.40004237737048415,0.49581526671372395,0.0059571727580099805,0.5772118506493507,1.0,1.0,0.3039916439674771,0.20629383886255923,0.26911968441073564,0.7494266931661826,0.44381474710542357,0.09648127128263334,0,train
0.11552132701421802,0.12596096984033117,0.09474462103401726,0.09474878897739451,0.005096526108232396,0.009955011007944865,0.004517657429342735,0.0072651029698139035,0.4729064039408867,0.41395348837209306,0.2275132275132279,1,0,0.11538461538461542,0.2889871382636656,0.5231486386269733,0.337803771301805,0.02495572371598776,0.20556006493506493,0.7845810055865923,1.0,0.5306695066254327,0.4021611374407583,0.4287928241012516,0.8292819650410233,0.5148689823278488,0.9996594778660612,0,train
0.273696682464455,0.2844470727380249,0.09588012613683189,0.09588169757811205,0.0032164451402854843,0.005168948023355988,0.002038455181532698,0.005146247607229093,0.5172413793103449,0.4837209302325582,0.22398589065255736,1,0,0.11538461538461542,0.6856913183279744,0.4193240809407776,0.7034385398810123,0.026082756399935594,0.4202516233766233,0.8823463687150839,1.0,0.4898724066602494,0.4091753554502371,0.35961678446474277,0.6444988024257249,0.57775746496039,0.9642451759364359,0,train
0.3572274881516588,0.35895919574216445,0.09905398948576682,0.09905374731003988,0.0004127007002810295,0.0007657700775342204,0.0006060272161313426,0.0005613758894274985,0.46798029556650245,0.36279069767441857,0.23104056437389797,1,0,0.11538461538461542,0.8923834405144695,0.3638097256065261,0.81667843097711,0.00821123812590565,0.8985389610389609,0.9069273743016759,1.0,0.30964425420361685,0.24765876777251186,0.24453471716721067,0.5872700402588799,0.4942108470444851,0.09772985244040863,0,train
0.13033175355450238,0.1354228267297457,0.1005630429020749,0.1005634272352517,0.0008909094482257145,0.0024887527519862162,0.0011018676656933504,0.0012515567892922574,0.458128078817734,0.37674418604651166,0.23104056437389797,1,0,0.11538461538461542,0.32556270096463025,0.5097997669244624,0.7345971563981043,0.014168410883915631,0.49269480519480513,0.8936312849162011,1.0,0.3766153972187519,0.3204170616113744,0.30025594665038624,0.6287519747235387,0.5084095063985374,0.3642451759364359,0,val
0.13329383886255924,0.1395623891188646,0.10183692835255286,0.10183683883197744,0.0005437167956083405,0.0020101464535273285,0.0008264007492700126,0.0007174430454094171,0.458128078817734,0.34418604651162793,0.23104056437389797,1,0,0.11538461538461542,0.3329983922829582,0.6265494226083272,0.8109307250176465,0.016583480920946702,0.6911525974025973,0.7905027932960893,0.0,0.3335040039322506,0.3424075829383887,0.2615586916195083,0.399072516944402,0.47909811090798293,0.2598183881952326,0,train
0.01066350710900474,0.011235955056179777,0.10263764736425929,0.10263779239679871,0.0003733958716828362,0.0012443763759931081,0.0008264007492700126,0.00024544558251440494,0.2019704433497537,0.15813953488372096,0.2275132275132279,1,0,0.11538461538461542,0.02672829581993569,0.40830596461489566,0.3697690833921549,0.004669135404926743,0.3912337662337662,1.0,1.0,0.3010219755463166,0.18092890995260666,0.28273886397257375,0.8131274524792336,0.24905545399146867,0.09398410896708287,0,train
0.1741706161137441,0.179183914843288,0.1035497782808742,0.10355086530818275,0.0014411770486004204,0.0022015889729108833,0.0015426147319706903,0.002192187083195441,0.5123152709359606,0.4093023255813954,0.23104056437389797,1,0,0.11538461538461542,0.43508842443729906,0.4594766394745206,0.49581526671372395,0.014168410883915631,0.5535714285714286,0.9614525139664805,1.0,0.4188870911585803,0.3204170616113744,0.33982201141193324,0.7494266931661826,0.5496039000609385,0.5973893303064699,0,train
0.04680094786729858,0.05322294500295684,0.10448290212523122,0.10448241511048002,0.0004651071384119539,0.0017229826744519958,0.0005509338328466751,0.0006968238910259574,0.5073891625615764,0.41395348837209306,0.2275132275132279,1,0,0.11538461538461542,0.11706189710610934,0.4552389024261045,0.49581526671372395,0.016583480920946702,0.797077922077922,0.6953072625698322,0.0,0.3199664120261331,0.3424075829383887,0.21206001831544838,0.23982061866177445,0.5424131627056673,0.13552780930760497,0,test
0.283175355450237,0.2998225901833235,0.10538009425431429,0.10538094238433664,0.0018604285536478157,0.0049775055039724325,0.0017629882651093603,0.002611299434638316,0.46798029556650245,0.4093023255813954,0.2275132275132279,1,0,0.11538461538461542,0.7084003215434084,0.7029346329060282,0.7330846021982453,0.03799710191595556,0.6241883116883117,0.7291620111731845,0.0,0.4414360906875295,0.4665402843601897,0.3282457087843708,0.3597309279926617,0.5073126142595978,0.971282633371169,0,train
0.03850710900473934,0.044352454169130695,0.10638555328040442,0.10638726462603167,0.0025417122493498327,0.002680195271369771,0.001928268414963363,0.0033147663168254715,0.39408866995073893,0.37674418604651166,0.23104056437389797,1,0,0.11538461538461542,0.09616157556270097,0.2943108380125013,0.41181809014823034,0.015295443567863463,0.49269480519480513,1.0,1.0,0.4690232862965163,0.3317914691943128,0.3654401577946322,0.7918768791723998,0.47141986593540525,0.8069239500567537,0,train
0.09774881516587679,0.10112359550561797,0.10745855135117793,0.10745829529845682,0.0003275402383182774,0.0014358188953766634,0.0006611205994160101,0.00044223341158834435,0.46798029556650245,0.34418604651162793,0.23104056437389797,1,0,0.11538461538461542,0.24417202572347269,0.6040894162517216,1.0,0.010626308162936724,0.6419439935064934,0.8280446927374301,0.5,0.28979867696151723,0.2807203791469195,0.24453471716721067,0.4946236559139785,0.4915295551492992,0.12599318955732122,0,train
0.07997630331753555,0.0833826138379657,0.10843892893925408,0.10843890714300879,0.0006288772575710926,0.0020101464535273285,0.0007162139827006776,0.0008181231841771888,0.43842364532019706,0.35348837209302325,0.23456790123456805,1,0,0.11538461538461542,0.1994573954983923,0.38521029770102766,0.783906423313502,0.010626308162936724,0.47067775974025966,1.0,1.0,0.3461609355479551,0.2807203791469195,0.26911968441073564,0.6038322376802732,0.472151127361365,0.1727582292849035,0,test
0.05035545023696683,0.05381431105854525,0.10946137100801198,0.1094610330233147,0.0003864974812155673,0.0009572125969177757,0.0005509338328466751,0.0005680188805886968,0.5024630541871922,0.40465116279069774,0.23104056437389797,1,0,0.11538461538461542,0.12580385852090034,0.47197796376734824,0.908339215488555,0.010626308162936724,0.9154829545454544,0.8984357541899441,0.0,0.3039916439674771,0.2807203791469195,0.23481344072134688,0.4483004637415278,0.5327239488117002,0.111577752553916,0,train
0.2109004739336493,0.21407451212300416,0.11047540018063352,0.11047537502191675,0.00047820874794468496,0.0016272614147602184,0.0008264007492700126,0.000615468817454399,0.43842364532019706,0.3348837209302326,0.23104056437389797,1,0,0.11538461538461542,0.5268287781350482,0.5434897764593707,0.783906423313502,0.010626308162936724,0.5727475649350648,0.8603351955307261,1.0,0.32238310770680156,0.2807203791469195,0.26911968441073564,0.6038322376802732,0.4680682510664229,0.1727582292849035,0,train
0.029028436018957347,0.03903015966883501,0.1117340323427895,0.11173872260997485,0.00460521575075498,0.007083373217191539,0.004132003746350063,0.0054588995548678285,0.35960591133004927,0.372093023255814,0.23104056437389797,1,0,0.11538461538461542,0.07254823151125403,0.6006992266129886,0.2914187758394676,0.02366768636290452,0.2791193181818181,0.9706145251396647,1.0,0.521678579474471,0.39484360189573464,0.4389132833963416,0.8527238444682261,0.4283363802559415,0.9997729852440409,0,train
0.28672985781990523,0.30041395623891193,0.11408877838379458,0.11408906175920444,0.0012708561246749163,0.004786062984588877,0.0018731750316786954,0.0019224988965732864,0.5123152709359606,0.4186046511627907,0.23456790123456805,1,0,0.11538461538461542,0.7152331189710611,0.6616166966839708,0.617525461329031,0.03187892448881017,0.5512378246753246,0.4573184357541899,0.0,0.4078276363487415,0.4403412322274882,0.2947613121375068,0.3013300718544565,0.5466788543570993,0.7869466515323497,0,test
0.06398104265402844,0.06800709639266705,0.1151517124292835,0.11515144367418087,0.00040614989551466396,0.0013400976356848858,0.0006611205994160101,0.000600975018557239,0.5024630541871922,0.40465116279069774,0.2275132275132279,1,0,0.11538461538461542,0.16006832797427653,0.5458205318359995,0.9160028234345063,0.01175334084688456,0.7463474025974025,0.8280446927374301,0.0,0.30827206258832207,0.29505213270142183,0.24453471716721067,0.4521734699077613,0.5361365021328458,0.14097616345062428,0,train
0.21149289099526067,0.21584861028976937,0.11614254716863193,0.11614314165328075,0.0008385030100947901,0.002297310232602661,0.0013222411988320203,0.0011159362424688324,0.4433497536945813,0.372093023255814,0.23104056437389797,1,0,0.11538461538461542,0.5283360128617364,0.5778154465515415,0.5874760512251689,0.013041378199967795,0.49269480519480513,0.8659217877094971,1.0,0.3712904745325333,0.3082085308056872,0.31521356282433605,0.7031035009937319,0.482205971968312,0.4017026106696935,0,train
0.10011848341232228,0.10703725606150208,0.11708471291070559,0.11708522721465195,0.0013953214152358617,0.0032545228295204364,0.0011569610489780178,0.002088918766053176,0.5073891625615764,0.4093023255813954,0.2275132275132279,1,0,0.11538461538461542,0.2505024115755627,0.42144294946498567,0.8079056166179288,0.017710513604894538,0.4644886363636363,0.9492737430167597,1.0,0.4160403055686403,0.3524170616113744,0.3104703313217649,0.5917036131070682,0.5410115783059111,0.5349602724177073,0,test
0.021919431279620854,0.025428740390301602,0.11804000906076775,0.1180410721628734,0.0011529416388803364,0.0022015889729108833,0.0014875213486860229,0.0015981138736368497,0.45320197044334976,0.36744186046511623,0.2275132275132279,1,0,0.11538461538461542,0.05486334405144695,0.4471872020341138,0.3878188968438036,0.010626308162936724,0.43181818181818177,1.0,1.0,0.39924631863518134,0.2807203791469195,0.33982201141193324,0.8040055037456046,0.5014625228519196,0.44335981838819527,0,val
0.06872037914691943,0.07155529272619751,0.12028806070871652,0.12028904147393697,0.0010022731292539289,0.002105867713219106,0.0014324279654013552,0.0014172864778722828,0.4729064039408867,0.386046511627907,0.2275132275132279,1,0,0.11538461538461542,0.17192524115755628,0.45121305223010916,0.3651305838459212,0.009499275478988888,0.4081777597402597,1.0,1.0,0.3869375550412682,0.2650236966824645,0.3361119590485359,0.8154716404219539,0.5115783059110299,0.3717366628830874,0,train
0.0,0.007096392667060912,0.12132559881540131,0.121331609871849,0.006734227299823783,0.006700488178424428,0.005013497878904743,0.00617729159901456,0.2413793103448276,0.2186046511627907,0.22398589065255736,1,0,0.11538461538461542,0.0,0.354062930395169,0.17999394978320055,0.017871518274029944,0.22493912337662336,0.9878212290502792,1.0,0.5553894361726094,0.3524170616113744,0.4599995303731186,0.9090353157009632,0.3314442413162706,0.9997729852440409,0,train
0.48815165876777256,0.4961561206386754,0.12248421972629152,0.12248472511496951,0.0009040110577584456,0.0023930314922944386,0.0011569610489780178,0.0013195396079289364,0.4876847290640394,0.4093023255813954,0.2275132275132279,1,0,0.11538461538461542,0.7588424437299036,0.706324822544761,0.9520016133911465,0.02141362099500885,0.7369115259740259,0.9492737430167597,1.0,0.37788518647469643,0.37914691943127965,0.3104703313217649,0.5188809050603883,0.5279707495429616,0.6444948921679909,0,train
0.03139810426540285,0.0508574807806032,0.12354715377178045,0.12355182453400888,0.009616581397024624,0.007849143294725759,0.0044625640460580675,0.011447426677769375,0.3448275862068966,0.37674418604651166,0.2275132275132279,1,0,0.11538461538461542,0.07857717041800644,0.5055620298760463,0.5094282545124533,0.0426662373208823,0.4443993506493506,0.8909497206703911,1.0,0.5870317652118705,0.48485308056872045,0.4389132833963416,0.742547011160373,0.42985984156002444,1.0,0,test
0.14691943127962087,0.15198107628622118,0.12444159401894976,0.12444138855014589,0.0004389039193464917,0.0017229826744519958,0.0009916808991240153,0.0006330684304009503,0.49261083743842365,0.3813953488372093,0.2275132275132279,1,0,0.11538461538461542,0.36756430868167206,0.6243246106579088,0.8559040032267823,0.014168410883915631,0.695616883116883,0.5883798882681563,0.0,0.31496917688983556,0.3204170616113744,0.25341066522647754,0.4218009478672986,0.5229128580134065,0.19421112372304203,0,train
0.06161137440758294,0.0703725606150207,0.12544398666233597,0.12544432991392915,0.0015001342914977105,0.0027759165310615487,0.0012120544322626852,0.0025576378696738305,0.5763546798029556,0.4930232558139535,0.2275132275132279,1,0,0.11538461538461542,0.15413987138263668,0.4154041741709927,0.9495815266713723,0.02141362099500885,0.6400162337662337,0.8056983240223463,0.0,0.42243021279210274,0.37914691943127965,0.30025594665038624,0.4691433521887581,0.615478366849482,0.5763904653802497,0,train
0.06812796208530807,0.07746895328208162,0.1270571398401817,0.12705763767839046,0.0010939843959830466,0.002967359050445104,0.0014875213486860229,0.001668598598035538,0.5172413793103449,0.4186046511627907,0.2275132275132279,1,0,0.11538461538461542,0.17041800643086819,0.6534590528657697,1.0,0.022540653678956683,0.6310876623376622,0.7206703910614525,0.5,0.3946382124644152,0.3871848341232228,0.3104703313217649,0.4946236559139785,0.5511882998171846,0.6777525539160045,0,train
0.01836492890995261,0.02661147250147842,0.12897921141914628,0.12898206483580335,0.002902006511499938,0.006700488178424428,0.0029750426973720458,0.003967332357647601,0.4482758620689655,0.37674418604651166,0.22398589065255736,1,0,0.11538461538461542,0.04602090032154341,0.5729420489458629,0.3673489966723808,0.020125583641925612,0.2531452922077922,0.9187709497206704,1.0,0.4807585966780675,0.37069194312796205,0.40096743137577195,0.8143505070580441,0.4939670932358318,0.9868331441543701,0,train
0.13092417061611375,0.13660555884092254,0.12989118508536612,0.12989214999461418,0.0015918455582268282,0.003350244089212214,0.0017629882651093603,0.002359469678800162,0.49261083743842365,0.40465116279069774,0.22398589065255736,1,0,0.11538461538461542,0.32797427652733124,0.4185824769573048,0.5518806090551578,0.01545644823699887,0.3967126623376623,0.7968715083798883,1.0,0.4276732135908412,0.3317914691943128,0.3361119590485359,0.7210925954237375,0.5356489945155393,0.6195232690124858,0,train
0.11552132701421802,0.12063867534003549,0.1308626780261207,0.13086246195529536,0.0006354280623374582,0.0013400976356848858,0.0006611205994160101,0.0010185344629754182,0.5467980295566502,0.441860465116279,0.23104056437389797,1,0,0.11538461538461542,0.28858520900321544,0.4351096514461278,0.8559040032267823,0.014168410883915631,0.8731737012987012,0.9140782122905029,0.0,0.3470620763102382,0.3204170616113744,0.25341066522647754,0.4218009478672986,0.5790981109079829,0.19421112372304203,0,train
0.08530805687203792,0.08752217622708457,0.13209677912664544,0.13209687551843405,0.000347192652617374,0.0016272614147602184,0.0008814941325546802,0.0005086633232003274,0.5123152709359606,0.4093023255813954,0.23104056437389797,1,0,0.11538461538461542,0.21312299035369778,0.6548363174065049,0.5588383583745085,0.00821123812590565,0.4660105519480519,0.9343016759776537,1.0,0.29479591209781475,0.24765876777251186,0.28273886397257375,0.717576313509657,0.5313223644119439,0.15811577752553915,0,train
0.26599526066350715,0.3051448846836192,0.13311812044263782,0.13312049527502656,0.005705750951504392,0.01646405666698574,0.005454244945182083,0.008941983738647817,0.5221674876847291,0.4465116279069768,0.23104056437389797,1,0,0.11538461538461542,0.6644895498392284,0.7740226718932091,0.6218614500352929,0.08291740460473351,0.4052353896103896,0.38547486033519557,0.0,0.5406844573698978,0.5900663507109005,0.3881935802005307,0.3035213779748255,0.5659354052407068,1.0,0,train
0.032582938388625596,0.03548196333530456,0.13417075458724956,0.1341705330543716,0.00040614989551466396,0.0013400976356848858,0.0006611205994160101,0.0006070141014310556,0.5024630541871922,0.41395348837209306,0.2275132275132279,1,0,0.11538461538461542,0.08149115755627011,0.4944379701239538,0.8319048099223556,0.009499275478988888,0.6195211038961038,0.9140782122905029,1.0,0.30827206258832207,0.2650236966824645,0.25341066522647754,0.5795749885338634,0.5413162705667276,0.12463110102156641,0,test
0.08412322274881517,0.08870490833826139,0.1349735178540919,0.1349731377456149,0.00037994667644920176,0.0017229826744519958,0.0005509338328466751,0.0005184984010234003,0.4729064039408867,0.372093023255814,0.23456790123456805,1,0,0.11538461538461542,0.20980707395498394,0.5705053501430236,0.767268327115055,0.013041378199967795,0.6448863636363635,0.8984357541899441,0.0,0.30251704999283185,0.3082085308056872,0.23481344072134688,0.3770065739183611,0.49603900060938455,0.13825198637911465,0,train
0.029028436018957347,0.04139562389118865,0.1360293756318026,0.13602907240503861,0.0007729949624311346,0.0027759165310615487,0.0009365875158393477,0.0010856545554872661,0.4433497536945813,0.4093023255813954,0.2275132275132279,1,0,0.11538461538461542,0.07264871382636656,0.6148956457251827,0.4182716547342947,0.028497826436966665,0.8363433441558441,0.5654748603351956,0.0,0.3641837507936183,0.4223696682464456,0.24453471716721067,0.20063191153238547,0.5084704448507008,0.4017026106696935,0,val
0.19075829383886259,0.20816085156712005,0.13687962851795668,0.1368812108889429,0.0020438510871060513,0.007849143294725759,0.002699575780948708,0.0033082958708892394,0.541871921182266,0.47906976744186053,0.2275132275132279,1,0,0.11538461538461542,0.4771905144694534,0.7879012607267719,1.0,0.039124134599903396,0.4081777597402597,0.6648044692737429,0.5,0.44973068179490855,0.47131753554502376,0.36257543381783175,0.4946236559139785,0.584521633150518,0.9976163450624291,0,train
0.12440758293838863,0.12950916617386163,0.1379856491716953,0.13798534271487642,0.0003864974812155673,0.0014358188953766634,0.0005509338328466751,0.0006089983715181668,0.5517241379310345,0.441860465116279,0.2275132275132279,1,0,0.11538461538461542,0.311193729903537,0.6397923508846276,0.783906423313502,0.014168410883915631,0.8209212662337662,1.0,0.0,0.3039916439674771,0.3204170616113744,0.24453471716721067,0.38541507414768383,0.5697745277269958,0.1727582292849035,0,train
0.017772511848341235,0.03134240094618569,0.1388528851005172,0.13885281308698527,0.0016442519963577526,0.004594620465205322,0.0013773345821166878,0.002456871458293576,0.4236453201970443,0.4558139534883721,0.2275132275132279,1,0,0.11538461538461542,0.044513665594855305,0.3756753893420914,0.49581526671372395,0.030751891804862336,0.5535714285714286,0.4843575418994413,0.0,0.4305199991807811,0.4345781990521328,0.26911968441073564,0.23982061866177445,0.5399146861669714,0.5973893303064699,0,train
0.05213270142180095,0.06800709639266705,0.13988908657884389,0.13989019223042806,0.003321258016547333,0.006796209438116206,0.003250509613795383,0.004271788407100443,0.39408866995073893,0.36744186046511623,0.23104056437389797,1,0,0.11538461538461542,0.1302250803858521,0.4783345693399725,0.9055157809821518,0.03558203187892448,0.43019480519480513,0.42268156424581,0.0,0.4926987117783194,0.45653080568720394,0.34339117571089767,0.44682260612546504,0.4647775746496039,0.9827468785471056,0,train
0.024881516587677725,0.029568302779420463,0.14085232387385718,0.14085272030940538,0.001100535200749412,0.0022015889729108833,0.0011018676656933504,0.0014134042103105436,0.41379310344827586,0.36744186046511623,0.2275132275132279,1,0,0.11538461538461542,0.06219855305466238,0.36677614154041743,0.6470706866996068,0.013041378199967795,0.512987012987013,0.9468156424581007,1.0,0.39515022426116697,0.3082085308056872,0.30549228637847226,0.6729857819905213,0.4651432053625838,0.35300794551645853,0,train
0.03199052132701422,0.04198698994677706,0.14180565439398093,0.1418049485045119,0.0004978611622437816,0.001914425193835551,0.0004958404495620075,0.0006898358094148267,0.46798029556650245,0.372093023255814,0.2275132275132279,1,0,0.11538461538461542,0.079983922829582,0.4334145566267613,0.2666128869617828,0.02366768636290452,0.9999999999999999,0.553072625698324,0.0,0.3258647879247138,0.39484360189573464,0.18273181956935214,0.1239871579269225,0.5026203534430226,0.14097616345062428,0,train
0.017180094786729858,0.020106445890005917,0.1427198295657318,0.142719672542318,0.0004913103574774161,0.0014358188953766634,0.0006611205994160101,0.0005703482411257403,0.37438423645320196,0.3348837209302326,0.2275132275132279,1,0,0.11538461538461542,0.0430064308681672,0.4319313486598157,0.767268327115055,0.009499275478988888,0.5821834415584415,1.0,1.0,0.3247178814999898,0.2650236966824645,0.2615586916195083,0.6122407379095959,0.4235222425350396,0.13825198637911465,0,test
0.10248815165876778,0.10821998817267889,0.14377608046943016,0.14377576445187715,0.0005306151860756094,0.0015315401550684408,0.0006060272161313426,0.0009017213456733078,0.5714285714285714,0.47906976744186053,0.2275132275132279,1,0,0.11538461538461542,0.25643086816720256,0.5265388282657061,0.7310678632651003,0.01545644823699887,0.830864448051948,0.9069273743016759,0.0,0.3313945153296332,0.3317914691943128,0.24453471716721067,0.35871171584365286,0.613162705667276,0.18955732122587968,0,test
0.04917061611374408,0.05204021289178002,0.14463639738086886,0.14463592269268843,0.0003864974812155673,0.0009572125969177757,0.0004958404495620075,0.0005383411018945122,0.4729064039408867,0.37674418604651166,0.2275132275132279,1,0,0.11538461538461542,0.1229903536977492,0.3413497192499205,0.8991630533427448,0.009499275478988888,0.830864448051948,0.8882681564245811,0.0,0.3039916439674771,0.2650236966824645,0.2240589851363092,0.44366304846353766,0.5058500914076782,0.08671963677639044,0,val
0.010071090047393365,0.013010053222945005,0.1456849430152087,0.1456850955962886,0.0005109627717765127,0.0020101464535273285,0.0008814941325546802,0.00040384209903336713,0.2019704433497537,0.2186046511627907,0.2275132275132279,1,0,0.11538461538461542,0.02522106109324759,0.5608644983578769,0.584753453665423,0.009499275478988888,0.42654220779220775,1.0,1.0,0.3281176398304217,0.2650236966824645,0.2889379388076173,0.7044794373948937,0.2927483241925655,0.19727582292849036,0,train
0.058056872037914695,0.06091070372560616,0.14802907465454643,0.1480286729896946,0.00032098943355191186,0.0012443763759931081,0.0004958404495620075,0.00045689975571047047,0.4876847290640394,0.40465116279069774,0.2275132275132279,1,0,0.11538461538461542,0.14519694533762056,0.5191227884309778,1.0,0.009499275478988888,0.661830357142857,1.0,0.5,0.2880783173244312,0.2650236966824645,0.23481344072134688,0.4946236559139785,0.5170627666057283,0.09886492622020432,0,train
0.1090047393364929,0.11827321111768185,0.1490150346316476,0.14901423821351267,0.00036684506691647066,0.001914425193835551,0.0003305602997080051,0.0005866537648850452,0.5467980295566502,0.4558139534883721,0.2275132275132279,1,0,0.11538461538461542,0.27270900321543406,0.4742027757177667,0.2317233034183725,0.022540653678956683,0.9539366883116882,0.6807821229050279,0.0,0.2995064206279313,0.3871848341232228,0.16413459506422146,0.10635478774906998,0.5780012187690433,0.10510783200908061,0,train
0.06872037914691943,0.07155529272619751,0.14993219756090484,0.14993187137882422,0.00036684506691647066,0.001052933856609553,0.0005509338328466751,0.0005921752120839634,0.5517241379310345,0.4465116279069768,0.2275132275132279,1,0,0.11538461538461542,0.17192524115755628,0.500794575696578,0.908339215488555,0.009499275478988888,0.7658279220779219,1.0,1.0,0.2995064206279313,0.2650236966824645,0.24453471716721067,0.5409468480864292,0.5832419256550884,0.111577752553916,0,train
0.10545023696682465,0.11354228267297457,0.15081971879069098,0.15081954839333606,0.0008385030100947901,0.0034459653489039917,0.0013222411988320203,0.0013853656112535378,0.5665024630541872,0.47906976744186053,0.2275132275132279,1,0,0.11538461538461542,0.26376607717041806,0.5018540099586821,0.681556922456388,0.020125583641925612,0.49269480519480513,0.4636871508379888,0.0,0.3712904745325333,0.37069194312796205,0.2615586916195083,0.3336900575854864,0.5965265082266911,0.32905788876276953,0,train
0.02428909952606635,0.030159668835008875,0.1519729145629512,0.15197266363645656,0.000753342548132038,0.001914425193835551,0.0007162139827006776,0.0009832489644698325,0.43842364532019706,0.33953488372093027,0.2275132275132279,1,0,0.11538461538461542,0.06079180064308682,0.37080199173641276,0.7983261066854896,0.01545644823699887,0.6771509740259739,0.8403351955307261,0.0,0.3619308988879104,0.3317914691943128,0.25341066522647754,0.39270244101309687,0.4732480195003047,0.21316685584562997,0,train
0.0485781990521327,0.054997043169722065,0.15289015611740597,0.15289234105352872,0.0031967927259863877,0.0034459653489039917,0.002369015481240703,0.004366860826056814,0.4236453201970443,0.37674418604651166,0.22398589065255736,1,0,0.11538461538461542,0.12168408360128619,0.3049051806335417,0.3668448119390945,0.016583480920946702,0.41264204545454536,0.9746368715083797,1.0,0.48931943391975746,0.3424075829383887,0.3835677554183201,0.8146053100952964,0.4935405240706886,0.9194097616345063,0,test
0.043246445497630334,0.05144884683619161,0.1539362643706222,0.15393742545360767,0.0020700543061715135,0.0032545228295204364,0.0017629882651093603,0.002720951925104329,0.4187192118226601,0.40465116279069774,0.22398589065255736,1,0,0.11538461538461542,0.10831993569131834,0.4683758872761945,0.630230916607845,0.020125583641925612,0.520900974025974,0.8984357541899441,1.0,0.4508571077477626,0.37069194312796205,0.3468429332895015,0.6814962034347449,0.4752589884216941,0.8368898978433598,0,train
0.011848341232227489,0.018923713778829097,0.15505745968748527,0.15505791129362612,0.0011987972722448952,0.002584474011677994,0.001267147815547353,0.0015759418122286942,0.43349753694581283,0.3813953488372093,0.22398589065255736,1,0,0.11538461538461542,0.029642282958199356,0.5104354274817248,0.8079056166179288,0.017871518274029944,0.5801542207792207,0.8603351955307261,1.0,0.40268703790935345,0.3524170616113744,0.3104703313217649,0.5917036131070682,0.4758683729433273,0.5349602724177073,0,train
0.08945497630331754,0.09284447072738025,0.15593806189988826,0.15593764717629863,0.0003733958716828362,0.001052933856609553,0.0005509338328466751,0.0004923577994410225,0.43842364532019706,0.34418604651162793,0.22398589065255736,1,0,0.11538461538461542,0.22407556270096465,0.4911537239114313,0.908339215488555,0.010626308162936724,0.8438514610389609,0.8984357541899441,0.0,0.3010219755463166,0.2807203791469195,0.23481344072134688,0.4483004637415278,0.48001218769043263,0.111577752553916,0,train
0.04087677725118484,0.04494382022471911,0.1568623010969237,0.15686251384784006,0.0007664441576647691,0.0017229826744519958,0.0009365875158393477,0.000971947252234547,0.41379310344827586,0.372093023255814,0.22045855379188728,1,0,0.11538461538461542,0.10259244372990355,0.4757919271109228,0.6639104567913683,0.011914345516019963,0.5941558441558441,1.0,1.0,0.36344645380629576,0.29505213270142183,0.2947613121375068,0.6644753605462977,0.4600243753808654,0.27366628830874007,0,test
0.04680094786729858,0.04908338261383797,0.15773991555182032,0.15773957647821024,0.00041925150504739506,0.0007657700775342204,0.0005509338328466751,0.00046604465263367853,0.3694581280788177,0.29767441860465116,0.2275132275132279,1,0,0.11538461538461542,0.11706189710610934,0.3531094395592753,0.81667843097711,0.00821123812590565,0.8985389610389609,1.0,1.0,0.3109959653470416,0.24765876777251186,0.24453471716721067,0.5872700402588799,0.4070079219987812,0.09772985244040863,0,val
0.05035545023696683,0.056771141336487294,0.15854102768951442,0.15854163079397954,0.0017425140678532357,0.0024887527519862162,0.0013222411988320203,0.0022522328214836748,0.41379310344827586,0.37674418604651166,0.2275132275132279,1,0,0.11538461538461542,0.12600482315112543,0.2878482890136667,0.6930523343753151,0.016583480920946702,0.565137987012987,0.9106145251396649,1.0,0.43564011714829914,0.3424075829383887,0.319745462230258,0.6496967843856699,0.4675198049969531,0.5549375709421113,0,val
0.04383886255924171,0.0508574807806032,0.15930943174503356,0.15930901145488613,0.0006354280623374582,0.002584474011677994,0.0008814941325546802,0.001000158396516519,0.5369458128078818,0.45116279069767445,0.22398589065255736,1,0,0.11538461538461542,0.10982717041800644,0.44252569128085606,0.584753453665423,0.017871518274029944,0.5801542207792207,0.5398882681564245,0.0,0.3470620763102382,0.3524170616113744,0.23481344072134688,0.2847678744330633,0.5688604509445461,0.19727582292849036,0,train
0.02014218009478673,0.025428740390301602,0.16021739552617908,0.1602183103630198,0.0012774069294412818,0.0034459653489039917,0.0015426147319706903,0.0016296033771931793,0.4236453201970443,0.3348837209302326,0.22398589065255736,1,0,0.11538461538461542,0.05044212218649518,0.5072571246954126,0.514470101845316,0.014168410883915631,0.3591720779220779,0.9229050279329609,1.0,0.40827820672988313,0.3204170616113744,0.3361119590485359,0.739998980787851,0.4618525289457648,0.5727582292849036,0,train
0.007701421800947868,0.009461856889414548,0.16128308145358175,0.16128297240495998,0.0005830216242065338,0.0009572125969177757,0.0007162139827006776,0.0006777576436671934,0.3891625615763547,0.29767441860465116,0.23104056437389797,1,0,0.11538461538461542,0.019292604501607715,0.19864392414450682,0.5678128466270042,0.007084205441957815,0.661830357142857,1.0,1.0,0.3395662236057919,0.22828436018957346,0.26911968441073564,0.7130408194465678,0.42340036563071304,0.11407491486946653,0,train
0.018957345971563982,0.02306327616794796,0.16228688935052363,0.16228780077036842,0.0009171126672911767,0.002680195271369771,0.0015426147319706903,0.001053819961481004,0.35467980295566504,0.3348837209302326,0.22398589065255736,1,0,0.11538461538461542,0.047528135048231515,0.5950842250238373,0.43974992437229005,0.011914345516019963,0.3912337662337662,0.9229050279329609,1.0,0.37915497573064083,0.29505213270142183,0.3361119590485359,0.7777607909086277,0.41724558196221817,0.4735527809307605,0,train
0.04798578199052133,0.05026611472501479,0.16319563938364448,0.16319529130194463,0.00037994667644920176,0.001052933856609553,0.0005509338328466751,0.0005075417792380473,0.4482758620689655,0.372093023255814,0.2275132275132279,1,0,0.11538461538461542,0.12007636655948553,0.41731115584277995,0.81667843097711,0.00821123812590565,0.6878043831168831,1.0,1.0,0.30251704999283185,0.24765876777251186,0.24453471716721067,0.5872700402588799,0.48598415600243755,0.09772985244040863,0,train
0.013033175355450238,0.015375517445298642,0.16436951358285667,0.16436932081307756,0.00037994667644920176,0.0012443763759931081,0.0006611205994160101,0.000459229116247514,0.39901477832512317,0.30697674418604654,0.22398589065255736,1,0,0.11538461538461542,0.03265675241157556,0.5161563724970866,0.6897247151356257,0.00821123812590565,0.5941558441558441,1.0,1.0,0.30251704999283185,0.24765876777251186,0.2615586916195083,0.6514294450389848,0.4415600243753809,0.12065834279228152,0,train
0.16587677725118485,0.17740981667652278,0.165317497589548,0.16531706737932428,0.0009629683006557356,0.0023930314922944386,0.0008814941325546802,0.0012995243618328582,0.458128078817734,0.34418604651162793,0.22398589065255736,1,0,0.11538461538461542,0.4155948553054663,0.42801144189003076,0.39497832005646877,0.02737079375301883,0.92481737012987,0.5398882681564245,0.0,0.3834353943514859,0.4158862559241706,0.23481344072134688,0.18886001121133367,0.4886045094454601,0.33461975028376845,0,test
0.06338862559241706,0.06800709639266705,0.16666474034932702,0.16666454378983833,0.0006616312814029204,0.0016272614147602184,0.0006611205994160101,0.0010502827843691972,0.5517241379310345,0.441860465116279,0.2275132275132279,1,0,0.11538461538461542,0.15856109324758844,0.41370907935162626,1.0,0.013041378199967795,0.6795860389610389,1.0,0.5,0.3505847174718906,0.3082085308056872,0.2615586916195083,0.4946236559139785,0.5736136502132846,0.1956867196367764,0,train
0.004146919431279621,0.00827912477823773,0.16878329629693403,0.16878333211464477,0.0005961232337392649,0.0016272614147602184,0.0008814941325546802,0.0007733476982984625,0.4433497536945813,0.33023255813953495,0.2275132275132279,1,0,0.11538461538461542,0.01034967845659164,0.5462443055408411,0.747907633356862,0.01175334084688456,0.6262175324675324,0.9343016759776537,1.0,0.3415118684334487,0.29505213270142183,0.28273886397257375,0.6220251745400805,0.470993296770262,0.23280363223609532,0,train
0.024881516587677725,0.031933767001774103,0.17374847752133118,0.17374819064062919,0.0007402409385993069,0.001914425193835551,0.0008814941325546802,0.000991962498330625,0.4285714285714286,0.40465116279069774,0.2275132275132279,1,0,0.11538461538461542,0.06219855305466238,0.4622311685559911,0.7034385398810123,0.017710513604894538,0.7693790584415584,0.6713966480446927,0.0,0.36039486349765504,0.3524170616113744,0.25341066522647754,0.3447485094022321,0.48567946374162096,0.25300794551645855,0,test
0.004739336492890996,0.014192785334121822,0.1787989670850549,0.17880472599557026,0.007867516524405023,0.0063176031396573185,0.00484821772905074,0.008341440083152993,0.23645320197044334,0.29767441860465116,0.22398589065255736,1,0,0.11538461538461542,0.011856913183279744,0.3774764275876682,0.22960572753857011,0.022540653678956683,0.2987012987012987,1.0,1.0,0.5692137546849079,0.3871848341232228,0.45774532134219365,0.8839626968353462,0.38293723339427177,1.0,0,train
0.004739336492890996,0.00768775872264932,0.17983265255706046,0.17983298463115802,0.0007009361100011136,0.001914425193835551,0.0010467742824086827,0.0009527084596508168,0.4433497536945813,0.36744186046511623,0.2275132275132279,1,0,0.11538461538461542,0.011856913183279744,0.4820425892573366,0.49581526671372395,0.009499275478988888,0.4465300324675324,1.0,1.0,0.3556229135519282,0.2650236966824645,0.30549228637847226,0.7494266931661826,0.4925655088360756,0.2461975028376844,0,train
0.01836492890995261,0.02661147250147842,0.18669906968307518,0.18670906130317905,0.008968051725154434,0.010720781085479086,0.007878353809707455,0.012954954308298976,0.4187192118226601,0.441860465116279,0.2275132275132279,1,0,0.11538461538461542,0.04592041800643087,0.5248437334463397,0.12564283553494,0.020125583641925612,0.1545251623376623,0.992290502793296,1.0,0.5808261822352386,0.37069194312796205,0.5060934087867189,0.9365030831167507,0.5216331505179769,1.0,0,train
0.02665876777251185,0.028385570668243647,0.1889199170126765,0.18891984095721304,0.0005633692099074371,0.001052933856609553,0.000771307365985345,0.000679224278079406,0.39901477832512317,0.33953488372093027,0.22398589065255736,1,0,0.11538461538461542,0.06682073954983923,0.2825511177031465,0.5293939699505898,0.007084205441957815,0.609780844155844,1.0,1.0,0.33659655518463144,0.22828436018957346,0.27616408763237604,0.7324568108851858,0.43881779402803167,0.12463110102156641,0,test
0.01481042654028436,0.024246008279124782,0.19081926590955317,0.1908228034711395,0.003694653888230169,0.005934718100890208,0.0038014434466420582,0.005355458692500598,0.43842364532019706,0.441860465116279,0.2275132275132279,1,0,0.11538461538461542,0.037077974276527335,0.5913762051064732,0.33881214076837757,0.022540653678956683,0.31828327922077915,0.8563128491620111,1.0,0.5021402093104225,0.3871848341232228,0.41921243571982064,0.8287723589665188,0.5235831809872029,0.9982973893303064,0,test
0.002369668246445498,0.007096392667060912,0.1917134702811299,0.19171354686329223,0.0006223264528047271,0.0016272614147602184,0.0008814941325546802,0.0004908911650288099,0.2315270935960591,0.18604651162790697,0.23104056437389797,1,0,0.11538461538461542,0.005928456591639872,0.5944485644665749,0.7627306645154786,0.013041378199967795,0.6795860389610389,1.0,1.0,0.34525979478567187,0.3082085308056872,0.2889379388076173,0.6145339652448657,0.2908592321755028,0.2824063564131669,0,test
0.01599526066350711,0.01833234772324069,0.19272663457657854,0.19272725986135256,0.0009367650815902734,0.0016272614147602184,0.0013773345821166878,0.0012722622162882002,0.4482758620689655,0.372093023255814,0.2275132275132279,1,0,0.11538461538461542,0.039991961414791,0.34823604195359675,0.3697690833921549,0.00821123812590565,0.4660105519480519,0.9140782122905029,1.0,0.3810186986708174,0.24765876777251186,0.324089510883603,0.8131274524792336,0.49171237050578914,0.27366628830874007,0,train
0.015402843601895736,0.020697811945594325,0.19880852948157923,0.19880883022410503,0.0013298133675722062,0.002105867713219106,0.0011018676656933504,0.00226491489551869,0.5320197044334976,0.5162790697674418,0.22398589065255736,1,0,0.11538461538461542,0.03858520900321543,0.2838224388176714,0.6974891600282342,0.014168410883915631,0.5772118506493507,0.9468156424581007,1.0,0.4118008478915355,0.3204170616113744,0.30549228637847226,0.6475054782653009,0.6148080438756856,0.3904653802497162,0,train
0.001184834123222749,0.0035481963335304554,0.2000170773929048,0.20001658988928805,0.00037994667644920176,0.0009572125969177757,0.0004958404495620075,0.00029531115252963376,0.23645320197044334,0.18604651162790697,0.23104056437389797,1,0,0.11538461538461542,0.003014469453376206,0.3531094395592753,0.8991630533427448,0.00821123812590565,0.7463474025974025,1.0,1.0,0.30251704999283185,0.24765876777251186,0.23481344072134688,0.5455842633644193,0.29079829372333943,0.08671963677639044,0,train
0.014218009478672987,0.01951507983441751,0.2010058678771173,0.20100632224169504,0.0011201876150485086,0.001914425193835551,0.0012120544322626852,0.0014536935203401488,0.4187192118226601,0.34418604651162793,0.2275132275132279,1,0,0.11538461538461542,0.035570739549839234,0.46435003708019923,0.63335686195422,0.014168410883915631,0.6310876623376622,0.9513966480446927,1.0,0.39670674012329243,0.3204170616113744,0.31521356282433605,0.6799164246037812,0.4698964046313224,0.44335981838819527,0,val
0.00533175355450237,0.011827321111768185,0.20262177293687678,0.20262120250751067,0.0004520055288792228,0.0016272614147602184,0.0006060272161313426,0.0005725050564378177,0.41379310344827586,0.34418604651162793,0.2275132275132279,1,0,0.11538461538461542,0.013364147909967846,0.5370272274605361,0.5588383583745085,0.016583480920946702,0.8397930194805193,0.7206703910614525,0.0,0.31750875540172446,0.3424075829383887,0.2240589851363092,0.2716709983183,0.4610603290676417,0.15811577752553915,0,train
0.03139810426540285,0.04494382022471911,0.2035514372725422,0.20355393168582367,0.0037732635454265557,0.006796209438116206,0.0036912566800727234,0.004506191095217012,0.37438423645320196,0.3348837209302326,0.2275132275132279,1,0,0.11538461538461542,0.07857717041800644,0.6037715859730903,0.5798124432792175,0.030751891804862336,0.3745941558441558,0.6713966480446927,1.0,0.504003932250599,0.4345781990521328,0.3947683565407284,0.7069765071599654,0.43162705667276047,0.9988649262202043,0,train
0.007701421800947868,0.010644589000591367,0.2064546726915583,0.20645409593359013,0.00033409104308464296,0.001052933856609553,0.00044074706627734013,0.000432829696827687,0.4433497536945813,0.3348837209302326,0.22398589065255736,1,0,0.11538461538461542,0.019292604501607715,0.43553342515096943,0.8991630533427448,0.009499275478988888,0.7658279220779219,1.0,0.0,0.29149855612673314,0.2650236966824645,0.2240589851363092,0.44366304846353766,0.47245581962218164,0.08671963677639044,0,train
0.028436018957345974,0.03311649911295092,0.20736326547428408,0.20736363071692696,0.0009891715197211978,0.0022015889729108833,0.0011018676656933504,0.0014334194564066215,0.4433497536945813,0.4093023255813954,0.22045855379188728,1,0,0.11538461538461542,0.07134244372990353,0.4657273016209344,0.6159120701825148,0.013041378199967795,0.512987012987013,1.0,1.0,0.3857906486165441,0.3082085308056872,0.3104703313217649,0.688783570300158,0.5241316270566727,0.3772985244040863,0,test
0.010071090047393365,0.01655824955647546,0.20836817412399145,0.20836767283165822,0.0004978611622437816,0.0024887527519862162,0.0008814941325546802,0.000772830062623564,0.5172413793103449,0.441860465116279,0.22045855379188728,1,0,0.11538461538461542,0.02522106109324759,0.5429600593283186,0.6218614500352929,0.016583480920946702,0.565137987012987,0.5398882681564245,0.0,0.3258647879247138,0.3424075829383887,0.23481344072134688,0.3035213779748255,0.5613650213284582,0.181838819523269,0,test
0.013625592417061613,0.020697811945594325,0.20937520565403228,0.20937485994909813,0.0006026740385056304,0.002105867713219106,0.0008264007492700126,0.0009142308744833565,0.5123152709359606,0.41395348837209306,0.22398589065255736,1,0,0.11538461538461542,0.03416398713826367,0.5712469541264965,0.7034385398810123,0.017871518274029944,0.7040381493506493,0.7206703910614525,0.0,0.34245397013947204,0.3524170616113744,0.25341066522647754,0.3447485094022321,0.5486898232784887,0.25300794551645855,0,train
0.01599526066350711,0.021880544056771145,0.21037602579346779,0.2103779585630168,0.002450000982620715,0.0036374078682875465,0.0023139220979560356,0.0031330761949360736,0.39901477832512317,0.3813953488372093,0.22045855379188728,1,0,0.11538461538461542,0.04009244372990354,0.41169615425362854,0.3605929212463447,0.01545644823699887,0.36586850649350644,0.9480446927374302,1.0,0.46576689126917487,0.3317914691943128,0.37870711719538824,0.8178158283646741,0.4623400365630713,0.874460839954597,0,train
0.0,0.006505026611472502,0.21369314425231328,0.2136927914179166,0.0007140377195338447,0.0017229826744519958,0.0011018676656933504,0.0005239335756098353,0.2019704433497537,0.1534883720930233,0.2275132275132279,1,0,0.11538461538461542,0.0,0.446975315181693,0.747907633356862,0.016583480920946702,0.797077922077922,0.5211173184357543,0.0,0.35724087082966394,0.3424075829383887,0.25341066522647754,0.36722213728787645,0.2705057891529555,0.23280363223609532,0,train
0.014218009478672987,0.02779420461265524,0.21862420214097983,0.21863296167263824,0.010094790144969308,0.014166746434383077,0.008264007492700128,0.013814143256018117,0.39901477832512317,0.41395348837209306,0.22045855379188728,1,0,0.11538461538461542,0.035671221864951766,0.6033478122682487,0.21226177271352223,0.030912896473997736,0.17481737012987011,0.8298324022346368,1.0,0.5913531447764556,0.4345781990521328,0.4947988822880222,0.8927788819242726,0.4941499085923218,1.0,0,train
0.011255924170616115,0.013601419278533413,0.22054941872784586,0.22055094157449842,0.0012446529056094541,0.003158801569828659,0.001928268414963363,0.0015624832846813314,0.39408866995073893,0.37674418604651166,0.22398589065255736,1,0,0.11538461538461542,0.028235530546623797,0.43161351838118445,0.24372290007058586,0.00821123812590565,0.2462459415584415,1.0,1.0,0.40598439388043506,0.24765876777251186,0.3654401577946322,0.8768282117922845,0.4546008531383303,0.4735527809307605,0,test
0.010071090047393365,0.013010053222945005,0.2215671432847516,0.22156677744938708,0.0004847595527110505,0.0012443763759931081,0.0006060272161313426,0.0003789955866382358,0.21182266009852216,0.22790697674418608,0.22398589065255736,1,0,0.11538461538461542,0.02522106109324759,0.3884945439135502,0.8319048099223556,0.009499275478988888,0.661830357142857,1.0,1.0,0.3235504946033957,0.2650236966824645,0.25341066522647754,0.5795749885338634,0.29018890920170626,0.12463110102156641,0,train
0.01066350710900474,0.015966883500887052,0.22255121625711194,0.2225517136726634,0.0012905085389740129,0.0017229826744519958,0.0012120544322626852,0.0015934551525627625,0.39408866995073893,0.33953488372093027,0.22045855379188728,1,0,0.11538461538461542,0.02672829581993569,0.4047038881237419,0.6054250277301604,0.014329415553051034,0.695616883116883,1.0,1.0,0.4091793474921663,0.3204170616113744,0.319745462230258,0.6940325128675534,0.44716636197440585,0.4698070374574348,0,train
0.008886255924170618,0.010053222945002957,0.22417419758464963,0.2241739060697766,0.0004520055288792228,0.000861491337225998,0.0006611205994160101,0.0005527486281791889,0.39901477832512317,0.33023255813953495,0.2169312169312172,1,0,0.11538461538461542,0.022307073954983925,0.2328636508104672,0.5346374911767672,0.0059571727580099805,0.6310876623376622,1.0,1.0,0.31750875540172446,0.20629383886255923,0.2615586916195083,0.7298068592977629,0.4457038391224863,0.08796821793416573,0,train
0.0,0.0005913660555884096,0.2305678413978805,0.2305678538265641,0.0004389039193464917,0.0011486551163013307,0.0009365875158393477,0.0005953672987458378,0.45320197044334976,0.37674418604651166,0.21340388007054667,1,0,0.11538461538461542,0.0,0.3427269837906558,0.3474841181809015,0.004669135404926743,0.4202516233766233,0.9378770949720672,1.0,0.31496917688983556,0.18092890995260666,0.2889379388076173,0.824389746725781,0.49274832419256553,0.10136208853575485,0,val
0.7488151658767773,0.7486694263749262,0.05847159377757041,0.05847149723357699,0.0003275402383182774,0.000861491337225998,0.0006611205994160101,0.00048804416881686774,0.5172413793103449,0.4093023255813954,0.23104056437389797,1,0,0.23076923076923078,0.128717845659164,0.4036444538616379,0.5798124432792175,0.0059571727580099805,0.6310876623376622,0.9140782122905029,1.0,0.28979867696151723,0.20629383886255923,0.25341066522647754,0.7069765071599654,0.5401584399756246,0.07968217934165722,0,train
0.07464454976303318,0.08633944411590774,0.04979019259163511,0.049790818007342,0.0022076212062651897,0.006509045659040873,0.0018731750316786954,0.00365537059090873,0.5862068965517242,0.4558139534883721,0.23456790123456805,0,1,0.0,0.18619372990353697,0.37535755906346013,0.8386608853483916,0.027209789083883426,0.34770698051948046,0.553072625698324,0.0,0.4565506789276425,0.4158862559241706,0.3104703313217649,0.4130866839932732,0.5978671541742839,0.7903518728717367,0,train
0.06220379146919432,0.0709639266706091,0.06581793910934476,0.06581806631080961,0.0010022731292539289,0.003350244089212214,0.0012120544322626852,0.001656692977512871,0.5911330049261084,0.45116279069767445,0.23809523809523814,0,1,0.0,0.154943729903537,0.5120245788748808,0.747907633356862,0.021252616325873445,0.5337865259740259,0.6113966480446926,0.0,0.3869375550412682,0.37914691943127965,0.27616408763237604,0.36722213728787645,0.5968312004875076,0.42826333711691267,0,train
0.07049763033175356,0.09875813128326434,0.07097960470238436,0.07098019513169306,0.004035295736081177,0.010242174787020197,0.0031954162305107155,0.006748243748427682,0.5862068965517242,0.4558139534883721,0.23809523809523814,0,1,0.0,0.17554260450160772,0.471130416357665,0.39114651608349305,0.060215746256641424,0.47869318181818177,0.2803351955307262,0.0,0.50996374956479,0.5396398104265403,0.3104703313217649,0.1869235081282169,0.6038391224862889,0.9948921679909195,0,train
0.06101895734597157,0.06918982850384388,0.08886219825516534,0.08886205153244188,0.0009171126672911767,0.0022015889729108833,0.000771307365985345,0.0015060609961173874,0.5862068965517242,0.4465116279069768,0.23809523809523814,0,1,0.0,0.1520297427652733,0.39961860366564256,0.6285166885146718,0.019964578972790206,0.7564935064935064,0.776536312849162,0.0,0.37915497573064083,0.37069194312796205,0.25341066522647754,0.30688477806655456,0.5929920780012188,0.2947786606129398,0,train
0.0859004739336493,0.11354228267297457,0.10305027240092811,0.10305159612818716,0.0033147072117809674,0.01052933856609553,0.0031954162305107155,0.005605390450864124,0.5911330049261084,0.48837209302325585,0.23809523809523814,0,1,0.0,0.2139268488745981,0.7256065261150545,0.5927195724513461,0.059088713572693595,0.4564732142857142,0.4697206703910614,0.0,0.49253486800335883,0.5364928909952608,0.3502007654918168,0.2888447230290985,0.6106032906764168,0.9997729852440409,0,val
0.12381516587677727,0.13305736250739209,0.10532128260655738,0.10532142320807575,0.0010219255435530254,0.004116014166746435,0.0015977081152553578,0.0017308011516358496,0.6009852216748769,0.47906976744186053,0.23809523809523814,0,1,0.0,0.3083802250803859,0.5612882720627186,0.7599072300090753,0.02237964900982128,0.45890827922077915,0.47854748603351954,0.0,0.38865791467835425,0.3871848341232228,0.28273886397257375,0.37328644957447893,0.6113954905545399,0.4960272417707152,0,train
0.12144549763033176,0.13601419278533414,0.11090587313714301,0.11090569001752554,0.0010088239340202943,0.004498899205513544,0.0008814941325546802,0.0017151858087764095,0.6009852216748769,0.47906976744186053,0.23456790123456805,0,1,0.0,0.3029541800643087,0.6003813963343575,0.39497832005646877,0.03316696184189341,0.6065340909090908,0.6713966480446927,0.0,0.38751100825363016,0.44591469194312805,0.25341066522647754,0.18886001121133367,0.6137111517367458,0.5404086265607264,0,train
0.10722748815165878,0.13305736250739209,0.12263289997483207,0.12263379824335874,0.00203074947757332,0.006796209438116206,0.0025893890143793732,0.003478770553155835,0.6009852216748769,0.4837209302325582,0.23456790123456805,0,1,0.0,0.267483922829582,0.7999788113147579,0.5266713723908439,0.05554661085171469,0.6663961038961038,0.4879329608938547,0.0,0.44915722858254653,0.5267109004739337,0.33226101862070584,0.2554145645416094,0.6184034125533211,0.9982973893303064,0,val
0.7049763033175356,0.7072738024837375,0.00018044482834507567,0.00018154528135587357,0.0011660432484130675,0.002105867713219106,0.0014324279654013552,0.0014886339283958021,0.4285714285714286,0.34418604651162793,0.23809523809523814,0,1,0.5192307692307693,0.23754019292604503,0.3926263375357559,0.4182716547342947,0.010626308162936724,0.45038555194805185,0.958659217877095,1.0,0.40024986175681493,0.2807203791469195,0.33226101862070584,0.7886154002955715,0.4623400365630713,0.4017026106696935,0,train
0.7191943127962086,0.7196924896510941,0.0574613386144306,0.05746265898971505,0.0009498666911230045,0.0024887527519862162,0.0016528014985400254,0.0014371291787433945,0.5172413793103449,0.4465116279069768,0.23809523809523814,0,1,0.5192307692307693,0.20659163987138265,0.4105307765653141,0.2605626701623475,0.007084205441957815,0.2752637987012987,0.9639106145251397,1.0,0.38222704651115164,0.22828436018957346,0.3468429332895015,0.868317790348061,0.5469226081657526,0.3163450624290579,0,train
0.7174170616113744,0.723832052040213,0.06552458849733801,0.06554665257705454,0.011339443050578763,0.019527136977122623,0.01614236130240758,0.016000636346789675,0.458128078817734,0.4465116279069768,0.23809523809523814,0,1,0.5192307692307693,0.196241961414791,0.7124695412649645,0.05334274478168801,0.018837546288842374,0.07406655844155843,1.0,1.0,0.6016753025989718,0.36181990521327023,0.5795900157325006,0.9730418386587167,0.5095063985374771,1.0,0,train
0.715047393364929,0.7149615612063869,0.06887268528401268,0.06887461581826287,0.0007729949624311346,0.003158801569828659,0.0020935485648173654,0.0012755405755625578,0.5812807881773399,0.4558139534883721,0.23809523809523814,0,1,0.5192307692307693,0.21834807073954984,0.5815234664689056,0.17737218917011194,0.005796168088874576,0.18831168831168832,0.9713966480446927,1.0,0.3641837507936183,0.20629383886255923,0.37095827365158385,0.9103602914946747,0.5957952468007313,0.3642451759364359,0,train
0.7109004739336493,0.7185097575399173,0.0758734728726164,0.07588875810919292,0.011804550188990718,0.016559777926677517,0.011569610489780177,0.018461735163094923,0.4975369458128079,0.4558139534883721,0.23456790123456805,0,1,0.5192307692307693,0.20689308681672028,0.5999576226295159,0.08863567611172733,0.021252616325873445,0.10135957792207792,0.9841340782122905,1.0,0.6052389047043644,0.37914691943127965,0.5443210369361542,0.955256586658513,0.5647166361974406,1.0,0,train
0.705568720379147,0.7072738024837375,0.08304149625637915,0.08304198814491229,0.0007991981814965968,0.002297310232602661,0.0011018676656933504,0.0012141144754745942,0.5270935960591133,0.41395348837209306,0.24162257495590822,0,1,0.5192307692307693,0.24015273311897106,0.40258501959953386,0.49581526671372395,0.009338270809853486,0.37560876623376616,0.9468156424581007,1.0,0.3670919777991685,0.2650236966824645,0.30549228637847226,0.7494266931661826,0.5492382693479586,0.2461975028376844,0,val
0.7120853080568721,0.7155529272619753,0.08812846791175956,0.08812887277599168,0.0007664441576647691,0.002105867713219106,0.0010467742824086827,0.0011570882786232687,0.5221674876847291,0.4186046511627907,0.24162257495590822,0,1,0.5192307692307693,0.21955385852090034,0.5489988346223117,0.681556922456388,0.012880373530832392,0.5350040584415583,0.9441340782122905,1.0,0.36344645380629576,0.3082085308056872,0.30025594665038624,0.6555572542424706,0.5458866544789762,0.32905788876276953,0,test
0.6569905213270143,0.6581904198698996,0.09147900207955784,0.09147987316204076,0.0008385030100947901,0.0018187039341437735,0.0013773345821166878,0.0012852031081606644,0.5369458128078818,0.41395348837209306,0.23456790123456805,0,1,0.5192307692307693,0.35761655948553056,0.4472931454603242,0.35464354139356663,0.00821123812590565,0.4202516233766233,0.9569832402234637,1.0,0.3712904745325333,0.24765876777251186,0.3282457087843708,0.8207715435967997,0.5540524070688605,0.2894438138479001,0,test
0.7049763033175356,0.7179183914843289,0.09253399498009562,0.09255499233798715,0.02542367329826469,0.021728725950033504,0.015866894385984244,0.034113743882840414,0.3842364532019705,0.4186046511627907,0.23809523809523814,0,1,0.5192307692307693,0.2110128617363344,0.5546138362114631,0.0956942623777352,0.03187892448881017,0.1138392857142857,0.969050279329609,1.0,0.6734388760317037,0.4403412322274882,0.5749876722943621,0.9516383835295317,0.4844606946983547,1.0,0,train
0.7097156398104266,0.7120047309284447,0.09745404534110716,0.09745734393513747,0.0019193857965451055,0.0038288503876711018,0.003030136080656713,0.0027700410416072103,0.4729064039408867,0.41395348837209306,0.24162257495590822,0,1,0.5192307692307693,0.22839630225080387,0.5520711939824134,0.18967429666229704,0.010626308162936724,0.2511160714285714,1.0,1.0,0.44418047391811916,0.2807203791469195,0.4105008570690586,0.9041430973857209,0.5215112736136502,0.875255391600454,0,test
0.27488151658767773,0.277350680070964,0.0017163880622104578,0.001716306603169062,0.00045855633364558836,0.001052933856609553,0.0006060272161313426,0.0011080854347328708,0.8275862068965517,0.7488372093023257,0.2821869488536155,0,1,0.0,0.6723271704180065,0.3660345375569446,0.908339215488555,0.00917726614071808,0.7658279220779219,0.9069273743016759,1.0,0.3187375837139288,0.2650236966824645,0.24453471716721067,0.5409468480864292,0.8651432053625838,0.111577752553916,0,train
0.5053317535545024,0.5062093435836783,0.001987015992129303,0.001986934086246982,0.00041925150504739506,0.0006700488178424428,0.0005509338328466751,0.0010889329147616236,0.8768472906403941,0.7906976744186047,0.2821869488536155,0,1,0.0,0.7621583601286174,0.2648585655260091,0.7250176464656649,0.00692320077282241,0.8872767857142856,1.0,1.0,0.3109959653470416,0.22828436018957346,0.24453471716721067,0.6335932324313306,0.927848872638635,0.08444948921679907,0,train
0.0,0.002365464222353637,0.0022361006179232898,0.0022360969258384774,0.0003864974812155673,0.0007657700775342204,0.0006060272161313426,0.0009149210553832213,0.8275862068965517,0.7069767441860466,0.2821869488536155,0,1,0.0,0.0,0.46106579086767663,0.747907633356862,0.008050233456770244,0.8985389610389609,1.0,1.0,0.3039916439674771,0.24765876777251186,0.25341066522647754,0.6220251745400805,0.8464960390006093,0.10896708286038592,0,train
0.48341232227488157,0.4843287995269072,0.0026317426119243444,0.0026316596415168663,0.00047820874794468496,0.0005743275581506654,0.0005509338328466751,0.0011876287834422842,0.7733990147783252,0.786046511627907,0.2821869488536155,0,1,0.0,0.8157154340836013,0.1564784405127662,0.7250176464656649,0.00692320077282241,0.9999999999999999,1.0,1.0,0.32238310770680156,0.22828436018957346,0.24453471716721067,0.6335932324313306,0.8890310786106033,0.08444948921679907,0,train
0.4899289099526067,0.495564754583087,0.00328401725068284,0.0032877072065378315,0.002888904901967207,0.005168948023355988,0.003250509613795383,0.006855480605744169,0.3793103448275862,0.855813953488372,0.2821869488536155,0,1,0.0,0.7881832797427654,0.562241762898612,0.265100332761924,0.016100466913540487,0.2752637987012987,0.981340782122905,1.0,0.48034898724066605,0.3424075829383887,0.41580764082936106,0.8660245630127912,0.8560024375380866,0.984449489216799,0,val
0.6273696682464456,0.6292134831460675,0.00872763280208646,0.008727382516458193,0.0004847595527110505,0.0007657700775342204,0.00044074706627734013,0.0013141907059549844,0.9605911330049262,0.8186046511627907,0.2821869488536155,0,1,0.0,0.4607114147909968,0.16484797118338806,0.8991630533427448,0.00917726614071808,0.9999999999999999,1.0,0.0,0.3235504946033957,0.2650236966824645,0.2240589851363092,0.44366304846353766,0.9692260816575259,0.08671963677639044,0,train
0.153436018957346,0.15789473684210528,0.00930238299607448,0.009302603511867276,0.000969519105422101,0.001052933856609553,0.000771307365985345,0.0024541970073065997,0.8472906403940886,0.8139534883720929,0.2821869488536155,0,1,0.0,0.3753014469453376,0.24451742769361162,0.8655843501058789,0.012719368861696986,0.9999999999999999,1.0,1.0,0.38402932803571793,0.3082085308056872,0.27616408763237604,0.5625541456454161,0.9101157830591102,0.23779795686719638,0,train
0.5053317535545024,0.5127143701951509,0.010102079880212939,0.010109139456496358,0.0058302162420653374,0.00545611180243132,0.005674618478320753,0.01565675371343206,0.33497536945812806,0.9255813953488372,0.2821869488536155,0,1,0.0,0.7461816720257236,0.5717766712575484,0.1794897650499143,0.019642569634519397,0.3120941558441558,0.9785474860335195,1.0,0.5426096217256845,0.37069194312796205,0.47164627703289735,0.9092901187382154,0.9692870201096893,1.0,0,test
0.33767772511848343,0.3429923122412774,0.011705090407576512,0.011704835205789322,0.00047165794317831946,0.0013400976356848858,0.0005509338328466751,0.001278473844386983,0.9655172413793104,0.8046511627906976,0.2821869488536155,0,1,0.0,0.8258641479099679,0.4786523996186037,0.5966522133709791,0.014973434229592655,0.9365868506493505,0.7968715083798883,0.0,0.3211747598664673,0.3317914691943128,0.2240589851363092,0.29078122611221524,0.9687995124923827,0.14517593643586832,0,val
0.4336492890995261,0.4405677114133649,0.013394903153019808,0.013394802411273577,0.0008778078386929834,0.0015315401550684408,0.0005509338328466751,0.002323321454169745,0.9458128078817734,0.7906976744186047,0.2821869488536155,0,1,0.0,0.9229300643086817,0.3317088674647738,0.6078451144499344,0.01851553695057156,0.9999999999999999,1.0,0.0,0.37530464701906735,0.36181990521327023,0.24453471716721067,0.29643785353921415,0.9507617306520415,0.24279228149829737,0,train
0.6421800947867299,0.645771732702543,0.014063138706878107,0.01406319411192593,0.000694385305234748,0.0013400976356848858,0.0008814941325546802,0.0018626257035100186,0.9605911330049262,0.8139534883720929,0.2821869488536155,0,1,0.0,0.4202170418006431,0.38234982519334676,1.0,0.012719368861696986,0.8097605519480519,0.7370949720670392,0.5,0.35480369467712536,0.3082085308056872,0.2615586916195083,0.4946236559139785,0.9620962827544179,0.1956867196367764,0,test
0.7180094786729858,0.7185097575399173,0.015100126437180157,0.01510010150496242,0.00047165794317831946,0.0009572125969177757,0.0006060272161313426,0.0011021326244715372,0.8029556650246306,0.7023255813953488,0.2821869488536155,0,1,0.0,0.24196141479099678,0.24282233287424515,0.6639104567913683,0.00692320077282241,0.661830357142857,1.0,1.0,0.3211747598664673,0.22828436018957346,0.25341066522647754,0.6644753605462977,0.8372943327239488,0.09398410896708287,0,test
0.5077014218009479,0.508574807806032,0.016139472923408286,0.016139289024962672,0.0003275402383182774,0.0005743275581506654,0.0004958404495620075,0.0008383972481107161,0.8768472906403941,0.7906976744186047,0.2821869488536155,0,1,0.0,0.7563303858520901,0.37080199173641276,0.7983261066854896,0.00692320077282241,0.9999999999999999,1.0,1.0,0.28979867696151723,0.22828436018957346,0.23481344072134688,0.5965448708148602,0.9119439366240097,0.07514188422247448,0,test
0.504739336492891,0.5056179775280899,0.01697785340473445,0.016977746747084386,0.0004389039193464917,0.0005743275581506654,0.0005509338328466751,0.0011085167977952861,0.8078817733990148,0.7813953488372094,0.2821869488536155,0,1,0.0,0.763565112540193,0.22873185718826147,0.7250176464656649,0.00692320077282241,0.9999999999999999,1.0,1.0,0.31496917688983556,0.22828436018957346,0.24453471716721067,0.6335932324313306,0.903107861060329,0.08444948921679907,0,train
0.0835308056872038,0.08456534594914251,0.018048728595174503,0.018048856044577267,0.00037994667644920176,0.0005743275581506654,0.0007162139827006776,0.000943736107952575,0.8768472906403941,0.7488372093023257,0.2821869488536155,0,1,0.0,0.20428054662379425,0.4108486068439453,0.49581526671372395,0.005635163419739172,0.8731737012987012,1.0,1.0,0.30251704999283185,0.20629383886255923,0.26911968441073564,0.7494266931661826,0.8871419865935405,0.09648127128263334,0,train
0.4241706161137441,0.4246008279124779,0.01927551755232841,0.019275407100944365,0.00043235311458012616,0.0005743275581506654,0.0005509338328466751,0.001067537306865816,0.8719211822660099,0.7162790697674419,0.2821869488536155,0,1,0.0,0.9621181672025724,0.12384786523996187,0.63335686195422,0.005635163419739172,0.8731737012987012,1.0,1.0,0.313658426690151,0.20629383886255923,0.24453471716721067,0.6799164246037812,0.883180987202925,0.07173666288308739,0,test
0.7227488151658769,0.7232406859846245,0.020756265897523534,0.02075599575110134,0.00044545472411285726,0.0005743275581506654,0.00044074706627734013,0.0009494301003764592,0.7044334975369458,0.6372093023255814,0.2821869488536155,0,1,0.0,0.23040594855305468,0.029452272486492213,0.8879701522637895,0.00692320077282241,0.9999999999999999,1.0,1.0,0.31623896614578,0.22828436018957346,0.2240589851363092,0.5512408907914182,0.7647775746496039,0.06617480136208856,0,test
0.6090047393364929,0.6191602602010645,0.0282416205785415,0.0282427533240713,0.003288503992715505,0.002105867713219106,0.0014324279654013552,0.0059892173038014135,0.23645320197044334,0.7069767441860466,0.2821869488536155,0,1,0.0,0.4854300643086817,0.2354062930395169,0.8879701522637895,0.025438737723393973,0.9999999999999999,1.0,1.0,0.4918180514879063,0.4091753554502371,0.3361119590485359,0.5512408907914182,0.6574649603900061,0.8970488081725312,0,test
0.002369668246445498,0.006505026611472502,0.0305264688189371,0.03052665429108101,0.0009040110577584456,0.0009572125969177757,0.000771307365985345,0.0017879136210996584,0.5812807881773399,0.6372093023255814,0.2821869488536155,0,1,0.0,0.005827974276527331,0.2354062930395169,0.7983261066854896,0.01159233617774915,0.9999999999999999,1.0,1.0,0.37788518647469643,0.29505213270142183,0.27616408763237604,0.5965448708148602,0.7125533211456428,0.21316685584562997,0,train
0.5136255924170616,0.5162625665286813,0.032491705631348934,0.03249173060850298,0.000694385305234748,0.000861491337225998,0.0006611205994160101,0.0014600776936638978,0.6059113300492611,0.6697674418604651,0.2821869488536155,0,1,0.0,0.737540192926045,0.2593495073630681,0.8448119390944842,0.010304298824665915,0.9999999999999999,1.0,1.0,0.35480369467712536,0.2807203791469195,0.2615586916195083,0.573052030780207,0.7563680682510664,0.1566401816118048,0,train
0.7577014218009479,0.7587226493199292,0.03374263252414639,0.03374265543586199,0.0006157756480383615,0.0006700488178424428,0.0006611205994160101,0.0012180830156488167,0.6305418719211823,0.5906976744186045,0.2821869488536155,0,1,0.0,0.14338826366559485,0.19016845004767455,0.6897247151356257,0.008050233456770244,0.9999999999999999,1.0,1.0,0.34433817355151863,0.24765876777251186,0.2615586916195083,0.6514294450389848,0.7118829981718464,0.12065834279228152,0,train
0.5633886255924171,0.5653459491425192,0.03834857522100167,0.03834835465252044,0.0005175135765428783,0.000861491337225998,0.0004958404495620075,0.0011268065916417024,0.6945812807881774,0.6744186046511629,0.2821869488536155,0,1,0.0,0.6172628617363344,0.20129250979976693,1.0,0.00917726614071808,0.9077719155844155,1.0,0.5,0.3292235853114056,0.2650236966824645,0.23481344072134688,0.4946236559139785,0.7817184643510054,0.09886492622020432,0,train
0.5598341232227488,0.5623891188645772,0.0394641881488397,0.03946396573834049,0.0005437167956083405,0.0009572125969177757,0.0004958404495620075,0.0011897855987543615,0.6847290640394089,0.6697674418604651,0.2821869488536155,0,1,0.0,0.6244975884244374,0.24080940777624749,0.908339215488555,0.010304298824665915,0.9154829545454544,1.0,0.0,0.3335040039322506,0.2807203791469195,0.23481344072134688,0.4483004637415278,0.7857404021937843,0.111577752553916,0,train
0.5071090047393365,0.5079834417504436,0.04029895187107921,0.040298649457211844,0.0003602942621501051,0.0007657700775342204,0.0005509338328466751,0.0008280445346127447,0.7931034482758621,0.6790697674418604,0.2821869488536155,0,1,0.0,0.7577371382636656,0.22068015679627082,0.8879701522637895,0.00692320077282241,0.797077922077922,0.7968715083798883,1.0,0.2979703852376759,0.22828436018957346,0.2240589851363092,0.5512408907914182,0.8218769043266301,0.06617480136208856,0,val
0.5479857819905214,0.5493790656416322,0.042903018413470884,0.04290286895009588,0.00047820874794468496,0.0006700488178424428,0.0005509338328466751,0.0010648628558788402,0.7389162561576355,0.6651162790697673,0.2821869488536155,0,1,0.0,0.6563504823151126,0.25680686513401846,0.81667843097711,0.008050233456770244,0.9999999999999999,1.0,1.0,0.32238310770680156,0.24765876777251186,0.24453471716721067,0.5872700402588799,0.7987202925045704,0.09772985244040863,0,train
0.5444312796208531,0.5470136014192786,0.043646419656173586,0.04364619034028143,0.0005633692099074371,0.000861491337225998,0.0004958404495620075,0.0012326630871584596,0.6600985221674877,0.6790697674418604,0.2821869488536155,0,1,0.0,0.66217845659164,0.2118868524208073,0.908339215488555,0.010304298824665915,0.9999999999999999,1.0,0.0,0.33659655518463144,0.2807203791469195,0.23481344072134688,0.4483004637415278,0.7858622790981109,0.111577752553916,0,train
0.5444312796208531,0.5458308693081018,0.04494750942499899,0.044947435210978576,0.0005633692099074371,0.0007657700775342204,0.0006611205994160101,0.0012559566925288953,0.729064039408867,0.6744186046511629,0.2821869488536155,0,1,0.0,0.6650924437299036,0.19620722534166757,0.747907633356862,0.008050233456770244,0.8985389610389609,0.9140782122905029,1.0,0.33659655518463144,0.24765876777251186,0.25341066522647754,0.6220251745400805,0.8004265691651432,0.10896708286038592,0,test
0.5527251184834123,0.5529272619751627,0.04764293844692748,0.04764270253227755,0.0003275402383182774,0.0006700488178424428,0.0004958404495620075,0.0007425483756419976,0.7931034482758621,0.6744186046511629,0.2821869488536155,0,1,0.0,0.6477090032154341,0.2723805487869478,0.6974891600282342,0.005635163419739172,0.7745535714285714,1.0,1.0,0.28979867696151723,0.20629383886255923,0.23481344072134688,0.6475054782653009,0.8102376599634369,0.06390465380249719,0,train
0.5545023696682465,0.5541099940863395,0.0486652232652903,0.048665064287786615,0.0003275402383182774,0.0006700488178424428,0.0005509338328466751,0.0007377171093429444,0.7832512315270936,0.6697674418604651,0.2821869488536155,0,1,0.0,0.6447950160771705,0.22470600699226614,0.5415952404961177,0.004508130735791337,0.661830357142857,1.0,1.0,0.28979867696151723,0.18092890995260666,0.24453471716721067,0.7262396167762319,0.8051188299817185,0.059591373439273565,0,val
0.5545023696682465,0.5552927261975164,0.04978044306714065,0.049780124998132655,0.0004127007002810295,0.0006700488178424428,0.00044074706627734013,0.0009388185690410386,0.7931034482758621,0.6744186046511629,0.2821869488536155,0,1,0.0,0.6418810289389069,0.10297701027651233,0.8879701522637895,0.00692320077282241,0.8872767857142856,1.0,1.0,0.30964425420361685,0.22828436018957346,0.2240589851363092,0.5512408907914182,0.814686166971359,0.06617480136208856,0,test
0.5485781990521328,0.5499704316972206,0.05256912157334681,0.05256895615001348,0.0003995990907482984,0.0006700488178424428,0.0005509338328466751,0.0008858471849764182,0.768472906403941,0.6651162790697673,0.2821869488536155,0,1,0.0,0.6549437299035371,0.38521029770102766,0.81667843097711,0.008050233456770244,0.9999999999999999,1.0,1.0,0.30685891002928706,0.24765876777251186,0.24453471716721067,0.5872700402588799,0.7941499085923218,0.09772985244040863,0,train
0.5313981042654029,0.5334121821407452,0.07013304720051446,0.07013285277691945,0.0006485296718701893,0.000861491337225998,0.0005509338328466751,0.0014243608320958965,0.729064039408867,0.6744186046511629,0.2821869488536155,0,1,0.0,0.6954381028938907,0.08666172264011018,0.908339215488555,0.00917726614071808,0.9077719155844155,1.0,1.0,0.3488438773629345,0.2650236966824645,0.24453471716721067,0.5409468480864292,0.7893357708714198,0.111577752553916,0,train
0.528436018957346,0.5310467179183915,0.07087684156920483,0.07087672454257901,0.0005895724289728993,0.0009572125969177757,0.0006060272161313426,0.0012468980682181705,0.6305418719211823,0.6418604651162791,0.2821869488536155,0,1,0.0,0.701266077170418,0.32100858141752303,0.9160028234345063,0.010304298824665915,0.9154829545454544,1.0,1.0,0.34054928625555536,0.2807203791469195,0.25341066522647754,0.5370738419201957,0.7602071907373553,0.14097616345062428,0,train
0.48815165876777256,0.4890597279716145,0.07245657903809775,0.0724561449028548,0.00033409104308464296,0.0006700488178424428,0.0003856536829926726,0.0007577323554390224,0.7783251231527094,0.6697674418604651,0.2821869488536155,0,1,0.0,0.8041599678456592,0.18211674965568386,1.0,0.00692320077282241,0.8872767857142856,1.0,0.5,0.29149855612673314,0.22828436018957346,0.21206001831544838,0.4946236559139785,0.8107251675807434,0.05743473325766174,0,val
0.4336492890995261,0.46599645180366656,0.005621308497834937,0.005625780845203753,0.01543369602955723,0.00976356848856131,0.00550933832846675,0.02014707064795218,0.2413793103448276,0.40465116279069774,0.2821869488536155,0,1,0.0,0.8606310289389069,0.46593918847335525,0.8831299788242412,0.06842698438254707,0.5804586038961038,0.6460335195530726,1.0,0.629057693489258,0.5627677725118485,0.43179843614248475,0.5536869999490394,0.47135892748324193,1.0,0,train
0.21741706161137442,0.25724423418095804,0.062027890087320355,0.06203006779839589,0.013795994837965843,0.007466258255958648,0.003305602997080051,0.01508562901879397,0.029556650246305417,0.3813953488372093,0.2821869488536155,0,1,0.0,0.5317524115755627,0.3132747113041636,0.5579308258545931,0.0822733859281919,0.9112215909090908,0.6336312849162011,0.0,0.619104184160403,0.5923412322274882,0.37870711719538824,0.271212352851246,0.39482023156611823,1.0,0,test
0.28199052132701424,0.2868125369603785,0.0005181400517621126,0.0005186109466536777,0.0014739310724322483,0.0011486551163013307,0.0009365875158393477,0.0018087915933205673,0.17733990147783252,0.4186046511627907,0.2574955908289245,0,1,0.0,0.6967443729903537,0.10509587880072041,0.7759403045275789,0.014007406214780225,0.9999999999999999,1.0,1.0,0.4208736969299773,0.3204170616113744,0.2947613121375068,0.607858125668858,0.44430225472273005,0.3382519863791146,0,val
0.2950236966824645,0.30159668835008874,0.0019128724308528733,0.0019132623977972398,0.0015001342914977105,0.0014358188953766634,0.0008814941325546802,0.0018452849084009165,0.1625615763546798,0.4186046511627907,0.2574955908289245,0,1,0.0,0.7288987138263666,0.2126284564042801,1.0,0.017549508935759132,0.9999999999999999,1.0,0.5,0.42243021279210274,0.3524170616113744,0.2889379388076173,0.4946236559139785,0.44527726995734307,0.40737797956867194,0,train
0.6795023696682465,0.6842105263157896,0.002710367809460325,0.002710756459639001,0.0012577545151421852,0.0013400976356848858,0.0008814941325546802,0.0016350385517796143,0.33497536945812806,0.40465116279069774,0.2574955908289245,0,1,0.0,0.30888263665594856,0.2534166754952855,0.8814157507310678,0.01513443889872806,0.9365868506493505,1.0,1.0,0.40690601511458824,0.3317914691943128,0.2889379388076173,0.5546042908831473,0.47056672760511886,0.3438138479001135,0,train
0.2896919431279621,0.29509166173861623,0.003839661521669615,0.0038403628075124674,0.0016049471677595593,0.0014358188953766634,0.0011018676656933504,0.002020590856966565,0.21182266009852216,0.42790697674418604,0.2574955908289245,0,1,0.0,0.7157355305466239,0.22873185718826147,0.7119088434002219,0.01513443889872806,0.880681818181818,1.0,1.0,0.4283900301062937,0.3317914691943128,0.3104703313217649,0.6402181113998879,0.4555758683729433,0.4565266742338252,0,test
0.13981042654028436,0.14429331756357186,0.004559396579913983,0.0045599394272478316,0.0011332892245812397,0.001052933856609553,0.0009916808991240153,0.0015852592543768684,0.30049261083743845,0.41395348837209306,0.2574955908289245,0,1,0.0,0.3454581993569132,0.3088250874033266,0.681556922456388,0.012880373530832392,0.9999999999999999,1.0,1.0,0.39773076371679605,0.3082085308056872,0.30025594665038624,0.6555572542424706,0.5060329067641682,0.32905788876276953,0,test
0.778436018957346,0.7853341218214075,0.24710185556252434,0.2471042780685595,0.003694653888230169,0.0024887527519862162,0.0026444823976640407,0.004280588213573719,0.3448275862068966,0.30697674418604654,0.2821869488536155,0,1,0.0,0.07827572347266881,0.40194935904227147,0.390743168296864,0.019642569634519397,0.6739042207792206,0.9772067039106145,1.0,0.5021402093104225,0.37069194312796205,0.3947683565407284,0.8025276461295419,0.41876904326630104,0.980817253121453,0,val
0.9561611374407584,0.9657007687758724,0.05267188470652634,0.05267352749007555,0.004277675512436702,0.002967359050445104,0.0018731750316786954,0.004231930460133254,0.2660098522167488,0.26046511627906976,0.8112874779541448,1,0,0.15384615384615385,0.05838022508038585,0.2090263799131264,0.7034385398810123,0.02044759298019642,0.7233157467532466,0.9680446927374302,1.0,0.515124828476048,0.4091753554502371,0.35961678446474277,0.6444988024257249,0.35770871419865935,0.9642451759364359,0,train
0.011255924170616115,0.09698403311649911,0.32950994722755367,0.33093479701759393,0.9999999999999999,1.0,0.9999999999999999,1.0,0.0,0.5534883720930233,0.19223985890652573,0,1,0.0,0.028536977491961418,1.0,0.0,0.17839317340202862,0.0,0.9993296089385475,1.0,0.9999999999999999,0.7109383886255924,1.0,1.0,0.36081657525898847,1.0,0,train
0.0,0.13305736250739209,0.023728376989581138,0.02374382694937096,0.16587292748914206,0.09763568488561311,0.03261528290452317,0.26202795508716814,0.11822660098522167,0.5162790697674418,0.30511463844797193,0,1,0.0,0.0,0.50132429282763,0.9079358677019259,0.26211560135243916,0.21377840909090906,0.27653631284916197,0.0,0.8402113584696992,0.781308056872038,0.5447906638175969,0.448096621311726,0.5703839122486289,1.0,0,train
0.0017772511848341234,0.12891780011827322,0.025683785652300978,0.025698760633057597,0.138274387008444,0.1087393510098593,0.032835656437661835,0.2203950353907511,0.10344827586206896,0.5162790697674418,0.308641975308642,0,1,0.0,0.0043207395498392285,0.5586396864074584,0.9220530402339416,0.2502012558364192,0.1815137987012987,0.26256983240223464,0.0,0.8240317856923423,0.7739905213270143,0.5418320144645079,0.45523110635478775,0.5755027422303474,1.0,0,train
0.0,0.13010053222945003,0.02652059362967642,0.02653603897916357,0.16685554820409687,0.09476404709485978,0.031788882155253155,0.2641104034072851,0.11330049261083744,0.5162790697674418,0.30511463844797193,0,1,0.0,0.0,0.4855387223222799,0.9283049309266915,0.2563194332635646,0.21550324675324675,0.2867039106145251,0.0,0.840743850738321,0.7777061611374408,0.5447906638175969,0.4583906640167151,0.5715417428397319,1.0,0,train
0.0,0.2548787699586044,0.03154631625617631,0.03156371893425293,0.15959725652296386,0.10357040298650332,0.03740840725028924,0.2532242663463307,0.10837438423645321,0.4930232558139535,0.31216931216931254,0,1,0.0,0.0,0.8064413603135926,0.5328224261369365,0.49750442762840114,0.39346590909090906,0.26715083798882683,0.0,0.8367911196673972,0.8866350710900475,0.5563200037570151,0.25852316159608624,0.5728823887873248,1.0,0,train
0.0,0.12950916617386163,0.0323847753627,0.03239934615393687,0.13685941317890904,0.1117067100603044,0.0391713955153986,0.21817394698237383,0.08866995073891626,0.4930232558139535,0.30158730158730185,0,1,0.0,0.0,0.5603347812268249,0.8829283049309267,0.2555144099178876,0.17978896103896103,0.19340782122905031,0.0,0.8231101644581892,0.7769857819905214,0.5392960293047174,0.4354583906640167,0.575624619134674,1.0,0,train
0.0,0.48669426374926084,0.03629378430859635,0.036308741770903846,0.13575887797815964,0.11400402029290707,0.039006115365544596,0.215644347711757,0.12315270935960591,0.4930232558139535,0.308641975308642,0,1,0.0,0.0,0.9288060175866089,0.2388827266310376,0.9484785058766703,0.6896306818181818,0.20256983240223464,0.0,0.8223933479427364,0.9922274881516588,0.5418320144645079,0.10997299087805124,0.5735527117611212,1.0,0,train
0.0005924170616113745,0.12832643406268482,0.03768953881525508,0.03770598784928203,0.14773374909107584,0.09543409591270222,0.03327640350393918,0.23395872925273078,0.1330049261083744,0.5255813953488373,0.30511463844797193,0,1,0.0,0.0014067524115755627,0.5724123318148109,0.9954623374004237,0.2518113025277733,0.20982142857142858,0.29262569832402235,1.0,0.8299096811190529,0.7747488151658768,0.5509427759644961,0.4969168832492483,0.5717854966483852,1.0,0,train
0.0,0.12891780011827322,0.03880656699664876,0.03882175618523751,0.1440194427885466,0.10031588015698288,0.037628780783427906,0.22760026516750173,0.10344827586206896,0.4930232558139535,0.30158730158730185,0,1,0.0,0.0,0.5523890242610446,0.9231622466471715,0.2543873772339397,0.20089285714285715,0.2192178770949721,0.0,0.827656829213345,0.7762274881516589,0.5433348204851245,0.4557916730367426,0.5706276660572821,1.0,0,test
0.0,0.22412773506800712,0.03964431847639463,0.03966052840763009,0.13778962745573295,0.09696563606777066,0.03222962922153049,0.2173432279967741,0.11822660098522167,0.4930232558139535,0.308641975308642,0,1,0.0,0.0,0.794469753151817,0.5667036402137744,0.43857671872484294,0.36921672077922074,0.3002234636871508,0.0,0.8237245786142914,0.8657061611374408,0.5495573766642402,0.27564592569943436,0.5695307739183425,1.0,0,train
0.02428909952606635,0.12596096984033117,0.042995167144983054,0.043008619666173684,0.10977183546998749,0.06958935579592228,0.023800341578976366,0.17430294317292033,0.11822660098522167,0.4930232558139535,0.308641975308642,0,1,0.0,0.05878215434083602,0.5142493908252993,0.961681960270243,0.20077282241184993,0.23173701298701296,0.35743016759776536,1.0,0.8034898724066601,0.7381990521327015,0.5318054805457064,0.513988686745146,0.5733698964046313,1.0,0,train
0.02428909952606635,0.12832643406268482,0.04383260412393879,0.04384692013815997,0.11775071567542073,0.07600268019527139,0.028207812241749765,0.18496796352808054,0.11822660098522167,0.4930232558139535,0.308641975308642,0,1,0.0,0.05878215434083602,0.5198643924144507,0.9275990723000908,0.20544195781677665,0.21611201298701296,0.3073743016759776,1.0,0.8097364163270321,0.7418767772511848,0.5377227792518844,0.531213372063395,0.5672151127361366,1.0,0,train
0.02428909952606635,0.4316972205795388,0.04522812275500491,0.04524125708903266,0.12857264514945663,0.07523691011773716,0.029364773290727782,0.2011937713934511,0.10837438423645321,0.4930232558139535,0.30511463844797193,0,1,0.0,0.058882636655948555,0.8929971395274923,0.2532015730563679,0.7956850748671709,0.8789569805194805,0.2593296089385475,0.0,0.8175599565813997,0.963184834123223,0.5295747528588537,0.11720939713601386,0.5650213284582571,1.0,0,train
0.02428909952606635,0.12832643406268482,0.04606666048672614,0.04608175906291499,0.11716114324644782,0.06805781564085385,0.024626742328246378,0.18603972819295803,0.10344827586206896,0.4930232558139535,0.30511463844797193,0,1,0.0,0.058882636655948555,0.5486810043436805,0.8819199354643541,0.20576396715504747,0.2429991883116883,0.39396648044692734,1.0,0.8092858459458906,0.7418767772511848,0.5428182309155376,0.5542985272384446,0.5733698964046313,1.0,0,test
0.021919431279620854,0.15138971023063277,0.05081208428401025,0.05082882615132652,0.12128815024925811,0.09753996362592132,0.03828990138284392,0.1924103567165472,0.12315270935960591,0.5255813953488373,0.30158730158730185,0,1,0.0,0.053155144694533765,0.67189320902638,0.9911263486941615,0.2555144099178876,0.20799512987012986,0.2454748603351955,1.0,0.8123783971982714,0.7769857819905214,0.5527743208021226,0.4991081893696173,0.5728214503351615,1.0,0,train
0.02428909952606635,0.12714370195150798,0.05164936401257091,0.051665160996619906,0.11675499335093316,0.07542835263712071,0.02964024020715112,0.18594103232427736,0.11822660098522167,0.4930232558139535,0.30511463844797193,0,1,0.0,0.058882636655948555,0.5664794999470283,0.8350307552687305,0.20350990178715184,0.21530032467532467,0.32625698324022345,1.0,0.8089786388678396,0.7400568720379147,0.5472092422570268,0.5779952097028996,0.5750152346130408,1.0,0,train
0.02428909952606635,0.26670609107037263,0.0524884521206749,0.052502517967793594,0.1092936267220428,0.08040585814109315,0.030907388022698472,0.1736932546205023,0.09359605911330049,0.5255813953488373,0.308641975308642,0,1,0.0,0.05878215434083602,0.8375887276194512,0.4582030856105678,0.4741587506037674,0.4854910714285714,0.26435754189944133,0.0,0.803121223912999,0.8785213270142181,0.5361495291990513,0.22081231208276003,0.5738574040219379,1.0,0,train
0.023104265402843605,0.4311058545239504,0.05332526009805034,0.05334003218910272,0.10821274393559248,0.08844644395520246,0.03250509613795383,0.17188558457114403,0.10344827586206896,0.5209302325581395,0.30511463844797193,0,1,0.0,0.05596864951768489,0.934103188897129,0.28325098316022995,0.7968121075511189,0.7468547077922076,0.2626815642458101,0.0,0.8022200831507158,0.9634123222748816,0.5408223166694062,0.1323956581562452,0.5735527117611212,1.0,0,train
0.02428909952606635,0.13069189828503844,0.05416222532582085,0.05417770366054728,0.11597544758373565,0.07657700775342205,0.029530053440581787,0.18524386334280146,0.11822660098522167,0.5162790697674418,0.31216931216931254,0,1,0.0,0.058681672025723476,0.576650068863227,0.8799031965312091,0.2097890838834326,0.21946022727272724,0.31966480446927376,1.0,0.8083847051836074,0.7454786729857821,0.5452837720431117,0.5553177393874535,0.5767215112736137,1.0,0,train
0.023104265402843605,0.13069189828503844,0.05472054285352385,0.054734762265314,0.11836649132345908,0.07772566286972338,0.029364773290727782,0.1863573839521208,0.1330049261083744,0.5162790697674418,0.30511463844797193,0,1,0.0,0.05596864951768489,0.5317300561500159,0.9635978622567308,0.21268716792786987,0.21844561688311687,0.2886033519553073,1.0,0.8102074671800438,0.7472227488151659,0.5372061896822974,0.5130204352035876,0.5684948202315662,1.0,0,test
0.02428909952606635,0.12477823772915436,0.055557822582084505,0.055572748237029415,0.12384951491290705,0.0814587919977027,0.02941986667401245,0.19538244821658982,0.11822660098522167,0.4930232558139535,0.308641975308642,0,1,0.0,0.05878215434083602,0.4956033478122682,0.860945850559645,0.19851875704395425,0.1935876623376623,0.30659217877094974,1.0,0.8142216396665779,0.736303317535545,0.5418320144645079,0.5648983335881363,0.5696526508226691,1.0,0,test
0.025473933649289102,0.13305736250739209,0.06477143773014085,0.06478453979568491,0.12377090525571066,0.07332248492390162,0.02787725194204176,0.19196881348585873,0.10837438423645321,0.48837209302325585,0.31216931216931254,0,1,0.0,0.06159565916398714,0.46466786735883037,0.9622869819501866,0.21204314925132828,0.23244724025974023,0.27932960893854747,0.0,0.8141806787228377,0.7472227488151659,0.5295747528588537,0.4755643887275136,0.5600243753808654,1.0,0,val
0.02428909952606635,0.1342400946185689,0.06588807278554686,0.0659018806329947,0.13305339560965065,0.0720781085479085,0.027326318109195086,0.207083430102447,0.11330049261083744,0.4837209302325582,0.30511463844797193,0,1,0.0,0.058882636655948555,0.46329060281809514,0.9894121206009883,0.21719529866366122,0.24208603896103895,0.3075977653631285,0.0,0.8206115468900403,0.7507109004739337,0.5345527978021462,0.48927279213168223,0.5619744058500914,1.0,0,train
0.023104265402843605,0.12832643406268482,0.06672582426529274,0.06674049560525185,0.11923119755261934,0.06643055422609362,0.026389730593355736,0.18598097654385704,0.12315270935960591,0.4930232558139535,0.30158730158730185,0,1,0.0,0.056069131832797436,0.5325776035596992,0.9142885953413331,0.20834004186121394,0.2521306818181818,0.34826815642458103,1.0,0.8108423618080162,0.7436587677725119,0.5403057270998192,0.5379401722468532,0.5631931748933577,1.0,0,train
0.023104265402843605,0.12241277350680072,0.06728453491898341,0.06730062058765948,0.11368921672027409,0.07581123767588782,0.02721613134262575,0.17549419540608693,0.1330049261083744,0.48837209302325585,0.30511463844797193,0,1,0.0,0.05596864951768489,0.5718826146837588,0.7918725420994251,0.1965867010143294,0.20647321428571427,0.3747486033519553,1.0,0.8066233846027812,0.7344075829383887,0.5491112311268697,0.5998063496916883,0.5573430834856795,1.0,0,train
0.023104265402843605,0.13069189828503844,0.06840085547359927,0.06841536679773466,0.12415085193215986,0.07150378098975783,0.026499917359925074,0.1929013341541885,0.12315270935960591,0.4930232558139535,0.30511463844797193,0,1,0.0,0.05596864951768489,0.5171098633329801,0.9439346576585661,0.21268716792786987,0.23873782467532464,0.3416759776536313,1.0,0.8144469248571488,0.7472227488151659,0.5392960293047174,0.5229577536564236,0.5609993906154784,1.0,0,train
0.02428909952606635,0.12596096984033117,0.07007683018427623,0.07008701436244112,0.09791487884286584,0.06872786445869629,0.025783703377224396,0.14962932109320515,0.1330049261083744,0.48837209302325585,0.30511463844797193,0,1,0.0,0.058882636655948555,0.4337323869053925,0.8062922254714127,0.20109483175012074,0.23478084415584413,0.22335195530726254,0.0,0.7933315583591045,0.7381990521327015,0.5060934087867189,0.3967283290016817,0.5517367458866544,1.0,0,train
0.023104265402843605,0.5334121821407452,0.07091505341520732,0.07092806671179747,0.10787210208774148,0.0887336077342778,0.031237948322406478,0.16727508988743495,0.1330049261083744,0.4930232558139535,0.30158730158730185,0,1,0.0,0.056069131832797436,0.9471342303210086,0.19955631743470806,0.9972629206246979,0.9333400974025973,0.2347486033519553,0.0,0.8019538370164049,1.0,0.5290112006011224,0.09009835397237936,0.5599024984765387,1.0,0,train
0.023104265402843605,0.13010053222945003,0.07175249039416305,0.07176676030912232,0.11665673127943768,0.07284387862544273,0.025067489394523718,0.18067917941632092,0.12315270935960591,0.48837209302325585,0.30158730158730185,0,1,0.0,0.056069131832797436,0.5392520394109546,0.9534133306443481,0.21172113991305747,0.23275162337662336,0.3604469273743016,1.0,0.8089171974522293,0.746350710900474,0.5377227792518844,0.5181164959486317,0.5592321755027423,1.0,0,train
0.023104265402843605,0.03134240094618569,0.0728791108496561,0.07287891189196287,0.0006419788671038237,0.002680195271369771,0.0008264007492700126,0.0010841879210750534,0.6059113300492611,0.47906976744186053,0.30158730158730185,0,1,0.0,0.056069131832797436,0.5524949676872549,0.5753756176262982,0.01948156496538399,0.62794237012987,0.6508379888268156,0.0,0.34796321707252137,0.37069194312796205,0.24453471716721067,0.28002853794017224,0.6095063985374771,0.2615209988649262,0,test
0.08412322274881517,0.09580130100532229,0.07399708253342022,0.07399829698103327,0.002305883277760673,0.006221881879965541,0.0025342956310947054,0.00381566510490232,0.5911330049261084,0.45116279069767445,0.30511463844797193,0,1,0.0,0.20387861736334406,0.5421125119186355,0.860945850559645,0.026404765738206402,0.36394074675324667,0.5720670391061453,1.0,0.46040100763921604,0.4158862559241706,0.34339117571089767,0.5648983335881363,0.5975015234613041,0.9360953461975028,0,train
0.023104265402843605,0.12596096984033117,0.07538104326044855,0.07539161180602567,0.11017798536550215,0.06394180147410741,0.023359594512699023,0.17017471239299178,0.14285714285714285,0.4837209302325582,0.30158730158730185,0,1,0.0,0.056069131832797436,0.3866935056679733,0.8253504083896339,0.20367090645628722,0.25649350649350644,0.271731843575419,0.0,0.8038380404284515,0.7400568720379147,0.5096156103975392,0.406359883809815,0.557647775746496,1.0,0,train
0.023104265402843605,0.12596096984033117,0.07649752106545948,0.07650816639265831,0.104387073952035,0.07112089595099072,0.02545314307751639,0.15933749190331534,0.15270935960591134,0.4837209302325582,0.30158730158730185,0,1,0.0,0.056069131832797436,0.4264222904968747,0.8309972774024402,0.20367090645628722,0.229200487012987,0.24223463687150837,0.0,0.7990251295389845,0.7400568720379147,0.5102965693756311,0.4092136778270397,0.5511273613650214,1.0,0,train
0.02428909952606635,0.12832643406268482,0.07733480079402014,0.07734733174038946,0.10411849095661402,0.07217382980760027,0.025783703377224396,0.15936397759534765,0.10837438423645321,0.4930232558139535,0.30511463844797193,0,1,0.0,0.058882636655948555,0.5216654306600276,0.9554300695774932,0.20576396715504747,0.22828733766233766,0.29486033519553073,0.0,0.7987998443484137,0.7418767772511848,0.5255124803343744,0.47209906742088364,0.5526508226691043,1.0,0,train
0.02428909952606635,0.03134240094618569,0.0779042044745757,0.07790423309502076,0.000825401400562059,0.0034459653489039917,0.0014324279654013552,0.0013612092797582712,0.5911330049261084,0.45116279069767445,0.30511463844797193,0,1,0.0,0.058882636655948555,0.48967051594448563,0.8220227891499445,0.017066494928352917,0.43932629870129863,0.4620111731843575,0.0,0.3699182829172385,0.3524170616113744,0.26911968441073564,0.4046781837639505,0.5954905545399147,0.31271282633371167,0,train
0.02428909952606635,0.12832643406268482,0.07956885715680749,0.0795812271643319,0.10624095170091645,0.07447114004020294,0.024902209244669713,0.16198347292817183,0.09359605911330049,0.4837209302325582,0.30511463844797193,0,1,0.0,0.058882636655948555,0.5042907087615214,0.9443380054451951,0.20576396715504747,0.2208806818181818,0.30446927374301674,0.0,0.8006021258729801,0.7418767772511848,0.5243384131307676,0.46644243999388474,0.5505179768433882,1.0,0,train
0.020734597156398107,0.12123004139562389,0.08040590100977554,0.08041826963523473,0.09800659010959496,0.07437541878051115,0.02572860999393973,0.14840338726982036,0.10837438423645321,0.4837209302325582,0.30158730158730185,0,1,0.0,0.05034163987138264,0.5297171310520182,0.9769083392154885,0.19916277572049587,0.21327110389610388,0.29094972067039104,0.0,0.7934134802465849,0.736303317535545,0.5243384131307676,0.4829536768078275,0.5467397928092627,1.0,0,test
0.02428909952606635,0.12536960378474277,0.08124404561550909,0.0812570418576273,0.09857651012426877,0.08279888963338758,0.029750426973720455,0.15109673195893011,0.10344827586206896,0.4837209302325582,0.30511463844797193,0,1,0.0,0.058882636655948555,0.5533425150969382,0.9830593929615811,0.1999677990661729,0.1913555194805195,0.2524022346368715,1.0,0.7939254920433367,0.7372511848341232,0.5290112006011224,0.5031850379656525,0.5534430225472273,1.0,0,train
0.023104265402843605,0.12359550561797752,0.08208140396926729,0.0820929049525144,0.08536353691050945,0.06978079831530584,0.023084127596275688,0.13008555482434725,0.14285714285714285,0.4837209302325582,0.30158730158730185,0,1,0.0,0.056069131832797436,0.5662676130946075,0.9135827367147322,0.19916277572049587,0.22828733766233766,0.30837988826815643,0.0,0.7811251971245418,0.736303317535545,0.5175523046939207,0.45095041532895075,0.5502132845825716,1.0,0,train
0.02428909952606635,0.12418687167356593,0.08989832110829449,0.08991020231016174,0.11114095366615788,0.06394180147410741,0.02192716654729767,0.17050065032295292,0.12807881773399016,0.4930232558139535,0.30511463844797193,0,1,0.0,0.058882636655948555,0.43330861320055086,0.9478672985781991,0.19771373369827722,0.24888392857142852,0.34469273743016754,0.0,0.804595817887644,0.73539336492891,0.5206988047995866,0.46827702186210063,0.5538695917123705,1.0,0,train
0.02428909952606635,0.12418687167356593,0.09045648138560242,0.09047024866750167,0.10862544463587351,0.07839571168756582,0.027381411492479753,0.16702300131375936,0.12315270935960591,0.4930232558139535,0.30158730158730185,0,1,0.0,0.0589831189710611,0.5251615637249708,0.9199354643541393,0.19803574303654803,0.20038555194805194,0.3067039106145251,1.0,0.8025682511725069,0.73539336492891,0.5345527978021462,0.5350863782296285,0.5551492992078001,1.0,0,train
0.025473933649289102,0.12359550561797752,0.09101574241567584,0.09102825077308098,0.09804589493819316,0.07686417153249737,0.02765687840890309,0.15170219315333647,0.1330049261083744,0.48837209302325585,0.30511463844797193,0,1,0.0,0.061696141479099686,0.523360525479394,0.9883029141877583,0.1941716309772983,0.20089285714285715,0.26692737430167596,1.0,0.793454441190325,0.7325118483412324,0.5255124803343744,0.5005350863782296,0.5586837294332724,1.0,0,train
0.023104265402843605,0.12359550561797752,0.09185262901824882,0.09186607949466097,0.08908439401780509,0.07686417153249737,0.02765687840890309,0.13621453376037126,0.12315270935960591,0.4837209302325582,0.30511463844797193,0,1,0.0,0.05596864951768489,0.6143659285941308,0.9454472118584248,0.19884076638222506,0.2059659090909091,0.2936312849162011,1.0,0.7849345648923751,0.736303317535545,0.5323690328034376,0.5221423839372166,0.5521023765996343,1.0,0,train
0.023104265402843605,0.12241277350680072,0.09269045912319222,0.0927011563388709,0.08768252179780285,0.07284387862544273,0.023359594512699023,0.13337219626950322,0.14285714285714285,0.4837209302325582,0.30158730158730185,0,1,0.0,0.056069131832797436,0.512872126284564,0.8658868609458505,0.19690871035260019,0.21540178571428573,0.27698324022346366,0.0,0.78352141233334,0.7344075829383887,0.5109775283537229,0.4268970086123427,0.5491773308957952,1.0,0,test
0.02428909952606635,0.12596096984033117,0.0935271098501726,0.09354189418795637,0.10587410663399999,0.08222456207523691,0.02870365269131177,0.16115465194004674,0.11330049261083744,0.4837209302325582,0.30511463844797193,0,1,0.0,0.058882636655948555,0.5804640322068017,0.875163860038318,0.20109483175012074,0.1939935064935065,0.31508379888268156,1.0,0.8002744383230589,0.7381990521327015,0.5413389062389932,0.5577128879376242,0.5496039000609385,1.0,0,train
0.023104265402843605,0.04080425783560024,0.09437201622289425,0.0943749267804057,0.0061119008470190556,0.013496697616540635,0.005344058178612748,0.010100366106458333,0.5862068965517242,0.4558139534883721,0.30158730158730185,0,1,0.0,0.056069131832797436,0.5045025956139422,0.6836744983361904,0.037836097246820154,0.23376623376623373,0.4641340782122904,1.0,0.5467876379871792,0.47131753554502376,0.40096743137577195,0.6544870814860113,0.596709323583181,0.9998864926220203,0,train
0.02428909952606635,0.12655233589591958,0.09548196813650969,0.09549423324440838,0.10218600355053618,0.08260744711400403,0.028428185774888436,0.15831041645170407,0.11330049261083744,0.4930232558139535,0.30511463844797193,0,1,0.0,0.058882636655948555,0.5131899565631952,0.9547242109508923,0.20222186443406856,0.19419642857142858,0.2500558659217877,0.0,0.797140926126938,0.7391090047393366,0.5237278981848921,0.4717423431687306,0.5593540524070688,1.0,0,test
0.02428909952606635,0.1277350680070964,0.0960413864169782,0.09605113459903968,0.0743254308791835,0.056762706997224084,0.019613244449341635,0.11235196051060962,0.1330049261083744,0.4930232558139535,0.30511463844797193,0,1,0.0,0.058882636655948555,0.5754846911749126,0.7647474034486236,0.20463693447109962,0.29230925324675316,0.3146368715083799,0.0,0.7688164335306285,0.7409668246445499,0.5024772817996102,0.3757325587321001,0.5457647775746496,1.0,0,train
0.023104265402843605,0.12359550561797752,0.09715660621882855,0.09717020518783923,0.10096100305922583,0.07600268019527139,0.026279543826786402,0.15513713721935088,0.11822660098522167,0.48837209302325585,0.30511463844797193,0,1,0.0,0.05596864951768489,0.5604407246530353,0.9352626802460421,0.19884076638222506,0.20850243506493507,0.31977653631284914,1.0,0.7960554611178241,0.736303317535545,0.5334491746307558,0.5273403658971615,0.5547836684948202,1.0,0,train
0.025473933649289102,0.12418687167356593,0.09799506532535224,0.09800740490887748,0.0915343950004258,0.0759069589355796,0.024241088645253706,0.14062944843158118,0.14285714285714285,0.47906976744186053,0.30511463844797193,0,1,0.0,0.061696141479099686,0.5560970441784088,0.9941514570938792,0.19545966833038156,0.2049512987012987,0.3159776536312849,0.0,0.7873307801011734,0.7334597156398105,0.5243384131307676,0.49166794068185293,0.5547227300426569,1.0,0,train
0.023104265402843605,0.25724423418095804,0.09883281680509812,0.09884460462991575,0.07458746306983813,0.07016368335407296,0.02280866067985235,0.11350378615987143,0.14285714285714285,0.4837209302325582,0.30158730158730185,0,1,0.0,0.056069131832797436,0.8759402479076174,0.40405364525562165,0.4593463210433102,0.5389610389610389,0.3242458100558659,0.0,0.7691236406086795,0.8728341232227489,0.5200648085096391,0.1934464658818733,0.5494210847044485,1.0,0,test
0.023104265402843605,0.12359550561797752,0.09994945186050411,0.09996115921654838,0.08876995538901954,0.06757920934239496,0.023304501129414356,0.1352416375093994,0.1477832512315271,0.4837209302325582,0.30511463844797193,0,1,0.0,0.05596864951768489,0.5560970441784088,0.930825854593123,0.19884076638222506,0.23620129870129872,0.3121787709497207,0.0,0.7846068773424538,0.736303317535545,0.5194542935637636,0.4596646792029761,0.5500914076782449,1.0,0,train
0.021919431279620854,0.12596096984033117,0.10050690451103421,0.10051994757280486,0.10286073644147183,0.09323250693979133,0.030631921106275137,0.15651223638971892,0.12315270935960591,0.48837209302325585,0.2980599647266313,0,1,0.0,0.053255627009646304,0.5487869477698909,0.9944539679338511,0.2064079858315891,0.17359983766233766,0.24379888268156424,0.0,0.7977143793392999,0.7418767772511848,0.5295747528588537,0.4918208225042043,0.5493601462522852,1.0,0,train
0.023104265402843605,0.12182140745121231,0.10106640141670024,0.10107873592906132,0.07867516524405023,0.05791136211352542,0.01988871136576497,0.11918319851224604,0.1477832512315271,0.4837209302325582,0.30158730158730185,0,1,0.0,0.056069131832797436,0.626761309460748,0.9941514570938792,0.19562067299951696,0.27293019480519476,0.41050279329608935,0.0,0.7738751100825363,0.7334597156398105,0.5243384131307676,0.49166794068185293,0.5469835466179159,1.0,0,train
0.023104265402843605,0.12241277350680072,0.10162448306881064,0.10163689528477607,0.07777770499105816,0.0626974250981143,0.02126604594788166,0.1186404575071149,0.15763546798029557,0.4930232558139535,0.30158730158730185,0,1,0.0,0.056069131832797436,0.6366140480983155,0.9941514570938792,0.19690871035260019,0.2525365259740259,0.37921787709497207,0.0,0.7728510864890328,0.7344075829383887,0.524925446732571,0.49166794068185293,0.5507617306520415,1.0,0,train
0.02428909952606635,0.12241277350680072,0.10246160554697623,0.10247338738020488,0.07382101891217335,0.06336747391595675,0.021761886397443666,0.11189859793201097,0.1330049261083744,0.4837209302325582,0.308641975308642,0,1,0.0,0.05878215434083602,0.6336476321644242,0.9587576888171826,0.1940106263081629,0.24665178571428573,0.3453631284916201,0.0,0.7682224998463963,0.7325118483412324,0.5200648085096391,0.4737807674667482,0.5472882388787325,1.0,0,test
0.02428909952606635,0.13128326434062684,0.10302078795185211,0.10303264748686765,0.07998532619732333,0.05886857471044319,0.020439645198611647,0.1206424997523976,0.1330049261083744,0.4837209302325582,0.308641975308642,0,1,0.0,0.05878215434083602,0.6378853692128403,0.8861550872239589,0.21123812590565125,0.2912946428571428,0.37821229050279326,0.0,0.7753497040571815,0.746350710900474,0.5206988047995866,0.43708913010243083,0.5446069469835466,1.0,0,train
0.023104265402843605,0.03725606150206979,0.10386435769621566,0.10386575870438469,0.0035177821595382994,0.008806355891643535,0.0034157897636493857,0.005880858902522646,0.5862068965517242,0.4558139534883721,0.308641975308642,0,1,0.0,0.055868167202572344,0.4441148426740121,0.9055157809821518,0.030912896473997736,0.29839691558441556,0.45016759776536314,1.0,0.4977983492739672,0.4403412322274882,0.3534177096296992,0.542424705702492,0.6036563071297989,0.9827468785471056,0,train
0.023104265402843605,0.03962152572442342,0.10470163742477631,0.10470327292569381,0.004421793217296744,0.010720781085479086,0.004297283896204066,0.007433852199830837,0.5911330049261084,0.47906976744186053,0.30511463844797193,0,1,0.0,0.05596864951768489,0.4384998410848607,0.9424221034587072,0.03558203187892448,0.2791193181818181,0.3776536312849162,1.0,0.5180740164253385,0.46161137440758304,0.36257543381783175,0.5237221627681802,0.6070079219987813,0.9961407491486947,0,train
0.023104265402843605,0.12536960378474277,0.10637124349445286,0.10638113187074982,0.06730296816963964,0.052646692830477654,0.017519695884524268,0.1024536448625867,0.12315270935960591,0.4837209302325582,0.30511463844797193,0,1,0.0,0.05596864951768489,0.6225235724123318,0.7847131188867601,0.20222186443406856,0.312601461038961,0.373072625698324,0.0,0.7599893501546275,0.7391090047393366,0.5039331251320825,0.38582275900728735,0.5496039000609385,1.0,0,train
0.02428909952606635,0.12950916617386163,0.10720820872222338,0.10721998271821012,0.07555043137049386,0.07236527232698384,0.02302903421299102,0.11449695647477681,0.11330049261083744,0.4837209302325582,0.30511463844797193,0,1,0.0,0.058882636655948555,0.6521877317512449,0.895331249369769,0.20801803252294315,0.23031655844155843,0.32,0.0,0.7702705470334037,0.7436587677725119,0.5200648085096391,0.44172654538042094,0.5471663619744058,1.0,0,test
0.023104265402843605,0.036073329390892965,0.10833089791783965,0.10833394267760814,0.005188237374961513,0.012348042500239303,0.004958404495620076,0.008729494294101955,0.5862068965517242,0.47906976744186053,0.308641975308642,0,1,0.0,0.055868167202572344,0.47155419006250665,0.5052939396995059,0.028658831106102074,0.19450081168831168,0.5334078212290503,1.0,0.5322465029594281,0.4285876777251185,0.4048888158358184,0.7446363960658411,0.6075563680682511,0.9994324631101021,0,train
0.023104265402843605,0.12182140745121231,0.10888355443132006,0.10889501116082836,0.07526874676554014,0.06202737628027185,0.02435127541182304,0.11554741180437098,0.12807881773399016,0.4930232558139535,0.308641975308642,0,1,0.0,0.055868167202572344,0.6170145142493909,0.9296158112332359,0.19513765899211075,0.25385551948051943,0.2862569832402235,0.0,0.7699428594834824,0.7334597156398105,0.5175523046939207,0.4590531519135708,0.5542961608775138,1.0,0,test
0.023104265402843605,0.12004730928444708,0.10972138453626347,0.10973103150585088,0.0714168735629172,0.05886857471044319,0.01834609663379428,0.10882582629320058,0.13793103448275862,0.4837209302325582,0.308641975308642,0,1,0.0,0.055868167202572344,0.5604407246530353,0.8090148230311586,0.19159555627113184,0.263291396103896,0.3410055865921788,0.0,0.7652733118971061,0.7305781990521328,0.5017258787893019,0.39815522601029407,0.5502132845825716,1.0,0,train
0.021919431279620854,0.1147250147841514,0.11195441877148285,0.11196649943114764,0.09215017064846416,0.0644204077725663,0.024847115861385046,0.14164548098879456,0.12807881773399016,0.4837209302325582,0.30511463844797193,0,1,0.0,0.053155144694533765,0.5118126920224599,0.9640012100433599,0.1838673321526324,0.22889610389610388,0.2979888268156424,1.0,0.7879451942572756,0.7236018957345972,0.5225303496372132,0.5128165927737859,0.5549664838513102,1.0,0,train
0.023104265402843605,0.10999408633944412,0.11251289354958093,0.11252489466206553,0.08113826783620368,0.060208672346128075,0.02054983196518098,0.12350062513135004,0.14285714285714285,0.4930232558139535,0.30511463844797193,0,1,0.0,0.05596864951768489,0.5424303421972667,0.9094484219017848,0.17243600064401865,0.22980925324675325,0.3815642458100559,1.0,0.7766194933131259,0.7130995260663507,0.5219198346913377,0.5403862814044743,0.5495429616087751,1.0,0,train
0.025473933649289102,0.11176818450620934,0.1133508809049194,0.11336248750844237,0.07930404250162132,0.05858141093136786,0.01972343121591097,0.12101649152751182,0.16748768472906403,0.4837209302325582,0.308641975308642,0,1,0.0,0.06159565916398714,0.5350143023625384,0.9315317132197237,0.17098695862180002,0.23488230519480519,0.3868156424581006,1.0,0.7745919265979888,0.7120379146919431,0.5188202972738158,0.5292259083728278,0.5509445460085314,1.0,0,train
0.023104265402843605,0.11058545239503254,0.11502559761243579,0.1150379877014669,0.09134442166220119,0.05618837943907342,0.022312820230290343,0.14104942350914887,0.1625615763546798,0.48837209302325585,0.308641975308642,0,1,0.0,0.055868167202572344,0.49804004661510753,0.888575173943733,0.17324102398969568,0.24898538961038955,0.35597765363128486,1.0,0.7871669363262129,0.7141990521327014,0.524925446732571,0.5509351271467156,0.5575258988421694,1.0,0,train
0.023104265402843605,0.10762862211709048,0.11586295596619399,0.11587377217128629,0.08717155902602634,0.04766918732650522,0.01702385543496226,0.13371409463277373,0.15270935960591134,0.4930232558139535,0.308641975308642,0,1,0.0,0.055868167202572344,0.4326729526432885,0.9734798830291419,0.16760586056995652,0.28571428571428564,0.43050279329608937,1.0,0.7829889200647183,0.7087393364928911,0.5123159649658346,0.5080262956734445,0.5538695917123705,1.0,0,train
0.02428909952606635,0.11295091661738617,0.1169802986483778,0.11699347176062756,0.08337209226153433,0.06049583612520341,0.022202633463721005,0.12790881053878628,0.14285714285714285,0.4930232558139535,0.30511463844797193,0,1,0.0,0.058882636655948555,0.5814175230426951,0.8503579711606333,0.17581709869586218,0.23346185064935063,0.3860335195530726,1.0,0.7790361889937943,0.7163222748815167,0.5307018573743161,0.5702491973704327,0.5539305301645339,1.0,0,train
0.02428909952606635,0.11354228267297457,0.11837534552825871,0.11838914533765142,0.09372236379239189,0.07571551641619605,0.025783703377224396,0.14334927881272322,0.15270935960591134,0.4837209302325582,0.308641975308642,0,1,0.0,0.05878215434083602,0.5479394003602076,0.8195018654835131,0.1767831267106746,0.18496347402597402,0.3353072625698324,1.0,0.7894402687037908,0.7173838862559242,0.5350693873717332,0.5857921826428171,0.552224253503961,1.0,0,train
0.023104265402843605,0.10999408633944412,0.11977196491209033,0.11978536929014931,0.09396474356874741,0.06623911170671007,0.023304501129414356,0.14591321458310832,0.14285714285714285,0.4930232558139535,0.30511463844797193,0,1,0.0,0.05596864951768489,0.5189109015785571,0.8201068871634567,0.17243600064401865,0.2075892857142857,0.3701675977653631,1.0,0.7896655538943617,0.7130995260663507,0.5323690328034376,0.585537379605565,0.5606946983546618,1.0,0,train
0.02428909952606635,0.10999408633944412,0.12060971639183621,0.12062115375996868,0.08029976482610889,0.06298458887718963,0.020770205498319653,0.12284874927142778,0.1625615763546798,0.4837209302325582,0.308641975308642,0,1,0.0,0.05878215434083602,0.5182752410212946,0.9369769083392154,0.16985992593785218,0.21601055194805194,0.35564245810055867,1.0,0.7756978720789727,0.7109383886255924,0.5175523046939207,0.526474035570504,0.552407068860451,1.0,0,train
0.023104265402843605,0.11058545239503254,0.12172619419684713,0.12173770834660132,0.08635925923499702,0.0545611180243132,0.02032945843204231,0.13196966240836555,0.1477832512315271,0.4837209302325582,0.30511463844797193,0,1,0.0,0.05596864951768489,0.49231910159974573,0.9498840375113442,0.1735630333279665,0.2567978896103896,0.36882681564245806,1.0,0.7821697011899154,0.7141990521327014,0.5181863009838683,0.5199510778168476,0.5517367458866544,1.0,0,train
0.023104265402843605,0.10999408633944412,0.12256433880258069,0.12257482944257186,0.08589415209658506,0.05896429597013497,0.020935485648173654,0.13004517924170517,0.1625615763546798,0.4837209302325582,0.30511463844797193,0,1,0.0,0.05596864951768489,0.4418900307235936,0.9734798830291419,0.17243600064401865,0.23488230519480519,0.31664804469273744,0.0,0.7816781698650337,0.7130995260663507,0.5096156103975392,0.48122101615451257,0.546617915904936,1.0,0,val
0.023104265402843605,0.1153163808397398,0.12340193303193149,0.12341171466333926,0.07070938664814973,0.0545611180243132,0.019943804749049637,0.10742130816197579,0.18719211822660098,0.4837209302325582,0.308641975308642,0,1,0.0,0.055868167202572344,0.5483631740650492,0.8621558939195321,0.18241829013041375,0.271002435064935,0.3105027932960894,0.0,0.7643926516066929,0.7225781990521327,0.5032052034658463,0.42501146613667634,0.5485070079219988,1.0,0,train
0.023104265402843605,0.11058545239503254,0.12423960588647982,0.12425017238546097,0.0753539072275029,0.05503972432277209,0.019172497383064292,0.11387501721138618,0.1330049261083744,0.48837209302325585,0.308641975308642,0,1,0.0,0.055868167202572344,0.5247377900201293,0.9736815569224564,0.17324102398969568,0.25446428571428564,0.35966480446927374,0.0,0.7700452618428328,0.7141990521327014,0.5102965693756311,0.48132293736941345,0.545642900670323,1.0,0,train
0.023104265402843605,0.10821998817267889,0.1250768856150405,0.12508894460785355,0.0891564528702351,0.05523116684215564,0.019613244449341635,0.1360322397301945,0.1477832512315271,0.4837209302325582,0.30511463844797193,0,1,0.0,0.05596864951768489,0.48331391037186144,0.8859534133306444,0.16889389792303974,0.24644886363636362,0.40849162011173185,1.0,0.7849960063079853,0.7098388625592418,0.5225303496372132,0.552260102940427,0.5508836075563681,1.0,0,val
0.02428909952606635,0.10999408633944412,0.12619352067044648,0.12620400531819959,0.08172128946041021,0.05341246290801187,0.01818081648394028,0.12438586840803909,0.17733990147783252,0.4837209302325582,0.30511463844797193,0,1,0.0,0.058882636655948555,0.464032206801568,0.986588686094585,0.17002093060698759,0.25720373376623373,0.3822346368715084,0.0,0.7772543879410981,0.7109383886255924,0.5096156103975392,0.48784589512306986,0.5495429616087751,1.0,0,train
0.025473933649289102,0.11117681845062094,0.12731039160144508,0.12732166065578024,0.0833000334091043,0.056858428256915866,0.019117403999779625,0.1259116858324151,0.15270935960591134,0.47906976744186053,0.308641975308642,0,1,0.0,0.06159565916398714,0.49094183705901046,0.9489765049914288,0.16985992593785218,0.24076704545454544,0.3899441340782123,1.0,0.7789542671063141,0.7109383886255924,0.5162843121140254,0.5204097232839016,0.5457647775746496,1.0,0,train
0.025473933649289102,0.11235955056179775,0.1281479858307959,0.1281592535021571,0.08552075622490223,0.053603905427395425,0.019833617982480303,0.13005708486222783,0.15763546798029557,0.47906976744186053,0.31216931216931254,0,1,0.0,0.06159565916398714,0.48341985379807184,0.961681960270243,0.17195298663661243,0.25984172077922074,0.37173184357541894,1.0,0.7812890408995024,0.7130995260663507,0.5162843121140254,0.513988686745146,0.5490554539914686,1.0,0,train
0.02428909952606635,0.11058545239503254,0.12898510830896148,0.12899708222373707,0.08972637288490891,0.05599693691968986,0.019337777532918297,0.13678824663338385,0.18226600985221675,0.4837209302325582,0.308641975308642,0,1,0.0,0.05878215434083602,0.48394957092912383,0.9033982051023495,0.17098695862180002,0.2463474025974026,0.41273743016759773,1.0,0.7855694595203474,0.7120379146919431,0.5219198346913377,0.5434439178515008,0.5504570383912248,1.0,0,train
0.023104265402843605,0.10999408633944412,0.13010213649035515,0.13011418718584372,0.0819309152129339,0.05934718100890208,0.02054983196518098,0.12563811537823122,0.1330049261083744,0.4837209302325582,0.30511463844797193,0,1,0.0,0.05596864951768489,0.540417417099269,0.9040032267822931,0.17243600064401865,0.2333603896103896,0.3845810055865922,1.0,0.7774796731316689,0.7130995260663507,0.5225303496372132,0.5431381542067981,0.5536867763558806,1.0,0,test
0.02428909952606635,0.11058545239503254,0.1309400452204961,0.13095036478100167,0.07262877244469483,0.05657126447784053,0.01944796429948763,0.10960728361707245,0.15270935960591134,0.4930232558139535,0.308641975308642,0,1,0.0,0.05878215434083602,0.5265388282657061,0.9666229706564485,0.17098695862180002,0.24370941558441558,0.34346368715083797,0.0,0.7667683863436213,0.7120379146919431,0.5082302110972832,0.4777556948478826,0.5449116392443631,1.0,0,train
0.02428909952606635,0.11058545239503254,0.13177661732227894,0.13178874387805567,0.0767033730093742,0.05130659519479276,0.019117403999779625,0.11286131401470982,0.1477832512315271,0.4558139534883721,0.308641975308642,0,1,0.0,0.05878215434083602,0.5732598792244942,0.8926086518100231,0.17098695862180002,0.2701907467532467,0.4252513966480446,1.0,0.7716222581768284,0.7120379146919431,0.5231408645830887,0.548896702848698,0.5312614259597807,1.0,0,test
0.02428909952606635,0.10762862211709048,0.13317284358012288,0.13318418157987638,0.08541594334864037,0.058772853450751415,0.020053991515618975,0.13016371781125693,0.18226600985221675,0.4837209302325582,0.30511463844797193,0,1,0.0,0.058882636655948555,0.4642440936539888,0.9175153776343652,0.16551279987119624,0.2258522727272727,0.3693854748603352,1.0,0.781186638540152,0.7065023696682465,0.516918308403973,0.5363094328084391,0.5502132845825716,1.0,0,train
0.02428909952606635,0.11176818450620934,0.13401075231026383,0.13402090955050835,0.07147583080581449,0.06049583612520341,0.01972343121591097,0.10767934954591273,0.12315270935960591,0.4837209302325582,0.308641975308642,0,1,0.0,0.05878215434083602,0.5346964720839072,0.940707875365534,0.17324102398969568,0.23021509740259738,0.33083798882681564,0.0,0.7653347533127162,0.7141990521327014,0.5068213304529551,0.4646588187331193,0.5439366240097502,1.0,0,train
0.02428909952606635,0.11886457717327026,0.13484818928921954,0.13486117564918754,0.07893064662993848,0.060208672346128075,0.02143132609773566,0.11937860597952026,0.1625615763546798,0.47906976744186053,0.308641975308642,0,1,0.0,0.05878215434083602,0.6295158385422184,0.9160028234345063,0.1870874255353405,0.25071022727272724,0.3983240223463687,1.0,0.7741618366887174,0.7266350710900474,0.5295747528588537,0.5370738419201957,0.5460694698354662,1.0,0,train
0.023104265402843605,0.10940272028385571,0.13596443121863788,0.1359774157355493,0.07437128651254807,0.060974442423662296,0.021321139331166326,0.1121086717434073,0.15270935960591134,0.4837209302325582,0.308641975308642,0,1,0.0,0.055868167202572344,0.6168026273969701,0.8375516789351618,0.17098695862180002,0.22514204545454544,0.4010055865921787,1.0,0.7688778749462387,0.7120379146919431,0.5295747528588537,0.5767211945166386,0.5442413162705667,1.0,0,train
0.02428909952606635,0.10940272028385571,0.1409904683459279,0.14100202931299774,0.07458746306983813,0.06729204556331962,0.023084127596275688,0.1131155594036975,0.17733990147783252,0.47906976744186053,0.308641975308642,0,1,0.0,0.05878215434083602,0.5595931772433521,0.919027931834224,0.16873289325390436,0.1997767857142857,0.31363128491620107,1.0,0.7691236406086795,0.7098388625592418,0.5188202972738158,0.5355450236966824,0.5475929311395491,1.0,0,train
0.023104265402843605,0.11235955056179775,0.1418278266996861,0.14183985803457774,0.07737155509554348,0.05637982195845698,0.02016417828218831,0.11747336160544358,0.1330049261083744,0.4837209302325582,0.30511463844797193,0,1,0.0,0.05596864951768489,0.5819472401737472,0.9280024200867197,0.17694413137981,0.2532467532467532,0.3941899441340782,1.0,0.7724005161078911,0.7173838862559242,0.5225303496372132,0.5310095296335933,0.5482023156611822,1.0,0,train
0.023104265402843605,0.11176818450620934,0.1426650278030492,0.14267737225588686,0.0864771737207916,0.058007083373217194,0.02060492534846565,0.13074372858498076,0.1724137931034483,0.4837209302325582,0.308641975308642,0,1,0.0,0.055868167202572344,0.5348024155101176,0.9003730967026319,0.17565609402672677,0.24401379870129872,0.39519553072625696,1.0,0.7822925840211359,0.7163222748815167,0.524925446732571,0.5449727360750141,0.5458866544789762,1.0,0,train
0.023104265402843605,0.11058545239503254,0.14350262203240002,0.14351378572624796,0.07734535187647802,0.059251459749210304,0.021982259930582337,0.11796451158830985,0.17733990147783252,0.4837209302325582,0.30511463844797193,0,1,0.0,0.05596864951768489,0.5386163788536921,0.9742865786024,0.1735630333279665,0.23538961038961037,0.32122905027932963,1.0,0.7723595551641509,0.7141990521327014,0.5156268344800056,0.5076186108138409,0.5507007921998781,1.0,0,train
0.023104265402843605,0.11058545239503254,0.1443406093877385,0.1443519289480988,0.07342797062619143,0.060974442423662296,0.02126604594788166,0.11157705990528646,0.1724137931034483,0.4837209302325582,0.308641975308642,0,1,0.0,0.055868167202572344,0.5711410107002861,0.9619844711102148,0.17324102398969568,0.22828733766233766,0.3416759776536313,1.0,0.7677309685215147,0.7141990521327014,0.516918308403973,0.5138358049227947,0.5486288848263254,1.0,0,train
0.02428909952606635,0.1088113542282673,0.14517804636669424,0.14519022942008508,0.07125965424852443,0.061931655020580074,0.022478100380144344,0.10739766946615542,0.1625615763546798,0.4837209302325582,0.30511463844797193,0,1,0.0,0.058882636655948555,0.6013348871702511,0.8695169910255118,0.16776686523909193,0.21672077922077923,0.3471508379888268,1.0,0.7650685071784054,0.7087393364928911,0.5237278981848921,0.5605666819548489,0.5441803778184034,1.0,0,train
0.023104265402843605,0.11235955056179775,0.14601516884485982,0.14602908026754538,0.08538974012957491,0.059442902268593854,0.02126604594788166,0.12989057872013546,0.1724137931034483,0.4930232558139535,0.308641975308642,0,1,0.0,0.055868167202572344,0.5982625278101493,0.8109307250176465,0.1767831267106746,0.23944805194805194,0.43698324022346363,1.0,0.7811661580682818,0.7173838862559242,0.5361495291990513,0.590174794883555,0.5492382693479586,1.0,0,train
0.021919431279620854,0.11176818450620934,0.14741076610112347,0.14742373171868894,0.0817998991176066,0.06681343926486073,0.025398049694231723,0.12414378745741152,0.15270935960591134,0.4837209302325582,0.308641975308642,0,1,0.0,0.053054662379421226,0.5912702616802628,0.8711303821720278,0.17791015939462243,0.21296672077922077,0.31798882681564244,1.0,0.7773363098285784,0.7184454976303318,0.5295747528588537,0.5597513122356419,0.547958561852529,1.0,0,train
0.02428909952606635,0.10940272028385571,0.14824883208165948,0.14826014518905004,0.0819702200415321,0.059730066047669186,0.021816979780728333,0.1252856054836253,0.18226600985221675,0.4837209302325582,0.30511463844797193,0,1,0.0,0.058882636655948555,0.499735141434474,0.9365735605525866,0.16889389792303974,0.2268668831168831,0.33016759776536314,1.0,0.7775206340754092,0.7098388625592418,0.516918308403973,0.5266778780003057,0.5518586227909811,1.0,0,test
0.023104265402843605,0.11117681845062094,0.14908681943699797,0.1490972662850206,0.07538666125133472,0.06671771800516896,0.023579968045837695,0.11480184388729207,0.19704433497536947,0.4837209302325582,0.308641975308642,0,1,0.0,0.055868167202572344,0.524419959741498,0.9606735908036704,0.1743680566736435,0.2089082792207792,0.2681564245810055,0.0,0.7700862227865729,0.715260663507109,0.5096156103975392,0.47474901900830657,0.5498476538695917,1.0,0,train
0.023104265402843605,0.11354228267297457,0.14992331291358327,0.14993375838044942,0.0840599267620027,0.054369675504929646,0.019558151066056965,0.12833163261256592,0.18226600985221675,0.4837209302325582,0.30511463844797193,0,1,0.0,0.05596864951768489,0.47801673906134123,0.9361702127659575,0.17935920141684106,0.26663961038961037,0.3471508379888268,0.0,0.7797734859811168,0.7195071090047395,0.5096156103975392,0.4623655913978495,0.5511882998171846,1.0,0,train
0.02428909952606635,0.2294500295683028,0.15076043539174885,0.15077449622953487,0.06830524129889357,0.05513544558246387,0.02099057903145832,0.10322880428574731,0.1625615763546798,0.4837209302325582,0.308641975308642,0,1,0.0,0.05878215434083602,0.8976586502807502,0.5473429464555813,0.4018676541619706,0.6032873376623376,0.45005586592178776,0.0,0.7613001003543122,0.8513744075829385,0.5372061896822974,0.2658614890689497,0.545642900670323,1.0,0,val
0.02428909952606635,0.10644589000591366,0.15159928762426023,0.1516099661990834,0.06271740483318375,0.05379534794677898,0.01884193708335629,0.09471973651653966,0.18226600985221675,0.4837209302325582,0.308641975308642,0,1,0.0,0.05878215434083602,0.5928594130734188,0.9532116567510336,0.16293672516502977,0.24441964285714288,0.37452513966480444,1.0,0.7537223257623855,0.7042274881516588,0.5116584873318148,0.518269377770983,0.545277269957343,1.0,0,train
0.02428909952606635,0.11117681845062094,0.15243711772920365,0.15244716592012164,0.07036219399553235,0.062218818799655407,0.02297394082970635,0.10695008715259312,0.18719211822660098,0.48837209302325585,0.308641975308642,0,1,0.0,0.05878215434083602,0.5358618497722216,0.9403045275789049,0.17211399130574784,0.2218952922077922,0.26491620111731845,0.0,0.7639420812255515,0.7130995260663507,0.5060934087867189,0.46445497630331756,0.5488117001828153,1.0,0,val
0.02428909952606635,0.11354228267297457,0.15355273065704167,0.15356466400756688,0.07473813157946453,0.07648128649373026,0.023800341578976366,0.11241140234061048,0.19704433497536947,0.4837209302325582,0.30511463844797193,0,1,0.0,0.058882636655948555,0.5954020553024686,0.9335484521528689,0.17694413137981,0.18303571428571427,0.31363128491620107,1.0,0.7693079648555102,0.7173838862559242,0.5219198346913377,0.528206696223819,0.5430834856794637,1.0,0,train
0.02428909952606635,0.11117681845062094,0.15439040351159,0.15440272860435,0.07165925333927273,0.06537762036948407,0.02236791361357501,0.10753794873405294,0.19704433497536947,0.47906976744186053,0.308641975308642,0,1,0.0,0.05878215434083602,0.6160610234134972,0.8827266310376122,0.17211399130574784,0.2105316558441558,0.3548603351955307,1.0,0.7655805189751572,0.7130995260663507,0.524925446732571,0.5538908423788411,0.5418037781840341,1.0,0,test
0.023104265402843605,0.11354228267297457,0.16444106251261442,0.16445282063499178,0.07087315676730886,0.07198238728821672,0.024957302627954384,0.106823093867018,0.17733990147783252,0.47906976744186053,0.30511463844797193,0,1,0.0,0.05596864951768489,0.6196630999046508,0.9572451346173237,0.17935920141684106,0.19795048701298698,0.28871508379888267,1.0,0.7645974563253937,0.7195071090047395,0.5206988047995866,0.5162309534729654,0.5441803778184034,1.0,0,train
0.02428909952606635,0.10762862211709048,0.1655583265696007,0.16557008284723385,0.06123037215121877,0.06288886761749786,0.02126604594788166,0.09215131457030544,0.18719211822660098,0.47906976744186053,0.308641975308642,0,1,0.0,0.05878215434083602,0.64826782498146,0.8839366743974992,0.16519079053292543,0.2102272727272727,0.3591061452513966,1.0,0.751592356687898,0.7065023696682465,0.5206988047995866,0.5532793150894358,0.5433881779402803,1.0,0,train
0.02428909952606635,0.11827321111768185,0.16723304327711708,0.16724534716505524,0.07559628700385843,0.07226955106729206,0.024241088645253706,0.1154136029824097,0.20689655172413793,0.47906976744186053,0.308641975308642,0,1,0.0,0.05878215434083602,0.6259137620510647,0.9531108198043763,0.18596039285139268,0.20515422077922074,0.31843575418994413,1.0,0.7703319884490137,0.7256113744075829,0.524925446732571,0.5183203383784335,0.551249238269348,1.0,0,train
0.02428909952606635,0.10821998817267889,0.17197917470117902,0.17199092037718017,0.06501673730617806,0.05963434478797741,0.02297394082970635,0.09779863351083636,0.19211822660098524,0.47906976744186053,0.308641975308642,0,1,0.0,0.05878215434083602,0.6258078186248544,0.8899868911969345,0.16647882788600865,0.22402597402597402,0.3236871508379888,1.0,0.7569172793741167,0.7076018957345972,0.5206988047995866,0.5502216786424095,0.5430834856794637,1.0,0,val
0.023104265402843605,0.11176818450620934,0.1728169261809249,0.17282159421759802,0.03614078989603873,0.030343639322293486,0.009476061924962812,0.05019254321653977,0.16748768472906403,0.4558139534883721,0.308641975308642,0,1,0.0,0.055868167202572344,0.5565208178832504,0.47958051830190584,0.17565609402672677,0.47838879870129863,0.36703910614525137,0.0,0.7047125565773035,0.7163222748815167,0.44029868269659755,0.2316159608622535,0.5014015843997562,1.0,0,val
0.02428909952606635,0.1088113542282673,0.1736549135362634,0.17365761456262055,0.03196137645509751,0.022685938546951282,0.0060051787780287585,0.04427631254289906,0.19704433497536947,0.4186046511627907,0.31216931216931254,0,1,0.0,0.058681672025723476,0.360631422820214,0.332257739235656,0.16728385123168568,0.6136363636363635,0.39050279329608933,0.0,0.6937759845986851,0.7087393364928911,0.39894803578556837,0.15716251337715947,0.50018281535649,1.0,0,test
0.023104265402843605,0.10703725606150208,0.17477123409087925,0.1747821889061602,0.06211473079467812,0.06250598257873075,0.02099057903145832,0.09349285369441757,0.2019704433497537,0.4837209302325582,0.30511463844797193,0,1,0.0,0.05596864951768489,0.6184977222163365,0.9479681355248564,0.16663983255514409,0.2130681818181818,0.33608938547486034,1.0,0.7528621459438425,0.7076018957345972,0.5143118792119661,0.520919329358406,0.5434491163924436,1.0,0,train
0.023104265402843605,0.11235955056179775,0.17560835656904483,0.17562017487787562,0.07195403955375917,0.0720781085479085,0.024406368795107707,0.10984090985167667,0.21674876847290642,0.48837209302325585,0.31216931216931254,0,1,0.0,0.055868167202572344,0.6100222481195041,0.9392961581123324,0.17646111737240378,0.19500811688311687,0.3004469273743017,1.0,0.7659286869969484,0.7173838862559242,0.5213093197454622,0.5253019415991439,0.5511882998171846,1.0,0,test
0.02428909952606635,0.10940272028385571,0.17672546337563602,0.17672863108253353,0.03270816819846318,0.02201588972910884,0.0067764861440141036,0.04552226161237991,0.19211822660098524,0.4186046511627907,0.308641975308642,0,1,0.0,0.05878215434083602,0.4252569128085602,0.370575778965413,0.16873289325390436,0.6369724025974025,0.3872625698324022,0.0,0.6958240317856923,0.7098388625592418,0.4105008570690586,0.176527544208327,0.502498476538696,1.0,0,train
0.023104265402843605,0.11176818450620934,0.1775629789797893,0.17756614530384265,0.037339587168283624,0.02029290705465684,0.006445925844306098,0.05188374523904588,0.2315270935960591,0.4186046511627907,0.308641975308642,0,1,0.0,0.055868167202572344,0.36349189532789494,0.355954421700111,0.17565609402672677,0.7202719155844155,0.4129608938547486,0.0,0.7076003031109837,0.7163222748815167,0.4105008570690586,0.16913825612801303,0.5016453382084095,1.0,0,train
0.02428909952606635,0.11295091661738617,0.1795172082645461,0.17952894149430088,0.062337458156734554,0.07092945343160717,0.024902209244669713,0.09353460963885939,0.2019704433497537,0.4837209302325582,0.308641975308642,0,1,0.0,0.05878215434083602,0.6651128297489142,0.9388928103257034,0.17565609402672677,0.19703733766233766,0.28960893854748604,1.0,0.7531693530218936,0.7163222748815167,0.5206988047995866,0.5255057840289457,0.5417428397318709,1.0,0,train
0.023104265402843605,0.10999408633944412,0.1803548024938969,0.180359536709651,0.03901004238370684,0.02747200153154016,0.00909040824197014,0.05501026471543324,0.23645320197044334,0.4558139534883721,0.31216931216931254,0,1,0.0,0.055868167202572344,0.5130840131369848,0.49581526671372395,0.17195298663661243,0.5190746753246753,0.3941899441340782,0.0,0.7114915927662973,0.7130995260663507,0.44163711930870925,0.23982061866177445,0.5091407678244972,1.0,0,train
0.023104265402843605,0.10703725606150208,0.18119278984923537,0.18119712955602785,0.03678276876314255,0.02546185507801283,0.008319100875984795,0.05161906086394775,0.20689655172413793,0.4558139534883721,0.31216931216931254,0,1,0.0,0.055868167202572344,0.48924674223964404,0.4786729857819905,0.16615681854773787,0.5419034090909091,0.4045810055865922,0.0,0.7062690724394289,0.7076018957345972,0.4347101228074295,0.23115731539519951,0.5066422912858013,1.0,0,train
0.023104265402843605,0.10762862211709048,0.18202983370220344,0.1820409337827542,0.06275670966178194,0.058294247152292526,0.02110076579802766,0.09449672181327086,0.19211822660098524,0.47906976744186053,0.31216931216931254,0,1,0.0,0.055868167202572344,0.6225235724123318,0.9422204295653928,0.16728385123168568,0.23112824675324675,0.3395530726256983,1.0,0.7537837671779958,0.7087393364928911,0.5156268344800056,0.5238240839830811,0.5436928702010969,1.0,0,train
0.02428909952606635,0.11176818450620934,0.1834259027096523,0.18343802261099698,0.06014293856000209,0.05743275581506653,0.019503057682772298,0.09136381816355975,0.19704433497536947,0.4837209302325582,0.31216931216931254,0,1,0.0,0.058681672025723476,0.6853480241551012,0.8991630533427448,0.17308001932056027,0.24330357142857137,0.4177653631284916,1.0,0.7499948798820325,0.7141990521327014,0.5237278981848921,0.5455842633644193,0.5485070079219988,1.0,0,train
0.023104265402843605,0.11235955056179775,0.18482197171710119,0.1848324381869374,0.057149220781773036,0.06231454005934719,0.021872073164013003,0.086374069075375,0.2019704433497537,0.4837209302325582,0.308641975308642,0,1,0.0,0.055868167202572344,0.6617226401101812,0.9547242109508923,0.1767831267106746,0.22778003246753245,0.3010055865921788,0.0,0.7454482151268764,0.7173838862559242,0.5102965693756311,0.4717423431687306,0.5457038391224863,1.0,0,train
0.025473933649289102,0.11117681845062094,0.18565925144566184,0.1856714462845331,0.06478745913935527,0.06509045659040874,0.023304501129414356,0.09754930566076021,0.20689655172413793,0.47906976744186053,0.308641975308642,0,1,0.0,0.06159565916398714,0.6509164106367199,0.8761722295048906,0.16985992593785218,0.20850243506493507,0.33329608938547484,1.0,0.7566100722960657,0.7109383886255924,0.5243384131307676,0.5572032818631198,0.5436319317489335,1.0,0,val
0.023104265402843605,0.10999408633944412,0.18817211275891177,0.18818312407271562,0.05538705429962071,0.060687278644586964,0.021045672414742988,0.08375224438201374,0.18719211822660098,0.4837209302325582,0.30511463844797193,0,1,0.0,0.05596864951768489,0.6816400042377371,0.9741857416557427,0.17243600064401865,0.22788149350649348,0.3377653631284916,1.0,0.7426628709525467,0.7130995260663507,0.5149693568459858,0.5076695714212913,0.5459475929311396,1.0,0,train
0.05509478672985783,0.09816676522767594,0.18901591837886791,0.18902016654361845,0.013265379651890234,0.02421747870201972,0.007051953060437441,0.022333995101786155,0.5812807881773399,0.4837209302325582,0.308641975308642,0,1,0.0,0.13334003215434087,0.6661722640110181,0.8965412927296561,0.08710352600225404,0.29575892857142855,0.48893854748603344,0.0,0.6156020234706208,0.603260663507109,0.43325427947495715,0.4423380726698262,0.607921998781231,1.0,0,train
0.02428909952606635,0.1147250147841514,0.1898469080916257,0.18985013275842685,0.03662554944874978,0.022685938546951282,0.007272326593576111,0.0511941682474685,0.20689655172413793,0.4186046511627907,0.308641975308642,0,1,0.0,0.05878215434083602,0.4015255853374298,0.3554502369668247,0.17903719207857025,0.6561485389610389,0.3615642458100558,0.0,0.7058799434738976,0.7195071090047395,0.412308920562613,0.16888345309076086,0.504631322364412,1.0,0,train
0.023104265402843605,0.11235955056179775,0.19068442369577895,0.19069621711211698,0.057037857100744827,0.05513544558246387,0.017684976034378273,0.08599050104027516,0.2315270935960591,0.4837209302325582,0.308641975308642,0,1,0.0,0.055868167202572344,0.703146519758449,0.9392961581123324,0.1767831267106746,0.2592329545454545,0.4586592178770949,1.0,0.7452843713519159,0.7173838862559242,0.5213093197454622,0.5253019415991439,0.5443022547227301,1.0,0,train
0.023104265402843605,0.10644589000591366,0.19152217517552483,0.1915266550773317,0.036514185767721564,0.02230305350818417,0.007272326593576111,0.05164382110373039,0.21182266009852216,0.4558139534883721,0.30511463844797193,0,1,0.0,0.05596864951768489,0.5051382561712046,0.49581526671372395,0.16551279987119624,0.6157670454545453,0.49597765363128493,0.0,0.7056136973395867,0.7065023696682465,0.4375278840960856,0.23982061866177445,0.5106642291285801,1.0,0,train
0.02428909952606635,0.10644589000591366,0.1929181655577762,0.1929210706532721,0.035079559523887506,0.017134105484828185,0.004903311112335408,4.434412281631077e-05,0.6059113300492611,0.45116279069767445,0.308641975308642,0,1,0.0,0.05878215434083602,0.3158173535332132,0.3628113340728043,0.16293672516502977,0.7926136363636362,0.5406703910614525,0.0,0.7020500952341941,0.7042274881516588,0.4048888158358184,0.172603577434643,0.0,1.0,0,train
0.02428909952606635,0.10408042578356003,0.1993392495649471,0.19934190818321842,0.030349878482571584,0.021441562170958172,0.006996859677152773,0.04239539704554262,0.18719211822660098,0.4186046511627907,0.30511463844797193,0,1,0.0,0.058882636655948555,0.3579828371649539,0.35171926994050623,0.15858959909837383,0.6139407467532467,0.31910614525139663,0.0,0.6891678784279189,0.6995639810426542,0.39894803578556837,0.1669979106150945,0.5043266301035954,1.0,0,train
0.023104265402843605,0.10348905972797162,0.20017645066831022,0.20018634141048655,0.05866245668280348,0.056092658179381645,0.019778524599195636,0.08841674572113724,0.1724137931034483,0.4837209302325582,0.30511463844797193,0,1,0.0,0.05596864951768489,0.5854433732386906,0.992941413733992,0.15971663178232168,0.22869318181818182,0.3233519553072625,1.0,0.7477829889200647,0.7007393364928911,0.5053889684645548,0.49819089843550934,0.5441803778184034,1.0,0,val
0.023104265402843605,0.10408042578356003,0.2010137303968709,0.20101693662583667,0.03445068226631642,0.01799559682205418,0.005839898628174756,0.04777121607458923,0.22660098522167488,0.4186046511627907,0.30511463844797193,0,1,0.0,0.05596864951768489,0.37080199173641276,0.39639003730967026,0.16084366446626952,0.7437094155844155,0.47787709497206693,0.0,0.7004526184283285,0.7019146919431279,0.412308920562613,0.18957345971563982,0.5006093845216332,1.0,0,train
0.023104265402843605,0.1028976936723832,0.20185140325141923,0.2018564950989064,0.03752956050650822,0.03091796688044415,0.01019227590766349,0.05337721043374074,0.2019704433497537,0.4558139534883721,0.30511463844797193,0,1,0.0,0.05596864951768489,0.5239961860366564,0.5750731067863265,0.15858959909837383,0.4224837662337662,0.36927374301675975,0.0,0.7080508734921253,0.6995639810426542,0.44814145161669056,0.27987565611782095,0.513528336380256,1.0,0,train
0.052725118483412325,0.08633944411590774,0.20269520887137538,0.20269943444988792,0.0124923846894591,0.016559777926677517,0.006831579527298771,0.02112100217027384,0.5911330049261084,0.47906976744186053,0.30511463844797193,0,1,0.0,0.1277130225080386,0.5933891302044708,0.8847433699707573,0.06890999838995329,0.3448660714285714,0.5083798882681565,1.0,0.6102771007844021,0.5654597156398105,0.43325427947495715,0.5528716302298323,0.6104814137720902,1.0,0,val
0.04443127962085308,0.08811354228267297,0.20353044434480008,0.20353710592133248,0.018270194493393514,0.03158801569828659,0.011349236956641508,0.03048589425531379,0.5615763546798029,0.47906976744186053,0.30511463844797193,0,1,0.0,0.10761655948553056,0.6888441572200446,0.7803771301804981,0.08839156335533728,0.22676542207792205,0.42782122905027936,1.0,0.6440698793700207,0.6053459715639811,0.4706365792377956,0.6056158589410385,0.6024984765386959,1.0,0,train
0.023104265402843605,0.10053222945002957,0.20436308518670612,0.20436872326256292,0.04178758360464583,0.02661051019431416,0.00909040824197014,0.058536140115004846,0.2019704433497537,0.4558139534883721,0.30511463844797193,0,1,0.0,0.05596864951768489,0.4945439135501642,0.6441464152465464,0.1539204636934471,0.4781858766233766,0.47497206703910616,0.0,0.7176152538554488,0.6947867298578201,0.456594735482659,0.3147836722213729,0.5057282145033516,1.0,0,val
0.023104265402843605,0.09934949733885275,0.20520115116724214,0.20521150536340899,0.0546468133610214,0.05322102038862832,0.01856647016693295,0.08158188426977653,0.2561576354679803,0.4837209302325582,0.30511463844797193,0,1,0.0,0.05596864951768489,0.6137302680368684,0.9046082484622365,0.15166639832555143,0.22899756493506493,0.3719553072625698,1.0,0.7414750035840826,0.6923601895734598,0.5096156103975392,0.5428323905620955,0.5390006093845217,1.0,0,train
0.023104265402843605,0.1023063276167948,0.2060386667713954,0.20605012033566614,0.05238023491185892,0.05322102038862832,0.01884193708335629,0.07673750453362578,0.2413793103448276,0.47906976744186053,0.30511463844797193,0,1,0.0,0.05596864951768489,0.6831232122046828,0.8568115357466976,0.157462566414426,0.23812905844155843,0.41039106145251397,1.0,0.7377065967599893,0.6983886255924171,0.5188202972738158,0.5669877184936044,0.5289457647775747,1.0,0,train
0.023104265402843605,0.1017149615612064,0.20715538045199894,0.20715944141606893,0.03588530851015047,0.021824447209725283,0.006501019227590766,0.050772122627201204,0.26108374384236455,0.4558139534883721,0.30511463844797193,0,1,0.0,0.05596864951768489,0.44072465303527913,0.48845416960774435,0.15633553373047815,0.5941558441558441,0.5211173184357543,0.0,0.7040776619493313,0.6972132701421802,0.43029563012186817,0.23610049431789226,0.5108470444850701,1.0,0,train
0.023104265402843605,0.10762862211709048,0.20882970403352766,0.2088350988592289,0.04189239648090768,0.03627835742318369,0.011845077406203514,0.0605358529997505,0.270935960591133,0.4837209302325582,0.30511463844797193,0,1,0.0,0.05596864951768489,0.5207119398241339,0.5707371180800646,0.16776686523909193,0.3794642857142857,0.3223463687150838,0.0,0.7178405390460196,0.7087393364928911,0.45304905252776667,0.27768434999745195,0.5217550274223035,1.0,0,train
0.023104265402843605,0.11058545239503254,0.00179634988810455,0.00179949192481242,0.03218410381715393,0.023547429884177278,0.008374194259269462,0.042890774386420555,0.1625615763546798,0.40465116279069774,0.23104056437389797,0,1,0.0,0.05767684887459808,0.4049157749761627,0.3343753151154583,0.17903719207857025,0.6113027597402597,0.2624581005586592,0.0,0.6943903987547873,0.7141990521327014,0.40293986427783124,0.15823268613361868,0.48110907982937234,1.0,0,train
0.023104265402843605,0.1088113542282673,0.003191160892392847,0.00319626625278431,0.03769988143043373,0.022781659806643057,0.007437606743430114,0.05180144116673701,0.18719211822660098,0.4465116279069768,0.23104056437389797,0,1,0.0,0.05767684887459808,0.5314122258713847,0.5092265806191388,0.17549508935759134,0.6195211038961038,0.5153072625698325,0.0,0.7084604829295267,0.7109383886255924,0.4429755559208209,0.24659837945268306,0.49609993906154787,1.0,0,train
0.023104265402843605,0.10467179183914843,0.0045875444006318634,0.004591468079401883,0.029275546500887633,0.023547429884177278,0.006335739077736763,0.04054079469499353,0.19211822660098524,0.4558139534883721,0.23456790123456805,0,1,0.0,0.05757636655948553,0.5251615637249708,0.42885953413330646,0.1668008372242795,0.5704139610389609,0.47988826815642455,0.0,0.6859729248161877,0.7030521327014219,0.4208796111489422,0.20598277531468173,0.4999390615478367,1.0,0,train
0.07464454976303318,0.09461856889414548,0.0054287553890693205,0.0054292968009818695,0.0025024074207516396,0.006509045659040873,0.002258828714671368,0.004074741760189055,0.5665024630541872,0.4558139534883721,0.23104056437389797,0,1,0.0,0.1864951768488746,0.5104354274817248,0.4829081375415953,0.04379327000483013,0.5506290584415584,0.3881564245810056,0.0,0.4676306142093513,0.4891374407582939,0.30025594665038624,0.233297660908118,0.5879951249238269,0.9422247446083996,0,train
0.07642180094786731,0.0898876404494382,0.006266113742827514,0.006266653772155561,0.0017949205059841601,0.0035416866085957693,0.0013773345821166878,0.002899449960331853,0.5665024630541872,0.4558139534883721,0.23809523809523814,0,1,0.0,0.19031350482315115,0.5097997669244624,0.6759100534435817,0.030751891804862336,0.713778409090909,0.699217877094972,0.0,0.43826161754766835,0.4345781990521328,0.30025594665038624,0.33083626356826173,0.583363802559415,0.7982973893303065,0,train
0.027251184834123227,0.1023063276167948,0.0076583301155971235,0.007661226598231408,0.026943460004061497,0.016942662965444628,0.005894992011459423,0.03681890791986034,0.23645320197044334,0.4186046511627907,0.23456790123456805,0,1,0.0,0.06792604501607717,0.38542218455344845,0.3659372794191792,0.1539204636934471,0.7335633116883117,0.38960893854748596,0.0,0.6785999549429618,0.6898957345971565,0.3968816775072205,0.17418335626560666,0.49335770871419865,1.0,0,train
0.025473933649289102,0.10585452395032525,0.008495924344947926,0.008498662194472815,0.025652951465087486,0.016272614147602185,0.004793124345766073,0.03521147660407531,0.19211822660098524,0.4186046511627907,0.23809523809523814,0,1,0.0,0.06340434083601287,0.4330967263481301,0.3277200766360795,0.164224762518113,0.8171672077922076,0.4794413407821229,0.0,0.6742376144346366,0.7007393364928911,0.3926315542301641,0.15486928604188965,0.495551492992078,1.0,0,test
0.023104265402843605,0.10408042578356003,0.009333282698706119,0.009336176415781938,0.027650946918828977,0.018761366899588402,0.004517657429342735,0.03787876696421515,0.18719211822660098,0.4186046511627907,0.23456790123456805,0,1,0.0,0.05757636655948553,0.41646360843309677,0.33961883634163564,0.16567380454033165,0.7130681818181817,0.5423463687150838,0.0,0.6808937677924098,0.7019146919431279,0.3968816775072205,0.1608826377210416,0.49457647775746494,1.0,0,test
0.025473933649289102,0.10703725606150208,0.01072880132977224,0.010731928617873523,0.028830091776774775,0.02038862831434862,0.006280645694452095,0.03945954004274291,0.18719211822660098,0.41395348837209306,0.23456790123456805,0,1,0.0,0.0635048231511254,0.43214323551223643,0.3582736714732278,0.1668008372242795,0.6602069805194805,0.3879329608938547,0.0,0.6846007332008929,0.7030521327014219,0.40293986427783124,0.17031035009937323,0.4941499085923218,1.0,0,train
0.06101895734597157,0.09225310467179185,0.011849367645055037,0.011857053336887188,0.016121530530025612,0.024887527519862163,0.009200595008539475,0.02692783917128599,0.5714285714285714,0.47906976744186053,0.23456790123456805,0,1,0.0,0.1522307073954984,0.6504926369318784,0.5233437531511546,0.0661729190146514,0.21002435064935066,0.6143016759776536,1.0,0.6329489831445717,0.5544644549763034,0.4793481578885575,0.7355144473322122,0.6031078610603291,1.0,0,train
0.02962085308056872,0.10408042578356003,0.01268342374051672,0.012687098176763306,0.025613646636489292,0.021441562170958172,0.005729711861605421,0.03517472447115751,0.14285714285714285,0.4558139534883721,0.23809523809523814,0,1,0.0,0.07375401929260451,0.5231486386269733,0.4458001411717254,0.15247142167122843,0.5734577922077921,0.5105027932960893,0.0,0.6740942511315461,0.6886445497630334,0.41580764082936106,0.21454415736635585,0.4957952468007313,1.0,0,train
0.07938388625592417,0.0892962743938498,0.013524398853361569,0.013524062022598418,0.0006485296718701893,0.0027759165310615487,0.0011018676656933504,0.0010595139539048882,0.5812807881773399,0.4558139534883721,0.23809523809523814,0,1,0.0,0.19774919614147912,0.4514249390825299,0.3582736714732278,0.023506681693769113,0.7054586038961038,0.30837988826815643,0.0,0.3488438773629345,0.39484360189573464,0.21206001831544838,0.17031035009937323,0.5900060938452163,0.20681044267877416,0,train
0.027251184834123227,0.1023063276167948,0.014358376323625716,0.014361654868975256,0.02704172207555698,0.018665645639896623,0.005344058178612748,0.03729133674581776,0.18226600985221675,0.441860465116279,0.23456790123456805,0,1,0.0,0.06792604501607717,0.4455980506409577,0.40415448220227895,0.1539204636934471,0.6652800324675324,0.4983240223463687,0.0,0.6789276424928831,0.6898957345971565,0.4067908047056613,0.19349742648932378,0.49786715417428395,1.0,0,test
0.02428909952606635,0.10526315789473685,0.01519573467738391,0.015198697339878085,0.027591989675931686,0.019910022015889733,0.006335739077736763,0.03837379921464316,0.20689655172413793,0.41395348837209306,0.23456790123456805,0,1,0.0,0.06059083601286174,0.4306600275452908,0.3466774226076435,0.16567380454033165,0.6714691558441558,0.3642458100558659,0.0,0.6807094435455793,0.7019146919431279,0.39894803578556837,0.16444988024257245,0.502132845825716,1.0,0,test
0.021919431279620854,0.10408042578356003,0.016033328906734715,0.016036132936119493,0.02938035937714948,0.02077151335311573,0.005784805244890088,0.040579876188448376,0.19704433497536947,0.4186046511627907,0.23456790123456805,0,1,0.0,0.05466237942122187,0.371649539146096,0.3277200766360795,0.1680888745773627,0.6524959415584415,0.3886033519553072,0.0,0.686300612366109,0.7042274881516588,0.3947683565407284,0.15486928604188965,0.4986593540524071,1.0,0,train
0.03554502369668247,0.10408042578356003,0.018266913518336852,0.018269635234723348,0.02176177343386635,0.01483679525222552,0.00462784419591207,0.02957243983434278,0.20689655172413793,0.4093023255813954,0.23456790123456805,0,1,0.0,0.08862540192926045,0.44019493590422715,0.38328123424422716,0.1408790854934793,0.7673498376623377,0.5004469273743015,0.0,0.6596145575194052,0.6755639810426541,0.3926315542301641,0.18294858074708248,0.4906154783668495,1.0,0,test
0.030213270142180098,0.10053222945002957,0.019104429122490118,0.019107306706167903,0.023772870497140573,0.016942662965444628,0.0052338714120434135,0.03260276534781149,0.22167487684729065,0.4093023255813954,0.23809523809523814,0,1,0.0,0.07526125401929261,0.42631634707066424,0.3901381466169205,0.1440991788761874,0.6882102272727272,0.4529608938547485,0.0,0.6674585782456428,0.6795829383886256,0.3968816775072205,0.1864139020537125,0.4951249238269348,1.0,0,train
0.028436018957345974,0.09994086339444117,0.019942259227433527,0.019944978177612455,0.02396939464013154,0.017421269263903517,0.004738030962481405,0.03280843925597119,0.21182266009852216,0.4186046511627907,0.23104056437389797,0,1,0.0,0.07104099678456592,0.40449200127132107,0.36775234445900984,0.14699726292062468,0.6801948051948051,0.48625698324022343,0.0,0.6681958752329653,0.6822369668246446,0.3926315542301641,0.17510064719971463,0.4942108470444851,1.0,0,train
0.0278436018957346,0.10467179183914843,0.02077961758119172,0.02078264964905701,0.024788245235927233,0.018569924380204845,0.005564431711751418,0.033743634375287934,0.19704433497536947,0.41395348837209306,0.23809523809523814,0,1,0.0,0.06933279742765275,0.4768513613730268,0.3725925178985581,0.15714055707615518,0.6842532467532466,0.441340782122905,0.0,0.6711860241259958,0.6935734597156399,0.40096743137577195,0.1775467563573358,0.49146861669713593,1.0,0,train
0.03080568720379147,0.09994086339444117,0.021617526311332666,0.02162024249543385,0.024244528440318894,0.01770843304297885,0.005123684645474078,0.03313006355530816,0.18226600985221675,0.41395348837209306,0.23809523809523814,0,1,0.0,0.0767684887459807,0.37525161563724974,0.38015528889785216,0.14184511350829174,0.6473214285714285,0.441340782122905,0.0,0.6692198988264689,0.6769289099526067,0.3926315542301641,0.1813178413086684,0.49335770871419865,1.0,0,test
0.02428909952606635,0.10585452395032525,0.023013673943979074,0.023016387822864012,0.025770865950882064,0.01722982674451996,0.005068591262189411,0.035097855573435074,0.18719211822660098,0.40465116279069774,0.23809523809523814,0,1,0.0,0.060490353697749195,0.4390295582159127,0.32308157708984575,0.16663983255514409,0.7825689935064933,0.44737430167597764,0.0,0.674647223872038,0.7030521327014219,0.3926315542301641,0.15252509809916937,0.49171237050578914,1.0,0,test
0.03317535545023697,0.09934949733885275,0.02385118954813234,0.023853902044173137,0.021519393657510825,0.015411122810376186,0.004738030962481405,0.029505060923993486,0.24630541871921183,0.4093023255813954,0.23809523809523814,0,1,0.0,0.08259646302250805,0.42610446021824344,0.39669254814964205,0.13588794075028174,0.7136769480519479,0.48625698324022343,0.0,0.6586110143977717,0.6700284360189575,0.3926315542301641,0.18972634153799112,0.4950030469226082,1.0,0,val
0.030213270142180098,0.09875813128326434,0.024688941027878216,0.024691652140685406,0.024034902687795196,0.016559777926677517,0.00484821772905074,0.032749083698582815,0.22660098522167488,0.40465116279069774,0.23456790123456805,0,1,0.0,0.07536173633440514,0.37556944591588093,0.38328123424422716,0.1408790854934793,0.6868912337662337,0.4727374301675978,0.0,0.6684416408954061,0.6755639810426541,0.3926315542301641,0.18294858074708248,0.4919561243144424,1.0,0,train
0.032582938388625596,0.09994086339444117,0.025247415805976284,0.025250125996671015,0.022502014372465656,0.015411122810376186,0.0044625640460580675,0.03053964209289076,0.22167487684729065,0.41395348837209306,0.23456790123456805,0,1,0.0,0.08129019292604502,0.40841190804110605,0.389936472723606,0.1384640154564482,0.7261566558441557,0.5231284916201118,0.0,0.6625842259405657,0.6728341232227489,0.3926315542301641,0.18631198083881162,0.4900060938452163,1.0,0,train
0.023104265402843605,0.09875813128326434,0.02580581195887682,0.025808521227588907,0.026995866442192422,0.016751220446061074,0.004903311112335408,0.036753599552210636,0.19704433497536947,0.41395348837209306,0.23456790123456805,0,1,0.0,0.05757636655948553,0.360631422820214,0.3479883029141878,0.15504749637739493,0.747767857142857,0.46614525139664803,0.0,0.6787637987179225,0.6911469194312797,0.3926315542301641,0.16511236813942826,0.4915295551492992,1.0,0,train
0.02962085308056872,0.10408042578356003,0.026643563438622696,0.026646192699033462,0.024002148663963368,0.01521968029099263,0.004242190512919398,0.03273338208311089,0.21182266009852216,0.4093023255813954,0.23456790123456805,0,1,0.0,0.07385450160771705,0.4148744570399407,0.3457698900877282,0.15263242634036384,0.8109780844155843,0.5415642458100558,0.0,0.6683187580641857,0.6886445497630334,0.3904477892314556,0.16394027416806806,0.49238269347958563,1.0,0,test
0.02428909952606635,0.10585452395032525,0.02748092179238089,0.0274837855454103,0.028358433833596455,0.01684694170575285,0.005894992011459423,0.03885451021139896,0.22167487684729065,0.41395348837209306,0.23456790123456805,0,1,0.0,0.06059083601286174,0.4045979446975315,0.33719874962186147,0.1668008372242795,0.8005275974025973,0.38960893854748596,0.0,0.6831466196981179,0.7030521327014219,0.3968816775072205,0.15965958314223105,0.4946374162096283,1.0,0,train
0.025473933649289102,0.10112359550561797,0.028318358771336618,0.028321378391787142,0.026504556084715008,0.01684694170575285,0.0052338714120434135,0.03634337327985352,0.24630541871921183,0.41395348837209306,0.23456790123456805,0,1,0.0,0.0635048231511254,0.42716389448034753,0.37834022385802163,0.15504749637739493,0.7435064935064934,0.47631284916201116,0.0,0.6771253609683168,0.6911469194312797,0.40096743137577195,0.1804515109820109,0.4950639853747715,1.0,0,train
0.028436018957345974,0.1017149615612064,0.029156188876280027,0.02915897123816398,0.02609185538443398,0.01569828658945152,0.005399151561897415,0.035609452165459826,0.2019704433497537,0.41395348837209306,0.23809523809523814,0,1,0.0,0.07084003215434083,0.3775823710138786,0.3668448119390945,0.1500563516341974,0.7738433441558441,0.42435754189944136,0.0,0.6757326888811518,0.6861042654028436,0.3947683565407284,0.17464200173266065,0.49274832419256553,1.0,0,test
0.024881516587677725,0.10348905972797162,0.02999378310563083,0.02999640683440539,0.026314582746490404,0.01809131808174596,0.005564431711751418,0.03600397682234502,0.2019704433497537,0.4093023255813954,0.23456790123456805,0,1,0.0,0.06209807073954984,0.388706430765971,0.3277200766360795,0.16100466913540493,0.7184456168831168,0.3865921787709497,0.0,0.6764904663403444,0.6972132701421802,0.3904477892314556,0.15486928604188965,0.4939670932358318,1.0,0,test
0.02428909952606635,0.10467179183914843,0.030830905583796413,0.030833999680782227,0.02886939660537297,0.01809131808174596,0.005564431711751418,0.039397078671305145,0.2315270935960591,0.4093023255813954,0.23809523809523814,0,1,0.0,0.060490353697749195,0.42239644030087936,0.36351719269940513,0.164224762518113,0.7343749999999999,0.45229050279329613,0.0,0.6847236160321133,0.7007393364928911,0.40293986427783124,0.1729603016867961,0.49268738574040216,1.0,0,test
0.023104265402843605,0.10053222945002957,0.03166857843834475,0.03167135665195591,0.025666053074620217,0.01569828658945152,0.004793124345766073,0.035105447563333586,0.22167487684729065,0.4093023255813954,0.23456790123456805,0,1,0.0,0.05757636655948553,0.4232439877105626,0.3474841181809015,0.15858959909837383,0.8166599025974025,0.4920670391061452,0.0,0.6742785753783768,0.6947867298578201,0.3947683565407284,0.16485756510217603,0.4938452163315052,1.0,0,test
0.023104265402843605,0.10644589000591366,0.032505543666115265,0.032508713623129605,0.032760574636594104,0.018569924380204845,0.004958404495620076,0.04504129179778666,0.2413793103448276,0.41395348837209306,0.23456790123456805,0,1,0.0,0.05757636655948553,0.37451001165377684,0.3576686497932843,0.1703429399452584,0.7411728896103895,0.5334078212290503,0.0,0.6959673950887828,0.7065023696682465,0.4048888158358184,0.17000458645467054,0.49640463132236445,1.0,0,train
0.02428909952606635,0.11413364872856298,0.033341722641910425,0.03334583471910015,0.041754829580814,0.018952809418971955,0.0060051787780287585,0.05683708728476278,0.2660098522167488,0.4186046511627907,0.23456790123456805,0,1,0.0,0.06059083601286174,0.39749973514143444,0.40909549258848443,0.18338431814522618,0.7818587662337662,0.5429050279329608,0.0,0.7175333319679685,0.7184454976303318,0.42569328668372974,0.19599449625439536,0.49140767824497256,1.0,0,train
0.023104265402843605,0.11295091661738617,0.03417884512007601,0.03418295581507069,0.04068704840389642,0.019910022015889733,0.006721392760729436,0.05600740357051285,0.270935960591133,0.40465116279069774,0.2275132275132279,0,1,0.0,0.057777331189710616,0.41445068333509905,0.40909549258848443,0.1840283368217678,0.7439123376623377,0.4731843575418994,0.0,0.7152395191185205,0.7184454976303318,0.42569328668372974,0.19599449625439536,0.49695307739183425,1.0,0,test
0.02428909952606635,0.11176818450620934,0.035016203473834204,0.03502102041185383,0.040405363798942696,0.02163300469034173,0.007492700126714781,0.055625647260275156,0.2512315270935961,0.45116279069767445,0.23104056437389797,0,1,0.0,0.06069131832797428,0.4820425892573366,0.47937884440859135,0.17903719207857025,0.6662946428571428,0.48614525139664805,0.0,0.7146251049624183,0.7141990521327014,0.4389132833963416,0.23151403964735262,0.49701401584399757,1.0,0,train
0.02428909952606635,0.10940272028385571,0.03585285420081457,0.03585790563262122,0.04081151369445736,0.023738872403560835,0.007107046443722108,0.05590206471067099,0.23645320197044334,0.4465116279069768,0.2275132275132279,0,1,0.0,0.06079180064308682,0.48394957092912383,0.5127558737521428,0.17452906134277893,0.5900974025974025,0.5444692737430168,0.0,0.7155057652528314,0.7098388625592418,0.4429755559208209,0.24838200071344851,0.4945155393053017,1.0,0,train
0.07168246445497631,0.09107037256061502,0.03669453694043725,0.03669479085338862,0.0014870326819649794,0.0046903417248971,0.0016528014985400254,0.002396998265230308,0.5714285714285714,0.4558139534883721,0.23104056437389797,0,1,0.0,0.17905948553054662,0.6604513189956562,0.41625491580114954,0.0426662373208823,0.7413758116883116,0.4593296089385475,0.0,0.42165195486104,0.48485308056872045,0.28273886397257375,0.19961269938337667,0.5821450335161487,0.8692395005675368,0,train
0.023104265402843605,0.11176818450620934,0.0386425548345887,0.03864642228423119,0.03848597800239759,0.02000574327558151,0.0060051787780287585,0.05278305095156966,0.2315270935960591,0.41395348837209306,0.23104056437389797,0,1,0.0,0.05767684887459808,0.4114842674012078,0.39497832005646877,0.1812912574464659,0.7307224025974025,0.5124022346368715,0.0,0.7103037253978332,0.7163222748815167,0.4208796111489422,0.18886001121133367,0.4951249238269348,1.0,0,train
0.02428909952606635,0.10940272028385571,0.039479677312754285,0.03948330750499859,0.037339587168283624,0.020484349574040397,0.006501019227590766,0.051037583455811684,0.22167487684729065,0.41395348837209306,0.2275132275132279,0,1,0.0,0.06079180064308682,0.3722851997033584,0.39094484219017855,0.17452906134277893,0.685267857142857,0.4366480446927374,0.0,0.7076003031109837,0.7098388625592418,0.41580764082936106,0.18682158691331602,0.4934795856185253,1.0,0,train
0.023104265402843605,0.11117681845062094,0.04031672116572234,0.04032019272576598,0.03832220788323845,0.019431415717430844,0.006390832461021431,0.052472383274018035,0.20689655172413793,0.41395348837209306,0.2275132275132279,0,1,0.0,0.057777331189710616,0.3531094395592753,0.3648280730059494,0.1804862341007889,0.7475649350649349,0.42703910614525137,0.0,0.7099145964323018,0.715260663507109,0.412308920562613,0.17362278958365185,0.4943327239488117,1.0,0,val
0.07523696682464455,0.09520993494973388,0.04143705160541253,0.041437061812669485,0.0013429149771049373,0.0036374078682875465,0.0012120544322626852,0.0021619053962138746,0.5665024630541872,0.45116279069767445,0.2275132275132279,0,1,0.0,0.18820337620578778,0.6268672528869583,0.3277200766360795,0.04395427467396554,0.9746347402597402,0.5141899441340783,0.0,0.4126815081819485,0.4891374407582939,0.2615586916195083,0.15486928604188965,0.581413772090189,0.7691259931895573,0,val
0.07464454976303318,0.09343583678296866,0.04227385958278797,0.04227394703343688,0.0012970593437403785,0.004594620465205322,0.0015977081152553578,0.002082534592729427,0.5615763546798029,0.45116279069767445,0.23104056437389797,0,1,0.0,0.1864951768488746,0.650386693505668,0.3731975395785016,0.04137819996779906,0.7362012987012986,0.40413407821229047,0.0,0.4096094374014378,0.48045497630331757,0.26911968441073564,0.17785252000203838,0.5798903107861061,0.7822928490351874,0,train
0.023104265402843605,0.11235955056179775,0.04310618592390386,0.04310988875339169,0.03909520284566959,0.017804154302670627,0.006445925844306098,0.05337574379932852,0.21182266009852216,0.4093023255813954,0.2275132275132279,0,1,0.0,0.057777331189710616,0.38372708973408204,0.37944943027125144,0.18274029946868459,0.8273133116883116,0.45083798882681553,0.0,0.711696397484998,0.7173838862559242,0.4175217789466269,0.18101207766396576,0.49293113954905543,1.0,0,train
0.02428909952606635,0.11295091661738617,0.045058764079512405,0.045062620935182277,0.03966512286034339,0.019814300756197955,0.007547793509999449,0.054150126768976785,0.19211822660098524,0.41395348837209306,0.23104056437389797,0,1,0.0,0.06069131832797428,0.39167284669986224,0.39497832005646877,0.1812912574464659,0.7378246753246753,0.3846927374301676,0.0,0.7129866672128126,0.7163222748815167,0.4208796111489422,0.18886001121133367,0.49287020109689217,1.0,0,train
0.023104265402843605,0.11295091661738617,0.04589572930728292,0.0458996634060851,0.04022849207025083,0.018761366899588402,0.006501019227590766,0.05496143441676781,0.22167487684729065,0.4093023255813954,0.23104056437389797,0,1,0.0,0.05767684887459808,0.4014196419112194,0.396289200363013,0.183706327483497,0.7898741883116883,0.47418994413407817,0.0,0.7142359759968869,0.7184454976303318,0.4224998238899194,0.18952249910818936,0.493235831809872,1.0,0,train
0.023104265402843605,0.11235955056179775,0.04673277316025097,0.04673662725192022,0.037889854768658325,0.019144251938355512,0.005784805244890088,0.051816797691759,0.2019704433497537,0.40465116279069774,0.23104056437389797,0,1,0.0,0.05767684887459808,0.42568068651340185,0.39235655944338005,0.18257929479954918,0.7689732142857142,0.5362011173184358,0.0,0.7089110533106683,0.7173838862559242,0.4208796111489422,0.18753503541762218,0.49372333942717855,1.0,0,test
0.023104265402843605,0.10940272028385571,0.047569817013219017,0.04757351247268762,0.03890522950744499,0.019622858236814398,0.006390832461021431,0.05334710129198414,0.22167487684729065,0.41395348837209306,0.2275132275132279,0,1,0.0,0.057777331189710616,0.36476321644241977,0.39235655944338005,0.17694413137981,0.7255478896103895,0.45564245810055864,0.0,0.7112663075757265,0.7120379146919431,0.4175217789466269,0.18753503541762218,0.4950639853747715,1.0,0,train
0.02428909952606635,0.11413364872856298,0.04840638911500185,0.04841047631852273,0.041106299908943815,0.018187039341437738,0.005950085394744091,0.05619720331797566,0.21182266009852216,0.4093023255813954,0.23104056437389797,0,1,0.0,0.06069131832797428,0.40777624748384367,0.40909549258848443,0.183706327483497,0.8150365259740259,0.5489385474860335,0.0,0.7161406598808036,0.7184454976303318,0.42569328668372974,0.19599449625439536,0.4935405240706886,1.0,0,train
0.02428909952606635,0.11413364872856298,0.04924382609395758,0.049247440164357836,0.03934413342679148,0.018952809418971955,0.006115365544598093,0.0537055639968514,0.22167487684729065,0.4093023255813954,0.23456790123456805,0,1,0.0,0.06059083601286174,0.3722851997033584,0.370575778965413,0.18338431814522618,0.7818587662337662,0.4712849162011174,0.0,0.71224937022549,0.7184454976303318,0.41580764082936106,0.176527544208327,0.4928092626447288,1.0,0,train
0.023104265402843605,0.11176818450620934,0.0500799264445552,0.050084246760057516,0.04121111278520566,0.020484349574040397,0.0067764861440141036,0.05584745414696919,0.2315270935960591,0.40465116279069774,0.2275132275132279,0,1,0.0,0.057777331189710616,0.4268460642017163,0.4340022184128265,0.18161326678473674,0.7134740259740259,0.4954189944134078,0.0,0.7163864255432445,0.7163222748815167,0.43029563012186817,0.20858176629465425,0.48921389396709325,1.0,0,train
0.025473933649289102,0.11413364872856298,0.05342841635721755,0.05343202351833025,0.04077875967062553,0.019431415717430844,0.006390832461021431,0.0556039928345419,0.18719211822660098,0.40465116279069774,0.23104056437389797,0,1,0.0,0.06360530546623794,0.33806547303739803,0.3755167893516185,0.1812912574464659,0.7525365259740259,0.446145251396648,0.0,0.7154443238372211,0.7163222748815167,0.41580764082936106,0.17897365336594817,0.492260816575259,1.0,0,train
0.025473933649289102,0.1153163808397398,0.05426490983380284,0.05426890873909765,0.03967822446987612,0.019527136977122623,0.007051953060437441,0.0540071730500923,0.22167487684729065,0.4093023255813954,0.23104056437389797,0,1,0.0,0.06360530546623794,0.4205954020553025,0.40264192800242016,0.183706327483497,0.7586241883116882,0.43698324022346363,0.0,0.7130071476846827,0.7184454976303318,0.42412003663089676,0.19273301737756715,0.49140767824497256,1.0,0,train
0.023104265402843605,0.11117681845062094,0.055101639185980746,0.05510587258493276,0.04005817114632532,0.01722982674451996,0.00617045892788276,0.05499508073563621,0.2413793103448276,0.4186046511627907,0.23104056437389797,0,1,0.0,0.05767684887459808,0.43140163152876365,0.4303720883331653,0.1801642247625181,0.8438514610389609,0.5451396648044693,0.0,0.7138468470313556,0.715260663507109,0.4287928241012516,0.2067471844264384,0.49567336989640465,1.0,0,train
0.023104265402843605,0.1153163808397398,0.05593884028934387,0.055942757805700155,0.04047742265137272,0.019814300756197955,0.006390832461021431,0.05505900874148619,0.21674876847290642,0.4186046511627907,0.2275132275132279,0,1,0.0,0.057777331189710616,0.41381502277783666,0.3862055056972875,0.18869747222669456,0.7669439935064934,0.4843575418994413,0.0,0.7147889487373789,0.7225781990521327,0.4224998238899194,0.18442643836314526,0.491102985984156,1.0,0,train
0.05687203791469195,0.09875813128326434,0.05678311766048523,0.05678860628418716,0.015748134658342777,0.02192016846941706,0.009200595008539475,0.025958393824813453,0.5714285714285714,0.47906976744186053,0.23104056437389797,0,1,0.0,0.14208199356913184,0.655366034537557,0.9149944539679338,0.08774754467879567,0.31919642857142855,0.4346368715083799,1.0,0.6308599750138243,0.5989763033175356,0.4506304740883368,0.5375834479947001,0.5951858622790981,1.0,0,train
0.02428909952606635,0.11176818450620934,0.05789157569534749,0.0578957258626939,0.037293731534919064,0.02000574327558151,0.007437606743430114,0.05076832663225195,0.19704433497536947,0.41395348837209306,0.23104056437389797,0,1,0.0,0.06069131832797428,0.4619133382773599,0.4266411213068469,0.17903719207857025,0.7210836038961038,0.42491620111731837,0.0,0.7074979007516333,0.7141990521327014,0.42724305539249063,0.20486164195077206,0.49146861669713593,1.0,0,train
0.058056872037914695,0.09520993494973388,0.060410019397622486,0.060415030282444826,0.014058027028620466,0.025557576337704606,0.008980221475400804,0.023005799935192014,0.5566502463054187,0.4558139534883721,0.23104056437389797,0,1,0.0,0.14499598070739553,0.6248543277889607,0.8821216093576686,0.07824826919980678,0.2418831168831169,0.4072625698324022,1.0,0.6207631023818788,0.5806635071090048,0.4429755559208209,0.5541966060235438,0.5909201706276661,1.0,0,train
0.023104265402843605,0.10940272028385571,0.06235575716104539,0.06235942820705754,0.03809292971641566,0.020101464535273287,0.007162139827006776,0.05164623673687992,0.2413793103448276,0.40465116279069774,0.23104056437389797,0,1,0.0,0.05767684887459808,0.37927746583324506,0.39235655944338005,0.17662212204153918,0.7080965909090908,0.3944134078212291,0.0,0.7093821041636799,0.7120379146919431,0.4175217789466269,0.18753503541762218,0.4894576477757465,1.0,0,train
0.06161137440758294,0.09816676522767594,0.07017448267961592,0.07017939881700723,0.012833026537310109,0.020867234612807508,0.007768167043138118,0.021215988316617727,0.5665024630541872,0.4558139534883721,0.2275132275132279,0,1,0.0,0.15413987138263668,0.651446127767772,0.8806090551578099,0.07712123651585893,0.29433847402597396,0.48067039106145254,1.0,0.6126733159932004,0.5782369668246446,0.44163711930870925,0.5549610151353004,0.5969530773918342,1.0,0,train
0.05924170616113744,0.10053222945002957,0.07101144790738642,0.07101644128791006,0.012584095956188217,0.02153728343064995,0.007602886893284116,0.020777292082141192,0.5714285714285714,0.47906976744186053,0.2275132275132279,0,1,0.0,0.14821141479099678,0.7066426528233923,0.9737823938691136,0.08662051199484784,0.3206168831168831,0.5016759776536313,1.0,0.6109324758842443,0.5968151658767773,0.4429755559208209,0.5078734138510931,0.5961608775137112,1.0,0,train
0.02428909952606635,0.11649911295091663,0.07184102236658856,0.07184483500136415,0.039245871355295996,0.02029290705465684,0.007107046443722108,0.05087547721695595,0.6502463054187192,0.441860465116279,0.23104056437389797,0,1,0.0,0.06069131832797428,0.423349931136773,0.37995361500453767,0.18853646755755915,0.7486810064935063,0.41553072625698323,0.0,0.7120240850349192,0.7225781990521327,0.4208796111489422,0.18126688070121794,0.46800731261425965,1.0,0,train
0.023104265402843605,0.11295091661738617,0.07267814484475414,0.07268187747226698,0.03853838444052852,0.023643151143869057,0.007437606743430114,0.052616717354702254,0.19704433497536947,0.4186046511627907,0.23104056437389797,0,1,0.0,0.05767684887459808,0.40841190804110605,0.3833820711908844,0.183706327483497,0.6251014610389609,0.3837988826815642,0.0,0.7104266082290536,0.7184454976303318,0.41921243571982064,0.18299954135453295,0.49293113954905543,1.0,0,val
0.05509478672985783,0.09875813128326434,0.07324353864023538,0.07324907871076905,0.013795994837965843,0.03015219680290993,0.010082089141094154,0.022719029771298208,0.5665024630541872,0.4558139534883721,0.23104056437389797,0,1,0.0,0.1376607717041801,0.722851997033584,0.9400020167389331,0.09128964739977458,0.23823051948051946,0.3927374301675977,1.0,0.619104184160403,0.6053459715639811,0.4518515039800878,0.5249452173469907,0.5946374162096283,1.0,0,train
0.02428909952606635,0.12359550561797752,0.11062109267166768,0.11062515577591542,0.041630364290253054,0.024408921221403278,0.007051953060437441,0.05682466402856521,0.2019704433497537,0.40465116279069774,0.23104056437389797,0,1,0.0,0.06069131832797428,0.4696472083907194,0.3763234849248765,0.2027048784414748,0.6684253246753246,0.45430167597765364,0.0,0.7172875663055277,0.7344075829383887,0.42724305539249063,0.17943229883300205,0.4928092626447288,1.0,0,train
0.02428909952606635,0.12359550561797752,0.1114580578994382,0.11146227687188597,0.04193825211427224,0.02192016846941706,0.006831579527298771,0.056996864163081466,0.18719211822660098,0.40465116279069774,0.23104056437389797,0,1,0.0,0.06069131832797428,0.482678249814599,0.3880205707371181,0.2027048784414748,0.7452313311688311,0.4905027932960894,0.0,0.7179224609334999,0.7344075829383887,0.43029563012186817,0.18534372929725323,0.4906764168190128,1.0,0,test
0.023104265402843605,0.12063867534003549,0.11229502312720872,0.11229924071772107,0.043720071010723664,0.022781659806643057,0.006996859677152773,0.05937108645861624,0.18226600985221675,0.4093023255813954,0.2275132275132279,0,1,0.0,0.057777331189710616,0.44761097573895536,0.39497832005646877,0.19948478505876668,0.7040381493506493,0.47631284916201116,0.0,0.7216294263419829,0.7315260663507109,0.43029563012186817,0.18886001121133367,0.4902498476538696,1.0,0,train
0.02428909952606635,0.12123004139562389,0.11313230285576938,0.11313612593848847,0.041217663589972024,0.024887527519862163,0.008374194259269462,0.056598974874309434,0.22167487684729065,0.4093023255813954,0.23104056437389797,0,1,0.0,0.06069131832797428,0.4332026697743405,0.36755067056569535,0.19787473836741262,0.6398133116883117,0.34279329608938547,0.0,0.7163864255432445,0.7305781990521328,0.4224998238899194,0.17499872598481375,0.49573430834856796,1.0,0,train
0.023104265402843605,0.12123004139562389,0.11452687798446506,0.11453117051497061,0.04190549809044041,0.021728725950033504,0.0067764861440141036,0.05686227888760784,0.19211822660098524,0.3813953488372093,0.2275132275132279,0,1,0.0,0.057777331189710616,0.48490306176501746,0.3985076131894727,0.2006118177427145,0.7429991883116882,0.5044692737430168,0.0,0.7178610195178896,0.7325118483412324,0.43179843614248475,0.19064363247209903,0.4898842169408897,1.0,0,train
0.02428909952606635,0.12596096984033117,0.11536400046263065,0.11536813436080572,0.04595389543605432,0.026036182636163495,0.008539474409123464,0.062421599763405985,0.17733990147783252,0.4093023255813954,0.23104056437389797,0,1,0.0,0.06069131832797428,0.4325670092170781,0.37329837652515885,0.20737401384640153,0.640827922077922,0.3625698324022346,0.0,0.7260532082659183,0.7381990521327015,0.4287928241012516,0.17790348060948885,0.4903717245581962,1.0,0,test
0.02428909952606635,0.12182140745121231,0.11620112294079624,0.11620501958157312,0.04149934819492575,0.03273667081458792,0.009531155308247479,0.05645973087776172,0.2019704433497537,0.4186046511627907,0.23104056437389797,0,1,0.0,0.06069131832797428,0.44241974785464566,0.37128163759201377,0.19916277572049587,0.48681006493506485,0.2936312849162011,0.0,0.7170008396993466,0.7315260663507109,0.42412003663089676,0.17688426846048005,0.49116392443631934,1.0,0,train
0.023104265402843605,0.12596096984033117,0.11703793091817168,0.11704221930261138,0.04748023294661749,0.02546185507801283,0.007713073659853451,0.06438481933307129,0.19704433497536947,0.3813953488372093,0.2275132275132279,0,1,0.0,0.057777331189710616,0.43754635024896704,0.3803569627911667,0.2101110932217034,0.6630478896103896,0.4294972067039106,0.0,0.7289614352714686,0.7400568720379147,0.43179843614248475,0.1814707231310197,0.48957952468007315,1.0,0,val
0.02428909952606635,0.12241277350680072,0.1178751320215348,0.11787926177351421,0.042527824543245135,0.029960754283526375,0.007933447192992122,0.05789780905524242,0.18719211822660098,0.4186046511627907,0.2275132275132279,0,1,0.0,0.06079180064308682,0.45894692234346857,0.3867096904305738,0.2006118177427145,0.5362215909090909,0.3989944134078212,0.0,0.7191717697175742,0.7325118483412324,0.4287928241012516,0.18468124140039754,0.4915295551492992,1.0,0,train
0.023104265402843605,0.12655233589591958,0.11871154687292257,0.11871630424441704,0.04583598095025974,0.027089116492773048,0.009035314858685473,0.06314689361655136,0.21182266009852216,0.41395348837209306,0.23104056437389797,0,1,0.0,0.05767684887459808,0.510223540629304,0.41181809014823034,0.2110771212365158,0.6262175324675324,0.39050279329608933,0.0,0.7258279230753477,0.7409668246445499,0.44029868269659755,0.19737043265555726,0.4973796465569775,1.0,0,train
0.023104265402843605,0.12359550561797752,0.11954929835266843,0.11955334671531986,0.04362180893922818,0.0234517086244855,0.007272326593576111,0.05917214181423022,0.2019704433497537,0.4465116279069768,0.2275132275132279,0,1,0.0,0.057777331189710616,0.44845852314863865,0.37188665927195724,0.20544195781677665,0.7042410714285714,0.437094972067039,0.0,0.7214246216232822,0.736303317535545,0.42724305539249063,0.1771900321051827,0.4897014015843998,1.0,0,train
0.06457345971563981,0.1088113542282673,0.12067269517506253,0.12067768518365637,0.012001074331981684,0.022973102326026614,0.006996859677152773,0.01963961514132662,0.5615763546798029,0.4558139534883721,0.23104056437389797,0,1,0.0,0.16127411575562703,0.7480665324716601,0.9747907633356862,0.0924166800837224,0.32081980519480513,0.5635754189944135,0.0,0.6067134986790095,0.6074312796208532,0.4442905111888604,0.4818835040513683,0.5909201706276661,1.0,0,train
0.02428909952606635,0.12477823772915436,0.12178131046031986,0.12178543376270483,0.04297327926735799,0.02421747870201972,0.006831579527298771,0.058432785525250094,0.17733990147783252,0.4093023255813954,0.23104056437389797,0,1,0.0,0.06069131832797428,0.4664689056044073,0.3777352021780781,0.20511994847850584,0.6817167207792207,0.4815642458100559,0.0,0.7200933909517275,0.736303317535545,0.4287928241012516,0.18014574733730826,0.4909201706276661,1.0,0,train
0.021919431279620854,0.12300413956238912,0.12261843293848544,0.12262247623360766,0.04066739598959732,0.02785488657030727,0.008374194259269462,0.055696649620348745,0.18719211822660098,0.40465116279069774,0.2275132275132279,0,1,0.0,0.05486334405144695,0.4930607055832186,0.3697690833921549,0.2065689905007245,0.5948660714285714,0.3646927374301676,0.0,0.7151985581747803,0.7372511848341232,0.42724305539249063,0.17611985934872343,0.4944546008531383,1.0,0,val
0.02428909952606635,0.12359550561797752,0.12345555541665103,0.12345951870451048,0.04160416107118759,0.02469608500047861,0.006556112610875433,0.05666126370052223,0.18226600985221675,0.4093023255813954,0.23104056437389797,0,1,0.0,0.06069131832797428,0.46085390401525583,0.3704749420187557,0.2027048784414748,0.6605113636363635,0.4879329608938547,0.0,0.7172261248899174,0.7344075829383887,0.42569328668372974,0.17647658360087654,0.49171237050578914,1.0,0,train
0.02428909952606635,0.12241277350680072,0.12429252064442155,0.12429663980048103,0.03940309066968877,0.02479180626017039,0.007823260426422786,0.05284163005544568,0.18719211822660098,0.3813953488372093,0.2275132275132279,0,1,0.0,0.06079180064308682,0.5030193876469965,0.3867096904305738,0.2006118177427145,0.6501623376623376,0.4061452513966481,0.0,0.7123927335285805,0.7325118483412324,0.4287928241012516,0.18468124140039754,0.4841560024375381,1.0,0,train
0.023104265402843605,0.12418687167356593,0.1254084480730497,0.12541264401163965,0.04210857303819774,0.026227625155547052,0.0069417662938681055,0.05770869948867948,0.22660098522167488,0.41395348837209306,0.23104056437389797,0,1,0.0,0.05767684887459808,0.4902002330755377,0.38126449531108203,0.20624698116245369,0.6324066558441558,0.4808938547486033,0.0,0.7182911094271611,0.7372511848341232,0.43029563012186817,0.18192936859807368,0.49475929311395495,1.0,0,test
0.02428909952606635,0.12477823772915436,0.1265243755016779,0.126528726847866,0.04109974910417745,0.026514788934622384,0.00842928764255413,0.05584814432786906,0.21182266009852216,0.3813953488372093,0.2275132275132279,0,1,0.0,0.06079180064308682,0.5166860896281386,0.39497832005646877,0.20544195781677665,0.6217532467532466,0.39050279329608933,0.0,0.7161406598808036,0.736303317535545,0.43325427947495715,0.18886001121133367,0.49055453991468617,1.0,0,train
0.02428909952606635,0.12182140745121231,0.12736204835622622,0.1273656906937011,0.037365790387349086,0.025270412558629274,0.007602886893284116,0.05093655822659398,0.21182266009852216,0.40465116279069774,0.2275132275132279,0,1,0.0,0.06079180064308682,0.47653353109439556,0.35343349803367957,0.19948478505876668,0.6338271103896103,0.3729608938547486,0.0,0.7076617445265938,0.7315260663507109,0.41921243571982064,0.16786424094175206,0.49213893967093236,1.0,0,train
0.02428909952606635,0.12300413956238912,0.12819885633360167,0.12820273316460395,0.04064119277053186,0.024408921221403278,0.006996859677152773,0.05532248530000956,0.19211822660098524,0.4186046511627907,0.2275132275132279,0,1,0.0,0.06079180064308682,0.46212522512978066,0.3668448119390945,0.20173885042666234,0.6644683441558441,0.441340782122905,0.0,0.7151371167591701,0.7334597156398105,0.42412003663089676,0.17464200173266065,0.49146861669713593,1.0,0,test
0.02428909952606635,0.12477823772915436,0.12903597881176726,0.12903969701043905,0.042573680176609695,0.024408921221403278,0.006280645694452095,0.058010912450207765,0.21182266009852216,0.4093023255813954,0.2275132275132279,0,1,0.0,0.06079180064308682,0.4246212522512978,0.3488958354341031,0.20544195781677665,0.6762378246753246,0.4850279329608938,0.0,0.7192741720769247,0.736303317535545,0.4208796111489422,0.1655710136064822,0.4919561243144424,1.0,0,train
0.023104265402843605,0.12596096984033117,0.12987223641275994,0.12987760435708676,0.04471579333521123,0.02823777160907438,0.008319100875984795,0.060805454913760174,0.20689655172413793,0.4186046511627907,0.23104056437389797,0,1,0.0,0.05767684887459808,0.5725182752410213,0.4592114550771403,0.2097890838834326,0.5968952922077921,0.4928491620111732,0.0,0.7236365125852499,0.7400568720379147,0.4506304740883368,0.22132191815726443,0.4909201706276661,1.0,0,val
0.02428909952606635,0.12477823772915436,0.13070967339171569,0.13071386057731244,0.042056166600066815,0.026419067674930605,0.007547793509999449,0.057863213737636705,0.21182266009852216,0.41395348837209306,0.23104056437389797,0,1,0.0,0.06069131832797428,0.48765759084648796,0.38348290813754166,0.20511994847850584,0.6240868506493505,0.4331843575418995,0.0,0.7181887070678108,0.736303317535545,0.43029563012186817,0.18305050196198336,0.496709323583181,1.0,0,train
0.02428909952606635,0.12714370195150798,0.13154632411869605,0.13155074579807982,0.04269159466240428,0.03149229443859481,0.008704754558977467,0.05813652537398315,0.2019704433497537,0.40465116279069774,0.2275132275132279,0,1,0.0,0.06079180064308682,0.5160504290708762,0.39154986387012203,0.2101110932217034,0.534090909090909,0.3815642458100559,0.0,0.7195199377393655,0.7400568720379147,0.4347101228074295,0.18717831116546912,0.4916514320536258,1.0,0,test
0.023104265402843605,0.12477823772915436,0.13266272329850942,0.13266682863430618,0.04373972342502276,0.02737628027184838,0.008539474409123464,0.05959366979882262,0.17733990147783252,0.40465116279069774,0.23104056437389797,0,1,0.0,0.05767684887459808,0.46276088568704316,0.37329837652515885,0.20737401384640153,0.6089691558441558,0.3625698324022346,0.0,0.7216703872857231,0.7381990521327015,0.4287928241012516,0.17790348060948885,0.4918951858622791,1.0,0,train
0.02428909952606635,0.12655233589591958,0.13349960990108242,0.13350379248014127,0.04338597996763902,0.033406719632430366,0.009476061924962812,0.059192157060326295,0.20689655172413793,0.40465116279069774,0.23104056437389797,0,1,0.0,0.06069131832797428,0.4796058904544973,0.3768276696581628,0.20866205119948475,0.49989853896103886,0.32189944134078213,0.0,0.7209535707702706,0.7391090047393366,0.43029563012186817,0.17968710187025433,0.4925655088360756,1.0,0,train
0.023104265402843605,0.12241277350680072,0.1343364965036554,0.13434067770090868,0.043196006629414425,0.030056475543218154,0.00931078177510881,0.05911373525557916,0.21674876847290642,0.40465116279069774,0.23104056437389797,0,1,0.0,0.05767684887459808,0.46540947134230326,0.3880205707371181,0.2027048784414748,0.5408887987012986,0.329608938547486,0.0,0.7205644418047392,0.7344075829383887,0.43029563012186817,0.18534372929725323,0.49408897014015846,1.0,0,train
0.11255924170616115,0.11058545239503254,0.13545894982367906,0.13545786128808304,0.0,0.0,0.0,4.3136306241547205e-07,0.6206896551724138,0.4465116279069768,0.2275132275132279,0,1,0.0,0.2815514469453376,0.0,0.49581526671372395,0.0,0.9999999999999999,1.0,0.0,0.0,0.0,0.0,0.23982061866177445,0.6063375990249847,0.0,0,test
0.02428909952606635,0.12359550561797752,0.13628962503564668,0.13629372438297013,0.044892665063903096,0.022590217287259504,0.007768167043138118,0.060537147088937746,0.18719211822660098,0.40465116279069774,0.23104056437389797,0,1,0.0,0.06069131832797428,0.43288483949570933,0.3821720278309973,0.2027048784414748,0.7229099025974025,0.40983240223463685,0.0,0.7239846806070411,0.7344075829383887,0.4287928241012516,0.18238801406512767,0.48683729433272394,1.0,0,train
0.023104265402843605,0.12596096984033117,0.13712674751381226,0.13713084547894067,0.042848813976797046,0.026514788934622384,0.008759847942262134,0.05857806860467163,0.19211822660098524,0.4093023255813954,0.23104056437389797,0,1,0.0,0.05767684887459808,0.4814069287000742,0.36906322476555414,0.2097890838834326,0.6363636363636362,0.3505027932960894,0.0,0.7198476252892866,0.7400568720379147,0.4287928241012516,0.17576313509657032,0.4935405240706886,1.0,0,train
0.025473933649289102,0.12596096984033117,0.13796363411638526,0.1379678093247758,0.04437515148736022,0.02460036374078683,0.007272326593576111,0.06040299317652653,0.18226600985221675,0.40465116279069774,0.23104056437389797,0,1,0.0,0.06360530546623794,0.45619239326199806,0.38348290813754166,0.20511994847850584,0.6709618506493505,0.4539664804469273,0.0,0.7229606570135375,0.736303317535545,0.43029563012186817,0.18305050196198336,0.49140767824497256,1.0,0,test
0.02428909952606635,0.12359550561797752,0.1390794829198159,0.13908389216100212,0.04378557905838732,0.025940461376471716,0.007217233210291443,0.059277480674072076,0.17733990147783252,0.40465116279069774,0.2275132275132279,0,1,0.0,0.06079180064308682,0.4827841932408094,0.40546536250882326,0.20302688777974556,0.6283482142857143,0.4836871508379888,0.0,0.7217727896450734,0.7344075829383887,0.4347101228074295,0.19415991438617947,0.4887263863497867,1.0,0,train
0.02428909952606635,0.12063867534003549,0.13991676264837655,0.13992085600683724,0.043628359743994545,0.025270412558629274,0.007162139827006776,0.059152299113359105,0.2019704433497537,0.40465116279069774,0.23104056437389797,0,1,0.0,0.06069131832797428,0.4323551223646573,0.39376827669658165,0.1967477056834648,0.6262175324675324,0.45407821229050277,0.0,0.7214451020951522,0.7295924170616114,0.4287928241012516,0.1882484839219284,0.48951858622790984,1.0,0,train
0.023104265402843605,0.12536960378474277,0.14131149502746732,0.14131715858440283,0.04463718367801484,0.03168373695797837,0.00887003470883147,0.060337771081489314,0.17733990147783252,0.41395348837209306,0.23104056437389797,0,1,0.0,0.05767684887459808,0.5931772433520499,0.4845215286881114,0.20866205119948475,0.5276988636363635,0.48268156424581005,0.0,0.7234726688102894,0.7391090047393366,0.45542066827905225,0.23411303062732508,0.48799512492382696,1.0,0,test
0.023104265402843605,0.12241277350680072,0.1421488533812255,0.14215286442915448,0.04273089949100247,0.026419067674930605,0.007327419976860778,0.05815783470926647,0.18719211822660098,0.40465116279069774,0.23104056437389797,0,1,0.0,0.05767684887459808,0.4539675813115796,0.3763234849248765,0.2027048784414748,0.6167816558441558,0.4329608938547486,0.0,0.7196018596268458,0.7344075829383887,0.42724305539249063,0.17943229883300205,0.4913467397928093,1.0,0,train
0.021919431279620854,0.12536960378474277,0.142985818608996,0.14298998552512504,0.04325496387231171,0.029482147985067486,0.008264007492700128,0.05905196406504127,0.18719211822660098,0.41395348837209306,0.2275132275132279,0,1,0.0,0.05486334405144695,0.48776353427269836,0.3725925178985581,0.21123812590565125,0.5744724025974025,0.3858100558659217,0.0,0.7206873246359596,0.7409668246445499,0.43029563012186817,0.1775467563573358,0.49287020109689217,1.0,0,train
0.023104265402843605,0.12714370195150798,0.1438229410871616,0.14382694937096016,0.04351044525819997,0.02393031492294439,0.00617045892788276,0.05950316982832785,0.19704433497536947,0.41395348837209306,0.23104056437389797,0,1,0.0,0.05767684887459808,0.47017692552177137,0.3592820409398004,0.21220415392046366,0.714082792207792,0.5353072625698323,0.0,0.7211993364327114,0.7418767772511848,0.42724305539249063,0.17081995617387763,0.49372333942717855,1.0,0,test
0.02428909952606635,0.12063867534003549,0.1452177520914499,0.14522207257251002,0.04246231649558148,0.02115439839188284,0.006390832461021431,0.05744004657340712,0.19704433497536947,0.41395348837209306,0.23104056437389797,0,1,0.0,0.06069131832797428,0.47526220997987073,0.41181809014823034,0.1967477056834648,0.7497970779220778,0.551173184357542,0.0,0.7190284064144837,0.7295924170616114,0.43325427947495715,0.19737043265555726,0.4883607556368068,1.0,0,train
0.06457345971563981,0.10408042578356003,0.14634193516581934,0.14634499578962762,0.012060031574878973,0.016176892887910407,0.00462784419591207,0.01983510888121331,0.5665024630541872,0.4558139534883721,0.2275132275132279,0,1,0.0,0.16157556270096463,0.5572624218667233,0.747907633356862,0.08307840927386892,0.41264204545454536,0.5925139664804469,0.0,0.607143588588281,0.5900663507109005,0.4067908047056613,0.36722213728787645,0.5939061547836685,1.0,0,test
0.02428909952606635,0.12241277350680072,0.14717080199824364,0.14717511925457147,0.04212167464773047,0.026227625155547052,0.007327419976860778,0.057493104230084226,0.19211822660098524,0.40465116279069774,0.23104056437389797,0,1,0.0,0.06069131832797428,0.4902002330755377,0.4044569930422507,0.20028980840444371,0.6140422077922078,0.4663687150837988,0.0,0.7183320703709013,0.7325118483412324,0.43325427947495715,0.19365030831167507,0.4928092626447288,1.0,0,train
0.02428909952606635,0.1277350680070964,0.1480082389771994,0.14801200447533885,0.04250162132417967,0.026801952713697716,0.0076579802765687835,0.057747780982134324,0.17733990147783252,0.40465116279069774,0.2275132275132279,0,1,0.0,0.06079180064308682,0.4531200339018964,0.34455984672784107,0.21123812590565125,0.6330154220779219,0.38547486033519557,0.0,0.719110328301964,0.7409668246445499,0.4224998238899194,0.16337970748611325,0.49055453991468617,1.0,0,val
0.023104265402843605,0.12477823772915436,0.14912393053023495,0.1491280873115652,0.045043333573529507,0.0234517086244855,0.006996859677152773,0.06117703105572486,0.18719211822660098,0.41395348837209306,0.23104056437389797,0,1,0.0,0.05767684887459808,0.45407352473779,0.3790460824846224,0.20737401384640153,0.7124594155844155,0.47631284916201116,0.0,0.7242918876850922,0.7381990521327015,0.43029563012186817,0.180808235234164,0.4903107861060329,1.0,0,train
0.023104265402843605,0.12359550561797752,0.14996105300840054,0.14996520840753574,0.043320471919975366,0.023164544845410168,0.007162139827006776,0.05900925912186214,0.17733990147783252,0.40465116279069774,0.23104056437389797,0,1,0.0,0.05767684887459808,0.47049475580040256,0.38348290813754166,0.20511994847850584,0.7130681818181817,0.46268156424581003,0.0,0.72081020746718,0.736303317535545,0.43029563012186817,0.18305050196198336,0.49177330895795246,1.0,0,train
0.02428909952606635,0.12241277350680072,0.15163537658992926,0.15163913609920596,0.04252127373847877,0.02785488657030727,0.007382513360145446,0.05830536087661257,0.2019704433497537,0.4093023255813954,0.23104056437389797,0,1,0.0,0.06069131832797428,0.4209132323339337,0.3631138449127761,0.20028980840444371,0.5775162337662337,0.40413407821229047,0.0,0.7191512892457042,0.7325118483412324,0.4224998238899194,0.17275645925699434,0.4950639853747715,1.0,0,val
0.023104265402843605,0.12477823772915436,0.15247226319250223,0.15247625719517652,0.04609146233614799,0.024887527519862163,0.007272326593576111,0.06342080916118518,0.20689655172413793,0.41395348837209306,0.23104056437389797,0,1,0.0,0.05767684887459808,0.42112511918635454,0.3676515075123526,0.20737401384640153,0.6708603896103895,0.437094972067039,0.0,0.7263399348720995,0.7381990521327015,0.42724305539249063,0.17504968659226416,0.4967702620353443,1.0,0,train
0.02428909952606635,0.12536960378474277,0.15358803337073532,0.15359218278126743,0.04575737129306335,0.02383459366325261,0.006721392760729436,0.06256619266192764,0.21182266009852216,0.4093023255813954,0.2275132275132279,0,1,0.0,0.06079180064308682,0.4409365398877,0.38126449531108203,0.2065689905007245,0.6968344155844155,0.5004469273743015,0.0,0.7256845597722571,0.7372511848341232,0.43029563012186817,0.18192936859807368,0.49366240097501524,1.0,0,train
0.02428909952606635,0.12241277350680072,0.1544251558489009,0.15442922525217026,0.04324186226277898,0.025749018857088163,0.007547793509999449,0.059381956807789106,0.18719211822660098,0.4186046511627907,0.23104056437389797,0,1,0.0,0.06069131832797428,0.44888229685348024,0.3867096904305738,0.20028980840444371,0.6256087662337662,0.42513966480446924,0.0,0.7206463636922195,0.7325118483412324,0.4287928241012516,0.18468124140039754,0.4957952468007313,1.0,0,train
0.025473933649289102,0.12596096984033117,0.15526157070028868,0.1552662677230731,0.04798464491362764,0.022207332248492393,0.006501019227590766,0.0647419879487513,0.1724137931034483,0.41395348837209306,0.23104056437389797,0,1,0.0,0.06360530546623794,0.4679521135713529,0.4238176868004437,0.20511994847850584,0.7442167207792207,0.5868156424581006,0.0,0.7299035369774919,0.736303317535545,0.44029868269659755,0.20343474494215968,0.4870810481413772,1.0,0,train
0.023104265402843605,0.12359550561797752,0.1560985359280592,0.15610323156890818,0.04582943014549337,0.02661051019431416,0.007823260426422786,0.06251046055426357,0.21182266009852216,0.40465116279069774,0.23104056437389797,0,1,0.0,0.05767684887459808,0.4945439135501642,0.4238176868004437,0.20511994847850584,0.6195211038961038,0.46871508379888266,0.0,0.7258279230753477,0.736303317535545,0.44029868269659755,0.20343474494215968,0.49244363193174895,1.0,0,test
0.02428909952606635,0.12596096984033117,0.1569363660330026,0.1569401954147433,0.04547568668810963,0.0243131999617115,0.00617045892788276,0.062409003961983456,0.2019704433497537,0.40465116279069774,0.23104056437389797,0,1,0.0,0.06069131832797428,0.4100010594342621,0.35625693254008267,0.20737401384640153,0.6868912337662337,0.5155307262569833,0.0,0.7251315870317652,0.7381990521327015,0.42412003663089676,0.16929113795036438,0.4954905545399147,1.0,0,train
0.058056872037914695,0.11058545239503254,0.15778072202934149,0.15778612251829802,0.018296397712458976,0.029673590504451043,0.009365875158393476,0.030101118403639188,0.5665024630541872,0.47906976744186053,0.23104056437389797,0,1,0.0,0.14499598070739553,0.6843945333192075,0.8927094887566804,0.10900016100466911,0.29109172077922074,0.4315083798882681,0.0,0.6441927622012411,0.6339715639810427,0.4518515039800878,0.4404015695867095,0.5940889701401585,1.0,0,train
0.023104265402843605,0.12359550561797752,0.15888918006420374,0.15889316347173704,0.04316980341034896,0.0251746912989375,0.006831579527298771,0.05927351213389786,0.21674876847290642,0.40465116279069774,0.2275132275132279,0,1,0.0,0.057777331189710616,0.4548151287212629,0.37188665927195724,0.20544195781677665,0.6554383116883116,0.4726256983240224,0.0,0.720503000389129,0.736303317535545,0.42724305539249063,0.1771900321051827,0.49567336989640465,1.0,0,train
0.02428909952606635,0.12182140745121231,0.16000510749283192,0.16000916768289566,0.04256057856707696,0.024983248779553942,0.007492700126714781,0.058347203093666866,0.21182266009852216,0.4093023255813954,0.2275132275132279,0,1,0.0,0.06079180064308682,0.45492107214747324,0.38902894020369067,0.19948478505876668,0.6412337662337662,0.42916201117318437,0.0,0.7192332111331845,0.7315260663507109,0.4287928241012516,0.18585333537175763,0.49494210847044484,1.0,0,test
0.02428909952606635,0.12182140745121231,0.16084175821981228,0.1608462101537985,0.04240991005745055,0.0281420503493826,0.008539474409123464,0.05827697718710563,0.21182266009852216,0.40465116279069774,0.2275132275132279,0,1,0.0,0.06079180064308682,0.49888759402479077,0.4186750025209237,0.19948478505876668,0.5680803571428571,0.3983240223463687,0.0,0.7189260040551334,0.7315260663507109,0.4361190034517576,0.20083575396218722,0.49609993906154787,1.0,0,train
0.023104265402843605,0.12241277350680072,0.16223696235008828,0.16224125473028064,0.04190549809044041,0.027280559012156605,0.007217233210291443,0.057475245799300224,0.2019704433497537,0.41395348837209306,0.2275132275132279,0,1,0.0,0.057777331189710616,0.4996291980082636,0.39961681960270246,0.20302688777974556,0.5969967532467532,0.4751955307262569,0.0,0.7178610195178896,0.7344075829383887,0.43325427947495715,0.1912041991540539,0.4951858622790981,1.0,0,train
0.025473933649289102,0.12596096984033117,0.1636323237307593,0.16363622068169506,0.042665391443338814,0.02105867713219106,0.005674618478320753,0.058915480792093015,0.19211822660098524,0.4186046511627907,0.23104056437389797,0,1,0.0,0.06360530546623794,0.4525903167708444,0.36613895331249374,0.20511994847850584,0.7852069805194805,0.5810055865921788,0.0,0.7194584963237552,0.736303317535545,0.42569328668372974,0.17428527748050754,0.49853747714808044,1.0,0,train
0.02428909952606635,0.12596096984033117,0.16446889583254215,0.16447318452753018,0.04542983105474507,0.024026036182636167,0.007382513360145446,0.06232902925021163,0.19211822660098524,0.4186046511627907,0.23104056437389797,0,1,0.0,0.06069131832797428,0.46625701875198644,0.39044065745689227,0.20737401384640153,0.6952110389610389,0.4620111731843575,0.0,0.7250496651442849,0.7381990521327015,0.43325427947495715,0.1865667838760638,0.49530773918342474,1.0,0,test
0.023104265402843605,0.12418687167356593,0.16530641143669542,0.1653101483733653,0.04428999102539747,0.026323346415238827,0.008264007492700128,0.06096704351694101,0.20689655172413793,0.40465116279069774,0.23104056437389797,0,1,0.0,0.05767684887459808,0.4132853056467846,0.3526268024604215,0.20624698116245369,0.6300730519480519,0.3488268156424581,0.0,0.7227763327667068,0.7372511848341232,0.4224998238899194,0.16740559547469808,0.49695307739183425,1.0,0,train
0.02428909952606635,0.12300413956238912,0.16614369116525607,0.1661471122192004,0.0394554971078197,0.026897673973389494,0.008043633959561456,0.05382807110657739,0.19211822660098524,0.40465116279069774,0.23456790123456805,0,1,0.0,0.06059083601286174,0.43044814069287,0.33750126046183326,0.20125583641925612,0.6020698051948051,0.33117318435754184,0.0,0.7125156163598009,0.7334597156398105,0.41580764082936106,0.15981246496458235,0.4925655088360756,1.0,0,train
0.02428909952606635,0.12596096984033117,0.16725914684269905,0.16726319505542675,0.041106299908943815,0.027184837752464826,0.008043633959561456,0.0558800651944878,0.19704433497536947,0.41395348837209306,0.23104056437389797,0,1,0.0,0.06069131832797428,0.49867570717237,0.37329837652515885,0.20737401384640153,0.6133319805194805,0.39195530726256983,0.0,0.7161406598808036,0.7381990521327015,0.4287928241012516,0.17790348060948885,0.49079829372333944,1.0,0,train
0.11552132701421802,0.11354228267297457,0.16977955617491244,0.16977841097165644,0.0,0.0,0.0,0.0,0.5911330049261084,0.4325581395348837,0.23104056437389797,0,1,0.0,0.28858520900321544,0.0,0.49581526671372395,0.0,0.9999999999999999,1.0,0.0,0.0,0.0,0.0,0.23982061866177445,0.5944546008531383,0.0,0,train
0.02428909952606635,0.12596096984033117,0.1714442088571442,0.17144832878487318,0.03935723503632421,0.024408921221403278,0.006721392760729436,0.05403564301221172,0.19211822660098524,0.41395348837209306,0.23104056437389797,0,1,0.0,0.06069131832797428,0.5304587350354911,0.3790460824846224,0.20737401384640153,0.6841517857142856,0.5004469273743015,0.0,0.7122903311692301,0.7381990521327015,0.43029563012186817,0.180808235234164,0.49567336989640465,1.0,0,train
0.023104265402843605,0.12477823772915436,0.17256092253774774,0.1725643329960318,0.03885282306931406,0.029673590504451043,0.009145501625254807,0.05299485021521566,0.18719211822660098,0.4093023255813954,0.2275132275132279,0,1,0.0,0.057777331189710616,0.45756965780273334,0.3277200766360795,0.20769602318467234,0.5609780844155844,0.27743016759776534,0.0,0.7111434247445061,0.7381990521327015,0.41580764082936106,0.15486928604188965,0.49244363193174895,1.0,0,train
0.023104265402843605,0.12182140745121231,0.17339718013874045,0.17340129684186692,0.040922877375485577,0.024983248779553942,0.007492700126714781,0.056038461711006765,0.19211822660098524,0.40465116279069774,0.23104056437389797,0,1,0.0,0.05767684887459808,0.49337853586184977,0.39033982051023497,0.20157784575752696,0.6489448051948051,0.4372067039106145,0.0,0.7157515309152722,0.7334597156398105,0.43029563012186817,0.1864648626611629,0.49439366240097504,1.0,0,train
0.021919431279620854,0.12241277350680072,0.1742344598673011,0.17423841793783745,0.04113250312800928,0.0251746912989375,0.007217233210291443,0.056431606006092226,0.20689655172413793,0.41395348837209306,0.2275132275132279,0,1,0.0,0.05486334405144695,0.48331391037186144,0.37188665927195724,0.20544195781677665,0.6554383116883116,0.441340782122905,0.0,0.7162021012964138,0.736303317535545,0.42724305539249063,0.1771900321051827,0.49530773918342474,1.0,0,train
0.023104265402843605,0.12241277350680072,0.17507126784467653,0.17507538178367257,0.041322476466233875,0.027567722791231937,0.008264007492700128,0.05675978702397792,0.2019704433497537,0.4093023255813954,0.2275132275132279,0,1,0.0,0.057777331189710616,0.4911537239114313,0.3880205707371181,0.20302688777974556,0.5906047077922078,0.3858100558659217,0.0,0.7166117107338152,0.7344075829383887,0.43029563012186817,0.18534372929725323,0.4959171237050579,1.0,0,train
0.023104265402843605,0.12241277350680072,0.1759079185716569,0.1759124242545754,0.044709242530444865,0.026227625155547052,0.007713073659853451,0.06137614824533585,0.19704433497536947,0.40465116279069774,0.23104056437389797,0,1,0.0,0.05767684887459808,0.48670410001059433,0.41716244832106486,0.2027048784414748,0.6213474025974025,0.46111731843575426,0.0,0.7236160321133799,0.7344075829383887,0.4375278840960856,0.20007134485043065,0.49561243144424133,1.0,0,test
0.02428909952606635,0.12359550561797752,0.1767456700514028,0.17674954535054593,0.04044466862754089,0.029194984205992154,0.0076579802765687835,0.055143987264782035,0.17733990147783252,0.40465116279069774,0.2275132275132279,0,1,0.0,0.06079180064308682,0.4775929653564996,0.3704749420187557,0.20302688777974556,0.5571225649350648,0.40145251396648046,0.0,0.7147070268498986,0.7344075829383887,0.42569328668372974,0.17647658360087654,0.492260816575259,1.0,0,train
0.023104265402843605,0.12536960378474277,0.17758247802877822,0.1775863519462456,0.04050362587043818,0.029769311764142818,0.0086496611756928,0.055276588270168556,0.2019704433497537,0.3813953488372093,0.23104056437389797,0,1,0.0,0.05767684887459808,0.4930607055832186,0.35988706261974396,0.20866205119948475,0.5623985389610389,0.3423463687150838,0.0,0.714829909681119,0.7391090047393366,0.42569328668372974,0.1711257198185802,0.49268738574040216,1.0,0,val
0.02428909952606635,0.12655233589591958,0.1784196005069438,0.17842394479262247,0.042265792352590516,0.029482147985067486,0.007933447192992122,0.058269298924594634,0.19704433497536947,0.4186046511627907,0.23104056437389797,0,1,0.0,0.06069131832797428,0.518381184447505,0.3938691136432389,0.20866205119948475,0.5679788961038961,0.42983240223463687,0.0,0.7186187969770823,0.7391090047393366,0.4347101228074295,0.1882994445293788,0.4977452772699573,1.0,0,train
0.02428909952606635,0.12300413956238912,0.17953544931037443,0.17953939862830706,0.037673678211368265,0.027663444050923712,0.008759847942262134,0.051925846273937634,0.19704433497536947,0.4093023255813954,0.23104056437389797,0,1,0.0,0.06069131832797428,0.5225129780697109,0.3785418977513361,0.20157784575752696,0.5851258116883116,0.34357541899441335,0.0,0.7083990415139164,0.7334597156398105,0.42724305539249063,0.18055343219691183,0.49762340036563074,1.0,0,train
0.025473933649289102,0.12182140745121231,0.1803722572877499,0.18037628384907448,0.041119401518476546,0.029099262946300376,0.008153820726130792,0.055961592813284326,0.17733990147783252,0.41395348837209306,0.23104056437389797,0,1,0.0,0.06360530546623794,0.4684818307024049,0.39376827669658165,0.1967477056834648,0.5424107142857143,0.3851396648044692,0.0,0.7161816208245437,0.7295924170616114,0.4287928241012516,0.1882484839219284,0.4913467397928093,1.0,0,val
0.07582938388625593,0.1088113542282673,0.1814963617369218,0.18150188031849443,0.014136636685816852,0.02460036374078683,0.008153820726130792,0.023212336569476542,0.5714285714285714,0.4558139534883721,0.23104056437389797,0,1,0.0,0.18940916398713828,0.6232651763958047,0.7068669960673591,0.06987602640476573,0.22433035714285712,0.5275977653631285,1.0,0.6212751141786306,0.5627677725118485,0.45424660107544557,0.64276614177241,0.5929311395490554,1.0,0,test
0.02428909952606635,0.11945594322885866,0.1831623510475117,0.1831665302521742,0.03748370487314366,0.026323346415238827,0.00887003470883147,0.05073442149554609,0.18226600985221675,0.40465116279069774,0.2275132275132279,0,1,0.0,0.06079180064308682,0.5300349613306494,0.41080972068165783,0.19465464498470453,0.5934456168831168,0.35854748603351955,0.0,0.7079484711327748,0.7276208530805688,0.43179843614248475,0.1968608265810528,0.4886654478976234,1.0,0,test
0.023104265402843605,0.12359550561797752,0.18427819985094235,0.18428237721319737,0.0423837068383851,0.023068823585718393,0.007051953060437441,0.058077342361819745,0.21674876847290642,0.40465116279069774,0.2275132275132279,0,1,0.0,0.057777331189710616,0.49157749761627295,0.38923061409700516,0.20544195781677665,0.7161120129870129,0.4803351955307263,0.0,0.7188645626395231,0.736303317535545,0.43179843614248475,0.1859552565866585,0.4946983546617916,1.0,0,test
0.023104265402843605,0.12182140745121231,0.18539467765595327,0.185398381424356,0.04178758360464583,0.02785488657030727,0.007768167043138118,0.05815429753215467,0.22660098522167488,0.4186046511627907,0.23104056437389797,0,1,0.0,0.05767684887459808,0.43553342515096943,0.3609962690329737,0.20157784575752696,0.580965909090909,0.3784357541899441,0.0,0.7176152538554488,0.7334597156398105,0.4224998238899194,0.17168628650053508,0.5024375380865326,1.0,0,train
0.023104265402843605,0.12477823772915436,0.18678964591063663,0.18679334737577044,0.04085736932782192,0.024983248779553942,0.007382513360145446,0.055897664807434355,0.22660098522167488,0.40465116279069774,0.23104056437389797,0,1,0.0,0.05767684887459808,0.4666807924568281,0.35050922658061917,0.20737401384640153,0.6682224025974025,0.40413407821229047,0.0,0.7156081676121818,0.7381990521327015,0.4224998238899194,0.16638638332568922,0.4939061547836685,1.0,0,train
0.02428909952606635,0.12241277350680072,0.18985878049645363,0.18986255551912595,0.03630456001519786,0.028046329089690823,0.008704754558977467,0.05001231972906259,0.21182266009852216,0.4093023255813954,0.23104056437389797,0,1,0.0,0.06069131832797428,0.5227248649221315,0.36906322476555414,0.20028980840444371,0.5735592532467532,0.3324022346368715,0.0,0.7051016855428348,0.7325118483412324,0.42412003663089676,0.17576313509657032,0.4973796465569775,1.0,0,train
0.023104265402843605,0.12123004139562389,0.1920908712293026,0.19209432806624005,0.038086378911649295,0.025940461376471716,0.007217233210291443,0.05332251359742646,0.2512315270935961,0.4186046511627907,0.23104056437389797,0,1,0.0,0.05767684887459808,0.45884097891725817,0.3454673792477564,0.20028980840444371,0.6209415584415583,0.39050279329608933,0.0,0.7093616236918099,0.7325118483412324,0.4175217789466269,0.16383835295316718,0.5054844606946983,1.0,0,train
0.02428909952606635,0.12123004139562389,0.20046083800779788,0.2004646741502006,0.04082461530399009,0.02077151335311573,0.006831579527298771,0.05598134924154296,0.21182266009852216,0.40465116279069774,0.23104056437389797,0,1,0.0,0.06069131832797428,0.4582053183599958,0.37944943027125144,0.19787473836741262,0.768364448051948,0.4636871508379888,0.0,0.7155467261965716,0.7305781990521328,0.42569328668372974,0.18101207766396576,0.4950639853747715,1.0,0,train
0.02428909952606635,0.12359550561797752,0.201298039111161,0.20130163799603573,0.03978303734613797,0.022973102326026614,0.007162139827006776,0.05464127675184304,0.2315270935960591,0.4186046511627907,0.23104056437389797,0,1,0.0,0.06069131832797428,0.4593706960483102,0.35303015024705053,0.2027048784414748,0.7107345779220778,0.4115083798882681,0.0,0.7132529133471235,0.7344075829383887,0.4208796111489422,0.1676603985119503,0.4958561852528946,1.0,0,train
0.02428909952606635,0.12063867534003549,0.20380924929526267,0.2038127654087442,0.03904279640753867,0.02383459366325261,0.006831579527298771,0.053985691169584,0.2019704433497537,0.41395348837209306,0.23104056437389797,0,1,0.0,0.06069131832797428,0.44305540841190805,0.3577694867399415,0.1967477056834648,0.6644683441558441,0.42793296089385474,0.0,0.7115735146537776,0.7295924170616114,0.41921243571982064,0.17005554706212095,0.49920780012187693,1.0,0,train
0.07701421800947868,0.10821998817267889,0.20688553877405547,0.20688912843326188,0.011025004421793216,0.017134105484828185,0.00550933832846675,0.017967479366179272,0.5665024630541872,0.4558139534883721,0.23104056437389797,0,1,0.0,0.1924236334405145,0.562983366882085,0.9349601694060704,0.06633392368378682,0.3104707792207792,0.5686033519553073,1.0,0.5991766850308231,0.5544644549763034,0.4208796111489422,0.5274932477195128,0.5884826325411334,1.0,0,train
0.023104265402843605,0.12477823772915436,0.2077146414820724,0.20771862289766396,0.04131592566146751,0.025557576337704606,0.0076579802765687835,0.056983750725984036,0.22167487684729065,0.4186046511627907,0.23104056437389797,0,1,0.0,0.05767684887459808,0.4958152346646891,0.37329837652515885,0.20737401384640153,0.6530032467532467,0.41743016759776536,0.0,0.7166117107338152,0.7381990521327015,0.4287928241012516,0.17790348060948885,0.4979280926264473,1.0,0,train
0.023104265402843605,0.12477823772915436,0.20883033303510795,0.20883470573389032,0.043641461353527276,0.031205130659519482,0.009420968541678145,0.05952111453172434,0.1625615763546798,0.40465116279069774,0.23104056437389797,0,1,0.0,0.05767684887459808,0.5054560864498359,0.4018352324291621,0.20737401384640153,0.5328733766233765,0.350391061452514,0.0,0.7214655825670223,0.7381990521327015,0.4361190034517576,0.19232533251796363,0.49238269347958563,1.0,0,test
0.02428909952606635,0.12596096984033117,0.21162129167204266,0.21162487351192233,0.04143384014726209,0.026131903895855273,0.008098727342846125,0.05694346141595443,0.19704433497536947,0.41395348837209306,0.23104056437389797,0,1,0.0,0.06069131832797428,0.44867041000105945,0.34486235756781286,0.20737401384640153,0.638392857142857,0.3507262569832402,0.0,0.7168574763962562,0.7381990521327015,0.4208796111489422,0.16353258930846454,0.4961608775137112,1.0,0,train
0.02428909952606635,0.12477823772915436,0.2124583355250107,0.21246183735775742,0.04124386680903749,0.026131903895855273,0.007327419976860778,0.05645541724713756,0.20689655172413793,0.41395348837209306,0.23104056437389797,0,1,0.0,0.06069131832797428,0.43436804746265495,0.3431481294746396,0.20511994847850584,0.6310876623376622,0.3912849162011173,0.0,0.7164478669588547,0.736303317535545,0.41921243571982064,0.1626662589818071,0.4942108470444851,1.0,0,train
0.023104265402843605,0.12241277350680072,0.21413187285456406,0.21413584367449537,0.03999921390342803,0.028429214128457933,0.008153820726130792,0.054786042195589676,0.19704433497536947,0.4093023255813954,0.2275132275132279,0,1,0.0,0.057777331189710616,0.5011124059752092,0.3821720278309973,0.20302688777974556,0.5724431818181818,0.3851396648044692,0.0,0.7137239642001351,0.7344075829383887,0.4287928241012516,0.18238801406512767,0.4945155393053017,1.0,0,train
0.02428909952606635,0.12300413956238912,0.2149689167075321,0.2149739082712785,0.04277675512436703,0.03388532593088925,0.01019227590766349,0.0591370288609496,0.21182266009852216,0.45116279069767445,0.23104056437389797,0,1,0.0,0.06069131832797428,0.5565208178832504,0.4606231723303419,0.20157784575752696,0.4756493506493506,0.3632402234636871,0.0,0.7196837815143261,0.7334597156398105,0.44687345903679526,0.2220353666615706,0.4990859232175503,1.0,0,test
0.021919431279620854,0.12241277350680072,0.21580596056050014,0.21580992861630102,0.04112595232324291,0.03082224562075237,0.010082089141094154,0.056441354811302816,0.19704433497536947,0.40465116279069774,0.23104056437389797,0,1,0.0,0.054762861736334406,0.4920012713211145,0.3777352021780781,0.20511994847850584,0.5333806818181818,0.2894972067039106,0.0,0.7162021012964138,0.736303317535545,0.4287928241012516,0.18014574733730826,0.4954905545399147,1.0,0,train
0.08708530805687205,0.10348905972797162,0.2169270772521657,0.21692703357840767,0.0016311503868250215,0.003733129127979324,0.0013222411988320203,0.0026055191696019485,0.5665024630541872,0.441860465116279,0.23104056437389797,0,1,0.0,0.21754421221864953,0.5557792138997775,0.48048805082182117,0.03670906456287232,0.8020495129870129,0.5977653631284916,0.0,0.4298236631371987,0.46161137440758304,0.28273886397257375,0.23207460632930743,0.5769043266301036,0.7937570942111237,0,train
0.023104265402843605,0.12241277350680072,0.21775908909249145,0.21776297529836247,0.04041846540847543,0.024983248779553942,0.007823260426422786,0.0558856729142992,0.19211822660098524,0.41395348837209306,0.23104056437389797,0,1,0.0,0.05767684887459808,0.4868100434368048,0.3763234849248765,0.2027048784414748,0.6528003246753247,0.3983240223463687,0.0,0.7146455854342884,0.7344075829383887,0.42724305539249063,0.17943229883300205,0.49920780012187693,1.0,0,train
0.023104265402843605,0.12241277350680072,0.21859597569506442,0.2186000177692653,0.03908865204090323,0.02852493538814971,0.00842928764255413,0.05368554875075532,0.20689655172413793,0.41395348837209306,0.23104056437389797,0,1,0.0,0.05767684887459808,0.5218773175124484,0.3880205707371181,0.2027048784414748,0.5705154220779219,0.3760893854748603,0.0,0.7116759170131279,0.7344075829383887,0.43029563012186817,0.18534372929725323,0.4958561852528946,1.0,0,train
0.023104265402843605,0.12477823772915436,0.2194334912992177,0.2194369029900327,0.038282903054640265,0.030726524361060596,0.008153820726130792,0.05245763065728343,0.21674876847290642,0.4186046511627907,0.23104056437389797,0,1,0.0,0.05767684887459808,0.4762157008157644,0.33346778259554305,0.20737401384640153,0.5413961038961038,0.33262569832402233,0.0,0.7098326745448215,0.7381990521327015,0.4175217789466269,0.15777404066656475,0.4946983546617916,1.0,0,train
0.0882701421800948,0.10526315789473685,0.2205542934900931,0.22055408657720707,0.0014215246343013239,0.003924571647362879,0.0011018676656933504,0.0022804439657656468,0.5369458128078818,0.45116279069767445,0.23104056437389797,0,1,0.0,0.22045819935691321,0.5719885581099693,0.40687707976202486,0.037836097246820154,0.7876420454545453,0.6275977653631284,0.0,0.41767874331824606,0.4665402843601897,0.26911968441073564,0.19487336289048568,0.5794028031687996,0.7287173666288309,0,train
0.021919431279620854,0.12241277350680072,0.22194391523134402,0.2219480304027412,0.04208236981913228,0.026131903895855273,0.007327419976860778,0.05761940733475948,0.18226600985221675,0.3813953488372093,0.2275132275132279,0,1,0.0,0.05486334405144695,0.4956033478122682,0.38923061409700516,0.20544195781677665,0.6310876623376622,0.4579888268156425,0.0,0.718229668011551,0.736303317535545,0.43179843614248475,0.1859552565866585,0.4943327239488117,1.0,0,train
0.02428909952606635,0.12596096984033117,0.22278111633470712,0.22278507287364402,0.042586781786142426,0.02507897003924572,0.007382513360145446,0.058436150157136935,0.19704433497536947,0.40465116279069774,0.23104056437389797,0,1,0.0,0.06069131832797428,0.4784405127661829,0.37329837652515885,0.20737401384640153,0.6655844155844155,0.4372067039106145,0.0,0.7192946525487947,0.7381990521327015,0.4287928241012516,0.17790348060948885,0.49536867763558806,1.0,0,train
0.023104265402843605,0.12477823772915436,0.22389665063734762,0.22390107708480264,0.04223958913352505,0.026227625155547052,0.007823260426422786,0.057705938765080025,0.21182266009852216,0.3813953488372093,0.23104056437389797,0,1,0.0,0.05767684887459808,0.5305646784617015,0.40748210144196834,0.20737401384640153,0.6360592532467532,0.4530726256983239,0.0,0.7185778360333422,0.7381990521327015,0.4375278840960856,0.19517912653518832,0.493235831809872,1.0,0,train
0.023104265402843605,0.12300413956238912,0.22557136734486402,0.22557579102715003,0.04113905393277564,0.031396573178903035,0.009586248691532148,0.05690808964483636,0.2019704433497537,0.45116279069767445,0.2275132275132279,0,1,0.0,0.057777331189710616,0.53543807606738,0.4146415246546335,0.2041539204636934,0.5203936688311688,0.3487150837988827,0.0,0.7162225817682839,0.73539336492891,0.4375278840960856,0.19879732966416958,0.49939061547836683,1.0,0,train
0.023104265402843605,0.12359550561797752,0.22640833257263454,0.22641212587244341,0.040483973456139084,0.028046329089690823,0.007547793509999449,0.054802520264573946,0.20689655172413793,0.40465116279069774,0.2275132275132279,0,1,0.0,0.057777331189710616,0.48363174065049264,0.36613895331249374,0.20544195781677665,0.5872564935064933,0.4089385474860335,0.0,0.7147889487373789,0.736303317535545,0.42569328668372974,0.17428527748050754,0.4887263863497867,1.0,0,train
0.02428909952606635,0.12359550561797752,0.2272456123011952,0.22724932559348168,0.04262608661474062,0.026036182636163495,0.007602886893284116,0.05885112142318062,0.2019704433497537,0.41395348837209306,0.23104056437389797,0,1,0.0,0.06069131832797428,0.43659285941307346,0.3646263991126349,0.2027048784414748,0.6260146103896103,0.3970949720670391,0.0,0.719376574436275,0.7344075829383887,0.42412003663089676,0.17352086836875097,0.4984765386959171,1.0,0,train
0.02428909952606635,0.12477823772915436,0.23087227816273984,0.23087622134214564,0.04506953679259497,0.026036182636163495,0.007162139827006776,0.06237138910294083,0.23645320197044334,0.40465116279069774,0.23104056437389797,0,1,0.0,0.06069131832797428,0.43754635024896704,0.3777352021780781,0.20511994847850584,0.6334212662337662,0.45407821229050277,0.0,0.7243328486288324,0.736303317535545,0.4287928241012516,0.18014574733730826,0.4996343692870201,1.0,0,train
0.02428909952606635,0.12477823772915436,0.23198789109057785,0.23199206830316882,0.04356940250109726,0.028716377907533265,0.008484381025838797,0.05977397955891229,0.20689655172413793,0.40465116279069774,0.23104056437389797,0,1,0.0,0.06069131832797428,0.4840555143553342,0.39497832005646877,0.20511994847850584,0.5733563311688311,0.3872625698324022,0.0,0.7213222192639318,0.736303317535545,0.43325427947495715,0.18886001121133367,0.49530773918342474,1.0,0,val
0.08708530805687205,0.09875813128326434,0.2333882844838912,0.23338797775539585,0.001100535200749412,0.0024887527519862162,0.0007162139827006776,0.0017654827418540537,0.5615763546798029,0.441860465116279,0.2275132275132279,0,1,0.0,0.21784565916398715,0.505244199597415,0.5159826560451749,0.027209789083883426,0.8913352272727272,0.9202234636871509,0.0,0.39515022426116697,0.4158862559241706,0.2615586916195083,0.2500127401518626,0.5794028031687996,0.4753688989784336,0,train
0.02428909952606635,0.12477823772915436,0.23421998182342682,0.2342240767254861,0.0458621841693252,0.02393031492294439,0.007547793509999449,0.06335153225336126,0.19704433497536947,0.4186046511627907,0.2275132275132279,0,1,0.0,0.06079180064308682,0.4449623900836953,0.38923061409700516,0.20544195781677665,0.6899350649350648,0.441340782122905,0.0,0.7258893644909579,0.736303317535545,0.43179843614248475,0.1859552565866585,0.4987202925045704,1.0,0,test
0.023104265402843605,0.12418687167356593,0.23561502870330772,0.2356190426769005,0.04302568570548892,0.026036182636163495,0.007713073659853451,0.05909717091398241,0.19704433497536947,0.3813953488372093,0.2275132275132279,0,1,0.0,0.057777331189710616,0.47780485220892044,0.38126449531108203,0.2065689905007245,0.6370738636363635,0.42156424581005586,0.0,0.720216273782948,0.7372511848341232,0.43029563012186817,0.18192936859807368,0.4959171237050579,1.0,0,train
0.02428909952606635,0.12300413956238912,0.3413542828599664,0.3413583581198859,0.04018918724165264,0.02699339523308127,0.007933447192992122,0.05598117669631799,0.23645320197044334,0.4093023255813954,0.2275132275132279,0,1,0.0,0.06079180064308682,0.5270685453967582,0.4078854492285974,0.20173885042666234,0.5998376623376623,0.42983240223463687,0.0,0.7141540541094066,0.7334597156398105,0.4347101228074295,0.19538296896499002,0.5029250457038391,1.0,0,train
0.02428909952606635,0.1277350680070964,0.34219132671293445,0.3421951647155856,0.041217663589972024,0.02747200153154016,0.008759847942262134,0.057043278828597374,0.21182266009852216,0.40465116279069774,0.23104056437389797,0,1,0.0,0.06069131832797428,0.5146731645301409,0.3725925178985581,0.2110771212365158,0.617288961038961,0.35754189944134074,0.0,0.7163864255432445,0.7409668246445499,0.43029563012186817,0.1775467563573358,0.4996343692870201,1.0,0,train
0.02428909952606635,0.12182140745121231,0.3433074900171552,0.34331116892674424,0.0413748829043648,0.027184837752464826,0.008704754558977467,0.05756238113790815,0.22660098522167488,0.41395348837209306,0.2275132275132279,0,1,0.0,0.06079180064308682,0.46286682911325355,0.3830795603509126,0.19948478505876668,0.588474025974026,0.3464804469273743,0.0,0.7167345935650358,0.7315260663507109,0.42724305539249063,0.1828466595321816,0.5023156611822059,1.0,0,train
0.02428909952606635,0.12123004139562389,0.34414516287170355,0.34414813277257933,0.036009773800711416,0.028333492868766158,0.007547793509999449,0.05014302273697448,0.21182266009852216,0.4093023255813954,0.23104056437389797,0,1,0.0,0.06069131832797428,0.45460324186884205,0.3317535545023697,0.19787473836741262,0.5607751623376623,0.3441340782122905,0.0,0.7043848690273824,0.7305781990521328,0.412308920562613,0.1569077103399073,0.5027422303473492,1.0,0,train
0.02428909952606635,0.12063867534003549,0.34553997387599183,0.345543020098926,0.03623250116276785,0.02737628027184838,0.008484381025838797,0.050386742867239216,0.21182266009852216,0.41395348837209306,0.2275132275132279,0,1,0.0,0.06079180064308682,0.45788748808136454,0.3397196732882929,0.1970697150217356,0.5772118506493507,0.30078212290502787,0.0,0.7049378417678743,0.7295924170616114,0.4140700213680231,0.16093359832849208,0.5020719073735527,1.0,0,train
0.02428909952606635,0.12241277350680072,0.3469349421306752,0.34693806467540816,0.040438117822774525,0.025270412558629274,0.007878353809707455,0.05622860654891951,0.22660098522167488,0.4186046511627907,0.23104056437389797,0,1,0.0,0.06069131832797428,0.41106049369636616,0.33951799939497834,0.20028980840444371,0.6376826298701298,0.34044692737430166,0.0,0.7146865463780285,0.7325118483412324,0.41580764082936106,0.1608316771135912,0.5020109689213894,1.0,0,train
0.02428909952606635,0.12123004139562389,0.3486085580854261,0.34861191374201067,0.037247875901554504,0.028812099167225044,0.00842928764255413,0.051653656181553466,0.21182266009852216,0.4093023255813954,0.2275132275132279,0,1,0.0,0.06079180064308682,0.4843733446339655,0.36160129071291724,0.19819674770568343,0.5513392857142856,0.33251396648044695,0.0,0.7073954983922829,0.7305781990521328,0.4208796111489422,0.17199205014523772,0.5006703229737964,1.0,0,train
0.02428909952606635,0.12063867534003549,0.3642310703350353,0.3642346360720803,0.03816498856884568,0.0281420503493826,0.009255688391824142,0.053367892991592565,0.23645320197044334,0.41395348837209306,0.23104056437389797,0,1,0.0,0.06069131832797428,0.4940141964191122,0.3817686800443683,0.1967477056834648,0.5612824675324675,0.3124022346368715,0.0,0.7095459479386405,0.7295924170616114,0.42569328668372974,0.1821841716353259,0.5048750761730653,1.0,0,train
0.02428909952606635,0.11886457717327026,0.36506827143839843,0.3650715999179154,0.038073277302116564,0.024887527519862163,0.007492700126714781,0.053263761948325467,0.21674876847290642,0.4186046511627907,0.23104056437389797,0,1,0.0,0.06069131832797428,0.4573577709503125,0.370575778965413,0.19320560296248587,0.6243912337662337,0.38826815642458096,0.0,0.7093411432199398,0.7266350710900474,0.4208796111489422,0.176527544208327,0.5051188299817184,1.0,0,test
0.02428909952606635,0.12182140745121231,0.3692526258260658,0.3692561832718878,0.038178090178378414,0.02747200153154016,0.0086496611756928,0.0530150380065367,0.21674876847290642,0.4093023255813954,0.2275132275132279,0,1,0.0,0.06079180064308682,0.5004767454179468,0.3771301804981345,0.19948478505876668,0.5821834415584415,0.3423463687150838,0.0,0.7095869088823806,0.7315260663507109,0.42569328668372974,0.17989094430005603,0.501340645947593,1.0,0,train
0.04976303317535545,0.12359550561797752,0.5704174738526009,0.5704196770239469,0.026714181837238705,0.017804154302670627,0.004958404495620076,0.03757784809187412,0.31527093596059114,0.4186046511627907,0.23104056437389797,0,1,0.0,0.12429662379421223,0.4200656849242505,0.39497832005646877,0.15166639832555143,0.6869926948051948,0.5211173184357543,0.0,0.6778421774837692,0.687355450236967,0.40293986427783124,0.18886001121133367,0.5078610603290676,1.0,0,train
0.05035545023696683,0.12063867534003549,0.5715333226560315,0.5715356812351055,0.027755759795090824,0.014166746434383077,0.004132003746350063,0.039345056285977835,0.32019704433497537,0.4186046511627907,0.23104056437389797,0,1,0.0,0.12580385852090034,0.388706430765971,0.43077543611979435,0.1445821928835936,0.8241680194805193,0.6765363128491619,0.0,0.6812419358142011,0.6795829383886256,0.4067908047056613,0.20695102685624012,0.5118220597196831,1.0,0,train
0.02428909952606635,0.12063867534003549,0.5734866084384179,0.5734890424174378,0.03135215161182551,0.024408921221403278,0.007437606743430114,0.04452469139423789,0.3103448275862069,0.4186046511627907,0.23456790123456805,0,1,0.0,0.06059083601286174,0.5104354274817248,0.32177069678330145,0.196425696345194,0.6486404220779219,0.33452513966480446,0.0,0.6920761054334692,0.7295924170616114,0.4086693122314321,0.15186261020231362,0.5127361365021329,1.0,0,train
0.04680094786729858,0.12536960378474277,0.5740446900905283,0.5740469658979495,0.028921803043503894,0.016655499186369296,0.00484821772905074,0.0411610085061345,0.33497536945812806,0.4186046511627907,0.23104056437389797,0,1,0.0,0.1169614147909968,0.41964191121940886,0.37894524553796516,0.1611656738045403,0.7809456168831168,0.5480446927374301,0.0,0.6848874598070739,0.6972132701421802,0.4048888158358184,0.18075727462671354,0.5138330286410725,1.0,0,train
0.047393364928909956,0.12123004139562389,0.5748818125686939,0.5748841656189877,0.026655224594341415,0.016751220446061074,0.005399151561897415,0.037928114898555486,0.27586206896551724,0.4186046511627907,0.23456790123456805,0,1,0.0,0.11826768488745981,0.4450683335099057,0.41050720984168604,0.15150539365641602,0.7306209415584415,0.4920670391061452,0.0,0.6776373727650685,0.687355450236967,0.4067908047056613,0.19670794475870151,0.5137720901889092,1.0,0,test
0.050947867298578205,0.12418687167356593,0.5754399728460018,0.5754420890994992,0.02845669590509194,0.015411122810376186,0.00484821772905074,0.04078934609155733,0.32019704433497537,0.4186046511627907,0.23456790123456805,0,1,0.0,0.12711012861736334,0.35957198855810996,0.39033982051023497,0.15037836097246818,0.7883522727272726,0.5229050279329608,0.0,0.683453826776169,0.6861042654028436,0.40096743137577195,0.1864648626611629,0.5175502742230347,1.0,0,train
0.052725118483412325,0.12536960378474277,0.5980406286273243,0.5980425503141464,0.025934636070041202,0.016559777926677517,0.005399151561897415,0.03717288444887847,0.3251231527093596,0.4186046511627907,0.23456790123456805,0,1,0.0,0.1315313504823151,0.3904015255853374,0.3776343652314208,0.14909032361938496,0.7274756493506493,0.4356424581005586,0.0,0.67520019661253,0.6848151658767774,0.3968816775072205,0.18009478672985785,0.5174893357708714,1.0,0,train
0.04917061611374408,0.11649911295091663,0.601388882664394,0.6013907988228255,0.022619928858260238,0.01483679525222552,0.004682937579196738,0.032193660619416656,0.33004926108374383,0.4186046511627907,0.23456790123456805,0,1,0.0,0.12268890675241158,0.43171946180739484,0.40687707976202486,0.1384640154564482,0.7544642857142856,0.5193296089385475,0.0,0.6630552767935773,0.6728341232227489,0.3968816775072205,0.19487336289048568,0.5138939670932359,1.0,0,train
0.04028436018957346,0.11886457717327026,0.6092010822915691,0.6092033000513422,0.028784236143410215,0.016942662965444628,0.005454244945182083,0.040937303621965834,0.33497536945812806,0.4186046511627907,0.23104056437389797,0,1,0.0,0.10058279742765273,0.42271427057951055,0.37894524553796516,0.1611656738045403,0.7676542207792207,0.4748603351955308,0.0,0.6844778503696725,0.6972132701421802,0.4048888158358184,0.18075727462671354,0.5134673979280926,1.0,0,train
0.037914691943127965,0.11709047900650503,0.610037654393352,0.6100402638971774,0.028574610390886518,0.017516990523595292,0.005894992011459423,0.0413488239835102,0.3645320197044335,0.441860465116279,0.23456790123456805,0,1,0.0,0.09455385852090033,0.48596249602712155,0.41242311182817387,0.16213170181935274,0.747666396103896,0.48268156424581005,0.0,0.6838224752698302,0.6983886255924171,0.4140700213680231,0.1976761963002599,0.5224862888482633,1.0,0,train
0.036137440758293844,0.12300413956238912,0.6114335661504058,0.6114353870987271,0.025037175817049125,0.01483679525222552,0.005178778028758746,0.035957217066379187,0.35960591133004927,0.4186046511627907,0.23809523809523814,0,1,0.0,0.09003215434083602,0.504184765335311,0.31007361097105984,0.1772661407180808,0.9677353896103894,0.44726256983240215,0.0,0.6720666844164089,0.7130995260663507,0.3947683565407284,0.1459511797380625,0.5185252894576478,1.0,0,test
0.05154028436018958,0.12182140745121231,0.6125494149538364,0.6125515485600213,0.025535036979292904,0.019239973198047287,0.004903311112335408,0.03671676114668035,0.3497536945812808,0.4186046511627907,0.23456790123456805,0,1,0.0,0.12851688102893893,0.4186884203835152,0.414439850761319,0.1444211882144582,0.6051136363636364,0.528268156424581,0.0,0.673828004997235,0.6795829383886256,0.40293986427783124,0.19874636905671916,0.5191346739792809,1.0,0,test
0.043246445497630334,0.12300413956238912,0.6142235026597725,0.6142255548767591,0.025377817664900132,0.017516990523595292,0.005564431711751418,0.036210168366179615,0.3448275862068966,0.4186046511627907,0.23104056437389797,0,1,0.0,0.10801848874598072,0.4842674012077551,0.35897953009982864,0.16358074384157137,0.7532467532467532,0.441340782122905,0.0,0.6732750322567431,0.6995639810426542,0.40096743137577195,0.17066707435152623,0.5151736745886655,1.0,0,test
0.0017772511848341234,0.45594322885866356,0.0009661464273221302,0.0009748722146086947,0.09422677575940204,0.08126734947831915,0.023304501129414356,0.12471284160935002,0.1330049261083744,0.40465116279069774,0.23104056437389797,0,1,0.038461538461538464,0.004421221864951769,0.8991418582476958,0.15206211555914087,0.9140235066816936,0.9069602272727272,0.20681564245810058,0.0,0.7899113195568025,0.9809289099526066,0.4907366097635429,0.06609590786322173,0.4778184034125533,1.0,0,test
0.001184834123222749,0.13069189828503844,0.0018040551574630762,0.0018137230620689873,0.10514041650016705,0.07686417153249737,0.021982259930582337,0.13752743037713902,0.12807881773399016,0.41395348837209306,0.23104056437389797,0,1,0.038461538461538464,0.003014469453376206,0.4970865557792139,0.599374810930725,0.2630816293672516,0.26775568181818177,0.2597765363128492,0.0,0.7996600241669567,0.7769857819905214,0.5002230727686853,0.2921571625133772,0.47221206581352837,1.0,0,train
0.0,0.12950916617386163,0.00264259288918431,0.0026514731585812576,0.08743359121668097,0.07064228965253183,0.019558151066056965,0.11460988732451718,0.14285714285714285,0.40465116279069774,0.23104056437389797,0,1,0.038461538461538464,0.0,0.5542960059328319,0.554300695774932,0.2630816293672516,0.2925121753246753,0.27497206703910615,0.0,0.7832756466708992,0.7769857819905214,0.4923803038485923,0.2693777709830301,0.4731870810481414,1.0,0,train
0.0005924170616113745,0.14488468361916026,0.008519826404998864,0.008528539720204835,0.1025069929840881,0.09007370536996268,0.02964024020715112,0.14941950609964624,0.11330049261083744,0.47906976744186053,0.2663139329805997,0,1,0.0,0.0014067524115755627,0.5180633541688738,0.48976504991428865,0.2885203670906456,0.25334821428571425,0.1376536312849162,0.0,0.7974071722612488,0.7943886255924171,0.4907366097635429,0.236762982214748,0.5262644728823888,1.0,0,train
0.007701421800947868,0.5121230041395625,0.010474999192126095,0.010486225281261525,0.09961153727735451,0.08222456207523691,0.027546691642333754,0.15022831184167526,0.10837438423645321,0.4930232558139535,0.2663139329805997,0,1,0.0,0.018991157556270098,0.9382349825193348,0.17374205909045076,0.9999999999999998,0.9964488636363636,0.22837988826815642,0.0,0.79486759374936,0.9981042654028438,0.5143118792119661,0.07705243846506649,0.5445460085313834,1.0,0,train
0.12026066350710901,0.19929036073329393,0.0038575094415102826,0.0038604908248477225,0.021820730676763638,0.016368335407293964,0.004738030962481405,0.021247305274949092,0.1724137931034483,0.26976744186046514,0.7742504409171076,0,1,0.0,0.24487540192926047,0.5513295899989406,0.3543410305535949,0.1318628240218966,0.8006290584415583,0.524804469273743,0.0,0.6598398427099761,0.6983886255924171,0.39894803578556837,0.168322886408806,0.3514929920780013,1.0,0,train
0.14099526066350712,0.20638675340035484,0.006371157006735584,0.006374134239723114,0.02152594446227719,0.01809131808174596,0.006225552311167428,0.02246625101672274,0.17733990147783252,0.30697674418604654,0.7707231040564375,0,1,0.0,0.28747990353697755,0.45884097891725817,0.42623777352021786,0.10980518435034613,0.6015624999999999,0.37273743016759775,0.0,0.6586314948696418,0.6686255924170617,0.39894803578556837,0.2046577995209703,0.37672151127361364,1.0,0,train
0.13803317535545026,0.20106445890005914,0.007209144362074066,0.0072119629613031,0.021866586310128198,0.015985450368526853,0.005068591262189411,0.022855513044246465,0.1724137931034483,0.30697674418604654,0.7813051146384482,0,1,0.0,0.2803456591639872,0.4012077550587986,0.4238176868004437,0.10561906295282562,0.6577719155844155,0.4593296089385475,0.0,0.6600446474286767,0.6628246445497631,0.3947683565407284,0.20343474494215968,0.3773308957952468,1.0,0,train
0.1273696682464455,0.1981076286221171,0.008046974467017477,0.008049791682883087,0.023766319692374208,0.016368335407293964,0.005454244945182083,0.025219641444120713,0.1724137931034483,0.33023255813953495,0.7742504409171076,0,1,0.0,0.25934485530546625,0.41847653353109443,0.3788444085913079,0.1183384318145226,0.7184456168831168,0.41899441340782123,0.0,0.6674380977737726,0.6809099526066352,0.3947683565407284,0.18070631401926313,0.3830591102985984,1.0,0,train
0.13625592417061613,0.19337670017740982,0.008884961822355958,0.008892652408796888,0.037097207391928094,0.03857566765578635,0.011845077406203514,0.04310990682212761,0.17733990147783252,0.37674418604651166,0.7742504409171076,0,1,0.0,0.2774316720257235,0.5245259031677084,0.9266915397801755,0.09611978747383672,0.24096996753246755,0.4517318435754189,1.0,0.7070268498986216,0.6474312796208531,0.4793481578885575,0.531672017530449,0.41950030469226085,1.0,0,train
0.13329383886255924,0.20165582495564754,0.009722791927299367,0.009725685001246208,0.021132896176295258,0.01569828658945152,0.00484821772905074,0.022430102792092323,0.18719211822660098,0.30697674418604654,0.7813051146384482,0,1,0.0,0.27079983922829587,0.482678249814599,0.4000201673893315,0.11431331508613747,0.7249391233766233,0.49787709497206695,0.0,0.6569930571200361,0.6755639810426541,0.3968816775072205,0.19140804158385571,0.3831200487507618,1.0,0,train
0.1481042654028436,0.2176227084565346,0.28487756759427885,0.2848850383572393,0.040038518732026226,0.03043936058198526,0.010798303123794832,0.05465292355452826,0.19704433497536947,0.45116279069767445,0.7742504409171076,0,1,0.0,0.3015474276527331,0.5933891302044708,0.9180195623676515,0.11640637578489775,0.3754058441558441,0.5235754189944133,0.0,0.7138058860876155,0.6782559241706162,0.48209547514499734,0.4531926820567701,0.4928092626447288,1.0,0,train
0.14395734597156398,0.21584861028976937,0.287112331583844,0.2871220001588226,0.05002849600073369,0.04403177945821767,0.014269186270728885,0.07066805370021509,0.19704433497536947,0.4558139534883721,0.7742504409171076,0,1,0.0,0.29310691318327975,0.6074796058904546,0.8998689119693455,0.12027048784414746,0.26430600649350644,0.4886033519553073,1.0,0.7336105023859749,0.683526066350711,0.5046610467983187,0.5452275391122662,0.5099939061547837,1.0,0,test
0.14277251184834125,0.2099349497338853,0.291302346985734,0.291311851392332,0.04636659613633535,0.046903417248971,0.016087267919122912,0.06672703448937484,0.21182266009852216,0.47906976744186053,0.7742504409171076,0,1,0.0,0.2906953376205788,0.6059963979235088,0.8548956337602097,0.11254226372564803,0.23082386363636362,0.41273743016759773,1.0,0.7268519466688512,0.6728341232227489,0.5032052034658463,0.5679559700351628,0.5195612431444241,1.0,0,train
0.49526066350710907,0.5162625665286813,0.16855803510599343,0.16857466118492695,0.03529573608117757,0.02823777160907438,0.014158999504159551,0.05482003360490802,0.04433497536945813,0.4930232558139535,0.23809523809523814,0,1,0.0,0.7141278135048232,0.46053607373662464,0.17817888474336996,0.04717436805667364,0.1288555194805195,0.8656983240223464,1.0,0.7026030679746861,0.5013459715639811,0.5532204663394932,0.909952606635071,0.5608165752589884,1.0,0,train
0.245260663507109,0.25606150206978123,0.2264993805513812,0.22649932107254028,0.0017097600440214079,0.002584474011677994,0.0008814941325546802,0.0025755825730703146,0.4285714285714286,0.45116279069767445,0.23104056437389797,0,1,0.0,0.6126406752411576,0.33382773598898186,0.6639104567913683,0.026082756399935594,0.8250811688311688,0.9343016759776537,0.0,0.4339811989268233,0.4091753554502371,0.28273886397257375,0.32477195128165925,0.5442413162705667,0.583427922814983,0,train
0.5936018957345972,0.6043761088113543,0.011679222717587175,0.011678810308375379,0.00039304828598193286,0.0027759165310615487,0.00044074706627734013,0.0006236647156402929,0.5615763546798029,0.441860465116279,0.23456790123456805,1,0,0.23076923076923078,0.49206189710610937,0.6840767030405764,0.27397398406776247,0.027209789083883426,0.8036728896103895,0.751731843575419,0.0,0.30544575747025215,0.4158862559241706,0.19844083875361024,0.1277072822708047,0.5736136502132846,0.2052213393870602,0,train
0.6783175355450237,0.6782968657599054,0.08465008917276777,0.08464932040422721,0.00013101609532731095,0.0004786062984588878,0.00016528014985400254,0.00022612051731819166,0.5714285714285714,0.5162790697674418,0.23104056437389797,0,1,0.038461538461538464,0.304863344051447,0.227036762368895,0.5678128466270042,0.0059571727580099805,0.9999999999999999,1.0,0.0,0.21328363405492867,0.20629383886255923,0.14138117265832295,0.27620649238138917,0.6205971968312005,0.022020431328036327,0,train
0.33767772511848343,0.3394441159077469,0.09085668364106056,0.0908566122502573,0.000550267600374706,0.0014358188953766634,0.0006611205994160101,0.000825542628850735,0.49261083743842365,0.4093023255813954,0.23104056437389797,0,1,0.038461538461538464,0.843549035369775,0.2807500794575697,0.6897247151356257,0.00821123812590565,0.5225243506493505,1.0,1.0,0.3345485079976243,0.24765876777251186,0.2615586916195083,0.6514294450389848,0.5429006703229738,0.12065834279228152,0,val
0.6984597156398105,0.7013601419278535,0.09568513564694266,0.09568450590828072,0.0002620321906546219,0.0011486551163013307,0.0003305602997080051,0.0004579350270602676,0.625615763546798,0.47906976744186053,0.23456790123456805,0,1,0.038461538461538464,0.2496985530546624,0.44146625701875203,0.49581526671372395,0.01175334084688456,0.8550121753246752,0.8403351955307261,0.0,0.2708132795379606,0.29505213270142183,0.18273181956935214,0.23982061866177445,0.6293113954905546,0.06617480136208856,0,train
0.5657582938388626,0.5647545830869308,0.09857461165638995,0.09857381989670239,9.826207149548321e-05,0.00038288503876711025,0.00016528014985400254,0.00017220013451625738,0.5911330049261084,0.5209302325581395,0.23456790123456805,0,1,0.038461538461538464,0.5910369774919614,0.15891513931560547,0.7983261066854896,0.0035421027209789077,0.830864448051948,1.0,0.0,0.1903659860323182,0.15090047393364928,0.14138117265832295,0.39270244101309687,0.6283363802559415,0.014982973893303081,0,val
0.34419431279620855,0.345357776463631,0.09960554524648173,0.09960475178459248,0.00010481287626184877,0.0006700488178424428,0.00022037353313867004,0.00017461576766578403,0.541871921182266,0.4837209302325582,0.23809523809523814,0,1,0.038461538461538464,0.857315112540193,0.46350248967051594,0.49581526671372395,0.007084205441957815,0.8872767857142856,0.776536312849162,0.0,0.19544514305609606,0.22828436018957346,0.14138117265832295,0.23982061866177445,0.600792199878123,0.02576617480136209,0,test
0.4609004739336493,0.45949142519219405,0.101078981448306,0.10107818555358732,6.550804766365548e-05,0.0001914425193835551,0.00016528014985400254,0.0001110328522657431,0.5517241379310345,0.5209302325581395,0.23456790123456805,0,1,0.038461538461538464,0.8540996784565916,0.2648585655260091,1.0,0.0022540653678956683,0.9999999999999999,1.0,0.5,0.15937903209289941,0.11416113744075829,0.14138117265832295,0.4946236559139785,0.6091407678244972,0.011577752553916021,0,train
0.5787914691943128,0.5771732702542874,0.10259149437330567,0.10259085323137235,6.550804766365548e-05,0.0002871637790753326,0.0002754669164233376,0.00011327594019030358,0.6157635467980296,0.4930232558139535,0.23104056437389797,0,1,0.038461538461538464,0.5578778135048232,0.5297171310520182,0.6639104567913683,0.0024150700370310736,0.797077922077922,1.0,1.0,0.15937903209289941,0.11416113744075829,0.18273181956935214,0.6644753605462977,0.6194393662400975,0.01850170261066969,0,train
0.3578199052132702,0.35659373151981083,0.10342043983092751,0.10341964007016502,6.550804766365548e-05,0.0001914425193835551,0.00016528014985400254,0.00011155048794064168,0.541871921182266,0.47906976744186053,0.23104056437389797,0,1,0.038461538461538464,0.893790192926045,0.2648585655260091,1.0,0.0024150700370310736,0.9999999999999999,1.0,0.5,0.15937903209289941,0.11416113744075829,0.14138117265832295,0.4946236559139785,0.6115173674588665,0.011577752553916021,0,train
0.7428909952606636,0.7415730337078652,0.10428547425421837,0.1042847516902424,6.550804766365548e-05,0.0002871637790753326,0.00022037353313867004,0.00011025639875339526,0.5665024630541872,0.4837209302325582,0.23104056437389797,0,1,0.038461538461538464,0.14650321543408362,0.550905816294099,1.0,0.0035421027209789077,0.9999999999999999,1.0,0.5,0.15937903209289941,0.15090047393364928,0.16413459506422146,0.4946236559139785,0.6055453991468617,0.01940976163450625,0,train
0.4733412322274882,0.472501478415139,0.10493161612756906,0.10493081387166345,6.550804766365548e-05,0.0002871637790753326,0.00016528014985400254,0.00010818585605380097,0.5467980295566502,0.47906976744186053,0.23456790123456805,0,1,0.038461538461538464,0.8216438906752412,0.4237737048416146,0.7983261066854896,0.0035421027209789077,0.9999999999999999,1.0,0.0,0.15937903209289941,0.15090047393364928,0.14138117265832295,0.39270244101309687,0.5960390006093845,0.014982973893303081,0,train
0.7162322274881517,0.7173270254287405,0.10574593729844921,0.10574505507292868,7.860965719638656e-05,0.0007657700775342204,0.00016528014985400254,0.00013441273024866182,0.6009852216748769,0.4604651162790698,0.2275132275132279,0,1,0.038461538461538464,0.20448151125401928,0.5101175972030936,0.3277200766360795,0.00821123812590565,0.8985389610389609,0.7206703910614525,0.0,0.1730804677739775,0.24765876777251186,0.1120294925681546,0.15486928604188965,0.6141377209018891,0.021112372304199767,0,test
0.23815165876777253,0.23832052040212892,0.10653973729277247,0.1065388537565878,6.550804766365548e-05,0.00038288503876711025,0.00011018676656933503,0.00011137794271567549,0.5467980295566502,0.48837209302325585,0.23104056437389797,0,1,0.038461538461538464,0.5949557877813505,0.3531094395592753,0.49581526671372395,0.004669135404926743,0.9999999999999999,1.0,0.0,0.15937903209289941,0.18092890995260666,0.1120294925681546,0.23982061866177445,0.6107251675807435,0.013280363223609537,0,train
0.4454976303317536,0.4458900059136606,0.10786378561927838,0.10786289989692253,8.516046196275211e-05,0.0004786062984588878,0.00011018676656933503,0.00014433408068421772,0.6059113300492611,0.4837209302325582,0.23456790123456805,0,1,0.038461538461538464,0.8880627009646304,0.3026803686831232,0.4238176868004437,0.0059571727580099805,0.9999999999999999,1.0,0.0,0.1792246093349991,0.20629383886255923,0.1120294925681546,0.20343474494215968,0.6096892138939671,0.015891032917139614,0,train
0.36789099526066354,0.3678296865759906,0.10860687236119093,0.10860598541190494,6.550804766365548e-05,0.00038288503876711025,0.00011018676656933503,0.0001112053974907093,0.5566502463054187,0.4837209302325582,0.23104056437389797,0,1,0.038461538461538464,0.9190112540192926,0.3531094395592753,0.49581526671372395,0.004669135404926743,0.9999999999999999,1.0,0.0,0.15937903209289941,0.18092890995260666,0.1120294925681546,0.23982061866177445,0.609872029250457,0.013280363223609537,0,val
0.3643364928909953,0.36664695446481377,0.10940358148782303,0.10940324359854356,0.0004127007002810295,0.0009572125969177757,0.0004958404495620075,0.0005913124859591324,0.43842364532019706,0.41395348837209306,0.23104056437389797,0,1,0.038461538461538464,0.9100683279742765,0.37080199173641276,1.0,0.009499275478988888,0.830864448051948,1.0,0.5,0.30964425420361685,0.2650236966824645,0.23481344072134688,0.4946236559139785,0.5196831200487507,0.09886492622020432,0,train
0.7209715639810427,0.7214665878178593,0.11059105784620894,0.11059024624584958,6.550804766365548e-05,0.0006700488178424428,0.00016528014985400254,0.00010861721911621646,0.5517241379310345,0.4930232558139535,0.23104056437389797,0,1,0.038461538461538464,0.19684485530546625,0.6621464138150228,0.49581526671372395,0.007084205441957815,0.8872767857142856,1.0,0.0,0.15937903209289941,0.22828436018957346,0.14138117265832295,0.23982061866177445,0.5979890310786106,0.02576617480136209,0,train
0.7085308056872038,0.7072738024837375,0.11143391996379466,0.11143310697176338,6.550804766365548e-05,0.00038288503876711025,0.00016528014985400254,0.00011517393766493168,0.6305418719211823,0.4837209302325582,0.23104056437389797,0,1,0.038461538461538464,0.23231511254019294,0.4237737048416146,0.7983261066854896,0.0035421027209789077,0.830864448051948,1.0,0.0,0.15937903209289941,0.15090047393364928,0.14138117265832295,0.39270244101309687,0.6281535648994515,0.014982973893303081,0,train
0.4573459715639811,0.45653459491425197,0.11238504897838741,0.11238415579085417,5.895724289728993e-05,0.0002871637790753326,0.00011018676656933503,9.904095913059293e-05,0.5467980295566502,0.4558139534883721,0.23104056437389797,0,1,0.038461538461538464,0.8598271704180065,0.2825511177031465,0.5966522133709791,0.0035421027209789077,0.9999999999999999,1.0,0.0,0.15163741372601228,0.15090047393364928,0.1120294925681546,0.29078122611221524,0.6043875685557587,0.010669693530079433,0,train
0.2517772511848341,0.25133057362507394,0.1130073674168847,0.11300663045196048,9.826207149548321e-05,0.00038288503876711025,0.00022037353313867004,0.0001665924147048562,0.6009852216748769,0.441860465116279,0.23104056437389797,0,1,0.038461538461538464,0.6289188102893891,0.33901896387329167,1.0,0.0035421027209789077,0.830864448051948,1.0,0.5,0.1903659860323182,0.15090047393364928,0.16413459506422146,0.4946236559139785,0.6101157830591103,0.01940976163450625,0,test
0.3459715639810427,0.34594914251921943,0.006017736743811351,0.006017097807225486,8.516046196275211e-05,0.00038288503876711025,0.00016528014985400254,0.00010973876307849668,0.4433497536945813,0.37674418604651166,0.23104056437389797,0,1,0.038461538461538464,0.8642483922829582,0.39728784828901365,0.6639104567913683,0.004669135404926743,0.9999999999999999,1.0,0.0,0.1792246093349991,0.18092890995260666,0.14138117265832295,0.32477195128165925,0.48238878732480195,0.01850170261066969,0,train
0.504739336492891,0.5032525133057363,0.010085725839125455,0.010085080185775312,6.550804766365548e-05,0.00038288503876711025,0.00016528014985400254,9.360578454415795e-05,0.4876847290640394,0.4186046511627907,0.23104056437389797,0,1,0.038461538461538464,0.7428657556270096,0.2648585655260091,1.0,0.0024150700370310736,0.661830357142857,1.0,0.5,0.15937903209289941,0.11416113744075829,0.14138117265832295,0.4946236559139785,0.5289457647775747,0.011577752553916021,0,train
0.6131516587677726,0.6120638675340037,0.011766889812839793,0.011766162758607677,4.585563336455884e-05,0.0002871637790753326,0.00016528014985400254,7.013963394875615e-05,0.5270935960591133,0.41395348837209306,0.23104056437389797,0,1,0.038461538461538464,0.47055868167202575,0.4237737048416146,0.5966522133709791,0.0035421027209789077,0.9999999999999999,0.7206703910614525,0.0,0.13377844225530958,0.15090047393364928,0.1120294925681546,0.29078122611221524,0.5616087751371115,0.010669693530079433,0,train
0.7002369668246446,0.6978119455943229,0.012985894875437637,0.012985244433541768,3.930482859819329e-05,9.572125969177758e-05,0.00016528014985400254,6.108100963803118e-05,0.5320197044334976,0.4558139534883721,0.23809523809523814,0,1,0.038461538461538464,0.261153536977492,0.3531094395592753,0.747907633356862,0.0011270326839478346,0.9999999999999999,1.0,1.0,0.12331292112970285,0.06676777251184834,0.14138117265832295,0.6220251745400805,0.5694088970140159,0.00817253121452896,0,train
0.47630331753554506,0.4748669426374927,0.01459401604064105,0.01459328431846612,3.930482859819329e-05,0.0001914425193835551,0.00011018676656933503,6.0390828738166426e-05,0.5172413793103449,0.4186046511627907,0.23456790123456805,0,1,0.038461538461538464,0.8157154340836013,0.3531094395592753,0.747907633356862,0.0022540653678956683,0.9999999999999999,1.0,0.0,0.12331292112970285,0.11416113744075829,0.1120294925681546,0.36722213728787645,0.5646556977452772,0.00817253121452896,0,train
0.3062796208530806,0.3051448846836192,0.015448671937857159,0.015447938804537296,4.585563336455884e-05,0.0001914425193835551,0.00016528014985400254,6.979454349882376e-05,0.5270935960591133,0.441860465116279,0.23456790123456805,0,1,0.038461538461538464,0.7639670418006431,0.2648585655260091,0.747907633356862,0.0022540653678956683,0.9999999999999999,0.7206703910614525,0.0,0.13377844225530958,0.11416113744075829,0.1120294925681546,0.36722213728787645,0.5595368677635588,0.00817253121452896,0,train
0.7280805687203792,0.7256061502069782,0.017103181969606803,0.01710244610448171,2.6203219065462195e-05,9.572125969177758e-05,0.00011018676656933503,4.0375582642088404e-05,0.5270935960591133,0.47906976744186053,0.23104056437389797,0,1,0.038461538461538464,0.1864951768488746,0.3531094395592753,1.0,0.0011270326839478346,0.9999999999999999,1.0,0.5,0.09773281176398305,0.06676777251184834,0.1120294925681546,0.4946236559139785,0.569043266301036,0.0056753688989784334,0,train
0.5065165876777251,0.5062093435836783,0.018163757259169643,0.018162941017832952,2.6203219065462195e-05,0.00038288503876711025,5.509338328466751e-05,4.529312155362482e-05,0.5812807881773399,0.4604651162790698,0.23104056437389797,0,1,0.038461538461538464,0.7355305466237942,0.5297171310520182,0.3277200766360795,0.004669135404926743,0.9999999999999999,1.0,0.0,0.09773281176398305,0.18092890995260666,0.07067884565712541,0.15486928604188965,0.6142595978062158,0.00817253121452896,0,test
0.7648104265402844,0.762862211709048,0.019107810005984164,0.01910714945603247,5.240643813092438e-05,0.0001914425193835551,0.00022037353313867004,8.480597807088227e-05,0.5862068965517242,0.441860465116279,0.23104056437389797,0,1,0.038461538461538464,0.0932475884244373,0.39728784828901365,1.0,0.0024150700370310736,0.9999999999999999,0.776536312849162,0.5,0.1431584983718025,0.11416113744075829,0.14138117265832295,0.4946236559139785,0.5863497867154175,0.011577752553916021,0,train
0.47689573459715645,0.4778237729154347,0.02100833828082389,0.021007674592859744,9.171126672911766e-05,0.0005743275581506654,0.00016528014985400254,0.00016141605795587052,0.5615763546798029,0.5162790697674418,0.23104056437389797,0,1,0.038461538461538464,0.8064710610932476,0.5297171310520182,0.49581526671372395,0.007084205441957815,0.9999999999999999,1.0,0.0,0.18495914145861922,0.22828436018957346,0.14138117265832295,0.23982061866177445,0.6304082876294942,0.02576617480136209,0,train
0.1901658767772512,0.1910112359550562,0.022590591756037965,0.022589925455573298,9.826207149548321e-05,0.0004786062984588878,0.00016528014985400254,0.0001667649599298224,0.5960591133004927,0.4558139534883721,0.23104056437389797,0,1,0.038461538461538464,0.47508038585209006,0.41625172158067597,0.5678128466270042,0.0059571727580099805,0.9999999999999999,1.0,0.0,0.1903659860323182,0.20629383886255923,0.14138117265832295,0.27620649238138917,0.6106642291285801,0.022020431328036327,0,train
0.19135071090047395,0.19455943228858663,0.02835318973384506,0.028352671168738044,0.00017032092392550423,0.000861491337225998,0.0003305602997080051,0.00028694270911877357,0.5911330049261084,0.4558139534883721,0.23104056437389797,0,1,0.038461538461538464,0.47799437299035374,0.6100222481195041,0.5415952404961177,0.010626308162936724,0.9999999999999999,0.8403351955307261,0.0,0.23474716857476396,0.2807203791469195,0.18273181956935214,0.26300769505172505,0.6073735527117611,0.059591373439273565,0,test
0.365521327014218,0.36605558840922536,0.034883405515195934,0.03488271891774167,9.171126672911766e-05,0.0004786062984588878,0.00016528014985400254,0.000154600521569706,0.5615763546798029,0.47906976744186053,0.23104056437389797,0,1,0.038461538461538464,0.9130827974276527,0.45407352473779,0.5678128466270042,0.0059571727580099805,0.9999999999999999,1.0,0.0,0.18495914145861922,0.20629383886255923,0.14138117265832295,0.27620649238138917,0.6069469835466179,0.022020431328036327,0,train
0.38329383886255924,0.39148432879952694,0.0375108237412558,0.0375107618061436,0.0004258023098137606,0.0020101464535273285,0.0006611205994160101,0.000633672338688332,0.45320197044334976,0.441860465116279,0.23456790123456805,0,1,0.038461538461538464,0.95608922829582,0.7636402161245894,0.5966522133709791,0.021252616325873445,0.8676948051948051,0.9140782122905029,0.0,0.31234767649046635,0.37914691943127965,0.25341066522647754,0.29078122611221524,0.5390006093845217,0.3163450624290579,0,train
0.47689573459715645,0.4766410408042579,0.04649721206843317,0.04649650629511604,9.171126672911766e-05,0.00038288503876711025,0.00016528014985400254,0.00015391034066984126,0.541871921182266,0.47906976744186053,0.23456790123456805,0,1,0.038461538461538464,0.811193729903537,0.3531094395592753,0.6639104567913683,0.004669135404926743,0.9999999999999999,1.0,0.0,0.18495914145861922,0.18092890995260666,0.14138117265832295,0.32477195128165925,0.6045703839122486,0.01850170261066969,0,train
0.28139810426540285,0.28208160851567127,0.048766492519716646,0.048765782999530605,0.00010481287626184877,0.0004786062984588878,0.00016528014985400254,0.0001784980352275233,0.5517241379310345,0.47906976744186053,0.23456790123456805,0,1,0.038461538461538464,0.7018689710610932,0.3783239749973514,0.5678128466270042,0.0059571727580099805,0.9999999999999999,1.0,0.0,0.19544514305609606,0.20629383886255923,0.14138117265832295,0.27620649238138917,0.6126751980499695,0.022020431328036327,0,train
0.1901658767772512,0.1916026020106446,0.052889126127318255,0.052888488425210656,9.826207149548321e-05,0.0009572125969177757,0.00022037353313867004,0.00016762768605465335,0.5960591133004927,0.47906976744186053,0.23104056437389797,0,1,0.038461538461538464,0.47508038585209006,0.6091747007098209,0.6218614500352929,0.007084205441957815,0.661830357142857,1.0,0.0,0.1903659860323182,0.22828436018957346,0.16413459506422146,0.3035213779748255,0.6134673979280927,0.03325766174801362,0,train
0.4123222748815166,0.41454760496747495,0.059403066492779176,0.05940241803533253,0.00015721931439277315,0.001052933856609553,0.0003305602997080051,0.0002657196464479322,0.5911330049261084,0.47906976744186053,0.23104056437389797,0,1,0.038461538461538464,0.964831189710611,0.5085284458099375,0.49581526671372395,0.009499275478988888,0.7658279220779219,0.6807821229050279,0.0,0.22815245663260086,0.2650236966824645,0.16413459506422146,0.23982061866177445,0.609079829372334,0.043019296254256545,0,train
0.7351895734597157,0.7350680070963928,0.06213434860478407,0.06213361701257764,0.00010481287626184877,0.0004786062984588878,0.00022037353313867004,0.0001784117626150402,0.6009852216748769,0.4837209302325582,0.2275132275132279,0,1,0.038461538461538464,0.16006832797427653,0.3783239749973514,0.5678128466270042,0.0059571727580099805,0.9999999999999999,0.776536312849162,0.0,0.19544514305609606,0.20629383886255923,0.14138117265832295,0.27620649238138917,0.6124314442413162,0.022020431328036327,0,train
0.7085308056872038,0.7078651685393259,0.06383359637393168,0.0638329406011201,9.826207149548321e-05,0.0004786062984588878,0.0002754669164233376,0.00017401185937840235,0.6354679802955665,0.48837209302325585,0.23104056437389797,0,1,0.038461538461538464,0.23090836012861737,0.459052865769679,0.8319048099223556,0.004669135404926743,0.8550121753246752,0.8137430167597766,0.0,0.1903659860323182,0.18092890995260666,0.16413459506422146,0.40967232329409364,0.6341864716636197,0.023836549375709448,0,train
0.2896919431279621,0.2891780011827322,0.06614423367911908,0.06614349546608547,9.171126672911766e-05,0.00038288503876711025,0.00016528014985400254,0.00015270252409507794,0.5221674876847291,0.4837209302325582,0.23104056437389797,0,1,0.038461538461538464,0.7236736334405145,0.2118868524208073,0.7983261066854896,0.0035421027209789077,0.830864448051948,1.0,0.0,0.18495914145861922,0.15090047393364928,0.14138117265832295,0.39270244101309687,0.6003656307129799,0.014982973893303081,0,train
0.5100710900473934,0.5091661738616204,0.06698017677932162,0.06697943718604028,9.826207149548321e-05,0.0004786062984588878,0.00016528014985400254,0.00016943941091679832,0.5615763546798029,0.48837209302325585,0.2275132275132279,0,1,0.038461538461538464,0.726185691318328,0.15891513931560547,0.7983261066854896,0.0035421027209789077,0.7101258116883117,1.0,0.0,0.1903659860323182,0.15090047393364928,0.14138117265832295,0.39270244101309687,0.6193784277879342,0.014982973893303081,0,train
0.45319905213270145,0.45298639858072154,0.06860418023442731,0.06860359520984638,9.171126672911766e-05,0.0006700488178424428,0.0003856536829926726,0.00015692988210674958,0.6059113300492611,0.47906976744186053,0.23104056437389797,0,1,0.038461538461538464,0.8686696141479101,0.5886216760250026,1.0,0.004669135404926743,0.661830357142857,0.7206703910614525,0.5,0.18495914145861922,0.18092890995260666,0.18273181956935214,0.4946236559139785,0.6149908592321756,0.029398410896708277,0,test
0.33353080568720384,0.3329390892962744,0.06934427921883349,0.06934353572212014,9.826207149548321e-05,0.00038288503876711025,0.00016528014985400254,0.00016452187200526194,0.5566502463054187,0.4837209302325582,0.2275132275132279,0,1,0.038461538461538464,0.8344051446945339,0.15891513931560547,0.7983261066854896,0.0035421027209789077,0.830864448051948,1.0,0.0,0.1903659860323182,0.15090047393364928,0.14138117265832295,0.39270244101309687,0.6034125533211456,0.014982973893303081,0,train
0.48341232227488157,0.4831460674157304,0.07020813426416131,0.0702075465912495,0.00010481287626184877,0.0005743275581506654,0.0002754669164233376,0.00018410575503892448,0.625615763546798,0.4837209302325582,0.23104056437389797,0,1,0.038461538461538464,0.7932073954983924,0.5297171310520182,1.0,0.004669135404926743,0.7463474025974025,1.0,0.5,0.19544514305609606,0.18092890995260666,0.18273181956935214,0.4946236559139785,0.6298598415600244,0.029398410896708277,0,train
0.40639810426540285,0.40626848018923717,0.07101899592634989,0.07101832828953525,0.00010481287626184877,0.00038288503876711025,0.00022037353313867004,0.0001751334033406826,0.5566502463054187,0.47906976744186053,0.23104056437389797,0,1,0.038461538461538464,0.9855305466237942,0.4237737048416146,0.8319048099223556,0.004669135404926743,0.9999999999999999,1.0,0.0,0.19544514305609606,0.18092890995260666,0.16413459506422146,0.40967232329409364,0.6023765996343693,0.023836549375709448,0,train
0.5770142180094787,0.576581904198699,0.0759261517549655,0.07592539739074851,0.00010481287626184877,0.00038288503876711025,0.00016528014985400254,0.00018289793846416113,0.5763546798029556,0.5162790697674418,0.23104056437389797,0,1,0.038461538461538464,0.5593850482315113,0.2648585655260091,0.6639104567913683,0.004669135404926743,0.9999999999999999,1.0,0.0,0.19544514305609606,0.18092890995260666,0.14138117265832295,0.32477195128165925,0.6262035344302255,0.01850170261066969,0,test
0.3453791469194313,0.345357776463631,0.07677522526315655,0.07677462674714729,9.826207149548321e-05,0.0006700488178424428,0.0003305602997080051,0.0001680590491170688,0.6009852216748769,0.48837209302325585,0.22398589065255736,0,1,0.038461538461538464,0.8653536977491961,0.5591694035385105,1.0,0.004669135404926743,0.661830357142857,0.8403351955307261,0.5,0.1903659860323182,0.18092890995260666,0.18273181956935214,0.4946236559139785,0.6148689823278489,0.029398410896708277,0,train
0.18483412322274884,0.1856889414547605,0.079170070154905,0.07916938905963633,9.171126672911766e-05,0.0006700488178424428,0.00022037353313867004,0.0001481300756334739,0.5665024630541872,0.4465116279069768,0.2275132275132279,0,1,0.038461538461538464,0.46241961414791,0.5751668608962814,0.7119088434002219,0.0059571727580099805,0.7745535714285714,1.0,0.0,0.18495914145861922,0.20629383886255923,0.16413459506422146,0.34902920042806906,0.5846435100548446,0.028490351872871744,0,train
0.17594786729857823,0.17563571850975754,0.08031571790820177,0.08031511354639155,9.171126672911766e-05,0.0002871637790753326,0.0002754669164233376,0.00015011434572058507,0.5911330049261084,0.441860465116279,0.2275132275132279,0,1,0.038461538461538464,0.4402130225080386,0.4944379701239538,0.8319048099223556,0.0035421027209789077,0.9999999999999999,1.0,1.0,0.18495914145861922,0.15090047393364928,0.18273181956935214,0.5795749885338634,0.5914686166971359,0.023836549375709448,0,train
0.18068720379146921,0.1856889414547605,0.08143148808643487,0.08143088188234703,0.00019652414299096643,0.0013400976356848858,0.0003856536829926726,0.0003348240090468912,0.5911330049261084,0.4930232558139535,0.2275132275132279,0,1,0.038461538461538464,0.4519694533762058,0.6558957516686089,0.4238176868004437,0.014168410883915631,0.8731737012987012,0.7206703910614525,0.0,0.24660536178753562,0.3204170616113744,0.18273181956935214,0.20343474494215968,0.6138939670932358,0.07968217934165722,0,train
0.4330568720379147,0.4322885866351272,0.08355153791279506,0.0835507709581015,9.171126672911766e-05,0.0002871637790753326,0.00016528014985400254,0.0001531338871574934,0.5369458128078818,0.4837209302325582,0.2275132275132279,0,1,0.038461538461538464,0.9188102893890676,0.2118868524208073,0.7983261066854896,0.0035421027209789077,0.9999999999999999,1.0,0.0,0.18495914145861922,0.15090047393364928,0.14138117265832295,0.39270244101309687,0.6018890920170628,0.014982973893303081,0,test
0.17831753554502372,0.1785925487876996,0.08562173936391743,0.08562104761612727,9.171126672911766e-05,0.0004786062984588878,0.00022037353313867004,0.00015106334445789913,0.5862068965517242,0.45116279069767445,0.2275132275132279,0,1,0.038461538461538464,0.44604099678456594,0.4944379701239538,0.8319048099223556,0.004669135404926743,0.8550121753246752,1.0,0.0,0.18495914145861922,0.18092890995260666,0.16413459506422146,0.40967232329409364,0.5947592931139549,0.023836549375709448,0,val
0.44786729857819907,0.44766410408042584,0.08681354010816782,0.08681284639256397,9.171126672911766e-05,0.00038288503876711025,0.00022037353313867004,0.00015227116103266246,0.5467980295566502,0.48837209302325585,0.23104056437389797,0,1,0.038461538461538464,0.8820337620578779,0.4944379701239538,0.8319048099223556,0.004669135404926743,0.9999999999999999,1.0,0.0,0.18495914145861922,0.18092890995260666,0.16413459506422146,0.40967232329409364,0.5989031078610604,0.023836549375709448,0,train
0.17831753554502372,0.1797752808988764,0.09037140892186848,0.0903706307067057,0.0001244652905609454,0.0005743275581506654,0.00022037353313867004,0.00020558763554721508,0.5911330049261084,0.45116279069767445,0.23104056437389797,0,1,0.038461538461538464,0.44543810289389074,0.3642334993113677,0.49581526671372395,0.007084205441957815,0.9999999999999999,0.776536312849162,0.0,0.20914657873717413,0.22828436018957346,0.14138117265832295,0.23982061866177445,0.5962218159658744,0.02576617480136209,0,train
0.3406398104265403,0.3406268480189238,0.09293718499306014,0.0929364811665444,9.826207149548321e-05,0.0005743275581506654,0.00022037353313867004,0.00016193369363076907,0.5172413793103449,0.4930232558139535,0.23104056437389797,0,1,0.038461538461538464,0.8508842443729904,0.459052865769679,0.8319048099223556,0.004669135404926743,0.7463474025974025,1.0,0.0,0.1903659860323182,0.18092890995260666,0.16413459506422146,0.40967232329409364,0.5950030469226082,0.023836549375709448,0,train
0.7120853080568721,0.7137788290952101,0.1015479021264106,0.10154710545744458,0.00013101609532731095,0.0007657700775342204,0.00016528014985400254,0.0002308655110047619,0.625615763546798,0.47906976744186053,0.23104056437389797,0,1,0.038461538461538464,0.21603697749196143,0.4767454179468164,0.39497832005646877,0.009499275478988888,0.9999999999999999,1.0,0.0,0.21328363405492867,0.2650236966824645,0.14138117265832295,0.18886001121133367,0.6325411334552102,0.03325766174801362,0,train
0.18187203791469195,0.1856889414547605,0.1141178697068829,0.11411736678358214,0.00030788782401918076,0.0016272614147602184,0.0006060272161313426,0.0005010713333018151,0.5812807881773399,0.4558139534883721,0.23104056437389797,0,1,0.038461538461538464,0.45428054662379425,0.5186990147261362,0.6639104567913683,0.01175334084688456,0.6262175324675324,0.6275977653631284,0.0,0.28451471521903865,0.29505213270142183,0.21206001831544838,0.32477195128165925,0.5879341864716636,0.09398410896708287,0,train
0.408175355450237,0.40863394441159084,0.11592750725337102,0.11592668684185904,9.171126672911766e-05,0.0004786062984588878,0.00016528014985400254,0.00014761243995857533,0.5024630541871922,0.4837209302325582,0.23456790123456805,0,1,0.038461538461538464,0.9812098070739551,0.45407352473779,0.5678128466270042,0.0059571727580099805,0.9999999999999999,1.0,0.0,0.18495914145861922,0.20629383886255923,0.14138117265832295,0.27620649238138917,0.5828153564899452,0.022020431328036327,0,test
0.6481042654028436,0.6481371969248966,0.11792309339203175,0.1179224269356902,9.826207149548321e-05,0.0004786062984588878,0.0003305602997080051,0.00017772158171517545,0.6354679802955665,0.5209302325581395,0.23456790123456805,0,1,0.038461538461538464,0.3827371382636656,0.6305752728043225,0.8559040032267823,0.0059571727580099805,0.9999999999999999,0.8403351955307261,0.0,0.1903659860323182,0.20629383886255923,0.18273181956935214,0.4218009478672986,0.6462522851919561,0.03507377979568674,0,test
0.17950236966824645,0.18095801301005324,0.12473124924667231,0.12473049292413704,0.00010481287626184877,0.0006700488178424428,0.0003856536829926726,0.0001698707739792138,0.5763546798029556,0.4558139534883721,0.23456790123456805,0,1,0.038461538461538464,0.4477491961414791,0.5826888441572201,0.6218614500352929,0.007084205441957815,0.8872767857142856,0.5810055865921788,0.0,0.19544514305609606,0.22828436018957346,0.16413459506422146,0.3035213779748255,0.5862279098110909,0.03325766174801362,0,test
0.28791469194312796,0.2885866351271437,0.12704322318021782,0.1270423844152536,9.171126672911766e-05,0.0005743275581506654,0.00016528014985400254,0.0001563259738193679,0.5369458128078818,0.47906976744186053,0.23104056437389797,0,1,0.038461538461538464,0.7192524115755627,0.45407352473779,0.5678128466270042,0.0059571727580099805,0.8731737012987012,1.0,0.0,0.18495914145861922,0.20629383886255923,0.14138117265832295,0.27620649238138917,0.6128580134064595,0.022020431328036327,0,test
0.3548578199052133,0.35422826729745716,0.12885348972828625,0.12885264797434307,9.171126672911766e-05,0.0002871637790753326,0.00016528014985400254,0.0001549456120196384,0.5369458128078818,0.5209302325581395,0.23456790123456805,0,1,0.038461538461538464,0.8851487138263666,0.2118868524208073,0.7983261066854896,0.0035421027209789077,0.9999999999999999,1.0,0.0,0.18495914145861922,0.15090047393364928,0.14138117265832295,0.39270244101309687,0.6081048141377209,0.014982973893303081,0,train
0.7322274881516588,0.7315198107628623,0.1305429879729394,0.13054214342942103,9.826207149548321e-05,0.00038288503876711025,0.00016528014985400254,0.00016538459813009287,0.5369458128078818,0.49767441860465117,0.23456790123456805,0,1,0.038461538461538464,0.17433681672025722,0.30903697425574744,0.6639104567913683,0.004669135404926743,0.9999999999999999,1.0,0.0,0.1903659860323182,0.18092890995260666,0.14138117265832295,0.32477195128165925,0.6062157221206581,0.01850170261066969,0,train
0.7316350710900474,0.7309284447072739,0.13171827742570724,0.1317175095667051,0.0001113636810282143,0.0004786062984588878,0.0002754669164233376,0.0001872115690883159,0.5911330049261084,0.47906976744186053,0.23104056437389797,0,1,0.038461538461538464,0.17313102893890678,0.3884945439135502,0.8319048099223556,0.004669135404926743,0.8550121753246752,0.8137430167597766,0.0,0.20023757347369286,0.18092890995260666,0.16413459506422146,0.40967232329409364,0.6057282145033516,0.023836549375709448,0,test
0.17713270142180096,0.1797752808988764,0.1325544564015024,0.1325537657869308,0.0001244652905609454,0.0012443763759931081,0.0003305602997080051,0.00020990126617136982,0.5911330049261084,0.4837209302325582,0.23456790123456805,0,1,0.038461538461538464,0.44182073954983925,0.6886322703676238,0.5966522133709791,0.009499275478988888,0.661830357142857,0.8403351955307261,0.0,0.20914657873717413,0.2650236966824645,0.18273181956935214,0.29078122611221524,0.6075563680682511,0.0532349602724177,0,test
0.7541469194312796,0.7545830869308102,0.133910583808603,0.13391004820502903,0.00015721931439277315,0.0006700488178424428,0.0003856536829926726,0.0002666686451852463,0.5911330049261084,0.4837209302325582,0.23104056437389797,0,1,0.038461538461538464,0.11394694533762059,0.6290920648373769,1.0,0.007084205441957815,0.8872767857142856,1.0,0.5,0.22815245663260086,0.22828436018957346,0.21206001831544838,0.4946236559139785,0.6110907982937234,0.05743473325766174,0,test
0.6753554502369669,0.6759314015375518,0.13575088518213016,0.13575026791491823,0.00015721931439277315,0.001052933856609553,0.0003305602997080051,0.0002744331803087248,0.6059113300492611,0.4930232558139535,0.23456790123456805,0,1,0.038461538461538464,0.31330385852090037,0.5675389342091323,0.873953816678431,0.007084205441957815,0.609780844155844,1.0,0.0,0.22815245663260086,0.22828436018957346,0.19844083875361024,0.4309228966009275,0.6276051188299817,0.04903518728717368,0,test
0.17713270142180096,0.1797752808988764,0.13618639015128195,0.13618553628979313,0.0001113636810282143,0.0007657700775342204,0.0003305602997080051,0.00018125875882698235,0.5714285714285714,0.45116279069767445,0.23456790123456805,0,1,0.038461538461538464,0.44182073954983925,0.5562029876046192,0.39497832005646877,0.009499275478988888,0.9999999999999999,0.5211173184357543,0.0,0.20023757347369286,0.2650236966824645,0.14138117265832295,0.18886001121133367,0.5884216940889702,0.03325766174801362,0,train
0.6640995260663508,0.6641040804257836,0.14015884963158984,0.14015806783613594,9.826207149548321e-05,0.0006700488178424428,0.0002754669164233376,0.0001716824988413588,0.5665024630541872,0.5255813953488373,0.23456790123456805,0,1,0.038461538461538464,0.3428456591639872,0.544867041000106,0.7119088434002219,0.0059571727580099805,0.7745535714285714,0.8137430167597766,0.0,0.1903659860323182,0.20629383886255923,0.16413459506422146,0.34902920042806906,0.6266301035953686,0.028490351872871744,0,train
0.32168246445497634,0.32111176818450626,0.14254842663510336,0.14254756226908802,9.171126672911766e-05,0.0002871637790753326,0.00016528014985400254,0.00015339270499494268,0.5467980295566502,0.4930232558139535,0.23456790123456805,0,1,0.038461538461538464,0.8023512861736335,0.2118868524208073,0.7983261066854896,0.0035421027209789077,0.9999999999999999,1.0,0.0,0.18495914145861922,0.15090047393364928,0.14138117265832295,0.39270244101309687,0.6027422303473492,0.014982973893303081,0,train
0.7186018957345972,0.7179183914843289,0.15376179505728985,0.15376099080165334,9.171126672911766e-05,0.0006700488178424428,0.0002754669164233376,0.00015753379039413123,0.6059113300492611,0.4837209302325582,0.23104056437389797,0,1,0.038461538461538464,0.20568729903536978,0.4944379701239538,0.8319048099223556,0.004669135404926743,0.661830357142857,0.8137430167597766,0.0,0.18495914145861922,0.18092890995260666,0.16413459506422146,0.40967232329409364,0.6170627666057282,0.023836549375709448,0,train
0.7849526066350712,0.788882318154938,0.0018472990161078656,0.0018487898422702514,0.0017425140678532357,0.002584474011677994,0.0016528014985400254,0.002205041702455422,0.3891625615763547,0.40465116279069774,0.22222222222222232,0,1,0.3076923076923077,0.02079983922829582,0.40523360525479396,0.4470101845316124,0.014329415553051034,0.47524350649350644,1.0,1.0,0.43564011714829914,0.3204170616113744,0.3502007654918168,0.7740916271721958,0.45783059110298596,0.666855845629966,0,train
0.0005924170616113745,0.006505026611472502,0.0038416271516080146,0.003845158936643134,0.0024106961540225217,0.004403177945821768,0.0033606963803647183,0.003368341609177473,0.1330049261083744,0.3813953488372093,0.22222222222222232,0,1,0.3076923076923077,0.001507234726688103,0.6010170568916199,0.2570333770293436,0.01545644823699887,0.3024553571428571,0.9099441340782124,1.0,0.4643332582382698,0.3317914691943128,0.412308920562613,0.8701014116088264,0.5049360146252285,0.9721906923950057,0,train
0.7837677725118484,0.7853341218214075,0.004853769319488694,0.00485761393362,0.0021486639633679,0.004403177945821768,0.003305602997080051,0.0028641644618262667,0.4433497536945813,0.3813953488372093,0.22222222222222232,0,1,0.3076923076923077,0.029742765273311902,0.48628032630575274,0.1569022889986891,0.009499275478988888,0.19673295454545456,1.0,1.0,0.4541544637188441,0.2650236966824645,0.41921243571982064,0.9207052948071142,0.4819012797074954,0.8707150964812713,0,val
0.7843601895734598,0.7853341218214075,0.005419634866155146,0.005421748794481149,0.0013429149771049373,0.0022015889729108833,0.0020935485648173654,0.0018206972138432344,0.458128078817734,0.40465116279069774,0.22222222222222232,0,1,0.3076923076923077,0.029742765273311902,0.43468587774128614,0.22436220631239287,0.00821123812590565,0.3506493506493506,1.0,1.0,0.4126815081819485,0.24765876777251186,0.373611665531735,0.8866126484227692,0.49043266301035954,0.5238365493757094,0,train
0.7843601895734598,0.7865168539325843,0.007109290361203371,0.007114703752538607,0.0038780764216884045,0.00507322676366421,0.0044074706627734005,0.005293514956737736,0.458128078817734,0.4093023255813954,0.22222222222222232,0,1,0.3076923076923077,0.02672829581993569,0.3531094395592753,0.1285671069880004,0.010626308162936724,0.18831168831168832,1.0,1.0,0.5064411084031376,0.2807203791469195,0.44814145161669056,0.9350252255006879,0.49311395490554544,0.9779795686719637,0,train
0.02962085308056872,0.03903015966883501,0.01077731307665194,0.010782170036143944,0.0037732635454265557,0.006796209438116206,0.004903311112335408,0.005836428507093852,0.49261083743842365,0.441860465116279,0.22222222222222232,0,1,0.3076923076923077,0.0742564308681672,0.6654306600275453,0.27780578804073813,0.022540653678956683,0.27729301948051943,0.801340782122905,1.0,0.504003932250599,0.3871848341232228,0.4389132833963416,0.8596035264740356,0.5586227909811091,0.9997729852440409,0,val
0.490521327014218,0.49142519219396813,0.00960343887743975,0.009612464903735398,0.00514893254636332,0.007274815736575094,0.0069417662938681055,0.007140007681713416,0.4236453201970443,0.4093023255813954,0.8112874779541448,0,1,0.038461538461538464,0.9863344051446946,0.23773704841614576,0.0551578098215186,0.005152149412332957,0.08948863636363635,1.0,1.0,0.5315706473877158,0.22828436018957346,0.4940005165895696,0.972124547724609,0.5008531383302864,0.9903518728717366,0,test
0.7843601895734598,0.7835600236546423,0.12084228972614763,0.12084397720187537,0.0009367650815902734,0.0020101464535273285,0.001928268414963363,0.0014381644500931917,0.5320197044334976,0.4186046511627907,0.22045855379188728,0,1,0.0,0.03265675241157556,0.34823604195359675,0.15972572350509226,0.004669135404926743,0.250101461038961,1.0,1.0,0.3810186986708174,0.18092890995260666,0.3654401577946322,0.9192783977985017,0.5548446069469836,0.27366628830874007,0,train
0.7849526066350712,0.7847427557658191,0.12247753658450096,0.12247835648448453,0.0006223264528047271,0.0016272614147602184,0.0013222411988320203,0.0009798843325829916,0.5467980295566502,0.4465116279069768,0.22398589065255736,0,1,0.0,0.03265675241157556,0.47218985061976904,0.27397398406776247,0.0059571727580099805,0.3591720779220779,1.0,1.0,0.34525979478567187,0.20629383886255923,0.3282457087843708,0.8615400295571523,0.569043266301036,0.2052213393870602,0,train
0.7855450236966826,0.7853341218214075,0.12385111878545454,0.1238527226681574,0.0008974602529920801,0.0023930314922944386,0.0018731750316786954,0.0013968398687137893,0.541871921182266,0.441860465116279,0.22398589065255736,0,1,0.0,0.03114951768488746,0.4583112617862062,0.19330442674195827,0.0059571727580099805,0.24847808441558436,1.0,1.0,0.37725029184672415,0.20629383886255923,0.36257543381783175,0.902308515517505,0.5624619134673979,0.3254256526674234,0,train
0.7849526066350712,0.7847427557658191,0.12520457293583892,0.125206410459021,0.0011332892245812397,0.002680195271369771,0.002038455181532698,0.0017964546097354848,0.5467980295566502,0.4465116279069768,0.22398589065255736,0,1,0.0,0.03265675241157556,0.3624324610657909,0.17737218917011194,0.0059571727580099805,0.22209821428571427,1.0,1.0,0.39773076371679605,0.20629383886255923,0.37095827365158385,0.9103602914946747,0.5726386349786715,0.3642451759364359,0,test
0.786137440758294,0.7847427557658191,0.1290393596952613,0.12904181988726737,0.0009302142768239078,0.0017229826744519958,0.0025342956310947054,0.001468446137074758,0.541871921182266,0.441860465116279,0.22398589065255736,0,1,0.0,0.03265675241157556,0.3961224706006992,0.10124029444388426,0.0035421027209789077,0.23904220779220778,0.9762011173184357,1.0,0.3804042845147152,0.15090047393364928,0.3904477892314556,0.9488355501197574,0.5703229737964656,0.298410896708286,0,train
0.787914691943128,0.7859254878769959,0.13069756511129513,0.13069876456431098,0.0004651071384119539,0.0012443763759931081,0.0015977081152553578,0.0007159764109972045,0.5369458128078818,0.4186046511627907,0.23104056437389797,0,1,0.0,0.03547025723472669,0.4149804004661511,0.12604618332156903,0.0024150700370310736,0.25598620129870125,1.0,1.0,0.3199664120261331,0.11416113744075829,0.3468429332895015,0.936299240686949,0.556855575868373,0.12463110102156641,0,train
0.7873222748815166,0.7859254878769959,0.13179210648619352,0.13179314688184776,0.0005699200146738027,0.0013400976356848858,0.0014875213486860229,0.0008915411774003026,0.541871921182266,0.45116279069767445,0.2275132275132279,0,1,0.0,0.03265675241157556,0.3859519016845005,0.17172532015730566,0.0035421027209789077,0.3024553571428571,1.0,1.0,0.337600098306265,0.15090047393364928,0.33982201141193324,0.9132140855118993,0.5655088360755637,0.15232690124858114,0,train
0.786137440758294,0.7847427557658191,0.13613040901063633,0.13613065599252747,0.00045855633364558836,0.0012443763759931081,0.0009365875158393477,0.0007153725027098228,0.5467980295566502,0.441860465116279,0.23104056437389797,0,1,0.0,0.0384847266881029,0.2118868524208073,0.27175557124130284,0.0035421027209789077,0.32355925324675316,1.0,1.0,0.3187375837139288,0.15090047393364928,0.2947613121375068,0.862661162921062,0.5641681901279707,0.08671963677639044,0,train
0.7867298578199052,0.7859254878769959,0.13884172032246708,0.1388419628276405,0.00040614989551466396,0.0011486551163013307,0.0009916808991240153,0.0006242686239276746,0.5467980295566502,0.41395348837209306,0.23104056437389797,0,1,0.0,0.03547025723472669,0.43161351838118445,0.3277200766360795,0.004669135404926743,0.4202516233766233,0.9412290502793297,1.0,0.30827206258832207,0.18092890995260666,0.2947613121375068,0.8343780257860673,0.5561852528945765,0.10896708286038592,0,val
0.7713270142180095,0.7705499704316973,0.18577718924196582,0.18577821912649123,0.0007402409385993069,0.0015315401550684408,0.0015426147319706903,0.0012086793008881593,0.5665024630541872,0.4558139534883721,0.22045855379188728,0,1,0.0,0.06541398713826367,0.35925415827947876,0.20026217606130886,0.004669135404926743,0.32355925324675316,1.0,1.0,0.36039486349765504,0.18092890995260666,0.34339117571089767,0.8987922336034246,0.5896404631322364,0.20363223609534617,0,train
0.7790284360189574,0.7782377291543466,0.18788748954383153,0.18788780831837493,0.00036684506691647066,0.0012443763759931081,0.0010467742824086827,0.0006155550900668821,0.5714285714285714,0.4837209302325582,0.22045855379188728,0,1,0.0,0.04612138263665595,0.5474096832291557,0.2941413733992135,0.004669135404926743,0.3912337662337662,1.0,1.0,0.2995064206279313,0.18092890995260666,0.30549228637847226,0.8513479080670641,0.6055453991468617,0.12463110102156641,0,train
0.7760663507109006,0.7752808988764046,0.18920807836164585,0.18920823770559472,0.00037994667644920176,0.0013400976356848858,0.0009916808991240153,0.0005920026668589972,0.541871921182266,0.4186046511627907,0.22045855379188728,0,1,0.0,0.05345659163987138,0.4708125860790338,0.3277200766360795,0.004669135404926743,0.36586850649350644,0.9412290502793297,1.0,0.30251704999283185,0.18092890995260666,0.2947613121375068,0.8343780257860673,0.5636197440585009,0.10896708286038592,0,train
0.8471563981042655,0.863985807214666,0.4595516995662012,0.4595506262879769,0.0008647062291602523,0.00430745668612999,0.0006611205994160101,0.001463787416000671,0.5615763546798029,0.4930232558139535,0.746031746031746,1,0,0.11153846153846153,0.22407556270096465,0.5664794999470283,0.2156902288998689,0.0326839478344872,0.7625811688311688,0.5702793296089386,0.0,0.3739938968193827,0.4759431279620854,0.21206001831544838,0.09825205116444985,0.61102985984156,0.40556186152099893,0,train
0.8039099526066351,0.8089887640449439,0.46160468209906313,0.46160352680603745,0.0003275402383182774,0.0017229826744519958,0.0003856536829926726,0.0005492114510673821,0.5714285714285714,0.4930232558139535,0.7495590828924161,1,0,0.11153846153846153,0.3394292604501608,0.5675389342091323,0.43279217505293943,0.013202382869103201,0.797077922077922,0.8603351955307261,0.0,0.28979867696151723,0.3424075829383887,0.19844083875361024,0.20797023900524897,0.6050578915295551,0.11407491486946653,0,train
0.8453791469194314,0.8574807806031934,0.463199515605883,0.46319843630465324,0.0007926473767302313,0.002584474011677994,0.0006611205994160101,0.00133386086160113,0.5763546798029556,0.4837209302325582,0.7495590828924161,1,0,0.11153846153846153,0.23965032154340837,0.47769890878271004,0.279721690027226,0.02495572371598776,0.9649959415584415,0.5702793296089386,0.0,0.366375161283716,0.4345781990521328,0.21206001831544838,0.1306120368954798,0.6074344911639245,0.2877412031782066,0,val
0.8418246445497631,0.8533412182140746,0.4650391093526323,0.4650377125137299,0.0005175135765428783,0.0024887527519862162,0.00044074706627734013,0.0008695416612171133,0.5566502463054187,0.4837209302325582,0.746031746031746,1,0,0.11153846153846153,0.2459807073954984,0.2648585655260091,0.1409700514268428,0.02398969570117533,0.9637784090909091,0.37921787709497207,0.0,0.3292235853114056,0.4285876777251185,0.14138117265832295,0.0605412016511237,0.6063985374771481,0.10896708286038592,0,train
0.8394549763033176,0.8468361916026022,0.4671717392105983,0.46717033885045434,0.00035374345738373956,0.002297310232602661,0.0002754669164233376,0.000594677117845973,0.5714285714285714,0.47906976744186053,0.7495590828924161,1,0,0.11153846153846153,0.2615554662379421,0.31783027863121094,0.19330442674195827,0.017066494928352917,0.7658279220779219,0.6275977653631284,0.0,0.29639338890368033,0.37914691943127965,0.14138117265832295,0.08693879631045198,0.606581352833638,0.07514188422247448,0,train
0.8133886255924171,0.8219988172678889,0.46899136215717346,0.4689900374176697,0.00043235311458012616,0.002105867713219106,0.00044074706627734013,0.0007277094862949054,0.5665024630541872,0.4930232558139535,0.746031746031746,1,0,0.11153846153846153,0.31059083601286175,0.40449200127132107,0.22083291317938894,0.018998550957977776,0.9154829545454544,0.503463687150838,0.0,0.313658426690151,0.39484360189573464,0.16413459506422146,0.10085104214442236,0.6073735527117611,0.111577752553916,0,train
0.8554502369668248,0.8586635127143702,0.47096634849407976,0.47096533499389476,0.0005044119670101472,0.0016272614147602184,0.0005509338328466751,0.000857377222856997,0.5714285714285714,0.47906976744186053,0.742504409171076,1,0,0.11153846153846153,0.23291800643086819,0.344104248331391,0.6897247151356257,0.010304298824665915,0.6795860389610389,0.7968715083798883,0.0,0.32699121387756774,0.3082085308056872,0.2240589851363092,0.33781786678897213,0.6132845825716027,0.12065834279228152,0,train
0.03732227488151659,0.04790065050266115,0.49053568840960016,0.49054588598264426,0.0132719304566566,0.012156599980855748,0.008594567792408131,0.016263854087475597,0.13793103448275862,0.47906976744186053,0.8271604938271606,1,0,0.11153846153846153,0.07465836012861737,0.4448564466574849,0.14419683371987496,0.01948156496538399,0.16629464285714285,0.9644692737430167,1.0,0.615663464886231,0.4021611374407583,0.5123159649658346,0.9271263313458696,0.4424741011578306,1.0,0,train
0.07286729857819906,0.07510348905972797,0.06121411929282296,0.06121441134591177,0.0004978611622437816,0.0012443763759931081,0.0008814941325546802,0.0009603867221618123,0.6354679802955665,0.558139534883721,0.7601410934744268,1,0,0.3961538461538462,0.14911575562700966,0.5193346752833987,0.5254613290309569,0.006279182096280791,0.5941558441558441,1.0,1.0,0.3258647879247138,0.24765876777251186,0.2889379388076173,0.7344442745757529,0.6940280316879951,0.17128263337116909,0,train
0.370260663507109,0.37019515079834425,0.1515574590191711,0.15155870265493265,0.0008188505957956935,0.0016272614147602184,0.0016528014985400254,0.0011773623425567958,0.4876847290640394,0.4093023255813954,0.24162257495590822,0,1,0.23076923076923078,0.9208199356913184,0.33605254793940037,0.18685086215589392,0.004669135404926743,0.3058035714285714,1.0,1.0,0.369221946873656,0.18092890995260666,0.3502007654918168,0.9056209550017836,0.5202925045703839,0.22292849035187287,0,test
0.370260663507109,0.37256061502069787,0.1531529215275712,0.15315864415788227,0.003524332964304665,0.005264669283047765,0.004793124345766073,0.005164192310625577,0.46798029556650245,0.4186046511627907,0.24162257495590822,0,1,0.23076923076923078,0.9208199356913184,0.4093653988769997,0.10618130483008976,0.009338270809853486,0.1633522727272727,1.0,1.0,0.4979621930489279,0.2650236966824645,0.456594735482659,0.9463384803546858,0.5292504570383912,0.9763904653802498,0,train
0.370260663507109,0.3731519810762863,0.15442476272291322,0.15443166262926944,0.004677274603185001,0.006891930697807983,0.005619525095036086,0.0069269143288801715,0.47783251231527096,0.45116279069767445,0.24162257495590822,0,1,0.23076923076923078,0.9208199356913184,0.3899777518804958,0.09932439245739641,0.010626308162936724,0.13626217532467533,1.0,1.0,0.5230507710897659,0.2807203791469195,0.472632493483927,0.9498038016613157,0.5348567946374162,0.9955732122587968,0,test
0.370260663507109,0.37256061502069787,0.15525929056956014,0.15526556009746365,0.003727407912061997,0.0063176031396573185,0.005178778028758746,0.005560356147147948,0.4827586206896552,0.4558139534883721,0.24162257495590822,0,1,0.23076923076923078,0.9208199356913184,0.42271427057951055,0.09781183825753757,0.009338270809853486,0.13463879870129872,1.0,1.0,0.5029184672414853,0.2650236966824645,0.46439054171460775,0.9505682107730724,0.5388177940280316,0.9851305334846765,0,train
0.370260663507109,0.3731519810762863,0.15651477772381467,0.15652536955747454,0.007074869147674792,0.009572125969177754,0.008208914109415459,0.010220802673484733,0.4630541871921182,0.441860465116279,0.24514991181657875,0,1,0.23076923076923078,0.9195136655948554,0.36465727301620937,0.0655440153272159,0.010626308162936724,0.0947646103896104,1.0,1.0,0.5597722571528048,0.2807203791469195,0.5109775283537229,0.9668756051572134,0.5216940889701401,0.9998864926220203,0,train
0.3690758293838863,0.3749260792430515,0.15698393427751187,0.1569932673354515,0.006563906375898279,0.009284962190102422,0.007327419976860778,0.010791668550285372,0.5369458128078818,0.4930232558139535,0.23809523809523814,0,1,0.23076923076923078,0.9192122186495177,0.5633011971607161,0.11202984773621057,0.0164224762518113,0.14935064935064934,1.0,1.0,0.5531161037950314,0.3424075829383887,0.499471669758377,0.9433827651225604,0.5936624009750152,1.0,0,test
0.3696682464454977,0.37256061502069787,0.1578399268030861,0.1578471355708455,0.0031116322640236354,0.0076577007753422036,0.005839898628174756,0.0045971224287741945,0.4729064039408867,0.441860465116279,0.24162257495590822,0,1,0.23076923076923078,0.9194131832797429,0.6300455556732705,0.0952909145911062,0.010626308162936724,0.12144886363636362,1.0,1.0,0.48692321871095917,0.2807203791469195,0.4765303965999013,0.9518422259593334,0.53363802559415,0.9967082860385925,0,test
0.36729857819905215,0.3737433471318747,0.1582953239472145,0.1583031609635974,0.004539707703091324,0.009284962190102422,0.006390832461021431,0.0075760294652029775,0.5467980295566502,0.4837209302325582,0.24162257495590822,0,1,0.23076923076923078,0.913484726688103,0.6828053819260514,0.140667540586871,0.017710513604894538,0.15959821428571427,0.9808938547486032,1.0,0.5204087902185266,0.3524170616113744,0.4838800572944796,0.9289099526066351,0.6025594149908592,1.0,0,train
0.3690758293838863,0.37078651685393266,0.15913551280808397,0.1591382378078073,0.0020766051109378787,0.0027759165310615487,0.002699575780948708,0.0031313507426864117,0.4975369458128079,0.4465116279069768,0.24162257495590822,0,1,0.23076923076923078,0.9179059485530547,0.30840131369848506,0.1731370374105072,0.00821123812590565,0.27993100649350644,1.0,1.0,0.4511438343539435,0.24765876777251186,0.39894803578556837,0.9125006370075931,0.5447288238878732,0.6913734392735528,0,train
0.36789099526066354,0.37078651685393266,0.15956834452051954,0.15957531455923968,0.0038191191787911145,0.008519192112568201,0.005729711861605421,0.0056603461050158555,0.4876847290640394,0.4465116279069768,0.24162257495590822,0,1,0.23076923076923078,0.914991961414791,0.5176395804640322,0.09831602299082386,0.010626308162936724,0.10805600649350647,0.9893854748603352,1.0,0.5050893972597128,0.2807203791469195,0.47361870993495664,0.9503134077358202,0.5352833638025594,0.9959137343927356,0,train
0.36789099526066354,0.37078651685393266,0.1603468126013233,0.16035260197867846,0.003229546749818215,0.006221881879965541,0.004903311112335408,0.004873108516107614,0.4876847290640394,0.4930232558139535,0.24162257495590822,0,1,0.23076923076923078,0.914991961414791,0.5237842991842356,0.11626499949581527,0.010626308162936724,0.15198863636363638,0.9875977653631285,1.0,0.49022057468204067,0.2807203791469195,0.45774532134219365,0.9412424196096417,0.5449725776965265,0.987627695800227,0,val
0.3690758293838863,0.37078651685393266,0.16115004761935087,0.16115520666992175,0.0032098943355191186,0.00545611180243132,0.004517657429342735,0.004780883093363187,0.4975369458128079,0.4465116279069768,0.24162257495590822,0,1,0.23076923076923078,0.9179059485530547,0.3444220786100223,0.10366038116365837,0.00821123812590565,0.1401176948051948,0.973072625698324,1.0,0.4896880824134188,0.24765876777251186,0.44814145161669056,0.9476124955409468,0.5379646556977453,0.9376844494892169,0,val
0.36789099526066354,0.37137788290952106,0.1627387483607629,0.1627503520437407,0.0063346282090754845,0.01167799368239686,0.008925128092116137,0.008912651050403566,0.45320197044334976,0.4837209302325582,0.24162257495590822,0,1,0.23076923076923078,0.914991961414791,0.5345905286576969,0.06584652616718767,0.01175334084688456,0.0836038961038961,1.0,1.0,0.5499621111270403,0.29505213270142183,0.5194542935637636,0.9667227233348621,0.5081048141377209,1.0,0,train
0.36789099526066354,0.37078651685393266,0.1634847442349843,0.16349233680777508,0.004788638284213215,0.006987651957499761,0.006115365544598093,0.007020433840811846,0.4827586206896552,0.4186046511627907,0.24162257495590822,0,1,0.23076923076923078,0.914991961414791,0.4290708761521348,0.09065241504487244,0.010626308162936724,0.13423295454545453,1.0,1.0,0.5251397792205132,0.2807203791469195,0.481179702726184,0.9541864139020537,0.5294942108470445,0.9977298524404086,0,train
0.36789099526066354,0.37137788290952106,0.1642356148714529,0.16424532908128966,0.006373933037673678,0.010050732267636642,0.007713073659853451,0.010472028521035506,0.5320197044334976,0.47906976744186053,0.24162257495590822,0,1,0.23076923076923078,0.914991961414791,0.44019493590422715,0.07865281839265909,0.01175334084688456,0.09912743506493507,0.9841340782122905,1.0,0.5505150838675322,0.29505213270142183,0.5032052034658463,0.9602507261886561,0.593235831809872,0.9998864926220203,0,train
0.36729857819905215,0.37019515079834425,0.16496148269510508,0.16496757895332737,0.004611766555521346,0.005168948023355988,0.005068591262189411,0.006693892002563332,0.4729064039408867,0.4186046511627907,0.24162257495590822,0,1,0.23076923076923078,0.913484726688103,0.3283186778260409,0.11092064132298075,0.010626308162936724,0.18465909090909088,1.0,1.0,0.5218014623056916,0.2807203791469195,0.4622302580599713,0.9439433318045152,0.5242535039609995,0.9908059023836548,0,val
0.3667061611374408,0.3696037847427558,0.16566069657679255,0.16567088018404555,0.006052943604121766,0.010625059825787308,0.007988540576276789,0.008486291799512111,0.45320197044334976,0.41395348837209306,0.24162257495590822,0,1,0.23076923076923078,0.9119774919614149,0.4443267295264329,0.06816577594030453,0.010626308162936724,0.08421266233766234,0.992290502793296,1.0,0.5459274581686362,0.2807203791469195,0.5075257707751192,0.9655506293635021,0.5063375990249848,0.9997729852440409,0,train
0.3667061611374408,0.3696037847427558,0.1663286176298607,0.16633604825692155,0.004264573902903971,0.008423470852876425,0.0060051787780287585,0.00611344986577707,0.46798029556650245,0.45116279069767445,0.24514991181657875,0,1,0.23076923076923078,0.9106712218649519,0.48765759084648796,0.09246748008470305,0.010626308162936724,0.109375,1.0,1.0,0.5148585823417372,0.2807203791469195,0.4793481578885575,0.9532691229679457,0.517794028031688,0.99738933030647,0,test
0.365521327014218,0.36546422235363696,0.16957481616052875,0.1695756369220173,0.0006681820861692859,0.0022015889729108833,0.0013773345821166878,0.0010086131125398622,0.5221674876847291,0.4186046511627907,0.24162257495590822,0,1,0.23076923076923078,0.9090635048231511,0.3531094395592753,0.22436220631239287,0.004669135404926743,0.22889610389610388,1.0,1.0,0.35144489729043354,0.18092890995260666,0.33226101862070584,0.8866126484227692,0.5459475929311396,0.17582292849035183,0,test
0.3661137440758294,0.36664695446481377,0.17031318539058912,0.1703136904326659,0.0006747328909356515,0.0013400976356848858,0.0012120544322626852,0.0010218128222497758,0.5221674876847291,0.4093023255813954,0.24514991181657875,0,1,0.23076923076923078,0.9091639871382637,0.3371119822015044,0.31249369769083396,0.005796168088874576,0.4292816558441558,0.9513966480446927,1.0,0.35230507710897657,0.20629383886255923,0.31521356282433605,0.8420730775110838,0.5477148080438757,0.1727582292849035,0,train
0.3649289099526067,0.36487285629804855,0.17103700895910537,0.17103743418099018,0.0005240643813092438,0.0011486551163013307,0.0011018676656933504,0.0008052685649172077,0.5369458128078818,0.41395348837209306,0.24514991181657875,0,1,0.23076923076923078,0.9062500000000001,0.3699544443267295,0.279721690027226,0.004669135404926743,0.4202516233766233,1.0,1.0,0.3303090503205194,0.18092890995260666,0.3104703313217649,0.8586352749324773,0.5557586837294333,0.1326901248581158,0,train
0.3643364928909953,0.36487285629804855,0.17152126155072947,0.17152121422264574,0.0003602942621501051,0.001052933856609553,0.000771307365985345,0.0005443801847683288,0.5270935960591133,0.4186046511627907,0.24514991181657875,0,1,0.23076923076923078,0.9047427652733119,0.4842674012077551,0.462236563476858,0.005796168088874576,0.5317573051948051,1.0,1.0,0.2979703852376759,0.20629383886255923,0.27616408763237604,0.7663965754471793,0.5472273004265692,0.10510783200908061,0,test
0.3643364928909953,0.36546422235363696,0.17223950273022065,0.17224016184183938,0.0007140377195338447,0.0018187039341437735,0.001267147815547353,0.001092987727548329,0.5221674876847291,0.4186046511627907,0.24514991181657875,0,1,0.23076923076923078,0.9047427652733119,0.446975315181693,0.3277200766360795,0.007084205441957815,0.3719561688311688,1.0,1.0,0.35724087082966394,0.22828436018957346,0.324089510883603,0.8343780257860673,0.5534430225472273,0.23280363223609532,0,train
0.3637440758293839,0.36487285629804855,0.1729622255459714,0.17296319796455425,0.0010415779578521222,0.0015315401550684408,0.0014875213486860229,0.0016069999527226085,0.5320197044334976,0.45116279069767445,0.24162257495590822,0,1,0.23076923076923078,0.9046422829581994,0.29801885792986543,0.279721690027226,0.007084205441957815,0.43628246753246747,1.0,1.0,0.39031683289983,0.22828436018957346,0.33982201141193324,0.8586352749324773,0.5575258988421694,0.2877412031782066,0,train
0.3637440758293839,0.36487285629804855,0.1736833758577714,0.17368324633469592,0.00043235311458012616,0.001052933856609553,0.0007162139827006776,0.0006677500206191544,0.5369458128078818,0.4465116279069768,0.24162257495590822,0,1,0.23076923076923078,0.9046422829581994,0.41625172158067597,0.5678128466270042,0.007084205441957815,0.609780844155844,1.0,1.0,0.313658426690151,0.22828436018957346,0.26911968441073564,0.7130408194465678,0.5587446678854358,0.11407491486946653,0,train
0.3649289099526067,0.36487285629804855,0.17440609867352214,0.1744064397075462,0.0005568184051410716,0.0012443763759931081,0.0010467742824086827,0.0008580674037568617,0.5369458128078818,0.4186046511627907,0.24162257495590822,0,1,0.23076923076923078,0.9075562700964631,0.29134442207861005,0.2941413733992135,0.004669135404926743,0.3912337662337662,1.0,1.0,0.3355725315911279,0.18092890995260666,0.30549228637847226,0.8513479080670641,0.5572821450335161,0.12463110102156641,0,train
0.36255924170616116,0.36487285629804855,0.17536343907872023,0.17536338540671567,0.0005568184051410716,0.0012443763759931081,0.000771307365985345,0.0008432285144097695,0.5221674876847291,0.4186046511627907,0.24162257495590822,0,1,0.23076923076923078,0.9017282958199357,0.4449623900836953,0.6639104567913683,0.009338270809853486,0.661830357142857,1.0,1.0,0.3355725315911279,0.2650236966824645,0.27616408763237604,0.6644753605462977,0.5478366849482024,0.16685584562996594,0,train
0.02251184834123223,0.02602010644589001,0.057309906483976304,0.05730981185807546,0.0007271393290665758,0.000861491337225998,0.0006060272161313426,0.0010699529400153428,0.458128078817734,0.4325581395348837,0.8465608465608465,1,0,0.23076923076923078,0.04471463022508038,0.15245259031677086,0.9160028234345063,0.007889228787634841,0.9999999999999999,1.0,1.0,0.3588383476355296,0.2807203791469195,0.25341066522647754,0.5370738419201957,0.5323583180987204,0.14097616345062428,0,val
0.7417061611374408,0.7942046126552337,0.027458120485095452,0.027463107152601036,0.011856956627121641,0.011199387383937973,0.007382513360145446,0.016888122711403275,0.4039408866995074,0.441860465116279,0.8112874779541448,1,0,0.15384615384615385,0.40383842443729906,0.7962707913973939,0.7899566401129373,0.08919658670101431,0.8038758116883116,0.511731843575419,0.0,0.6056485141417658,0.6374597156398105,0.44163711930870925,0.3884727105947103,0.514320536258379,1.0,0,test
0.648696682464455,0.648728562980485,0.23759221654574503,0.23759174562589092,0.00025548138588825636,0.0005743275581506654,0.0005509338328466751,0.00036950559926509534,0.49261083743842365,0.39999999999999997,0.42328042328042326,1,0,0.3076923076923077,0.5,0.4952855175336371,0.63335686195422,0.005313154081468361,0.8731737012987012,1.0,1.0,0.268662829991603,0.20629383886255923,0.24453471716721067,0.6799164246037812,0.525716026812919,0.07173666288308739,0,train
0.11433649289099528,0.12123004139562389,0.04760669223086339,0.0476096800038369,0.0038387715930902114,0.0015315401550684408,0.0027546691642333756,0.005343035436303032,0.35960591133004927,0.4558139534883721,0.22222222222222232,0,1,0.9615384615384616,0.2866760450160772,0.34092594554507893,0.3277200766360795,0.017871518274029944,0.9435876623376622,1.0,1.0,0.5055399676408544,0.3524170616113744,0.40096743137577195,0.8343780257860673,0.5028031687995125,0.9743473325766174,0,val
0.686611374407583,0.6889414547604968,0.002060137425837765,0.002060134024290428,0.000681283695702017,0.000861491337225998,0.0006060272161313426,0.001082031105762976,0.49261083743842365,0.45116279069767445,0.22222222222222232,0,1,0.5576923076923077,0.27180466237942125,0.2087085496344952,0.9160028234345063,0.010626308162936724,0.9999999999999999,1.0,1.0,0.35314477645564957,0.2807203791469195,0.25341066522647754,0.5370738419201957,0.5738574040219379,0.14097616345062428,0,train
0.21682464454976305,0.2288586635127144,0.017428611662208226,0.01743157063794021,0.003995990907482984,0.004211735426438212,0.002809762547518043,0.006132861203585766,0.5073891625615764,0.4186046511627907,0.8112874779541448,0,1,0.6153846153846154,0.43599276527331193,0.5606526115054561,0.5159826560451749,0.02237964900982128,0.5588474025974025,0.9569832402234637,1.0,0.5091035697462469,0.4223696682464456,0.39894803578556837,0.7392345716760944,0.5542352224253504,0.9985244040862657,0,train
0.4958530805687204,0.49970431697220585,0.017668418514692967,0.017668546592035754,0.0010022731292539289,0.001052933856609553,0.0007162139827006776,0.0013668169995696723,0.270935960591133,0.45116279069767445,0.8112874779541448,0,1,0.6153846153846154,0.9970860128617364,0.15722004449623903,0.9280024200867197,0.009982289486395103,0.9999999999999999,1.0,1.0,0.3869375550412682,0.3082085308056872,0.26911968441073564,0.5310095296335933,0.4936014625228519,0.2164585698070374,0,train
0.23104265402843605,0.23477232406859846,0.19706941873728087,0.19707042997690782,0.0016049471677595593,0.0011486551163013307,0.0015426147319706903,0.0022576679960701097,0.43349753694581283,0.41395348837209306,0.2821869488536155,0,1,0.038461538461538464,0.5651125401929261,0.30744782286259137,0.40889381869516994,0.01159233617774915,0.8550121753246752,1.0,1.0,0.4283900301062937,0.29505213270142183,0.34339117571089767,0.7933547367884626,0.5085313833028642,0.5183881952326901,0,train
0.8003554502369669,0.8013010053222945,0.3774596811952665,0.37745968696215537,0.0008712570339266179,0.0009572125969177757,0.0011018676656933504,0.001108257979957837,0.43842364532019706,0.3348837209302326,0.2821869488536155,0,1,0.038461538461538464,0.03908762057877813,0.2648585655260091,0.44539679338509636,0.008050233456770244,0.7463474025974025,0.9468156424581007,1.0,0.37464927191922504,0.24765876777251186,0.30549228637847226,0.774906996891403,0.46118220597196835,0.21316685584562997,0,train
0.7849526066350712,0.7871082199881727,0.38066475874762323,0.38066680347428444,0.002450000982620715,0.001052933856609553,0.0025342956310947054,0.0032311681553293522,0.4482758620689655,0.372093023255814,0.2821869488536155,0,1,0.038461538461538464,0.07385450160771705,0.272168661934527,0.23273167288494506,0.010304298824665915,0.8438514610389609,0.9762011173184357,1.0,0.46576689126917487,0.2807203791469195,0.3904477892314556,0.8823829180043826,0.4767215112736137,0.7678774120317821,0,train
0.6895734597156399,0.690715552927262,0.03611381123143649,0.036115088229119734,0.0013101609532731096,0.0012443763759931081,0.0015426147319706903,0.0018253559349173216,0.4187192118226601,0.3953488372093023,0.22222222222222232,0,1,0.11538461538461542,0.2673834405144695,0.23953808666172263,0.30452757890491083,0.00821123812590565,0.5941558441558441,1.0,1.0,0.41051057816372094,0.24765876777251186,0.34339117571089767,0.8460989654996687,0.5039000609384522,0.3549375709421112,0,train
0.32109004739336494,0.3305736250739208,0.0035562963097499406,0.003556054562651992,0.0008516046196275212,0.0028716377907533263,0.0010467742824086827,0.0012518156071297068,0.5123152709359606,0.3813953488372093,0.0,0,1,0.0,0.8877612540192926,0.3531094395592753,0.40415448220227895,0.026404765738206402,0.6829342532467532,0.38547486033519557,0.0,0.37266266614782806,0.39484360189573464,0.2240589851363092,0.19349742648932378,0.5316879951249238,0.24279228149829737,0,test
0.21741706161137442,0.21821407451212302,0.023313393196986235,0.023315320330319637,0.0012839577342076474,0.0007657700775342204,0.0019833617982480305,0.0019265537093599919,0.4975369458128079,0.4186046511627907,0.0,0,1,0.0,0.6010852090032154,0.24949676872550058,0.1824140365029747,0.006762196103687006,0.695616883116883,1.0,1.0,0.4087287771110247,0.20629383886255923,0.3682344377392162,0.9078122611221526,0.5422912858013407,0.3511918274687854,0,train
0.552132701421801,0.554701360141928,0.23694741130075245,0.2369473345708919,0.000825401400562059,0.0009572125969177757,0.0008264007492700126,0.0011859033311926222,0.43349753694581283,0.41395348837209306,0.8112874779541448,0,1,0.038461538461538464,0.8862540192926046,0.28890772327577074,0.6848845416960774,0.008050233456770244,0.9154829545454544,1.0,1.0,0.3699182829172385,0.2807203791469195,0.28273886397257375,0.653875554196606,0.5198659354052407,0.20681044267877416,0,train
0.30568720379146924,0.30928444707273806,0.10537191723377055,0.10537205775168475,0.0009236634720575423,0.0012443763759931081,0.0008264007492700126,0.001250262700105011,0.37438423645320196,0.4093023255813954,0.22222222222222232,0,1,0.11538461538461542,0.7664790996784566,0.27036762368895007,0.747907633356862,0.011914345516019963,0.797077922077922,1.0,1.0,0.379769389886743,0.29505213270142183,0.28273886397257375,0.6220251745400805,0.49012797074954295,0.23280363223609532,0,train
0.7890995260663508,0.7936132465996453,0.004993250419917524,0.0049940284261069815,0.001434626243834055,0.0016272614147602184,0.0011569610489780178,0.002068817247344615,0.47783251231527096,0.40465116279069774,0.8112874779541448,1,0,0.11538461538461542,0.40504421221864956,0.3499311367729632,0.6791368357366139,0.011914345516019963,0.7864245129870129,1.0,1.0,0.4184979621930489,0.3317914691943128,0.31521356282433605,0.6567803088212811,0.521267519804997,0.48479001135073785,0,train
0.28436018957345977,0.2879952690715553,0.09882487566014697,0.09882486973791907,0.0007336901338329413,0.0012443763759931081,0.0007162139827006776,0.0010327694440351288,0.39408866995073893,0.4093023255813954,0.8112874779541448,1,0,0.11538461538461542,0.5718448553054664,0.34050217184023734,0.8559040032267823,0.009016261471582673,0.797077922077922,1.0,1.0,0.3596166055665923,0.29505213270142183,0.26911968441073564,0.5674463639606584,0.509689213893967,0.19421112372304203,0,train
0.41409952606635075,0.4346540508574808,0.11768823992699178,0.11768773110855842,0.0011398400293476053,0.004020292907054657,0.000771307365985345,0.0015715419089920564,0.4433497536945813,0.3813953488372093,0.22222222222222232,1,0,0.038461538461538464,0.9104702572347267,0.49094183705901046,0.18836341635575274,0.046369344710996616,0.9308035714285713,0.47854748603351954,0.0,0.3982427755135478,0.49736492890995265,0.21206001831544838,0.08444172654538046,0.49884216940889703,0.48104426787741195,0,test
0.2553317535545024,0.2596096984033117,0.12426397969771598,0.12426432489764982,0.0011398400293476053,0.0018187039341437735,0.0009916808991240153,0.0016663555101109778,0.4236453201970443,0.4558139534883721,0.22222222222222232,1,0,0.038461538461538464,0.6401728295819936,0.30448140692870007,0.681556922456388,0.013041378199967795,0.6135349025974025,1.0,1.0,0.3982427755135478,0.3082085308056872,0.30025594665038624,0.6555572542424706,0.5285801340645948,0.32905788876276953,0,train
0.05687203791469195,0.07510348905972797,5.645289183083414e-05,5.771079970342619e-05,0.0033474612356127953,0.0038288503876711018,0.0015426147319706903,0.005346745158639805,0.5172413793103449,0.47441860465116276,0.22222222222222232,0,1,0.038461538461538464,0.14258440514469453,0.5202881661192923,0.7759403045275789,0.04041217195298663,0.8550121753246752,0.9614525139664805,0.0,0.49339504782190186,0.4759431279620854,0.33982201141193324,0.381389186159099,0.576782449725777,0.9897843359818388,0,train
0.5171800947867299,0.5292726197516263,0.08592114411613444,0.08592084499932776,0.000969519105422101,0.0023930314922944386,0.0006060272161313426,0.0014341096373064863,0.4729064039408867,0.42790697674418604,0.22222222222222232,0,1,0.038461538461538464,0.6728295819935691,0.4708125860790338,0.3651305838459212,0.029785863790049907,0.9999999999999999,0.8137430167597766,0.0,0.38402932803571793,0.4285876777251185,0.23481344072134688,0.17377567140600314,0.5348567946374162,0.3717366628830874,0,train
0.31101895734597157,0.31519810762862216,0.22925566547620255,0.22925591594665762,0.001172594053179433,0.0013400976356848858,0.0010467742824086827,0.001663939876961451,0.3842364532019705,0.4325581395348837,0.22222222222222232,0,1,0.038461538461538464,0.779742765273312,0.32185612882720627,0.6470706866996068,0.013041378199967795,0.8097605519480519,1.0,1.0,0.4007413930816966,0.3082085308056872,0.30549228637847226,0.6729857819905213,0.5132236441194393,0.35300794551645853,0,test
0.04917061611374408,0.05558840922531047,0.053731123367731067,0.05373205677673389,0.0018145729202832567,0.0018187039341437735,0.0013222411988320203,0.002589990099354991,0.30049261083743845,0.4558139534883721,0.24514991181657875,1,0,0.15384615384615385,0.12208601286173634,0.32047886428647104,0.6369869920338812,0.0164224762518113,0.7584212662337662,1.0,1.0,0.43922419972556176,0.3424075829383887,0.3282457087843708,0.6780818427355654,0.5158439975624619,0.6111237230419977,0,train
0.05864928909952607,0.06505026611472502,0.015509685091145082,0.01550981673282966,0.000681283695702017,0.0022015889729108833,0.0008264007492700126,0.0010811683796381451,0.5320197044334976,0.45116279069767445,0.23809523809523814,1,0,0.15384615384615385,0.14610128617363344,0.5581099692764064,0.873953816678431,0.0164224762518113,0.6347402597402597,0.8603351955307261,0.0,0.35314477645564957,0.3424075829383887,0.26911968441073564,0.4309228966009275,0.5734308348567947,0.2877412031782066,0,train
0.22689573459715642,0.231224127735068,0.00994420048356069,0.009944419939631674,0.0008188505957956935,0.0016272614147602184,0.000771307365985345,0.0011808995196686029,0.4433497536945813,0.4558139534883721,0.8130511463844798,1,0,0.07692307692307693,0.45598874598070743,0.36942472719567754,0.8655843501058789,0.009982289486395103,0.6795860389610389,1.0,1.0,0.369221946873656,0.3082085308056872,0.27616408763237604,0.5625541456454161,0.5218159658744668,0.23779795686719638,0,val
0.5545023696682465,0.5552927261975164,0.04648667629196335,0.046486442286448416,0.0003144386287855463,0.0007657700775342204,0.0004958404495620075,0.0004395589606013684,0.458128078817734,0.4186046511627907,0.8201058201058204,1,0,0.07692307692307693,0.8884646302250804,0.39728784828901365,0.7983261066854896,0.005152149412332957,0.797077922077922,1.0,1.0,0.286316996743605,0.22828436018957346,0.23481344072134688,0.5965448708148602,0.5082876294942109,0.07514188422247448,0,val
0.5983412322274883,0.5984624482554702,0.05245314940698124,0.052453613175674346,0.0005633692099074371,0.0011486551163013307,0.0009916808991240153,0.0007921551278197772,0.46798029556650245,0.4093023255813954,0.8201058201058204,1,0,0.07692307692307693,0.8017483922829584,0.3584066108697955,0.3631138449127761,0.004186121397520528,0.49269480519480513,1.0,1.0,0.33659655518463144,0.20629383886255923,0.30025594665038624,0.8164908525709627,0.5096282754418038,0.1424517593643587,0,train
0.5657582938388626,0.5665286812536962,0.05698007378031286,0.05697950794860122,0.00020962575252369753,0.0007657700775342204,0.0002754669164233376,0.0002849584390316624,0.4482758620689655,0.3813953488372093,0.8201058201058204,1,0,0.07692307692307693,0.8658561093247589,0.30903697425574744,0.747907633356862,0.005152149412332957,0.797077922077922,1.0,0.0,0.2520122063612346,0.22828436018957346,0.18273181956935214,0.36722213728787645,0.4968312004875076,0.04097616345062427,0,train
0.7683649289099527,0.768775872264932,0.06372776685804825,0.06372726851011001,0.0002882354097200841,0.0005743275581506654,0.0003856536829926726,0.0004292925197158801,0.47783251231527096,0.4465116279069768,0.8165784832451499,1,0,0.07692307692307693,0.4577974276527332,0.18921495921178091,0.873953816678431,0.005152149412332957,0.9999999999999999,0.8603351955307261,0.0,0.278903065926639,0.22828436018957346,0.19844083875361024,0.4309228966009275,0.540219378427788,0.04903518728717368,0,train
0.6611374407582938,0.66173861620343,0.06724026893277064,0.06723992203538286,0.0002358289715891597,0.0009572125969177757,0.0004958404495620075,0.0003588077953171916,0.5123152709359606,0.441860465116279,0.8165784832451499,1,0,0.07692307692307693,0.6730305466237942,0.500264858565526,0.8879701522637895,0.005152149412332957,0.661830357142857,0.8882681564245811,1.0,0.2619042742744793,0.22828436018957346,0.2240589851363092,0.5512408907914182,0.5517367458866544,0.06617480136208856,0,train
0.7742890995260664,0.7740981667652278,0.07559372441978338,0.0755932851047168,0.00021617655729006308,0.0006700488178424428,0.00044074706627734013,0.00033283973895978006,0.5024630541871922,0.441860465116279,0.8201058201058204,1,0,0.07692307692307693,0.44895498392282956,0.39728784828901365,0.873953816678431,0.004186121397520528,0.7745535714285714,0.8758659217877094,1.0,0.25459274581686364,0.20629383886255923,0.21206001831544838,0.5583244152270295,0.5581352833638026,0.04903518728717368,0,train
0.5539099526066351,0.5570668243642816,0.08086939654925014,0.08086902714844964,0.00041925150504739506,0.0011486551163013307,0.00044074706627734013,0.0005616347072649478,0.41379310344827586,0.4186046511627907,0.8165784832451499,1,0,0.07692307692307693,0.883540996784566,0.4120139845322598,0.747907633356862,0.009016261471582673,0.8550121753246752,1.0,0.0,0.3109959653470416,0.29505213270142183,0.2240589851363092,0.36722213728787645,0.48695917123705057,0.10896708286038592,0,train
0.33471563981042657,0.3353045535186281,0.0839368800059189,0.08393634829017997,0.00024237977635552525,0.0006700488178424428,0.0003305602997080051,0.00036165479152913373,0.4975369458128079,0.45116279069767445,0.8165784832451499,1,0,0.07692307692307693,0.6718247588424437,0.21623053289543384,1.0,0.004186121397520528,0.7745535714285714,1.0,0.5,0.2642185675957974,0.20629383886255923,0.19844083875361024,0.4946236559139785,0.5415600243753809,0.04199772985244041,0,train
0.2203791469194313,0.22235363690124188,0.08843793668926118,0.08843747616677636,0.0002358289715891597,0.000861491337225998,0.0003856536829926726,0.00034974917100646664,0.4729064039408867,0.4093023255813954,0.8165784832451499,1,0,0.07692307692307693,0.44232315112540194,0.500264858565526,0.8879701522637895,0.006118177427145387,0.8155438311688311,1.0,0.0,0.2619042742744793,0.24765876777251186,0.21206001831544838,0.43800642103653875,0.5385740402193784,0.06617480136208856,0,train
0.9531990521327015,0.9526907155529274,0.09138402284093437,0.09138355745408887,0.00019652414299096643,0.0006700488178424428,0.0003856536829926726,0.00024535930990192184,0.4187192118226601,0.33953488372093027,0.8130511463844798,1,0,0.07692307692307693,0.0857114147909968,0.45407352473779,0.873953816678431,0.004186121397520528,0.7745535714285714,1.0,1.0,0.24660536178753562,0.20629383886255923,0.21206001831544838,0.5583244152270295,0.4596587446678855,0.04903518728717368,0,test
0.4431279620853081,0.4452986398580722,0.09380237666674607,0.09380198591196037,0.0004258023098137606,0.0009572125969177757,0.0004958404495620075,0.0006140021830421863,0.4285714285714286,0.45116279069767445,0.8165784832451499,1,0,0.07692307692307693,0.8894694533762059,0.2707913973937917,0.8991630533427448,0.007084205441957815,0.830864448051948,0.8882681564245811,0.0,0.31234767649046635,0.2650236966824645,0.2240589851363092,0.44366304846353766,0.5227909811090798,0.08671963677639044,0,train
0.11196682464454977,0.1147250147841514,0.10090608463892438,0.10090576078008648,0.00040614989551466396,0.000861491337225998,0.0004958404495620075,0.0006458367770484484,0.5073891625615764,0.5023255813953489,0.8165784832451499,1,0,0.07692307692307693,0.22477893890675243,0.3813963343574531,1.0,0.007084205441957815,0.9077719155844155,1.0,0.5,0.30827206258832207,0.2650236966824645,0.23481344072134688,0.4946236559139785,0.5747714808043876,0.09886492622020432,0,train
0.9235781990521328,0.9272619751626258,0.12990714600046593,0.1299070887574802,0.0007402409385993069,0.0016272614147602184,0.0007162139827006776,0.0009207875930320718,0.3497536945812808,0.37674418604651166,0.8236331569664905,1,0,0.07692307692307693,0.14358922829581994,0.4378641805275983,1.0,0.010948317501207533,0.7329545454545454,1.0,0.5,0.36039486349765504,0.3204170616113744,0.26911968441073564,0.4946236559139785,0.4514929920780012,0.2395005675368899,0,train
0.45260663507109006,0.4577173270254288,0.16223491809495233,0.16223472884966023,0.0008647062291602523,0.0017229826744519958,0.0006611205994160101,0.0011600215474476937,0.33004926108374383,0.4186046511627907,0.8201058201058204,1,0,0.07692307692307693,0.9074557877813505,0.33139103718614266,0.8655843501058789,0.011914345516019963,0.7463474025974025,1.0,0.0,0.3739938968193827,0.3317914691943128,0.2615586916195083,0.4266931661825409,0.48592321755027423,0.23779795686719638,0,train
0.9674170616113745,0.968066232998226,0.1643547320457199,0.16435438205021155,0.0004389039193464917,0.0009572125969177757,0.0005509338328466751,0.0005163415857113229,0.3793103448275862,0.3348837209302326,0.8201058201058204,1,0,0.07692307692307693,0.05938504823151126,0.32100858141752303,0.81667843097711,0.006118177427145387,0.7463474025974025,1.0,1.0,0.31496917688983556,0.24765876777251186,0.24453471716721067,0.5872700402588799,0.4295551492992078,0.09772985244040863,0,test
0.0787914691943128,0.08101714961561206,0.17590076367868113,0.175900630494418,0.0006485296718701893,0.0009572125969177757,0.0007162139827006776,0.0009533123679381985,0.46798029556650245,0.4558139534883721,0.8201058201058204,1,0,0.07692307692307693,0.1579581993569132,0.21019175760144082,0.6399112634869416,0.006118177427145387,0.7463474025974025,1.0,1.0,0.3488438773629345,0.24765876777251186,0.26911968441073564,0.6766039851195026,0.5319926873857403,0.1326901248581158,0,test
0.2968009478672986,0.3110585452395033,0.19254508899546796,0.19254650083067384,0.004028744931314812,0.004881784244280655,0.0023139220979560356,0.005634723139108376,0.3448275862068966,0.4558139534883721,0.8130511463844798,1,0,0.07692307692307693,0.5964630225080386,0.4185824769573048,0.8814157507310678,0.026243761069070996,0.5596590909090908,0.766145251396648,1.0,0.5098203862616993,0.44591469194312805,0.35961678446474277,0.5546042908831473,0.505240706886045,0.9905788876276957,0,test
0.5764218009478673,0.5801301005322295,0.20104345072153948,0.20104304014831834,0.0005961232337392649,0.0011486551163013307,0.0005509338328466751,0.0007862023175584437,0.3694581280788177,0.3813953488372093,0.8165784832451499,1,0,0.07692307692307693,0.8371181672025724,0.37037821803157117,0.8448119390944842,0.009982289486395103,0.927556818181818,1.0,0.0,0.3415118684334487,0.3082085308056872,0.24453471716721067,0.4161952810477501,0.4786106032906764,0.1566401816118048,0,train
0.9638625592417063,0.965109402720284,0.20683238814052113,0.20683188938396474,0.00043235311458012616,0.0007657700775342204,0.0004958404495620075,0.0005449840930557104,0.4088669950738916,0.3348837209302326,0.8165784832451499,1,0,0.07692307692307693,0.06300241157556272,0.33901896387329167,1.0,0.007084205441957815,0.9999999999999999,1.0,0.5,0.313658426690151,0.2650236966824645,0.23481344072134688,0.4946236559139785,0.4591102985984156,0.09886492622020432,0,test
0.5728672985781991,0.5742164399763454,0.21098387719561845,0.21098337158442879,0.0004258023098137606,0.001052933856609553,0.0004958404495620075,0.0005777676857992865,0.41379310344827586,0.3813953488372093,0.8165784832451499,1,0,0.07692307692307693,0.8490755627009646,0.2707913973937917,0.8991630533427448,0.006118177427145387,0.6878043831168831,1.0,1.0,0.31234767649046635,0.24765876777251186,0.23481344072134688,0.5455842633644193,0.49293113954905543,0.08671963677639044,0,train
0.6670616113744077,0.6682436428149024,0.22195193500149268,0.22195298378200728,0.0010743319816839498,0.0020101464535273285,0.0016528014985400254,0.0015894866123885402,0.4482758620689655,0.441860465116279,0.8201058201058204,1,0,0.07692307692307693,0.6615755627009646,0.4080940777624748,0.2941413733992135,0.006118177427145387,0.3824066558441558,0.9639106145251397,1.0,0.3930407356585496,0.24765876777251186,0.3468429332895015,0.8513479080670641,0.5349177330895796,0.3717366628830874,0,train
0.33234597156398105,0.3347131874630397,0.23480927767895898,0.23480873272902106,0.00047820874794468496,0.001052933856609553,0.0004958404495620075,0.0007080393306487597,0.458128078817734,0.4558139534883721,0.8201058201058204,1,0,0.07692307692307693,0.6662982315112541,0.2648585655260091,1.0,0.007084205441957815,0.7658279220779219,1.0,0.5,0.32238310770680156,0.2650236966824645,0.23481344072134688,0.4946236559139785,0.5361365021328458,0.09886492622020432,0,train
0.7926540284360191,0.7942046126552337,0.23718533114849633,0.23718486090046145,0.0005240643813092438,0.0011486551163013307,0.0005509338328466751,0.0007655831631749841,0.458128078817734,0.4186046511627907,0.8236331569664905,1,0,0.07692307692307693,0.4104702572347267,0.2697319631316877,0.908339215488555,0.007084205441957815,0.7101258116883117,1.0,1.0,0.3303090503205194,0.2650236966824645,0.24453471716721067,0.5409468480864292,0.5290676416819012,0.111577752553916,0,train
0.8039099526066351,0.8072146658781787,0.2651046670423378,0.26510407207088205,0.0005175135765428783,0.0012443763759931081,0.0004958404495620075,0.0007545402687771478,0.4482758620689655,0.4465116279069768,0.8201058201058204,1,0,0.07692307692307693,0.382435691318328,0.39930077338701137,0.767268327115055,0.009982289486395103,0.864752435064935,1.0,0.0,0.3292235853114056,0.3082085308056872,0.23481344072134688,0.3770065739183611,0.5280926264472883,0.13825198637911465,0,train
0.3033175355450237,0.3051448846836192,0.26729862455438186,0.2672978687102894,0.000347192652617374,0.000861491337225998,0.0003856536829926726,0.0005168592213862215,0.47783251231527096,0.4465116279069768,0.8201058201058204,1,0,0.07692307692307693,0.6081189710610932,0.250132429282763,0.8879701522637895,0.006118177427145387,0.8155438311688311,1.0,0.0,0.29479591209781475,0.24765876777251186,0.21206001831544838,0.43800642103653875,0.5395490554539915,0.06617480136208856,0,train
0.9514218009478673,0.955056179775281,0.2713291880556688,0.27132936905741906,0.001349465781871303,0.0020101464535273285,0.0011018676656933504,0.0014984690062188751,0.30049261083743845,0.3348837209302326,0.8095238095238098,1,0,0.07692307692307693,0.07867765273311897,0.2723805487869478,0.6974891600282342,0.010948317501207533,0.6029829545454545,0.9468156424581007,1.0,0.41311159809122,0.3204170616113744,0.30549228637847226,0.6475054782653009,0.40262035344302255,0.3904653802497162,0,train
0.3151658767772512,0.31874630396215264,0.28104836322388155,0.2810486854281803,0.00095641749588937,0.0022015889729108833,0.0012120544322626852,0.0013640562759702133,0.4482758620689655,0.4186046511627907,0.8095238095238098,1,0,0.07692307692307693,0.6341438906752412,0.46551541476851366,0.5415952404961177,0.009016261471582673,0.4724025974025973,0.9513966480446927,1.0,0.38284146066725383,0.29505213270142183,0.31521356282433605,0.7262396167762319,0.5159658744667885,0.3604994324631101,0,train
0.8252369668246446,0.8261383796570078,0.006774818770885309,0.006775279335209328,0.0008122997910293279,0.0012443763759931081,0.0009365875158393477,0.0010652942189412556,0.41379310344827586,0.40465116279069774,0.8130511463844798,1,0,0.07692307692307693,0.3405345659163987,0.2354062930395169,0.49581526671372395,0.006118177427145387,0.5941558441558441,1.0,1.0,0.36852561083007357,0.24765876777251186,0.2947613121375068,0.7494266931661826,0.4753199268738574,0.18490351872871733,0,train
0.4407582938388626,0.4447072738024838,0.00837806517384149,0.008378837591273875,0.0010481287626184876,0.0018187039341437735,0.0012120544322626852,0.0014557640630397431,0.4187192118226601,0.40465116279069774,0.8165784832451499,1,0,0.07692307692307693,0.8847467845659164,0.4593706960483102,0.5874760512251689,0.009982289486395103,0.6135349025974025,0.9513966480446927,1.0,0.3908698056403219,0.3082085308056872,0.31521356282433605,0.7031035009937319,0.5025594149908592,0.4017026106696935,0,train
0.3524881516587678,0.3560023654642224,0.010538292476142559,0.01053827507608941,0.0006419788671038237,0.0012443763759931081,0.0006060272161313426,0.0009487399194765945,0.4187192118226601,0.441860465116279,0.8201058201058204,1,0,0.07692307692307693,0.7066921221864952,0.32376311049899353,1.0,0.009016261471582673,0.797077922077922,1.0,0.5,0.34796321707252137,0.29505213270142183,0.25341066522647754,0.4946236559139785,0.5347958561852529,0.15811577752553915,0,train
0.39632701421800953,0.40626848018923717,0.025295219926078163,0.02529596441114935,0.0021421131586015344,0.002297310232602661,0.0012120544322626852,0.0028441492157301887,0.2857142857142857,0.4186046511627907,0.8165784832451499,1,0,0.07692307692307693,0.7955184887459807,0.37059010488399197,0.956135928204094,0.01948156496538399,0.882913961038961,0.9513966480446927,0.0,0.4538882175845332,0.4021611374407583,0.31521356282433605,0.47245579167303675,0.48001218769043263,0.7678774120317821,0,test
0.537914691943128,0.5375517445298641,0.03209535601057006,0.03209530301707972,0.0003275402383182774,0.000861491337225998,0.0006060272161313426,0.0004312767898029913,0.4236453201970443,0.37674418604651166,0.8201058201058204,1,0,0.07692307692307693,0.9240353697749196,0.2943108380125013,0.49581526671372395,0.0033810980518435025,0.5387581168831168,1.0,1.0,0.28979867696151723,0.18092890995260666,0.25341066522647754,0.7494266931661826,0.479890310786106,0.06617480136208856,0,train
0.2180094786729858,0.22176227084565348,0.03754203794467758,0.037542211833229935,0.0008909094482257145,0.0014358188953766634,0.0008264007492700126,0.0013157436129796801,0.4482758620689655,0.4558139534883721,0.8165784832451499,1,0,0.07692307692307693,0.43760048231511256,0.24716601334887173,0.7983261066854896,0.009016261471582673,0.7016030844155843,0.9301675977653632,1.0,0.3766153972187519,0.29505213270142183,0.27616408763237604,0.5965448708148602,0.5340645947592931,0.21316685584562997,0,train
0.9644549763033176,0.9657007687758724,0.045840691669007734,0.04584061598023051,0.0005568184051410716,0.0012443763759931081,0.0006060272161313426,0.0006726675595306908,0.4039408866995074,0.3348837209302326,0.8201058201058204,1,0,0.07692307692307693,0.06410771704180064,0.29134442207861005,0.8319048099223556,0.007084205441957815,0.661830357142857,1.0,1.0,0.3355725315911279,0.2650236966824645,0.25341066522647754,0.5795749885338634,0.4396709323583181,0.12463110102156641,0,test
0.12618483412322276,0.12891780011827322,0.04865838287310467,0.04865822390689534,0.0005568184051410716,0.0013400976356848858,0.0005509338328466751,0.0008003510260056713,0.41379310344827586,0.441860465116279,0.8201058201058204,1,0,0.07692307692307693,0.25301446945337625,0.22152770420595402,0.908339215488555,0.007084205441957815,0.6195211038961038,1.0,1.0,0.3355725315911279,0.2650236966824645,0.24453471716721067,0.5409468480864292,0.5206581352833638,0.111577752553916,0,train
0.06931279620853081,0.0703725606150207,0.06238233247781256,0.06238222947669513,0.00035374345738373956,0.0007657700775342204,0.0006060272161313426,0.0005356666509075362,0.5123152709359606,0.441860465116279,0.8165784832451499,1,0,0.07692307692307693,0.13916800643086819,0.3531094395592753,0.5798124432792175,0.004186121397520528,0.695616883116883,1.0,1.0,0.29639338890368033,0.20629383886255923,0.25341066522647754,0.7069765071599654,0.5484460694698354,0.07968217934165722,0,val
0.037914691943127965,0.05144884683619161,0.07043850609294174,0.07044004091648524,0.004303878731502165,0.004594620465205322,0.001818081648394028,0.0053178438334579685,0.2413793103448276,0.441860465116279,0.8130511463844798,1,0,0.07692307692307693,0.07616559485530548,0.30384574637143763,0.8472320258142584,0.02431170503944614,0.5535714285714286,0.9671508379888267,1.0,0.51567780121654,0.4345781990521328,0.35656420973536523,0.5718289762013963,0.4464351005484461,0.9822928490351874,0,test
0.07642180094786731,0.07983441750443525,0.07581434672406934,0.07581406429486288,0.00041925150504739506,0.0011486551163013307,0.0004958404495620075,0.0006286685271643124,0.4975369458128079,0.43720930232558136,0.8059964726631392,1,0,0.07692307692307693,0.1539389067524116,0.4237737048416146,0.908339215488555,0.008050233456770244,0.7825689935064933,1.0,0.0,0.3109959653470416,0.2807203791469195,0.23481344072134688,0.4483004637415278,0.5430225472273005,0.111577752553916,0,train
0.06161137440758294,0.06800709639266705,0.08175864753338209,0.08175898428992523,0.0011922464674785297,0.0017229826744519958,0.0009365875158393477,0.0016804179459457222,0.3793103448275862,0.4465116279069768,0.8130511463844798,1,0,0.07692307692307693,0.12379421221864953,0.38256171204576755,0.8879701522637895,0.012880373530832392,0.797077922077922,1.0,1.0,0.40219550658447173,0.3424075829383887,0.2947613121375068,0.5512408907914182,0.5097501523461304,0.40556186152099893,0,train
0.03080568720379147,0.04908338261383797,0.08458341500525726,0.08458461197349706,0.004323531145801261,0.00507322676366421,0.0017629882651093603,0.005306024485547785,0.21674876847290642,0.41395348837209306,0.8165784832451499,1,0,0.07692307692307693,0.06179662379421222,0.38764699650386697,0.8039729756982958,0.03187892448881017,0.6495535714285713,0.8645810055865921,0.0,0.5160874106539414,0.4759431279620854,0.34339117571089767,0.39555623503032156,0.44344911639244367,0.9919409761634506,0,val
0.6226303317535545,0.6274393849793023,0.09780156871421619,0.09780211485707142,0.0011922464674785297,0.0020101464535273285,0.0011018676656933504,0.0017145819004890277,0.4039408866995074,0.4186046511627907,0.8165784832451499,1,0,0.07692307692307693,0.7420618971061094,0.44061870960906874,0.7119088434002219,0.011914345516019963,0.6471185064935064,1.0,1.0,0.40219550658447173,0.3317914691943128,0.3104703313217649,0.6402181113998879,0.5200487507617306,0.4565266742338252,0,train
0.3193127962085308,0.32052040212891786,0.10128938247691228,0.1012891366102689,0.00044545472411285726,0.0006700488178424428,0.0005509338328466751,0.0006655069326945939,0.4630541871921182,0.4465116279069768,0.8130511463844798,1,0,0.07692307692307693,0.6416800643086816,0.21665430660027543,0.7250176464656649,0.005152149412332957,0.8872767857142856,1.0,1.0,0.31623896614578,0.22828436018957346,0.24453471716721067,0.6335932324313306,0.5409506398537477,0.08444948921679907,0,train
0.5610189573459716,0.5647545830869308,0.10862700041176016,0.10862682105484964,0.0006878345004683825,0.0012443763759931081,0.0006060272161313426,0.0008770473785031426,0.32019704433497537,0.3813953488372093,0.8165784832451499,1,0,0.07692307692307693,0.8680667202572347,0.3327683017268778,0.9224563880205707,0.009982289486395103,0.864752435064935,1.0,0.0,0.35398447580232245,0.3082085308056872,0.25341066522647754,0.4554349487845895,0.4627666057282145,0.17582292849035183,0,test
0.3204976303317536,0.32584269662921356,0.1206044485036013,0.12060393487013892,0.0005371659908419749,0.0014358188953766634,0.0003856536829926726,0.0008041470209549274,0.4876847290640394,0.4465116279069768,0.8165784832451499,1,0,0.07692307692307693,0.6432877813504824,0.31783027863121094,0.5293939699505898,0.011914345516019963,0.880681818181818,1.0,0.0,0.33245949986687695,0.3317914691943128,0.21206001831544838,0.2567905009427712,0.5418037781840341,0.12463110102156641,0,test
0.06990521327014218,0.07273802483737433,0.1226478387623639,0.12264834388088618,0.0008122997910293279,0.001914425193835551,0.0011018676656933504,0.0011306025865909584,0.4433497536945813,0.3813953488372093,0.8165784832451499,1,0,0.07692307692307693,0.14027331189710612,0.4237737048416146,0.4718160734092972,0.007084205441957815,0.4465300324675324,1.0,1.0,0.36852561083007357,0.2650236966824645,0.3104703313217649,0.7615553177393874,0.5039609993906154,0.26322360953461976,0,train
0.629739336492891,0.6303962152572443,0.12479902416694832,0.12479905398318525,0.0005764708194401682,0.0009572125969177757,0.000771307365985345,0.0008442637857595665,0.458128078817734,0.4558139534883721,0.8201058201058204,1,0,0.07692307692307693,0.737540192926045,0.2648585655260091,0.5293939699505898,0.005152149412332957,0.661830357142857,1.0,1.0,0.3385831609560284,0.22828436018957346,0.27616408763237604,0.7324568108851858,0.5302254722730043,0.12463110102156641,0,train
0.6421800947867299,0.6451803666469546,0.12809106118777985,0.1280912428185829,0.0009302142768239078,0.0013400976356848858,0.0008814941325546802,0.0013171239747794097,0.41379310344827586,0.45116279069767445,0.8236331569664905,1,0,0.07692307692307693,0.7094051446945338,0.3115796164847971,0.7034385398810123,0.009016261471582673,0.7463474025974025,1.0,1.0,0.3804042845147152,0.29505213270142183,0.2889379388076173,0.6444988024257249,0.5123095673369896,0.25300794551645855,0,test
0.9069905213270143,0.9071555292726199,0.13769512906679987,0.13769505896486953,0.0004258023098137606,0.001052933856609553,0.000771307365985345,0.0005523172651167735,0.4236453201970443,0.34418604651162793,0.8130511463844798,1,0,0.07692307692307693,0.17735128617363344,0.42568068651340185,0.5678128466270042,0.005152149412332957,0.609780844155844,0.9254748603351957,1.0,0.31234767649046635,0.22828436018957346,0.26911968441073564,0.7130408194465678,0.4719683120048751,0.11407491486946653,0,train
0.014218009478672987,0.01655824955647546,0.1637975152707824,0.16379740207051255,0.0006026740385056304,0.001052933856609553,0.0007162139827006776,0.0007499678203155438,0.3842364532019705,0.3348837209302326,0.8165784832451499,1,0,0.07692307692307693,0.028536977491961418,0.26909630257442524,0.6399112634869416,0.006118177427145387,0.6878043831168831,1.0,1.0,0.34245397013947204,0.24765876777251186,0.26911968441073564,0.6766039851195026,0.4522851919561243,0.1326901248581158,0,train
0.09182464454976304,0.09639266706091071,0.1782945864428616,0.17829484243143304,0.0010546795673848533,0.0015315401550684408,0.0009916808991240153,0.0015482483036216208,0.458128078817734,0.4465116279069768,0.8130511463844798,1,0,0.07692307692307693,0.18458601286173634,0.3603135925415828,0.681556922456388,0.009982289486395103,0.7181412337662336,1.0,1.0,0.39142277838081396,0.3082085308056872,0.30025594665038624,0.6555572542424706,0.5307739183424741,0.32905788876276953,0,train
0.5953791469194313,0.6061502069781195,0.18149093659829182,0.18149071555887877,0.0013232625628058407,0.002680195271369771,0.0008814941325546802,0.0019099030951507546,0.46798029556650245,0.40465116279069774,0.8165784832451499,1,0,0.07692307692307693,0.7848673633440515,0.3944273757813328,0.5159826560451749,0.02141362099500885,0.830864448051948,0.7370949720670392,0.0,0.41137075798226397,0.4158862559241706,0.2615586916195083,0.2500127401518626,0.5218159658744668,0.4753688989784336,0,train
0.017772511848341235,0.01951507983441751,0.19511283069659802,0.19511266579078343,0.0004978611622437816,0.0007657700775342204,0.0007162139827006776,0.0006157276352918483,0.3891625615763547,0.33953488372093027,0.8201058201058204,1,0,0.07692307692307693,0.035671221864951766,0.32164424197478547,0.5678128466270042,0.005152149412332957,0.797077922077922,1.0,1.0,0.3258647879247138,0.22828436018957346,0.26911968441073564,0.7130408194465678,0.4502132845825716,0.11407491486946653,0,val
0.5219194312796209,0.5239503252513307,0.22921202849157007,0.22921141415833043,0.00039304828598193286,0.000861491337225998,0.00044074706627734013,0.0005214316698478255,0.39408866995073893,0.37674418604651166,0.8130511463844798,1,0,0.07692307692307693,0.9488545016077171,0.32958999894056573,0.8991630533427448,0.007084205441957815,0.9077719155844155,1.0,0.0,0.30544575747025215,0.2650236966824645,0.2240589851363092,0.44366304846353766,0.4826325411334552,0.08671963677639044,0,train
0.16587677725118485,0.16972205795387346,0.23115627237623979,0.23115581208294317,0.0007074869147674791,0.0012443763759931081,0.0005509338328466751,0.0010034367557908766,0.4088669950738916,0.4465116279069768,0.8165784832451499,1,0,0.07692307692307693,0.3329983922829582,0.17660769149274286,0.9160028234345063,0.009016261471582673,0.797077922077922,1.0,0.0,0.3564421324267311,0.29505213270142183,0.24453471716721067,0.4521734699077613,0.513528336380256,0.14097616345062428,0,val
0.740521327014218,0.7433471318746305,0.2585113152273656,0.25851073114236717,0.0004127007002810295,0.0011486551163013307,0.0004958404495620075,0.0006163315435792298,0.5073891625615764,0.4186046511627907,0.8165784832451499,1,0,0.07692307692307693,0.508942926045016,0.4855387223222799,0.8319048099223556,0.009016261471582673,0.8550121753246752,1.0,0.0,0.30964425420361685,0.29505213270142183,0.23481344072134688,0.40967232329409364,0.5408897014015844,0.12463110102156641,0,train
0.7802132701421801,0.7811945594322887,0.26888787567217665,0.26888719582909737,0.00036684506691647066,0.000861491337225998,0.00044074706627734013,0.0005316118381208307,0.47783251231527096,0.40465116279069774,0.8201058201058204,1,0,0.07692307692307693,0.4346864951768489,0.30087933043754633,1.0,0.006118177427145387,0.8155438311688311,1.0,0.5,0.2995064206279313,0.24765876777251186,0.2240589851363092,0.4946236559139785,0.5256550883607556,0.07627695800227016,0,train
0.25947867298578203,0.26138379657007693,0.2808820709310929,0.2808814499091487,0.00043235311458012616,0.000861491337225998,0.0004958404495620075,0.0006322919768886024,0.4630541871921182,0.441860465116279,0.8130511463844798,1,0,0.07692307692307693,0.5215032154340836,0.2589257336582265,0.8991630533427448,0.006118177427145387,0.8155438311688311,1.0,1.0,0.313658426690151,0.24765876777251186,0.23481344072134688,0.5455842633644193,0.5299207800121877,0.08671963677639044,0,train
0.9733412322274883,0.9911295091661739,0.07431362757870008,0.07431586362953756,0.005371659908419749,0.00823202833349287,0.0034157897636493857,0.006081097636095909,0.3497536945812808,0.29767441860465116,0.8201058201058204,1,0,0.11538461538461542,0.013062700964630225,0.5138256171204577,0.9040032267822931,0.03381098051843503,0.4234983766233766,0.6275977653631284,1.0,0.5353390542118089,0.48485308056872045,0.3811726583229624,0.5431381542067981,0.40901889092017063,0.9997729852440409,0,train
0.9952606635071091,0.9958604376108813,0.07735948910604644,0.07735920412561456,0.00043235311458012616,0.0007657700775342204,0.0004958404495620075,0.00028098989885744,0.10344827586206896,0.20930232558139533,0.8201058201058204,1,0,0.11538461538461542,0.0036173633440514472,0.2589257336582265,0.8991630533427448,0.006118177427145387,0.8985389610389609,1.0,1.0,0.313658426690151,0.24765876777251186,0.23481344072134688,0.5455842633644193,0.2448507007921999,0.08671963677639044,0,test
0.9917061611374408,0.9929036073329391,0.09080620626424245,0.09080605633171603,0.0003733958716828362,0.0011486551163013307,0.0006060272161313426,0.0003853797599619848,0.35467980295566504,0.26046511627906976,0.8201058201058204,1,0,0.11538461538461542,0.009545819935691318,0.5385104354274817,0.8319048099223556,0.007084205441957815,0.7101258116883117,1.0,1.0,0.3010219755463166,0.2650236966824645,0.25341066522647754,0.5795749885338634,0.3799512492382694,0.12463110102156641,0,train
0.9940758293838863,0.9946777054997045,0.11468554363309268,0.11468535427276137,0.0004520055288792228,0.000861491337225998,0.0006060272161313426,0.00031869103051255246,0.10837438423645321,0.22790697674418608,0.8165784832451499,1,0,0.11538461538461542,0.0036173633440514472,0.3629621781968429,0.747907633356862,0.006118177427145387,0.8155438311688311,1.0,1.0,0.31750875540172446,0.24765876777251186,0.25341066522647754,0.6220251745400805,0.2638025594149909,0.10896708286038592,0,train
0.9721563981042655,0.9816676522767595,0.23234909524805816,0.23235508024081286,0.007389307776460337,0.009572125969177754,0.00550933832846675,0.008577309405681776,0.3793103448275862,0.30697674418604654,0.8201058201058204,1,0,0.11538461538461542,0.03205385852090032,0.5230426952007629,0.25189069274982356,0.02044759298019642,0.22412743506493507,0.9115083798882682,1.0,0.5636430663362484,0.4091753554502371,0.4622302580599713,0.8727004025887989,0.4192565508836076,1.0,0,test
0.9674170616113745,0.9763453577764637,0.23435906979786797,0.23436489422176515,0.00735655375262851,0.007753422035033982,0.005013497878904743,0.00867833463489948,0.37438423645320196,0.34418604651162793,0.8201058201058204,1,0,0.11538461538461542,0.042805466237942125,0.4899883462231169,0.24654633457698902,0.01948156496538399,0.26653814935064934,0.9878212290502792,1.0,0.563253937370717,0.4021611374407583,0.4599995303731186,0.8754522753911227,0.4260816575258988,1.0,0,test
0.9703791469194314,0.971023063276168,0.23606217020169484,0.23606170180814068,0.00041925150504739506,0.0013400976356848858,0.0005509338328466751,0.0005292824775837871,0.43349753694581283,0.3348837209302326,0.8201058201058204,1,0,0.11538461538461542,0.05345659163987138,0.3531094395592753,0.81667843097711,0.006118177427145387,0.5561079545454545,1.0,1.0,0.3109959653470416,0.24765876777251186,0.24453471716721067,0.5872700402588799,0.45990249847653875,0.09772985244040863,0,train
0.4010663507109005,0.40272028385570674,0.2651730709641941,0.2651724758797948,0.0004389039193464917,0.0009572125969177757,0.0004958404495620075,0.0006491151363228059,0.46798029556650245,0.441860465116279,0.8024691358024691,1,0,0.11538461538461542,0.8088826366559486,0.24716601334887173,0.8991630533427448,0.006279182096280791,0.7463474025974025,1.0,1.0,0.31496917688983556,0.24765876777251186,0.23481344072134688,0.5455842633644193,0.5357099329677026,0.08671963677639044,0,test
0.9330568720379148,0.9373151981076288,0.2670603902058478,0.2670610500063293,0.0016573536058904837,0.0022015889729108833,0.0013773345821166878,0.0020303396621771546,0.3793103448275862,0.3348837209302326,0.8059964726631392,1,0,0.11538461538461542,0.11213826366559487,0.36677614154041743,0.5733588786931532,0.011914345516019963,0.5941558441558441,1.0,1.0,0.43121633522436353,0.3317914691943128,0.33226101862070584,0.7102379860367936,0.44338817794028035,0.5938706015891033,0,train
0.4283175355450237,0.4311058545239504,0.30277211217708533,0.3027712977617802,0.0004978611622437816,0.001052933856609553,0.0003856536829926726,0.0007339211143936882,0.4285714285714286,0.441860465116279,0.8130511463844798,1,0,0.11538461538461542,0.8607315112540194,0.12035173217501854,0.7250176464656649,0.008050233456770244,0.8438514610389609,1.0,0.0,0.3258647879247138,0.2807203791469195,0.21206001831544838,0.3556540793966264,0.5338208409506399,0.08444948921679907,0,train
0.4496445497630332,0.4512123004139563,0.30585359091891545,0.30585277141569933,0.00034064184785100846,0.0007657700775342204,0.0003856536829926726,0.0004984831549273223,0.4433497536945813,0.4186046511627907,0.8165784832451499,1,0,0.11538461538461542,0.9025321543408361,0.2648585655260091,0.8879701522637895,0.006118177427145387,0.8985389610389609,1.0,0.0,0.293157474348209,0.24765876777251186,0.21206001831544838,0.43800642103653875,0.5307739183424741,0.06617480136208856,0,test
0.1113744075829384,0.11413364872856298,0.30943268853595085,0.3094320203733275,0.00047165794317831946,0.000861491337225998,0.0004958404495620075,0.0007009649764251459,0.46798029556650245,0.45116279069767445,0.8130511463844798,1,0,0.11538461538461542,0.22377411575562703,0.2754529081470495,1.0,0.007084205441957815,0.9077719155844155,1.0,0.5,0.3211747598664673,0.2650236966824645,0.23481344072134688,0.4946236559139785,0.5381474710542352,0.09886492622020432,0,train
0.20082938388625593,0.20697811945594324,0.31100762986779407,0.31100774535542064,0.0016245995820586558,0.0017229826744519958,0.0010467742824086827,0.0022071122451550163,0.3793103448275862,0.40465116279069774,0.8201058201058204,1,0,0.11538461538461542,0.40263263665594856,0.23180421654836317,0.7983261066854896,0.012880373530832392,0.797077922077922,1.0,1.0,0.4294550146435374,0.3424075829383887,0.30549228637847226,0.5965448708148602,0.4912858013406459,0.4660612939841089,0,train
0.08471563981042654,0.08633944411590774,0.3128927476039167,0.31289191647816306,0.00032098943355191186,0.0007657700775342204,0.0003856536829926726,0.00047156609983259665,0.5024630541871922,0.4093023255813954,0.8236331569664905,1,0,0.11538461538461542,0.16961414790996787,0.2151710986333298,1.0,0.005152149412332957,0.797077922077922,1.0,0.5,0.2880783173244312,0.22828436018957346,0.21206001831544838,0.4946236559139785,0.5329067641681902,0.05743473325766174,0,train
0.514218009478673,0.5168539325842697,0.31779361341672946,0.3177929314491622,0.000550267600374706,0.000861491337225998,0.0004958404495620075,0.0007420307399670992,0.4433497536945813,0.372093023255814,0.8130511463844798,1,0,0.11538461538461542,0.9631229903536979,0.23116855599110075,0.908339215488555,0.008050233456770244,0.9999999999999999,1.0,0.0,0.3345485079976243,0.2807203791469195,0.23481344072134688,0.4483004637415278,0.48927483241925657,0.111577752553916,0,test
0.23459715639810427,0.2359550561797753,0.007306167855833467,0.007305841292155813,0.000347192652617374,0.0007657700775342204,0.0003856536829926726,0.0005702619685132572,0.5467980295566502,0.48837209302325585,0.8165784832451499,1,0,0.11538461538461542,0.47086012861736337,0.14895645725182752,1.0,0.005152149412332957,0.797077922077922,1.0,0.5,0.29479591209781475,0.22828436018957346,0.21206001831544838,0.4946236559139785,0.5931139549055454,0.05743473325766174,0,test
0.3009478672985782,0.30337078651685395,0.01973838409022273,0.019738508749790662,0.0007074869147674791,0.001052933856609553,0.0007162139827006776,0.001024659818461718,0.45320197044334976,0.441860465116279,0.8095238095238098,1,0,0.11538461538461542,0.6055064308681672,0.227036762368895,0.7119088434002219,0.007084205441957815,0.7658279220779219,1.0,1.0,0.3564421324267311,0.2650236966824645,0.26911968441073564,0.6402181113998879,0.5241925655088361,0.15232690124858114,0,train
0.6718009478672986,0.6806623299822591,0.056733505160840025,0.056734276362395517,0.0024434501778543495,0.0028716377907533263,0.0012120544322626852,0.0029535428883587533,0.23645320197044334,0.441860465116279,0.24162257495590822,1,0,0.11538461538461542,0.3064710610932476,0.27428753045873505,0.956135928204094,0.023506681693769113,0.6829342532467532,1.0,1.0,0.4655211256067339,0.39484360189573464,0.319745462230258,0.5167915201549202,0.4371115173674589,0.7678774120317821,0,train
0.148696682464455,0.15079834417504437,0.07505938757732886,0.0750591850197231,0.0004258023098137606,0.000861491337225998,0.0005509338328466751,0.0006297900711265927,0.4876847290640394,0.4093023255813954,0.24162257495590822,1,0,0.11538461538461542,0.36977491961414793,0.34240915351202456,0.81667843097711,0.00821123812590565,0.8155438311688311,1.0,1.0,0.31234767649046635,0.24765876777251186,0.24453471716721067,0.5872700402588799,0.5358318098720293,0.09772985244040863,0,train
0.4040284360189574,0.4068598462448256,0.126896115435628,0.12689637766450526,0.0008122997910293279,0.0012443763759931081,0.0009365875158393477,0.001214718383761976,0.5123152709359606,0.4465116279069768,0.22398589065255736,0,1,0.0,0.9811093247588426,0.38521029770102766,0.6078451144499344,0.010626308162936724,0.729403409090909,1.0,1.0,0.36852561083007357,0.2807203791469195,0.2947613121375068,0.6928094582887429,0.5407678244972578,0.24279228149829737,0,val
0.011255924170616115,0.011235955056179777,0.13389305038955246,0.1338935369408087,0.0004847595527110505,0.001052933856609553,0.0011018676656933504,0.0007978491202436615,0.5812807881773399,0.4558139534883721,0.23104056437389797,0,1,0.0,0.028135048231511257,0.2926157431931349,0.2317233034183725,0.0035421027209789077,0.37560876623376616,1.0,1.0,0.3235504946033957,0.15090047393364928,0.3104703313217649,0.882892524078887,0.5943327239488118,0.10510783200908061,0,train
0.6421800947867299,0.6871673565937316,0.14131149502746732,0.14131220520513674,0.00575160658486895,0.010242174787020197,0.003305602997080051,0.008921623402101807,0.4975369458128079,0.45116279069767445,0.23104056437389797,0,1,0.0,0.28265675241157556,0.5913762051064732,0.28325098316022995,0.09595878280470131,0.7580154220779219,0.3222346368715084,0.0,0.5414012738853503,0.6134976303317536,0.324089510883603,0.1323956581562452,0.560146252285192,1.0,0,train
0.5450236966824645,0.5458308693081018,0.14592891700316285,0.14592844018086912,0.0003275402383182774,0.0006700488178424428,0.00044074706627734013,0.0004801933610809061,0.4975369458128079,0.41395348837209306,0.23104056437389797,0,1,0.0,0.636354501607717,0.2943108380125013,0.8879701522637895,0.007084205441957815,0.8872767857142856,1.0,1.0,0.28979867696151723,0.22828436018957346,0.2240589851363092,0.5512408907914182,0.5318098720292505,0.06617480136208856,0,train
0.012440758293838863,0.013010053222945005,0.15585432606451244,0.15585532673040015,0.0007205885243002102,0.0018187039341437735,0.0014875213486860229,0.0011168852412061464,0.541871921182266,0.441860465116279,0.2275132275132279,0,1,0.0,0.03114951768488746,0.3531094395592753,0.20772411011394573,0.004669135404926743,0.2752637987012987,1.0,1.0,0.3580396092325967,0.18092890995260666,0.33982201141193324,0.8950211486520919,0.5602681291895186,0.19421112372304203,0,train
0.03376777251184834,0.03489059727971615,0.15785156333232142,0.157851145449299,0.0003733958716828362,0.000861491337225998,0.0004958404495620075,0.0005868263101100114,0.5270935960591133,0.45116279069767445,0.2275132275132279,0,1,0.0,0.0845056270096463,0.1664371225765441,0.6974891600282342,0.0059571727580099805,0.6310876623376622,1.0,1.0,0.3010219755463166,0.20629383886255923,0.23481344072134688,0.6475054782653009,0.5683729433272395,0.06390465380249719,0,train
0.12144549763033176,0.12359550561797752,0.1597985590989049,0.15979845250141722,0.0005371659908419749,0.0011486551163013307,0.0007162139827006776,0.000821056453001614,0.5172413793103449,0.441860465116279,0.2275132275132279,0,1,0.0,0.30385852090032156,0.3531094395592753,0.6399112634869416,0.00821123812590565,0.6376826298701298,1.0,1.0,0.33245949986687695,0.24765876777251186,0.26911968441073564,0.6766039851195026,0.5528945764777575,0.1326901248581158,0,test
0.786137440758294,0.7847427557658191,0.16167518531369368,0.16167507561765887,0.000347192652617374,0.000861491337225998,0.0007162139827006776,0.0005024516951015447,0.5024630541871922,0.40465116279069774,0.22398589065255736,0,1,0.0,0.03265675241157556,0.227036762368895,0.35171926994050623,0.0035421027209789077,0.4465300324675324,1.0,1.0,0.29479591209781475,0.15090047393364928,0.26911968441073564,0.8222494012128625,0.5251066422912858,0.06390465380249719,0,train
0.2855450236966825,0.2868125369603785,0.1647491160365604,0.16474900126507735,0.00043235311458012616,0.0011486551163013307,0.0007162139827006776,0.0006467857757857623,0.5172413793103449,0.4186046511627907,0.22398589065255736,0,1,0.0,0.7154340836012861,0.41625172158067597,0.5678128466270042,0.007084205441957815,0.565137987012987,1.0,1.0,0.313658426690151,0.22828436018957346,0.26911968441073564,0.7130408194465678,0.5417428397318709,0.11407491486946653,0,train
0.7802132701421801,0.7800118273211119,0.16977932029931983,0.16977935447246903,0.0004978611622437816,0.0009572125969177757,0.0008264007492700126,0.0007877552245831394,0.541871921182266,0.441860465116279,0.22045855379188728,0,1,0.0,0.04159967845659164,0.32164424197478547,0.43279217505293943,0.0059571727580099805,0.5772118506493507,1.0,1.0,0.3258647879247138,0.20629383886255923,0.28273886397257375,0.7812770728227081,0.5719073735527118,0.11407491486946653,0,train
0.010071090047393365,0.010644589000591367,0.19080369812044104,0.19080471970556484,0.0007860965719638657,0.0013400976356848858,0.0015426147319706903,0.0011890091452420137,0.5270935960591133,0.4186046511627907,0.22045855379188728,0,1,0.0,0.02522106109324759,0.3165589575166861,0.20026217606130886,0.004669135404926743,0.36586850649350644,1.0,1.0,0.3656583447682634,0.18092890995260666,0.34339117571089767,0.8987922336034246,0.5469226081657526,0.20363223609534617,0,train
0.490521327014218,0.49201655824955653,0.19220503501612482,0.19220463903624538,0.0004258023098137606,0.001052933856609553,0.0005509338328466751,0.0006778439162796765,0.5517241379310345,0.45116279069767445,0.2169312169312172,0,1,0.0,0.7636655948553055,0.34240915351202456,0.81667843097711,0.008372242795041056,0.6878043831168831,1.0,1.0,0.31234767649046635,0.24765876777251186,0.24453471716721067,0.5872700402588799,0.5753808653260207,0.09772985244040863,0,train
0.4289099526066351,0.430514488468362,0.2605145280101873,0.2605137833674959,0.00035374345738373956,0.0011486551163013307,0.0003856536829926726,0.00048373053819271303,0.4285714285714286,0.40465116279069774,0.26984126984126977,0,1,0.0,0.9422226688102894,0.2354062930395169,0.8879701522637895,0.008050233456770244,0.6376826298701298,1.0,0.0,0.29639338890368033,0.24765876777251186,0.21206001831544838,0.43800642103653875,0.49725776965265084,0.06617480136208856,0,test
0.35130331753554506,0.35363690124186875,0.265582472367764,0.2655822697327298,0.0006485296718701893,0.0012443763759931081,0.000771307365985345,0.0009646140801734839,0.4876847290640394,0.4093023255813954,0.2627865961199296,0,1,0.0,0.866057073954984,0.3461171734293887,0.6639104567913683,0.009338270809853486,0.661830357142857,1.0,1.0,0.3488438773629345,0.2650236966824645,0.27616408763237604,0.6644753605462977,0.5381474710542352,0.16685584562996594,0,train
0.6214454976303319,0.622708456534595,0.28072371978325544,0.2807231776478367,0.0004258023098137606,0.0009572125969177757,0.0005509338328466751,0.000658346305858497,0.5221674876847291,0.441860465116279,0.2627865961199296,0,1,0.0,0.4644292604501608,0.34240915351202456,0.81667843097711,0.008050233456770244,0.7463474025974025,1.0,1.0,0.31234767649046635,0.24765876777251186,0.24453471716721067,0.5872700402588799,0.5593540524070688,0.09772985244040863,0,train
0.7772511848341233,0.778829095209935,0.3232789789480247,0.3232786024236963,0.0004913103574774161,0.0012443763759931081,0.0007162139827006776,0.0007167528645095523,0.5123152709359606,0.3813953488372093,0.2169312169312172,0,1,0.0,0.04170016077170419,0.4767454179468164,0.7119088434002219,0.009499275478988888,0.661830357142857,1.0,1.0,0.3247178814999898,0.2650236966824645,0.26911968441073564,0.6402181113998879,0.5284582571602682,0.15232690124858114,0,train
0.27191943127962087,0.27498521584861035,0.327007543065576,0.3270070031347814,0.0005699200146738027,0.0011486551163013307,0.0006060272161313426,0.000884639368401655,0.5320197044334976,0.4186046511627907,0.22045855379188728,0,1,0.0,0.682274919614148,0.34516368259349506,0.9160028234345063,0.010626308162936724,0.7825689935064933,1.0,1.0,0.337600098306265,0.2807203791469195,0.25341066522647754,0.5370738419201957,0.5611822059719683,0.14097616345062428,0,train
0.28850710900473936,0.2909520993494974,0.3286743972533388,0.32867354007008637,0.0003275402383182774,0.0017229826744519958,0.0003856536829926726,0.0005822538616484074,0.6403940886699507,0.4837209302325582,0.22045855379188728,0,1,0.0,0.7238745980707396,0.37080199173641276,0.7983261066854896,0.009499275478988888,0.49269480519480513,1.0,0.0,0.28979867696151723,0.2650236966824645,0.21206001831544838,0.39270244101309687,0.6400975015234613,0.07514188422247448,0,train
0.12085308056872039,0.13069189828503844,0.0718929149969623,0.07189318941800939,0.0006747328909356515,0.003350244089212214,0.0010467742824086827,0.0011435434784634226,0.49261083743842365,0.5162790697674418,0.24867724867724883,1,0,0.11153846153846153,0.2996382636655949,0.7620510647314335,0.770797620248059,0.023506681693769113,0.588676948051948,0.8324022346368714,0.0,0.35230507710897657,0.39484360189573464,0.2889379388076173,0.37879019517912654,0.6116392443631932,0.5656072644721907,0,train
0.3412322274881517,0.3435836782968658,0.12385300579019541,0.12385240816788654,0.00034064184785100846,0.0009572125969177757,0.0003305602997080051,0.0006302214341890081,0.6059113300492611,0.5674418604651164,0.7495590828924161,1,0,0.11153846153846153,0.7006631832797429,0.24218667231698274,0.6974891600282342,0.007245210111093221,0.830864448051948,1.0,0.0,0.293157474348209,0.2650236966824645,0.19844083875361024,0.3417418335626561,0.665386959171237,0.06390465380249719,0,train
0.9372037914691944,0.9384979302188056,0.12628213126806953,0.12628333801152486,0.0012512037103758196,0.0022015889729108833,0.0015977081152553578,0.001550146301096249,0.3842364532019705,0.34418604651162793,0.7530864197530867,1,0,0.11153846153846153,0.07536173633440514,0.37790020129250984,0.3277200766360795,0.007245210111093221,0.3912337662337662,1.0,1.0,0.4064554447334467,0.2650236966824645,0.3468429332895015,0.8343780257860673,0.44875076173065204,0.42826333711691267,0,train
0.5728672985781991,0.5777646363098758,0.12996941715691443,0.12997006743672057,0.001447727853366786,0.002105867713219106,0.0012120544322626852,0.001820265850780819,0.3103448275862069,0.40465116279069774,0.7495590828924161,1,0,0.11153846153846153,0.8150120578778136,0.3746159550799873,0.6492890995260664,0.012236354854290771,0.6195211038961038,1.0,1.0,0.4192967005959818,0.3317914691943128,0.319745462230258,0.6718646486266117,0.45508836075563686,0.5128263337116913,0,train
0.762440758293839,0.7634535777646364,0.1327760222081588,0.13277596022829574,0.000550267600374706,0.0013400976356848858,0.0007162139827006776,0.0008280445346127447,0.49261083743842365,0.4465116279069768,0.7495590828924161,1,0,0.11153846153846153,0.43307877813504825,0.33637037821803156,0.6399112634869416,0.006440186765416195,0.5561079545454545,1.0,1.0,0.3345485079976243,0.24765876777251186,0.26911968441073564,0.6766039851195026,0.54448507007922,0.1326901248581158,0,test
0.7612559241706162,0.7616794795978712,0.134336732379248,0.13433745407313233,0.0007074869147674791,0.0017229826744519958,0.001267147815547353,0.001049333785631883,0.49261083743842365,0.4186046511627907,0.746031746031746,1,0,0.11153846153846153,0.43478697749196143,0.45248437334463393,0.3277200766360795,0.005474158750603766,0.3912337662337662,1.0,1.0,0.3564421324267311,0.22828436018957346,0.324089510883603,0.8343780257860673,0.5365630712979891,0.23280363223609532,0,train
0.03376777251184834,0.03666469544648138,0.3235025103846195,0.32350205486614475,0.0005175135765428783,0.0013400976356848858,0.0006611205994160101,0.0007667047071372642,0.4827586206896552,0.4186046511627907,0.7389770723104059,1,0,0.11153846153846153,0.06963424437299036,0.39930077338701137,0.767268327115055,0.007406214780228625,0.6195211038961038,1.0,1.0,0.3292235853114056,0.2650236966824645,0.2615586916195083,0.6122407379095959,0.5363802559414991,0.13825198637911465,0,val
0.42357819905213273,0.4299231224127736,0.4130597553860029,0.4130588374969238,0.0007467917433656724,0.0015315401550684408,0.0004958404495620075,0.0010594276812924052,0.43349753694581283,0.45116279069767445,0.746031746031746,1,0,0.11153846153846153,0.870880225080386,0.256171204576756,0.5254613290309569,0.014168410883915631,0.9435876623376622,0.8882681564245811,0.0,0.3611731214287177,0.3524170616113744,0.2240589851363092,0.25480303725220405,0.5135892748324192,0.17128263337116909,0,train
0.8045023696682465,0.8107628622117091,0.4312881425575471,0.43128735182123173,0.0007074869147674791,0.0030630803101368816,0.0008264007492700126,0.001193754138928584,0.5566502463054187,0.47906976744186053,0.746031746031746,1,0,0.11153846153846153,0.333701768488746,0.4708125860790338,0.6078451144499344,0.01513443889872806,0.5225243506493505,0.6508379888268156,0.0,0.3564421324267311,0.36181990521327023,0.24453471716721067,0.29643785353921415,0.6090188909201706,0.24279228149829737,0,test
0.12026066350710901,0.12832643406268482,0.43361694228336534,0.43361599045177174,0.0005699200146738027,0.0028716377907533263,0.0007162139827006776,0.0010069739329026835,0.6059113300492611,0.5255813953488373,0.746031746031746,1,0,0.11153846153846153,0.24728697749196143,0.5079987286788855,0.46929514974286585,0.016100466913540487,0.5878652597402597,0.6010055865921788,0.0,0.337600098306265,0.37069194312796205,0.2240589851363092,0.22641797890230853,0.6370505789152956,0.19886492622020432,0,train
0.7968009478672986,0.8001182732111177,0.4359122476750332,0.43591113480346483,0.00032098943355191186,0.0011486551163013307,0.0005509338328466751,0.0005413606433314204,0.5911330049261084,0.4837209302325582,0.746031746031746,1,0,0.11153846153846153,0.35560691318327975,0.4657273016209344,0.5346374911767672,0.010304298824665915,0.927556818181818,0.5937430167597764,0.0,0.2880783173244312,0.3082085308056872,0.19844083875361024,0.25944045253019415,0.6084095063985375,0.08796821793416573,0,val
0.08649289099526067,0.09698403311649911,0.44878751689753776,0.4487862255171367,0.0004847595527110505,0.002105867713219106,0.0003305602997080051,0.0008658319388803403,0.5911330049261084,0.5302325581395348,0.746031746031746,1,0,0.11153846153846153,0.17785369774919615,0.35925415827947876,0.21085005546032068,0.019964578972790206,0.9576907467532467,0.6807821229050279,0.0,0.3235504946033957,0.4021611374407583,0.16413459506422146,0.09580594200682874,0.6436928702010969,0.11804767309875144,0,train
0.18068720379146921,0.18214074512123005,0.06526284521474074,0.06526250158232949,0.00032098943355191186,0.0007657700775342204,0.00044074706627734013,0.0004770012744190316,0.45320197044334976,0.45116279069767445,0.8165784832451499,1,0,0.42307692307692313,0.36264067524115756,0.30903697425574744,0.8879701522637895,0.005152149412332957,0.797077922077922,1.0,1.0,0.2880783173244312,0.22828436018957346,0.2240589851363092,0.5512408907914182,0.5388177940280316,0.06617480136208856,0,train
0.6167061611374408,0.6215257244234181,0.09986029088649831,0.09986114813041383,0.001637701191591387,0.0017229826744519958,0.0013222411988320203,0.0023993276257673517,0.45320197044334976,0.4558139534883721,0.7495590828924161,1,0,0.23076923076923078,0.7249799035369776,0.34749443797012397,0.5966522133709791,0.012236354854290771,0.7463474025974025,1.0,1.0,0.43017183115898994,0.3317914691943128,0.3282457087843708,0.6984660857157418,0.5294332723948811,0.5674233825198638,0,test
0.7470379146919431,0.749852158486103,0.12466190182244558,0.1246618532400211,0.0006550804766365548,0.002105867713219106,0.000771307365985345,0.0011400063013516158,0.5812807881773399,0.5209302325581395,0.746031746031746,1,0,0.23076923076923078,0.45920418006430874,0.41625172158067597,0.8559040032267823,0.009338270809853486,0.49269480519480513,0.9254748603351957,1.0,0.34972453765334754,0.29505213270142183,0.26911968441073564,0.5674463639606584,0.6277879341864717,0.19421112372304203,0,train
0.12203791469194314,0.13837965700768776,0.1398746981676948,0.1398789488457447,0.00640013625673914,0.011869436201780416,0.005894992011459423,0.010174733098418761,0.5221674876847291,0.4837209302325582,0.7636684303350973,1,0,0.23076923076923078,0.24939710610932478,0.6039834728255112,0.4739336492890996,0.0296248591209145,0.2511160714285714,0.5965363128491621,1.0,0.5508837323611936,0.46161137440758304,0.43179843614248475,0.7604851449829282,0.5740402193784278,1.0,0,train
0.4822274881516588,0.4837374334713188,0.008901315863443442,0.008900986665974766,0.0003275402383182774,0.0007657700775342204,0.0003856536829926726,0.00038348176248735675,0.3645320197044335,0.30697674418604654,0.7671957671957674,1,0,0.23076923076923078,0.9842242765273312,0.2943108380125013,0.8879701522637895,0.006279182096280791,0.8985389610389609,1.0,0.0,0.28979867696151723,0.24765876777251186,0.21206001831544838,0.43800642103653875,0.42918951858622795,0.06617480136208856,0,train
0.398696682464455,0.40804257835600244,0.06952102866289438,0.0695215428754288,0.0018866317727132779,0.0024887527519862162,0.0011569610489780178,0.002239895837898592,0.21182266009852216,0.40465116279069774,0.8518518518518521,1,0,0.23076923076923078,0.790896302250804,0.36116113995126603,0.908339215488555,0.01835453228143616,0.7825689935064933,0.8984357541899441,0.0,0.44266491899973376,0.39484360189573464,0.30549228637847226,0.4483004637415278,0.42967702620353443,0.6761634506242906,0,train
0.6877962085308057,0.6889414547604968,0.1703509254854064,0.17035032971422148,0.00035374345738373956,0.0007657700775342204,0.00044074706627734013,0.0004931342529533704,0.4433497536945813,0.40465116279069774,0.8518518518518521,1,0,0.23076923076923078,0.634646302250804,0.2354062930395169,0.8879701522637895,0.006118177427145387,0.8985389610389609,0.8758659217877094,0.0,0.29639338890368033,0.24765876777251186,0.21206001831544838,0.43800642103653875,0.5065204143814748,0.06617480136208856,0,val
0.5402843601895735,0.5452395032525134,0.2823270448114092,0.28232634277856267,0.00035374345738373956,0.0016272614147602184,0.0005509338328466751,0.0006159864531292975,0.5911330049261084,0.4930232558139535,0.7601410934744268,1,0,0.23076923076923078,0.8860530546623795,0.6199809301832822,0.5966522133709791,0.012236354854290771,0.7864245129870129,0.7968715083798883,0.0,0.29639338890368033,0.3317914691943128,0.2240589851363092,0.29078122611221524,0.6276051188299817,0.14517593643586832,0,train
0.6783175355450237,0.6794795978710823,0.04627006387275172,0.04627250347719362,0.0014673802676658826,0.0020101464535273285,0.002369015481240703,0.0021209259052844044,0.458128078817734,0.41395348837209306,0.23104056437389797,1,0,0.23076923076923078,0.30184887459807075,0.4548151287212629,0.19784208934153472,0.00821123812590565,0.3824066558441558,1.0,1.0,0.4204845679644459,0.24765876777251186,0.3859158898255336,0.8999643275747846,0.5224862888482633,0.6043132803632236,0,train
0.7742890995260664,0.7806031933767003,0.0758586127102821,0.07585958820907035,0.0012118988817776263,0.0028716377907533263,0.0014875213486860229,0.0017829098095756388,0.4975369458128079,0.41395348837209306,0.23104056437389797,1,0,0.23076923076923078,0.04883440514469453,0.6360843309672636,0.6897247151356257,0.018837546288842374,0.5561079545454545,0.9202234636871509,1.0,0.4036291396153767,0.36181990521327023,0.33226101862070584,0.6514294450389848,0.5318098720292505,0.7175936435868331,0,train
0.3299763033175356,0.332347723240686,0.08838738068724554,0.08838849274958939,0.0011070860055157775,0.0020101464535273285,0.0014875213486860229,0.0015171901631277067,0.45320197044334976,0.40465116279069774,0.23456790123456805,1,0,0.23076923076923078,0.8230506430868169,0.4124377582371014,0.35171926994050623,0.009499275478988888,0.42654220779220775,1.0,1.0,0.39568271652978887,0.2650236966824645,0.33982201141193324,0.8222494012128625,0.4959171237050579,0.3904653802497162,0,train
0.7375592417061612,0.7439384979302189,0.1055988295538594,0.10560030632326382,0.002495856615985274,0.003350244089212214,0.0017629882651093603,0.0035566747222280696,0.47783251231527096,0.4093023255813954,0.23456790123456805,1,0,0.23076923076923078,0.14328778135048234,0.37631104989935377,0.5415952404961177,0.018837546288842374,0.47899756493506485,1.0,1.0,0.4674053290187807,0.36181990521327023,0.35656420973536523,0.7262396167762319,0.5148689823278488,0.8580022701475596,0,train
0.7535545023696683,0.7569485511531638,0.15314403688024963,0.1531438626451517,0.0007729949624311346,0.0014358188953766634,0.0006611205994160101,0.0010867760994495463,0.4088669950738916,0.441860465116279,0.23456790123456805,1,0,0.23076923076923078,0.11083199356913183,0.3071299925839602,1.0,0.013041378199967795,0.7612621753246753,1.0,0.5,0.3641837507936183,0.3082085308056872,0.2615586916195083,0.4946236559139785,0.5090188909201706,0.1956867196367764,0,train
0.389218009478673,0.39798935541099945,0.16733108889844445,0.1673319133646104,0.002770990416172627,0.0024887527519862162,0.0013773345821166878,0.003172675324065814,0.23645320197044334,0.40465116279069774,0.2275132275132279,1,0,0.23076923076923078,0.9736736334405145,0.23477063248225447,0.8060905515780982,0.022540653678956683,0.7463474025974025,1.0,1.0,0.4766625023040531,0.3871848341232228,0.33226101862070584,0.5926209040411762,0.4140767824497258,0.8132803632236095,0,train
0.696090047393365,0.6989946777054998,0.1951333518731549,0.19513302968332183,0.0007140377195338447,0.0011486551163013307,0.0006060272161313426,0.0010023152118285965,0.458128078817734,0.40465116279069774,0.22045855379188728,1,0,0.23076923076923078,0.24527733118971065,0.24282233287424515,1.0,0.011914345516019963,0.8550121753246752,1.0,0.5,0.35724087082966394,0.29505213270142183,0.25341066522647754,0.4946236559139785,0.5083485679463742,0.15811577752553915,0,train
0.7742890995260664,0.7752808988764046,0.20652913075362486,0.20652918287325875,0.0006157756480383615,0.0018187039341437735,0.0009365875158393477,0.0009659944419732134,0.5320197044334976,0.45116279069767445,0.23809523809523814,1,0,0.23076923076923078,0.06792604501607717,0.394745206059964,0.5254613290309569,0.00821123812590565,0.4202516233766233,0.9378770949720672,1.0,0.34433817355151863,0.24765876777251186,0.2889379388076173,0.7344442745757529,0.5670322973796466,0.17128263337116909,0,test
0.5444312796208531,0.547604967474867,0.24938631067693226,0.24938605615874088,0.0008581554243938868,0.0011486551163013307,0.0007162139827006776,0.001200310857477299,0.41379310344827586,0.41395348837209306,0.23104056437389797,1,0,0.23076923076923078,0.6319332797427654,0.22068015679627082,0.8559040032267823,0.01175334084688456,0.8550121753246752,1.0,1.0,0.3733385217195404,0.29505213270142183,0.26911968441073564,0.5674463639606584,0.5062766605728215,0.19421112372304203,0,train
0.18957345971563982,0.1916026020106446,0.766452892617086,0.7664514698563284,0.0003995990907482984,0.0009572125969177757,0.0004958404495620075,0.0005723325112128515,0.43842364532019706,0.41395348837209306,0.2275132275132279,1,0,0.23076923076923078,0.4742765273311897,0.31783027863121094,0.8991630533427448,0.00821123812590565,0.7463474025974025,1.0,1.0,0.30685891002928706,0.24765876777251186,0.23481344072134688,0.5455842633644193,0.5195612431444241,0.08671963677639044,0,test
0.3915876777251185,0.3926670609107038,0.1711168135346044,0.1711164523740446,0.0004389039193464917,0.000861491337225998,0.0005509338328466751,0.0005660346105015856,0.3842364532019705,0.36744186046511623,0.23809523809523814,1,0,0.3076923076923077,0.9752813504823152,0.22873185718826147,0.7250176464656649,0.007084205441957815,0.7233157467532466,1.0,1.0,0.31496917688983556,0.22828436018957346,0.24453471716721067,0.6335932324313306,0.46928702010968926,0.08444948921679907,0,train
0.32760663507109006,0.332347723240686,0.05811801626425111,0.058118156179262005,0.0010677811769175844,0.0013400976356848858,0.000771307365985345,0.0014106434867110845,0.3448275862068966,0.40465116279069774,0.7142857142857144,1,0,0.23076923076923078,0.6809686495176849,0.227036762368895,0.9327417565796108,0.011431331508613748,0.8731737012987012,1.0,1.0,0.3925082433899277,0.3204170616113744,0.27616408763237604,0.5286143810834225,0.47830591102985986,0.26322360953461976,0,val
0.8690758293838863,0.8734476641040805,0.08942318903958456,0.08942390626633928,0.0015918455582268282,0.0017229826744519958,0.0012120544322626852,0.001973227192713346,0.27586206896551724,0.37674418604651166,0.7566137566137567,1,0,0.15384615384615385,0.21111334405144697,0.3071299925839602,0.6492890995260664,0.012236354854290771,0.7463474025974025,1.0,1.0,0.4276732135908412,0.3317914691943128,0.319745462230258,0.6718646486266117,0.44862888482632546,0.5128263337116913,0,val
0.5503554502369669,0.5523358959195743,0.09764966483257667,0.09764942497556726,0.0005633692099074371,0.001052933856609553,0.0005509338328466751,0.0007652380727250517,0.43349753694581283,0.37674418604651166,0.7566137566137567,1,0,0.15384615384615385,0.8700763665594856,0.2118868524208073,0.908339215488555,0.007245210111093221,0.7658279220779219,1.0,1.0,0.33659655518463144,0.2650236966824645,0.24453471716721067,0.5409468480864292,0.49274832419256553,0.111577752553916,0,test
0.09774881516587679,0.10112359550561797,0.10121319466049992,0.1012131061697877,0.000681283695702017,0.000861491337225998,0.0006611205994160101,0.0010113738361393213,0.4729064039408867,0.4232558139534884,0.7530864197530867,1,0,0.15384615384615385,0.20046221864951771,0.2740756436063142,0.8448119390944842,0.00821123812590565,0.9999999999999999,1.0,1.0,0.35314477645564957,0.2807203791469195,0.2615586916195083,0.573052030780207,0.5370505789152955,0.1566401816118048,0,train
0.15817535545023698,0.16262566528681255,0.13990536199473383,0.13990544549356493,0.0009957223244875632,0.0016272614147602184,0.0008264007492700126,0.001493724012532305,0.458128078817734,0.441860465116279,0.7566137566137567,1,0,0.15384615384615385,0.3240554662379421,0.2750291344422079,0.8109307250176465,0.01014329415553051,0.6795860389610389,1.0,1.0,0.3863641018289062,0.3082085308056872,0.28273886397257375,0.590174794883555,0.5422912858013407,0.2598183881952326,0,train
0.950829383886256,0.9509166173861622,0.16915582248285949,0.1691561721857533,0.0005633692099074371,0.0018187039341437735,0.0010467742824086827,0.0005980417497328138,0.33004926108374383,0.2651162790697675,0.7566137566137567,1,0,0.15384615384615385,0.052150321543408366,0.4767454179468164,0.39497832005646877,0.005313154081468361,0.3719561688311688,1.0,1.0,0.33659655518463144,0.22828436018957346,0.30549228637847226,0.8003873006166233,0.3878732480195003,0.181838819523269,0,test
0.9407582938388627,0.9444115907746896,0.18336528268235205,0.18336553029856298,0.0010939843959830466,0.0017229826744519958,0.0009916808991240153,0.001245690251643407,0.31527093596059114,0.30697674418604654,0.7530864197530867,1,0,0.15384615384615385,0.06320337620578778,0.38637567538934214,0.7345971563981043,0.011270326839478345,0.695616883116883,1.0,1.0,0.3946382124644152,0.3204170616113744,0.30025594665038624,0.6287519747235387,0.4131017672151127,0.3642451759364359,0,train
0.5669431279620853,0.5683027794204614,0.20325525615342416,0.20325499917836803,0.0005109627717765127,0.0009572125969177757,0.0006611205994160101,0.000676463554479947,0.4482758620689655,0.3488372093023256,0.742504409171076,1,0,0.15384615384615385,0.8316921221864952,0.3349931136772963,0.6897247151356257,0.006440186765416195,0.7463474025974025,1.0,1.0,0.3281176398304217,0.24765876777251186,0.2615586916195083,0.6514294450389848,0.48080438756855576,0.12065834279228152,0,train
0.14691943127962087,0.14784151389710232,0.2800623246215828,0.28006201945341425,0.0003995990907482984,0.0009572125969177757,0.0007162139827006776,0.0005997672019824756,0.5123152709359606,0.4186046511627907,0.742504409171076,1,0,0.15384615384615385,0.302451768488746,0.3783239749973514,0.49581526671372395,0.004508130735791337,0.5772118506493507,1.0,1.0,0.30685891002928706,0.20629383886255923,0.26911968441073564,0.7494266931661826,0.5435709932967703,0.09648127128263334,0,train
0.5017772511848342,0.5044352454169131,0.28708960890175617,0.28708905625544967,0.0005371659908419749,0.0012443763759931081,0.0005509338328466751,0.0007145097765849918,0.4088669950738916,0.37674418604651166,0.7389770723104059,1,0,0.15384615384615385,0.9621181672025724,0.3239749973514144,1.0,0.008372242795041056,0.729403409090909,1.0,0.5,0.33245949986687695,0.2807203791469195,0.24453471716721067,0.4946236559139785,0.4828762949421085,0.12599318955732122,0,train
0.5645734597156399,0.5659373151981077,0.2889102539758993,0.2889100128237485,0.0005044119670101472,0.0009572125969177757,0.000771307365985345,0.0006800007315917539,0.4236453201970443,0.40465116279069774,0.7389770723104059,1,0,0.15384615384615385,0.8351085209003215,0.4394533319207543,0.5966522133709791,0.006440186765416195,0.7463474025974025,1.0,1.0,0.32699121387756774,0.24765876777251186,0.27616408763237604,0.6984660857157418,0.4893967093235832,0.14517593643586832,0,train
0.3151658767772512,0.3175635718509758,0.29088052280095344,0.2908798852703012,0.00041925150504739506,0.0011486551163013307,0.0004958404495620075,0.0006271156201396168,0.47783251231527096,0.441860465116279,0.7389770723104059,1,0,0.15384615384615385,0.6495176848874599,0.3602076491153724,1.0,0.007406214780228625,0.7101258116883117,1.0,0.5,0.3109959653470416,0.2650236966824645,0.23481344072134688,0.4946236559139785,0.5416819012797075,0.09886492622020432,0,val
0.14988151658767773,0.16203429923122414,0.29840707708548025,0.2984072920032802,0.0022796800586952107,0.0027759165310615487,0.0013222411988320203,0.0032278035234425116,0.3842364532019705,0.45116279069767445,0.742504409171076,1,0,0.15384615384615385,0.30848070739549843,0.3803369000953491,0.8060905515780982,0.0230236676863629,0.8363433441558441,0.8212290502793296,0.0,0.4593974645175825,0.4223696682464456,0.3104703313217649,0.3966264077867808,0.5116392443631932,0.8132803632236095,0,test
0.03732227488151659,0.040212891780011834,0.3098237702684948,0.30982325871028155,0.0005437167956083405,0.000861491337225998,0.0006060272161313426,0.000814672279677865,0.46798029556650245,0.4465116279069768,0.742504409171076,1,0,0.15384615384615385,0.07686897106109325,0.30903697425574744,0.8319048099223556,0.007406214780228625,0.9077719155844155,1.0,1.0,0.3335040039322506,0.2650236966824645,0.25341066522647754,0.5795749885338634,0.5422303473491773,0.12463110102156641,0,test
0.23045023696682465,0.2359550561797753,0.31966803812598726,0.3196671958133724,0.0005240643813092438,0.0013400976356848858,0.00044074706627734013,0.0007920688552072941,0.49261083743842365,0.4186046511627907,0.742504409171076,1,0,0.15384615384615385,0.4743770096463023,0.3355228308083483,0.5293939699505898,0.012236354854290771,0.9365868506493505,0.8758659217877094,0.0,0.3303090503205194,0.3317914691943128,0.21206001831544838,0.2567905009427712,0.5468616697135893,0.12463110102156641,0,val
0.3412322274881517,0.3418095801301006,0.33247136529274635,0.33247073771542285,0.00037994667644920176,0.000861491337225998,0.0005509338328466751,0.0005725913290503008,0.5024630541871922,0.4186046511627907,0.742504409171076,1,0,0.15384615384615385,0.702371382636656,0.23392308507257126,0.63335686195422,0.004508130735791337,0.6310876623376622,1.0,1.0,0.30251704999283185,0.20629383886255923,0.24453471716721067,0.6799164246037812,0.5457647775746496,0.07173666288308739,0,train
0.05509478672985783,0.05795387344766411,0.36357541481278277,0.3635752076291475,0.000694385305234748,0.0014358188953766634,0.0008814941325546802,0.001090140731336387,0.5024630541871922,0.4558139534883721,0.742504409171076,1,0,0.15384615384615385,0.11344453376205789,0.38637567538934214,0.584753453665423,0.007406214780228625,0.5821834415584415,1.0,1.0,0.35480369467712536,0.2650236966824645,0.2889379388076173,0.7044794373948937,0.5673369896404631,0.19727582292849036,0,train
0.2340047393364929,0.2359550561797753,0.37112005289274286,0.3711191256263469,0.0003602942621501051,0.0007657700775342204,0.0003856536829926726,0.0005550779887162325,0.4975369458128079,0.4604651162790698,0.7389770723104059,1,0,0.15384615384615385,0.48231511254019294,0.22068015679627082,0.8879701522637895,0.006440186765416195,0.8985389610389609,1.0,0.0,0.2979703852376759,0.24765876777251186,0.21206001831544838,0.43800642103653875,0.5575868372943327,0.06617480136208856,0,train
0.036137440758293844,0.03666469544648138,0.06231668043787001,0.062316420295016973,0.00020962575252369753,0.0005743275581506654,0.0004958404495620075,0.00020170536798547583,0.30049261083743845,0.26976744186046514,0.8165784832451499,1,0,0.6576923076923077,0.07254823151125403,0.459052865769679,0.5966522133709791,0.0033810980518435025,0.7463474025974025,1.0,1.0,0.2520122063612346,0.18092890995260666,0.23481344072134688,0.6984660857157418,0.36173065204143817,0.0532349602724177,0,val
0.911137440758294,0.9207569485511533,0.06477190948132608,0.06477133078430865,0.00032098943355191186,0.0022015889729108833,0.0005509338328466751,0.00037192123241462205,0.3793103448275862,0.30697674418604654,0.8095238095238098,1,0,0.6576923076923077,0.14780948553054665,0.6841826464667868,0.24372290007058586,0.02044759298019642,0.9594155844155843,0.4920670391061452,0.0,0.2880783173244312,0.4091753554502371,0.18273181956935214,0.11241910003567246,0.4251066422912858,0.15811577752553915,0,test
0.28258293838862564,0.2856298048492017,0.08870455473410568,0.08870456552180706,0.0007467917433656724,0.0015315401550684408,0.0007162139827006776,0.0009965349467922291,0.31527093596059114,0.45116279069767445,0.8201058201058204,1,0,0.3961538461538462,0.5665192926045016,0.2613624324610658,0.783906423313502,0.008050233456770244,0.6054180194805194,1.0,1.0,0.3611731214287177,0.2807203791469195,0.26911968441073564,0.6038322376802732,0.48366849482023155,0.1727582292849035,0,test
0.5716824644549764,0.573625073920757,0.09532125823274615,0.09532133672050125,0.0005044119670101472,0.0014358188953766634,0.000771307365985345,0.000857377222856997,0.5665024630541872,0.5209302325581395,0.8024691358024691,1,0,0.3961538461538462,0.8447548231511255,0.5014302362538404,0.6639104567913683,0.007245210111093221,0.5821834415584415,1.0,1.0,0.32699121387756774,0.2650236966824645,0.27616408763237604,0.6644753605462977,0.6132845825716027,0.16685584562996594,0,train
0.8732227488151659,0.8775872264931994,0.09766200898858982,0.09766176911119866,0.0007336901338329413,0.0015315401550684408,0.0006060272161313426,0.0011586411856479642,0.4975369458128079,0.4837209302325582,0.8236331569664905,1,0,0.07692307692307693,0.24316720257234728,0.32747113041635767,0.7310678632651003,0.01175334084688456,0.830864448051948,0.9069273743016759,0.0,0.3596166055665923,0.3317914691943128,0.24453471716721067,0.35871171584365286,0.5706276660572821,0.18955732122587968,0,test
0.5527251184834123,0.5535186280307511,0.020844483369158905,0.02084405582694308,0.0002358289715891597,0.0006700488178424428,0.0003305602997080051,0.0003203302101497313,0.4187192118226601,0.3813953488372093,0.8271604938271606,1,0,0.23076923076923078,0.8945940514469454,0.34050217184023734,0.873953816678431,0.005152149412332957,0.8872767857142856,1.0,0.0,0.2619042742744793,0.22828436018957346,0.19844083875361024,0.4309228966009275,0.4958561852528946,0.04903518728717368,0,train
0.67239336492891,0.671791839148433,0.022113494057389632,0.02211314304494445,0.00019652414299096643,0.0006700488178424428,0.0003856536829926726,0.00030385214116546014,0.5172413793103449,0.4465116279069768,0.8306878306878307,1,0,0.23076923076923078,0.6592644694533762,0.3531094395592753,0.747907633356862,0.003220093382708098,0.661830357142857,1.0,1.0,0.24660536178753562,0.18092890995260666,0.21206001831544838,0.6220251745400805,0.5605118829981719,0.04097616345062427,0,train
0.6984597156398105,0.6978119455943229,0.03850354548534509,0.0385030101607175,0.0001506685096264076,0.00038288503876711025,0.0002754669164233376,0.00023017533010489714,0.5172413793103449,0.4465116279069768,0.8236331569664905,1,0,0.23076923076923078,0.603798231511254,0.32376311049899353,1.0,0.003220093382708098,0.9999999999999999,1.0,0.5,0.22465029594281855,0.18092890995260666,0.18273181956935214,0.4946236559139785,0.5550274223034735,0.029398410896708277,0,test
0.5781990521327015,0.5795387344766411,0.05715705909996636,0.057156571601097286,0.00028168460495371856,0.0007657700775342204,0.0003305602997080051,0.0003808073115003808,0.4236453201970443,0.41395348837209306,0.8236331569664905,1,0,0.23076923076923078,0.841137459807074,0.3026803686831232,0.7759403045275789,0.006118177427145387,0.8985389610389609,1.0,0.0,0.27693694062711205,0.24765876777251186,0.19844083875361024,0.381389186159099,0.49274832419256553,0.0564131668558456,0,train
0.36196682464454977,0.36664695446481377,0.0363467776917356,0.036348290179964916,0.001447727853366786,0.0027759165310615487,0.0017078948818246929,0.002204265248943074,0.5221674876847291,0.4325581395348837,0.7037037037037037,1,0,0.11538461538461542,0.7551245980707395,0.5320478864286471,0.43279217505293943,0.011431331508613748,0.4435876623376623,1.0,1.0,0.4192967005959818,0.3204170616113744,0.3534177096296992,0.7812770728227081,0.5501523461304083,0.6883087400681045,0,train
0.8536729857819906,0.8545239503252514,0.038191403451127245,0.038191104517088764,0.00039304828598193286,0.0009572125969177757,0.00044074706627734013,0.0005462781822429568,0.4482758620689655,0.40465116279069774,0.7037037037037037,1,0,0.11538461538461542,0.21754421221864953,0.24854327788960695,1.0,0.006440186765416195,0.7463474025974025,1.0,0.5,0.30544575747025215,0.24765876777251186,0.2240589851363092,0.4946236559139785,0.5047531992687386,0.07627695800227016,0,train
0.21267772511848343,0.21584861028976937,0.05081389266355358,0.050813808763392795,0.0005371659908419749,0.001052933856609553,0.0006060272161313426,0.0007999196629432558,0.4285714285714286,0.45116279069767445,0.7072310405643742,1,0,0.11538461538461542,0.4431270096463023,0.38521029770102766,0.9160028234345063,0.008533247464176458,0.8438514610389609,1.0,1.0,0.33245949986687695,0.2807203791469195,0.25341066522647754,0.5370738419201957,0.5390006093845217,0.14097616345062428,0,train
0.7251184834123223,0.7285629804849203,0.0633183654544784,0.06331833953291993,0.000884358643459349,0.0013400976356848858,0.0006611205994160101,0.0012324905419334935,0.39901477832512317,0.4232558139534884,0.7037037037037037,1,0,0.11538461538461542,0.4808078778135048,0.2005509058162941,1.0,0.010465303493801318,0.8097605519480519,1.0,0.5,0.3759600221189096,0.3082085308056872,0.2615586916195083,0.4946236559139785,0.504448507007922,0.1956867196367764,0,train
0.431872037914692,0.43583678296865763,0.0649091890762239,0.06490955365335309,0.00095641749588937,0.0018187039341437735,0.0009916808991240153,0.0013381744922252848,0.4729064039408867,0.372093023255814,0.7037037037037037,1,0,0.11538461538461542,0.901024919614148,0.3893420913232334,0.719874962186145,0.010465303493801318,0.6135349025974025,0.9412290502793297,1.0,0.38284146066725383,0.3082085308056872,0.2947613121375068,0.6361922234113031,0.5063375990249848,0.30556186152099885,0,train
0.5148104265402844,0.5156712004730929,0.07018698408602414,0.07018663232323709,0.0003275402383182774,0.0006700488178424428,0.00044074706627734013,0.0004514645811240355,0.4482758620689655,0.3813953488372093,0.7037037037037037,1,0,0.11538461538461542,0.9257435691318329,0.2943108380125013,0.8879701522637895,0.005474158750603766,0.8872767857142856,1.0,1.0,0.28979867696151723,0.22828436018957346,0.2240589851363092,0.5512408907914182,0.501340645947593,0.06617480136208856,0,train
0.5977488151658769,0.6002365464222355,0.08337801210183314,0.08337771718405892,0.00043235311458012616,0.0011486551163013307,0.0004958404495620075,0.0006370369705751726,0.4729064039408867,0.441860465116279,0.7001763668430336,1,0,0.11538461538461542,0.747387459807074,0.40449200127132107,0.908339215488555,0.008533247464176458,0.7825689935064933,1.0,0.0,0.313658426690151,0.2807203791469195,0.23481344072134688,0.4483004637415278,0.5338208409506399,0.111577752553916,0,test
0.835308056872038,0.8367829686575992,0.09106441141295062,0.0910641038039594,0.00037994667644920176,0.0009572125969177757,0.0004958404495620075,0.0005255727552470141,0.43349753694581283,0.40465116279069774,0.7001763668430336,1,0,0.11538461538461542,0.25241157556270094,0.4237737048416146,1.0,0.0075672194493640295,0.830864448051948,1.0,0.5,0.30251704999283185,0.2650236966824645,0.23481344072134688,0.4946236559139785,0.5025594149908592,0.09886492622020432,0,train
0.8975118483412323,0.9006505026611473,0.09429645740806217,0.09429630171268985,0.0007271393290665758,0.0011486551163013307,0.0006060272161313426,0.0009000821660361289,0.3694581280788177,0.33953488372093027,0.7001763668430336,1,0,0.11538461538461542,0.11877009646302251,0.29198008263587244,0.9224563880205707,0.010465303493801318,0.927556818181818,1.0,0.0,0.3588383476355296,0.3082085308056872,0.25341066522647754,0.4554349487845895,0.4494210847044485,0.17582292849035183,0,train
0.22867298578199055,0.2300413956238912,0.10204803700793696,0.10204763263852361,0.00032098943355191186,0.0007657700775342204,0.00044074706627734013,0.00047838163621876116,0.49261083743842365,0.4465116279069768,0.7001763668430336,1,0,0.11538461538461542,0.4776929260450161,0.30903697425574744,0.8879701522637895,0.005474158750603766,0.797077922077922,1.0,1.0,0.2880783173244312,0.22828436018957346,0.2240589851363092,0.5512408907914182,0.5402803168799513,0.06617480136208856,0,train
0.7505924170616114,0.752808988764045,0.1048980431682212,0.10489771271815508,0.00044545472411285726,0.0009572125969177757,0.0004958404495620075,0.0006591227593708449,0.4482758620689655,0.43720930232558136,0.7001763668430336,1,0,0.11538461538461542,0.42815514469453375,0.38521029770102766,0.908339215488555,0.008533247464176458,0.9154829545454544,1.0,0.0,0.31623896614578,0.2807203791469195,0.23481344072134688,0.4483004637415278,0.5359536867763559,0.111577752553916,0,train
0.6309241706161138,0.6327616794795979,0.10791182561497287,0.10791149018877093,0.00041925150504739506,0.001052933856609553,0.0004958404495620075,0.0006256489857274041,0.4827586206896552,0.4558139534883721,0.7001763668430336,1,0,0.11538461538461542,0.6793609324758844,0.3602076491153724,1.0,0.0075672194493640295,0.7658279220779219,1.0,0.5,0.3109959653470416,0.2650236966824645,0.23481344072134688,0.4946236559139785,0.5404631322364412,0.09886492622020432,0,test
0.7683649289099527,0.7705499704316973,0.11266589818398594,0.11266579078341232,0.0006681820861692859,0.0013400976356848858,0.0006611205994160101,0.0010453652454576606,0.541871921182266,0.441860465116279,0.7037037037037037,1,0,0.11538461538461542,0.39298633440514474,0.28890772327577074,0.8448119390944842,0.008533247464176458,0.6829342532467532,1.0,1.0,0.35144489729043354,0.2807203791469195,0.2615586916195083,0.573052030780207,0.5654478976234004,0.1566401816118048,0,test
0.05983412322274882,0.06445890005913661,0.11482298047838557,0.11482294814126409,0.0009040110577584456,0.0015315401550684408,0.0007162139827006776,0.0012788189348369155,0.4433497536945813,0.4186046511627907,0.7001763668430336,1,0,0.11538461538461542,0.125,0.24451742769361162,0.9280024200867197,0.010465303493801318,0.7181412337662336,1.0,1.0,0.37788518647469643,0.3082085308056872,0.26911968441073564,0.5310095296335933,0.5118829981718465,0.2164585698070374,0,train
0.54739336492891,0.5499704316972206,0.11891274875341713,0.11891223791316491,0.00040614989551466396,0.0011486551163013307,0.0003856536829926726,0.0005748344169748612,0.4630541871921182,0.39069767441860465,0.7001763668430336,1,0,0.11538461538461542,0.8525924437299036,0.28890772327577074,0.7250176464656649,0.008533247464176458,0.7825689935064933,1.0,0.0,0.30827206258832207,0.2807203791469195,0.21206001831544838,0.3556540793966264,0.5135892748324192,0.08444948921679907,0,train
0.5882701421800949,0.5907746895328209,0.12442036521561504,0.12441976665652403,0.0003602942621501051,0.0009572125969177757,0.0003305602997080051,0.0005416194611688697,0.5073891625615764,0.41395348837209306,0.7037037037037037,1,0,0.11538461538461542,0.7687901929260451,0.27513507786841823,0.63335686195422,0.008533247464176458,0.9154829545454544,1.0,0.0,0.2979703852376759,0.2807203791469195,0.19844083875361024,0.30933088722417573,0.5445460085313834,0.07173666288308739,0,train
0.590047393364929,0.5937315198107629,0.12741850124805706,0.12741836948907073,0.0007336901338329413,0.0013400976356848858,0.0007162139827006776,0.001038204618621564,0.3891625615763547,0.41395348837209306,0.7037037037037037,1,0,0.11538461538461542,0.7625602893890676,0.34473990888865347,1.0,0.010465303493801318,0.8097605519480519,0.9202234636871509,0.5,0.3596166055665923,0.3082085308056872,0.2615586916195083,0.4946236559139785,0.5123095673369896,0.1956867196367764,0,train
0.5829383886255924,0.5848610289769368,0.14116823991755675,0.14116769233067503,0.00036684506691647066,0.0007657700775342204,0.0003856536829926726,0.0005522309925042904,0.4876847290640394,0.45116279069767445,0.7072310405643742,1,0,0.11538461538461542,0.7826567524115756,0.29134442207861005,0.7983261066854896,0.007406214780228625,0.9999999999999999,1.0,0.0,0.2995064206279313,0.2650236966824645,0.21206001831544838,0.39270244101309687,0.545277269957343,0.07514188422247448,0,train
0.3471563981042654,0.36132465996451807,0.14594645042221335,0.14594817507286578,0.005011365646269644,0.0038288503876711018,0.0019833617982480305,0.004743095689095591,0.059113300492610835,0.45116279069767445,0.7001763668430336,1,0,0.11538461538461542,0.7251808681672026,0.32736518699014727,0.8092164969244731,0.02737079375301883,0.7101258116883117,1.0,1.0,0.5291744321789174,0.44591469194312805,0.3682344377392162,0.5910411252102126,0.3421084704448507,0.9947786606129398,0,train
0.71978672985782,0.7202838557066825,0.15205908777945065,0.15205891533574084,0.00041925150504739506,0.0007657700775342204,0.0006611205994160101,0.0006226294442904958,0.4975369458128079,0.39999999999999997,0.7001763668430336,1,0,0.11538461538461542,0.4961816720257235,0.3871172793728149,0.6121811031561963,0.005474158750603766,0.797077922077922,1.0,1.0,0.3109959653470416,0.22828436018957346,0.2615586916195083,0.6906181521683739,0.5379646556977453,0.10385925085130532,0,train
0.5864928909952607,0.5872264931992904,0.15461299144581436,0.15461242165994815,0.0003733958716828362,0.0005743275581506654,0.0003856536829926726,0.0005429135503561162,0.458128078817734,0.3953488372093023,0.6966490299823636,1,0,0.11538461538461542,0.7731109324758842,0.08274181587032525,1.0,0.005474158750603766,0.9999999999999999,1.0,0.5,0.3010219755463166,0.22828436018957346,0.21206001831544838,0.4946236559139785,0.5273004265691652,0.05743473325766174,0,train
0.7304502369668247,0.7332939089296275,0.1640837109898134,0.16408336144179506,0.0005961232337392649,0.0011486551163013307,0.0005509338328466751,0.0009099172438592017,0.4482758620689655,0.45116279069767445,0.8271604938271606,1,0,0.17307692307692307,0.5343649517684889,0.31306282445174277,0.9160028234345063,0.009016261471582673,0.8550121753246752,1.0,0.0,0.3415118684334487,0.29505213270142183,0.24453471716721067,0.4521734699077613,0.5520414381474711,0.14097616345062428,0,train
0.5053317535545024,0.5068007096392668,0.0006661126735248282,0.0006661115736885929,0.0005371659908419749,0.000861491337225998,0.0006060272161313426,0.000901031164773443,0.5024630541871922,0.5255813953488373,0.8271604938271606,1,0,0.17307692307692307,0.9882435691318329,0.2354062930395169,0.747907633356862,0.006118177427145387,0.8155438311688311,1.0,1.0,0.33245949986687695,0.24765876777251186,0.25341066522647754,0.6220251745400805,0.605423522242535,0.10896708286038592,0,train
0.6652843601895735,0.6712004730928446,0.0021590479243380287,0.002158729859206091,0.0004847595527110505,0.0015315401550684408,0.0003856536829926726,0.0008998233481986796,0.6403940886699507,0.5255813953488373,0.8306878306878307,1,0,0.17307692307692307,0.6603697749196142,0.46742239644030087,0.46616920439649095,0.013685396876509416,0.9435876623376622,1.0,0.0,0.3235504946033957,0.3524170616113744,0.21206001831544838,0.22483820007134486,0.6683729433272395,0.14665153234960274,0,train
0.5716824644549764,0.573625073920757,0.005115748477678581,0.005115661405863386,0.0003995990907482984,0.0013400976356848858,0.0006060272161313426,0.0007580774458889548,0.6699507389162561,0.5534883720930233,0.8271604938271606,1,0,0.17307692307692307,0.8543006430868167,0.4526962601970548,0.908339215488555,0.007084205441957815,0.6195211038961038,0.9069273743016759,1.0,0.30685891002928706,0.2650236966824645,0.24453471716721067,0.5409468480864292,0.6822669104204753,0.111577752553916,0,train
0.4774881516587678,0.4790065050266115,0.09414706953274381,0.0941465995837589,0.0003275402383182774,0.0007657700775342204,0.0003856536829926726,0.0004380923261891558,0.4088669950738916,0.40465116279069774,0.22045855379188728,1,0,0.15384615384615385,0.7982315112540194,0.2943108380125013,0.8879701522637895,0.008372242795041056,0.8985389610389609,1.0,0.0,0.28979867696151723,0.24765876777251186,0.21206001831544838,0.43800642103653875,0.4871419865935405,0.06617480136208856,0,train
0.43009478672985785,0.433471318746304,0.10062209042542442,0.10062176703549687,0.0005371659908419749,0.0009572125969177757,0.0004958404495620075,0.0007504854559904424,0.41379310344827586,0.4093023255813954,0.22045855379188728,1,0,0.15384615384615385,0.9126808681672026,0.31783027863121094,0.8319048099223556,0.011914345516019963,0.9999999999999999,1.0,0.0,0.33245949986687695,0.29505213270142183,0.23481344072134688,0.40967232329409364,0.5065204143814748,0.12463110102156641,0,train
0.4561611374407583,0.4583086930810172,0.12594805280373916,0.12594831659798766,0.0007795457671975002,0.0011486551163013307,0.0009365875158393477,0.0010803919261257974,0.4482758620689655,0.40465116279069774,0.22398589065255736,1,0,0.15384615384615385,0.8519895498392284,0.3472825511177031,0.5518806090551578,0.009499275478988888,0.7101258116883117,1.0,1.0,0.3649210477809409,0.2650236966824645,0.2947613121375068,0.7210925954237375,0.5018890920170628,0.21316685584562997,0,train
0.5290284360189574,0.5304553518628031,0.13033966321211135,0.13033921212964644,0.0003864974812155673,0.000861491337225998,0.00044074706627734013,0.0005549054434912663,0.45320197044334976,0.4465116279069768,0.2275132275132279,1,0,0.15384615384615385,0.6728295819935691,0.2615743193134866,1.0,0.00821123812590565,0.8155438311688311,1.0,0.5,0.3039916439674771,0.24765876777251186,0.2240589851363092,0.4946236559139785,0.5208409506398538,0.07627695800227016,0,test
0.3311611374407583,0.3347131874630397,0.15481049794202476,0.1548101637052535,0.00047820874794468496,0.0012443763759931081,0.0005509338328466751,0.0006829340004161791,0.43842364532019706,0.47906976744186053,0.22045855379188728,1,0,0.15384615384615385,0.8308882636655949,0.45746371437652295,0.9160028234345063,0.011914345516019963,0.797077922077922,1.0,0.0,0.32238310770680156,0.29505213270142183,0.24453471716721067,0.4521734699077613,0.5176721511273614,0.14097616345062428,0,train
0.5444312796208531,0.5458308693081018,0.21192965969677877,0.21192915252398262,0.00045855633364558836,0.0011486551163013307,0.0004958404495620075,0.0006298763437390757,0.4039408866995074,0.441860465116279,0.2275132275132279,1,0,0.15384615384615385,0.6343448553054662,0.2118868524208073,0.8991630533427448,0.00821123812590565,0.6376826298701298,1.0,1.0,0.3187375837139288,0.24765876777251186,0.23481344072134688,0.5455842633644193,0.49859841560024376,0.08671963677639044,0,train
0.5302132701421801,0.5316380839739799,0.812764942345322,0.8127633644924477,0.0003144386287855463,0.000861491337225998,0.00044074706627734013,0.0004964988848402111,0.5517241379310345,0.4186046511627907,0.23456790123456805,0,1,0.0,0.6738344051446945,0.40544549210721476,1.0,0.00821123812590565,0.8155438311688311,1.0,0.5,0.286316996743605,0.24765876777251186,0.2240589851363092,0.4946236559139785,0.5711151736745886,0.07627695800227016,0,train
0.18483412322274884,0.18746303962152575,0.8165056147432939,0.8165042665892996,0.0005633692099074371,0.001052933856609553,0.0006060272161313426,0.0008103586490537103,0.4482758620689655,0.41395348837209306,0.23104056437389797,0,1,0.0,0.46171623794212224,0.2825511177031465,0.8319048099223556,0.009499275478988888,0.7658279220779219,1.0,1.0,0.33659655518463144,0.2650236966824645,0.25341066522647754,0.5795749885338634,0.5210237659963437,0.12463110102156641,0,train
0.6783175355450237,0.6824364281490243,0.8256212628952204,0.8256198996901386,0.0006878345004683825,0.0012443763759931081,0.0006060272161313426,0.0010459691537450424,0.5123152709359606,0.41395348837209306,0.23104056437389797,0,1,0.0,0.29451366559485537,0.3846805805699756,0.8559040032267823,0.014168410883915631,0.9323254870129869,1.0,0.0,0.35398447580232245,0.3204170616113744,0.25341066522647754,0.4218009478672986,0.549908592321755,0.19421112372304203,0,train
0.403436018957346,0.40626848018923717,0.04387223122349692,0.04387255191023533,0.0009498666911230045,0.0014358188953766634,0.0008814941325546802,0.0012560429651413785,0.3842364532019705,0.37674418604651166,0.23104056437389797,0,1,0.038461538461538464,0.9855305466237942,0.2266129886640534,0.6441464152465464,0.010626308162936724,0.6419439935064934,1.0,1.0,0.38222704651115164,0.2807203791469195,0.2889379388076173,0.6744636396065842,0.47891529555149304,0.22451759364358684,0,train
0.4567535545023697,0.4571259609698404,0.098885023936262,0.0988850965397894,0.0005371659908419749,0.0006700488178424428,0.000771307365985345,0.0008383972481107161,0.5270935960591133,0.4465116279069768,0.23104056437389797,0,1,0.038461538461538464,0.8583199356913184,0.2118868524208073,0.462236563476858,0.0059571727580099805,0.7745535714285714,1.0,1.0,0.33245949986687695,0.20629383886255923,0.27616408763237604,0.7663965754471793,0.5642900670322973,0.10510783200908061,0,train
0.44727488151658773,0.44707273802483743,0.1066377042889023,0.1066371350912326,0.00019652414299096643,0.00038288503876711025,0.0003305602997080051,0.0002678764617600096,0.4827586206896552,0.34418604651162793,0.23104056437389797,0,1,0.038461538461538464,0.8834405144694534,0.2522512978069711,0.8559040032267823,0.004669135404926743,0.9999999999999999,1.0,1.0,0.24660536178753562,0.18092890995260666,0.19844083875361024,0.5674463639606584,0.4984765386959171,0.03507377979568674,0,train
0.43542654028436023,0.4382022471910113,0.13784797645080982,0.13784759159623827,0.00039304828598193286,0.000861491337225998,0.0004958404495620075,0.0005723325112128515,0.458128078817734,0.4186046511627907,0.23456790123456805,0,1,0.038461538461538464,0.9072548231511255,0.4623371119822015,0.908339215488555,0.010626308162936724,0.9999999999999999,1.0,0.0,0.30544575747025215,0.2807203791469195,0.23481344072134688,0.4483004637415278,0.5279098110907983,0.111577752553916,0,train
0.20023696682464456,0.20283855706682438,0.030405621890324298,0.03040777318869466,0.0017752680916850634,0.0027759165310615487,0.002148641948102033,0.0025549634186868547,0.458128078817734,0.4093023255813954,0.2627865961199296,0,1,0.0,0.49366961414791,0.33637037821803156,0.24372290007058586,0.009338270809853486,0.31270292207792205,1.0,1.0,0.43729903536977494,0.2650236966824645,0.37619461337966986,0.8768282117922845,0.5201706276660573,0.6111237230419977,0,train
0.29383886255924174,0.30869308101714965,0.3052730224603098,0.30527582066880055,0.007690644795713153,0.006221881879965541,0.003250509613795383,0.01008552721711124,0.27586206896551724,0.40465116279069774,0.7777777777777777,0,1,0.0,0.5975683279742766,0.31518169297595083,0.5705354441867501,0.027531798422154235,0.4548498376623376,0.8882681564245811,1.0,0.5671861879697707,0.4513364928909953,0.4067908047056613,0.7116648830454059,0.4736136502132846,0.9998864926220203,0,train
0.7458530805687205,0.7670017740981668,0.3083528500729917,0.30835870957393857,0.015708829829744583,0.00899779841102709,0.005178778028758746,0.02242527152579327,0.33990147783251234,0.441860465116279,0.7707231040564375,0,1,0.0,0.4371985530546624,0.42366776141540413,0.457900574770596,0.039124134599903396,0.4398336038961039,0.976536312849162,1.0,0.6306346898232534,0.5052132701421801,0.4622302580599713,0.7685878815675482,0.515478366849482,1.0,0,train
0.43483412322274884,0.4387936132465997,0.31244065271808485,0.31244060858947414,0.0011463908341139708,0.0015315401550684408,0.0009365875158393477,0.0016551400704881754,0.4482758620689655,0.41395348837209306,0.7742504409171076,0,1,0.0,0.8854501607717042,0.2580781862485433,0.719874962186145,0.01014329415553051,0.7181412337662336,1.0,1.0,0.3987547873102997,0.3082085308056872,0.2947613121375068,0.6361922234113031,0.52205971968312,0.30556186152099885,0,train
0.4342417061611375,0.4346540508574808,0.31574880790441123,0.31574812931307633,0.0003864974812155673,0.0007657700775342204,0.0004958404495620075,0.0005467958179178554,0.4482758620689655,0.3813953488372093,0.7777777777777777,0,1,0.0,0.8831390675241159,0.1362432461065791,0.6974891600282342,0.004347126066655931,0.695616883116883,1.0,1.0,0.3039916439674771,0.20629383886255923,0.23481344072134688,0.6475054782653009,0.5134673979280926,0.06390465380249719,0,val
0.6575829383886257,0.6629213483146068,0.3414701764011344,0.34147032021631324,0.0014280754390676893,0.0016272614147602184,0.0011018676656933504,0.0023812103771459017,0.5665024630541872,0.47906976744186053,0.7742504409171076,0,1,0.0,0.6514268488745981,0.3657167072783134,0.7599072300090753,0.013041378199967795,0.8397930194805193,1.0,1.0,0.41808835275564754,0.3424075829383887,0.3104703313217649,0.615960862253478,0.6020109689213894,0.4960272417707152,0,test
0.1670616113744076,0.16913069189828506,0.03531521510006354,0.03531499954004335,0.0004258023098137606,0.000861491337225998,0.0004958404495620075,0.0006160727257417806,0.4729064039408867,0.4093023255813954,0.2592592592592595,0,1,0.0,0.4124799035369775,0.2707913973937917,0.8991630533427448,0.00821123812590565,0.8155438311688311,1.0,1.0,0.31234767649046635,0.24765876777251186,0.23481344072134688,0.5455842633644193,0.5244972577696527,0.08671963677639044,0,test
0.33886255924170616,0.342400946185689,0.01742184989522013,0.01742425850664264,0.002220722815797921,0.0035416866085957693,0.0023139220979560356,0.003816182740577219,0.5960591133004927,0.47906976744186053,0.23809523809523814,0,1,0.0,0.8439509646302251,0.35936010170568916,0.2730664515478472,0.01175334084688456,0.2975852272727272,1.0,1.0,0.45706269072439437,0.29505213270142183,0.3835677554183201,0.8619986750242064,0.6204143814747105,0.7799091940976164,0,train
0.30924170616113744,0.30928444707273806,0.02164017036822303,0.02164029188770139,0.0003602942621501051,0.0005743275581506654,0.0007162139827006776,0.0005530937186291213,0.541871921182266,0.4093023255813954,0.23809523809523814,0,1,0.0,0.7701969453376206,0.34050217184023734,0.4238176868004437,0.004669135404926743,0.7463474025974025,1.0,1.0,0.2979703852376759,0.18092890995260666,0.26911968441073564,0.7858125668857974,0.55569774527727,0.07968217934165722,0,val
0.6149289099526066,0.6162034299231225,0.04693012240606628,0.04693004491850118,0.0005109627717765127,0.0009572125969177757,0.0006060272161313426,0.0007666184345247811,0.49261083743842365,0.4465116279069768,0.23104056437389797,0,1,0.0,0.4602090032154341,0.27471130416357664,0.747907633356862,0.00821123812590565,0.7463474025974025,1.0,1.0,0.3281176398304217,0.24765876777251186,0.25341066522647754,0.6220251745400805,0.5430225472273005,0.10896708286038592,0,train
0.3406398104265403,0.3441750443524542,0.10011094801624301,0.10011070409534391,0.0007140377195338447,0.0012443763759931081,0.0005509338328466751,0.0010017113035412147,0.41379310344827586,0.40465116279069774,0.23809523809523814,0,1,0.0,0.848372186495177,0.1685559911007522,0.9160028234345063,0.01175334084688456,0.797077922077922,1.0,0.0,0.35724087082966394,0.29505213270142183,0.24453471716721067,0.4521734699077613,0.5080438756855576,0.14097616345062428,0,train
0.47571090047393366,0.4784151389710231,0.010117490418929991,0.010117395088606521,0.0006288772575710926,0.0011486551163013307,0.0005509338328466751,0.0008529773196203591,0.41379310344827586,0.41395348837209306,0.23104056437389797,0,1,0.6153846153846154,0.8050643086816721,0.20139845322597733,1.0,0.010626308162936724,0.7825689935064933,1.0,0.5,0.3461609355479551,0.2807203791469195,0.24453471716721067,0.4946236559139785,0.49177330895795246,0.12599318955732122,0,train
0.6783175355450237,0.6812536960378475,0.20492800723100216,0.20492829786949654,0.001087433591216681,0.0012443763759931081,0.0010467742824086827,0.0016953431079052975,0.5172413793103449,0.4558139534883721,0.23809523809523814,0,1,0.0,0.302451768488746,0.31783027863121094,0.5966522133709791,0.01175334084688456,0.797077922077922,1.0,1.0,0.3941057201957933,0.29505213270142183,0.30549228637847226,0.6984660857157418,0.5633150517976844,0.3163450624290579,0,train
0.2197867298578199,0.22471910112359553,0.21922073151468532,0.2192213916794236,0.0011136368102821431,0.002105867713219106,0.0013222411988320203,0.0016649751483112482,0.5172413793103449,0.4093023255813954,0.23809523809523814,0,1,0.0,0.547427652733119,0.538828265706113,0.556317434708077,0.014168410883915631,0.5772118506493507,1.0,1.0,0.3961947283265407,0.3204170616113744,0.3282457087843708,0.718850328695918,0.5404631322364412,0.5220204313280363,0,train
0.21030805687203794,0.22057953873447667,0.22123943346142164,0.2212421345447884,0.004120456198043929,0.004211735426438212,0.0027546691642333756,0.005875078637486279,0.4482758620689655,0.4465116279069768,0.24162257495590822,0,1,0.0,0.5230104501607717,0.4895645725182753,0.4464051628516689,0.02479471904685235,0.49269480519480513,1.0,1.0,0.5118069920330963,0.4021611374407583,0.40096743137577195,0.7743973908168986,0.5149908592321755,0.9965947786606129,0,train
0.21445497630331756,0.22649319929036074,0.222733862590988,0.22273703295726963,0.0066359652283283,0.004498899205513544,0.0031954162305107155,0.00908536882059472,0.37438423645320196,0.441860465116279,0.24162257495590822,0,1,0.0,0.5333601286173635,0.33382773598898186,0.4515478471311889,0.02833682176783126,0.523741883116883,0.962122905027933,1.0,0.5540991664447948,0.4223696682464456,0.412308920562613,0.7717983998369261,0.4944546008531383,0.9995459704880818,0,train
0.13507109004739337,0.1466587817859255,0.27141685515092145,0.27141915888475054,0.0036618998643983412,0.005264669283047765,0.002699575780948708,0.005164451128463026,0.30049261083743845,0.40465116279069774,0.23809523809523814,0,1,0.0,0.33641479099678456,0.553554401949359,0.5279822526973883,0.027209789083883426,0.4303977272727272,0.9329608938547485,1.0,0.5013619513793598,0.4158862559241706,0.3926315542301641,0.733170259389492,0.5094454600853139,0.9965947786606129,0,val
0.4662322274881517,0.7752808988764046,0.27815566358133526,0.27815709131279487,0.05495470118504058,0.05810280463290897,0.01884193708335629,0.0855273896564659,0.5073891625615764,0.47906976744186053,0.24162257495590822,0,1,0.0,0.07073954983922831,0.592647526220998,0.060199657154381365,0.6219610368700691,0.8666801948051948,0.0,0.0,0.7419665349089642,0.9184834123222749,0.3654401577946322,0.019721755083320636,0.5619134673979281,1.0,0,train
0.2340047393364929,0.24482554701360143,0.3674655537112705,0.36746589047999817,0.0010219255435530254,0.0060304393605819856,0.0020935485648173654,0.0015727497255668198,0.5467980295566502,0.41395348837209306,0.24162257495590822,0,1,0.0,0.5819935691318329,0.7688314440088992,1.0,0.02592175173080019,0.35998376623376616,0.5702793296089386,0.5,0.38865791467835425,0.4091753554502371,0.324089510883603,0.4946236559139785,0.5561852528945765,0.8424517593643587,0,train
0.7926540284360191,0.7930218805440569,8.955409999348196e-05,8.971120226377292e-05,0.00037994667644920176,0.001052933856609553,0.0007162139827006776,0.0004595742066974464,0.4236453201970443,0.3023255813953489,0.24514991181657875,0,1,0.5576923076923077,0.029441318327974277,0.49189532789490414,0.5678128466270042,0.007084205441957815,0.609780844155844,1.0,1.0,0.30251704999283185,0.22828436018957346,0.26911968441073564,0.7130408194465678,0.4418647166361974,0.11407491486946653,0,train
0.0059241706161137445,0.007096392667060912,0.06104727662365161,0.061047018576744744,0.00032098943355191186,0.0007657700775342204,0.0004958404495620075,0.00042195934765481706,0.458128078817734,0.36744186046511623,0.24162257495590822,0,1,0.5576923076923077,0.014770900321543408,0.28753045873503547,0.6974891600282342,0.005796168088874576,0.695616883116883,1.0,1.0,0.2880783173244312,0.20629383886255923,0.23481344072134688,0.6475054782653009,0.47921998781230957,0.06390465380249719,0,train
0.7233412322274883,0.7256061502069782,0.006384680540711773,0.00638459137372932,0.0005764708194401682,0.0014358188953766634,0.0005509338328466751,0.0007735202435234287,0.4187192118226601,0.40465116279069774,0.23809523809523814,0,1,0.5192307692307693,0.19182073954983922,0.27142705795105415,1.0,0.010626308162936724,0.6419439935064934,1.0,0.5,0.3385831609560284,0.2807203791469195,0.24453471716721067,0.4946236559139785,0.48683729433272394,0.12599318955732122,0,train
0.4449052132701422,0.44825547013601424,0.03281579869559225,0.032817159763778844,0.0013756690009367651,0.0034459653489039917,0.0017078948818246929,0.0020417276470249233,0.4433497536945813,0.4093023255813954,0.23104056437389797,0,1,0.5192307692307693,0.8805265273311897,0.43553342515096943,0.39497832005646877,0.01175334084688456,0.3058035714285714,0.9301675977653632,1.0,0.4147909967845659,0.29505213270142183,0.3468429332895015,0.8003873006166233,0.5363802559414991,0.5404086265607264,0,train
0.7636255924170616,0.768775872264932,0.041463312421389543,0.04146458058637003,0.0014084230247685928,0.005551833062123097,0.0020935485648173654,0.002224280495039152,0.5320197044334976,0.4465116279069768,0.23456790123456805,0,1,0.5192307692307693,0.08129019292604502,0.5639368577179786,0.5479479681355248,0.016583480920946702,0.25598620129870125,0.7135195530726257,1.0,0.4168800049153133,0.3424075829383887,0.34339117571089767,0.7230800591143046,0.5704448507007922,0.7119182746878547,0,train
0.6013033175355451,0.6020106445890007,0.049752295246422766,0.04975260622443211,0.0005175135765428783,0.0014358188953766634,0.0008814941325546802,0.0008493538698960692,0.5566502463054187,0.4930232558139535,0.23809523809523814,0,1,0.5192307692307693,0.5002009646302251,0.4284352155948723,0.46616920439649095,0.007084205441957815,0.4628652597402597,1.0,1.0,0.3292235853114056,0.22828436018957346,0.2889379388076173,0.7644091117566121,0.5926873857404023,0.14665153234960274,0,train
0.4105450236966825,0.4139562389118865,0.054341883902190566,0.054344152928901705,0.001552540729628635,0.002680195271369771,0.0023139220979560356,0.0023391956148666342,0.49261083743842365,0.41395348837209306,0.23456790123456805,0,1,0.5192307692307693,0.9678456591639871,0.5570505350143025,0.279721690027226,0.01175334084688456,0.3912337662337662,0.9739664804469275,1.0,0.42546132262887343,0.29505213270142183,0.3811726583229624,0.8586352749324773,0.5444241316270567,0.7653802497162315,0,train
0.5799763033175356,0.58367829686576,0.0564120067281154,0.05641175633462514,0.0003733958716828362,0.0012443763759931081,0.0005509338328466751,0.0006108100963803118,0.5517241379310345,0.4837209302325582,0.23456790123456805,0,1,0.5192307692307693,0.5438102893890676,0.5786629939612248,0.767268327115055,0.013041378199967795,0.864752435064935,0.8984357541899441,0.0,0.3010219755463166,0.3082085308056872,0.23481344072134688,0.3770065739183611,0.5907982937233395,0.13825198637911465,0,train
0.5627962085308057,0.5629804849201656,0.06646415960789298,0.06646404986716295,0.0003995990907482984,0.0006700488178424428,0.0006060272161313426,0.0006477347745230764,0.5665024630541872,0.4837209302325582,0.23456790123456805,0,1,0.5192307692307693,0.5954581993569132,0.2648585655260091,0.5798124432792175,0.0059571727580099805,0.7745535714285714,1.0,1.0,0.30685891002928706,0.20629383886255923,0.25341066522647754,0.7069765071599654,0.5855575868372943,0.07968217934165722,0,train
0.6184834123222749,0.6203429923122413,0.07417477547985153,0.07417677588474823,0.0013953214152358617,0.0024887527519862162,0.0020935485648173654,0.0021584544917145508,0.5172413793103449,0.45116279069767445,0.23456790123456805,0,1,0.5192307692307693,0.45217041800643093,0.47536815340608113,0.2501764646566502,0.009499275478988888,0.34770698051948046,1.0,1.0,0.4160403055686403,0.2650236966824645,0.373611665531735,0.8735667329154564,0.5588665447897624,0.5938706015891033,0,test
0.058056872037914695,0.09402720283855708,0.014373236485960016,0.014373291378997202,0.0022796800586952107,0.010050732267636642,0.0020935485648173654,0.003979669341232684,0.6157635467980296,0.4930232558139535,0.24162257495590822,0,1,0.23076923076923078,0.14439308681672025,0.6272910265917999,0.1902793183422406,0.07551118982450489,0.6112012987012987,0.2550837988826815,0.0,0.4593974645175825,0.5757345971563982,0.2615586916195083,0.08540997808693879,0.6302254722730043,0.9727582292849035,0,train
0.6700236966824645,0.6824364281490243,0.022128275594526396,0.02212800318274274,0.0007205885243002102,0.004020292907054657,0.0008264007492700126,0.001221016284473242,0.5911330049261084,0.4837209302325582,0.24162257495590822,0,1,0.23076923076923078,0.3020498392282958,0.5886216760250026,0.31572047998386615,0.03059088713572693,0.6310876623376622,0.5111731843575418,0.0,0.3580396092325967,0.4345781990521328,0.2240589851363092,0.14880497375528717,0.6115783059110299,0.3382519863791146,0,train
0.0740521327014218,0.08515671200473093,0.027510877992642097,0.02751098981883998,0.001100535200749412,0.0035416866085957693,0.0010467742824086827,0.001916718631536919,0.6059113300492611,0.4837209302325582,0.23809523809523814,0,1,0.23076923076923078,0.1844855305466238,0.523360525479394,0.5798124432792175,0.02592175173080019,0.609780844155844,0.6648044692737429,0.0,0.39515022426116697,0.4091753554502371,0.26911968441073564,0.28227080466799165,0.6285191956124314,0.4960272417707152,0,test
0.04798578199052133,0.06150206978119457,0.02887384579192832,0.028874033992761776,0.0009891715197211978,0.005360390542739543,0.0015426147319706903,0.0016707554133476156,0.5812807881773399,0.4930232558139535,0.23809523809523814,0,1,0.23076923076923078,0.1194734726688103,0.673482360419536,0.531814056670364,0.030751891804862336,0.47524350649350644,0.46055865921787703,0.0,0.3857906486165441,0.4345781990521328,0.27616408763237604,0.25801355552158184,0.6096892138939671,0.6444948921679909,0,test
0.09300947867298578,0.1028976936723832,0.030561299781445537,0.030561249320875977,0.0009040110577584456,0.003924571647362879,0.0006611205994160101,0.0015225390651016585,0.5812807881773399,0.4837209302325582,0.23456790123456805,0,1,0.23076923076923078,0.2320136655948553,0.49761627291026594,0.5415952404961177,0.02366768636290452,0.5044642857142857,0.9140782122905029,0.0,0.37788518647469643,0.39484360189573464,0.25341066522647754,0.26300769505172505,0.6079829372333942,0.3604994324631101,0,test
0.09419431279620853,0.11176818450620934,0.03198189985052564,0.031982004294501196,0.001087433591216681,0.004881784244280655,0.0015977081152553578,0.0018374341006649549,0.5911330049261084,0.4930232558139535,0.23809523809523814,0,1,0.23076923076923078,0.23462620578778137,0.6961542536285624,0.39497832005646877,0.03896312993076799,0.6554383116883116,0.40413407821229047,0.0,0.3941057201957933,0.47131753554502376,0.26911968441073564,0.18886001121133367,0.6099939061547837,0.7475595913734392,0,test
0.1415876777251185,0.16380839739798936,0.03918679845193276,0.039186969624777586,0.0014673802676658826,0.005934718100890208,0.0017629882651093603,0.0024722279833155666,0.5911330049261084,0.4837209302325582,0.23456790123456805,0,1,0.23076923076923078,0.35319533762057875,0.688208496662782,0.34334980336795407,0.04846240540975688,0.6671063311688311,0.39050279329608933,0.0,0.4204845679644459,0.5052132701421801,0.27616408763237604,0.16276818019670797,0.6082266910420475,0.8951191827468785,0,train
0.18661137440758296,0.19869899467770552,0.04118065483624769,0.041180586841780414,0.0007467917433656724,0.0028716377907533263,0.0009916808991240153,0.0012649290442271373,0.5960591133004927,0.48837209302325585,0.23456790123456805,0,1,0.23076923076923078,0.4654340836012862,0.6655366034537556,0.4569930422506807,0.02833682176783126,0.8097605519480519,0.5883798882681563,0.0,0.3611731214287177,0.4223696682464456,0.25341066522647754,0.22020078479335475,0.6113345521023766,0.45085130533484674,0,train
0.18068720379146921,0.1850975753991721,0.04286653632181419,0.04286638691867573,0.0006681820861692859,0.0015315401550684408,0.0006060272161313426,0.0009678924394478415,0.47783251231527096,0.41395348837209306,0.23456790123456805,0,1,0.23076923076923078,0.4506631832797428,0.28890772327577074,0.8448119390944842,0.013041378199967795,0.7181412337662336,0.9069273743016759,0.0,0.35144489729043354,0.3082085308056872,0.24453471716721067,0.4161952810477501,0.524375380865326,0.1566401816118048,0,test
0.1830568720379147,0.1862803075103489,0.04461854159850845,0.044619096928197224,0.0010088239340202943,0.0014358188953766634,0.0010467742824086827,0.001345680209511314,0.3645320197044335,0.4186046511627907,0.23809523809523814,0,1,0.23076923076923078,0.4558882636655949,0.3081894268460642,0.5462337400423516,0.010626308162936724,0.6419439935064934,1.0,1.0,0.38751100825363016,0.2807203791469195,0.30549228637847226,0.7239463894409621,0.4829981718464351,0.28070374574347334,0,train
0.11078199052132702,0.11709047900650503,0.046234761159058065,0.04623523519509631,0.0008778078386929834,0.004594620465205322,0.0014324279654013552,0.0014824223002970194,0.5862068965517242,0.4930232558139535,0.24162257495590822,0,1,0.23076923076923078,0.27552250803858525,0.5854433732386906,0.840778461228194,0.0164224762518113,0.31006493506493504,0.6689385474860334,1.0,0.37530464701906735,0.3424075829383887,0.30025594665038624,0.5750904550782245,0.6095673369896405,0.43575482406356414,0,train
0.18424170616113744,0.18805440567711415,0.04809857146664849,0.048101086677060895,0.002456551787387081,0.002967359050445104,0.0024241088645253705,0.0031647382437173695,0.29064039408866993,0.441860465116279,0.24162257495590822,0,1,0.23076923076923078,0.4581993569131833,0.3197372603029982,0.2605626701623475,0.01175334084688456,0.354301948051948,1.0,1.0,0.4659921764597456,0.29505213270142183,0.3881935802005307,0.868317790348061,0.46575258988421697,0.8069239500567537,0,train
0.7808056872037915,0.7829686575990539,0.17930735761232255,0.17930855542949337,0.0014542786581331515,0.0022015889729108833,0.0016528014985400254,0.0018778959559195263,0.3793103448275862,0.41395348837209306,0.24162257495590822,0,1,0.23076923076923078,0.05154742765273312,0.36349189532789494,0.34940002016738936,0.010626308162936724,0.43181818181818177,1.0,1.0,0.41970631003338316,0.2807203791469195,0.3502007654918168,0.8234214951842226,0.46727605118829985,0.5053348467650398,0,train
0.7659952606635072,0.7681845062093436,0.28462981959684297,0.28462997863756906,0.0010546795673848533,0.0015315401550684408,0.0010467742824086827,0.0014378193596432593,0.4088669950738916,0.41395348837209306,0.23809523809523814,0,1,0.038461538461538464,0.08561093247588425,0.27449941731115585,0.5462337400423516,0.010626308162936724,0.6054180194805194,1.0,1.0,0.39142277838081396,0.2807203791469195,0.30549228637847226,0.7239463894409621,0.49341864716636197,0.28070374574347334,0,val
0.47037914691943133,0.4736842105263159,0.17986166525495123,0.179861761405942,0.0011136368102821431,0.0011486551163013307,0.0009365875158393477,0.0016570380679628034,0.4482758620689655,0.45116279069767445,0.23456790123456805,0,1,0.0,0.818629421221865,0.16622523572412334,0.7034385398810123,0.01175334084688456,0.8550121753246752,0.9378770949720672,1.0,0.3961947283265407,0.29505213270142183,0.2889379388076173,0.6444988024257249,0.537903717245582,0.25300794551645855,0,train
0.71978672985782,0.7256061502069782,0.12098499445967545,0.12098526644856074,0.0011922464674785297,0.0038288503876711018,0.0011569610489780178,0.0019375103311453448,0.5665024630541872,0.4558139534883721,0.7072310405643742,0,1,0.3076923076923077,0.48884646302250806,0.42239644030087936,0.9439346576585661,0.014329415553051034,0.396103896103896,0.7968715083798883,1.0,0.40219550658447173,0.3524170616113744,0.2947613121375068,0.5229577536564236,0.5868982327848873,0.4396140749148695,0,val
0.4869668246445498,0.49497338852749856,0.06399847341316463,0.06399954711960996,0.0019783430394423956,0.002680195271369771,0.0014875213486860229,0.002911786943916935,0.4187192118226601,0.4465116279069768,0.23456790123456805,0,1,0.5192307692307693,0.7654742765273312,0.46297277253946395,0.7385297973177373,0.021252616325873445,0.661830357142857,0.9601117318435755,1.0,0.44686341573309846,0.37914691943127965,0.3361119590485359,0.6267645110329715,0.5318098720292505,0.8069239500567537,0,train
0.7600710900473934,0.7640449438202248,0.024964522345241828,0.024964952876065667,0.0009040110577584456,0.001914425193835551,0.0009916808991240153,0.0013605190988584064,0.5172413793103449,0.41395348837209306,0.23104056437389797,0,1,0.0,0.09023311897106111,0.4708125860790338,0.7759403045275789,0.014168410883915631,0.6310876623376622,0.9412290502793297,1.0,0.37788518647469643,0.3204170616113744,0.2947613121375068,0.607858125668858,0.5441194393662401,0.3382519863791146,0,train
0.4437203791469195,0.4512123004139563,0.025976271387134826,0.025976778872500803,0.0017032092392550424,0.0018187039341437735,0.0009916808991240153,0.0025104467506455778,0.43349753694581283,0.4465116279069768,0.23456790123456805,0,1,0.0,0.874799035369775,0.2904968746689268,1.0,0.020125583641925612,0.9034090909090908,1.0,0.5,0.433633030905032,0.37069194312796205,0.30025594665038624,0.4946236559139785,0.5326630103595369,0.5422247446083995,0,train
0.6635071090047394,0.671791839148433,0.02706129911313136,0.027061647556843958,0.0016966584344886768,0.0023930314922944386,0.0008814941325546802,0.0025257170030550855,0.43349753694581283,0.441860465116279,0.2275132275132279,0,1,0.0,0.31862942122186494,0.28488187307977536,0.8079056166179288,0.022540653678956683,0.7745535714285714,1.0,0.0,0.4332848628832408,0.3871848341232228,0.2889379388076173,0.39754369872088874,0.537903717245582,0.5349602724177073,0,train
0.7061611374407584,0.7096392667060911,0.04050770177053724,0.040507713512268256,0.0006485296718701893,0.001914425193835551,0.0006611205994160101,0.00097928042429561,0.5320197044334976,0.4093023255813954,0.2275132275132279,0,1,0.0,0.22377411575562703,0.42631634707066424,1.0,0.013041378199967795,0.5849228896103895,1.0,0.5,0.3488438773629345,0.3082085308056872,0.2615586916195083,0.4946236559139785,0.5461304082876295,0.1956867196367764,0,test
0.2950236966824645,0.2980484920165583,0.020049503996872605,0.02005002126808082,0.0009302142768239078,0.0014358188953766634,0.0009916808991240153,0.001340245034924879,0.43349753694581283,0.441860465116279,0.2275132275132279,0,1,0.0,0.7380426045016079,0.32948405551435533,0.5753756176262982,0.010626308162936724,0.6419439935064934,1.0,1.0,0.3804042845147152,0.2807203791469195,0.30025594665038624,0.7092187738877848,0.5212065813528336,0.2615209988649262,0,train
0.20971563981042657,0.21584861028976937,0.03170136514571726,0.031701155552620215,0.0007467917433656724,0.0016272614147602184,0.0004958404495620075,0.0010287146312484233,0.4039408866995074,0.41395348837209306,0.23456790123456805,0,1,0.0,0.5231109324758842,0.29134442207861005,0.6218614500352929,0.016583480920946702,0.8397930194805193,1.0,0.0,0.3611731214287177,0.3424075829383887,0.23481344072134688,0.3035213779748255,0.49896404631322366,0.181838819523269,0,val
0.509478672985782,0.5192193968066233,0.00431668059512041,0.004318403219224772,0.0036750014739310726,0.0032545228295204364,0.001818081648394028,0.005060406357808414,0.4088669950738916,0.4465116279069768,0.1393298059964727,0,1,0.0,0.6509244372990355,0.2967475368153406,0.6737924775637794,0.02592175173080019,0.6336241883116882,1.0,1.0,0.5016691584574109,0.4021611374407583,0.35961678446474277,0.6594812210161545,0.4974405850091408,0.9555051078320091,0,test
0.34419431279620855,0.3826138379657008,0.011137416481366732,0.011144238472975385,0.02086431318087427,0.019718579496506176,0.0108533965070795,0.029014946212477022,0.4285714285714286,0.4186046511627907,0.1393298059964727,0,1,0.0,0.8939911575562702,0.5790867676660663,0.7148331148532822,0.08517146997262919,0.3316761363636363,0.441340782122905,1.0,0.655866631167182,0.5877914691943128,0.4685937023035199,0.6387402537838252,0.5020719073735527,1.0,0,train
0.7191943127962086,0.7226493199290361,0.028186582940266314,0.028187322651331635,0.001362567391404034,0.0017229826744519958,0.0011569610489780178,0.0018373478280524717,0.3448275862068966,0.4186046511627907,0.14285714285714324,0,1,0.0,0.1244975884244373,0.2814916834410425,0.5874760512251689,0.013524392207374013,0.6448863636363635,1.0,1.0,0.413951297437893,0.3082085308056872,0.31521356282433605,0.7031035009937319,0.487812309567337,0.4017026106696935,0,train
0.4845971563981043,0.48728562980484924,0.051173524317083156,0.051173597073260475,0.0007205885243002102,0.001052933856609553,0.0007162139827006776,0.0010643452202039416,0.4236453201970443,0.4465116279069768,0.1393298059964727,0,1,0.0,0.7340233118971062,0.28890772327577074,0.783906423313502,0.011109322170342936,0.8438514610389609,1.0,1.0,0.3580396092325967,0.2807203791469195,0.26911968441073564,0.6038322376802732,0.5343692870201097,0.1727582292849035,0,train
0.011255924170616115,0.013601419278533413,0.06845903811977588,0.06845916096045238,0.0007336901338329413,0.0011486551163013307,0.000771307365985345,0.000965563078910798,0.39901477832512317,0.4093023255813954,0.1393298059964727,0,1,0.0,0.0292403536977492,0.16484797118338806,0.5966522133709791,0.008694252133311865,0.6376826298701298,1.0,1.0,0.3596166055665923,0.24765876777251186,0.27616408763237604,0.6984660857157418,0.4771480804387569,0.14517593643586832,0,train
0.04206161137440759,0.04790065050266115,0.08746298423981502,0.08746598483007943,0.0029085573162663035,0.003924571647362879,0.002809762547518043,0.004139446219551376,0.4729064039408867,0.4186046511627907,0.14285714285714324,0,1,0.0,0.10912379421221866,0.4536497510329484,0.2825451245336291,0.016100466913540487,0.33928571428571425,1.0,1.0,0.48094292092489815,0.3317914691943128,0.40293986427783124,0.8572083779238648,0.5141986593540524,0.9549375709421113,0,train
0.15521327014218012,0.1590774689532821,0.06624227930044645,0.06624248442633972,0.0008974602529920801,0.0012443763759931081,0.0008264007492700126,0.0012388747152572426,0.3497536945812808,0.41395348837209306,0.8165784832451499,1,0,0.3076923076923077,0.3115956591639871,0.2924038563407141,0.747907633356862,0.009016261471582673,0.797077922077922,1.0,1.0,0.37725029184672415,0.29505213270142183,0.28273886397257375,0.6220251745400805,0.49975624619134673,0.23280363223609532,0,test
0.06635071090047394,0.07214665878178593,0.0021235093350517654,0.0021238989542079743,0.0011529416388803364,0.0013400976356848858,0.0008814941325546802,0.0014687049549122074,0.33990147783251234,0.4093023255813954,0.8201058201058204,1,0,0.15384615384615385,0.13303858520900322,0.319949147155419,0.8814157507310678,0.011914345516019963,0.9365868506493505,1.0,1.0,0.39924631863518134,0.3317914691943128,0.2889379388076173,0.5546042908831473,0.46136502132845825,0.3438138479001135,0,val
0.06990521327014218,0.07569485511531639,0.009364339651732832,0.00936448144015964,0.000825401400562059,0.0014358188953766634,0.000771307365985345,0.0012064362129635988,0.4285714285714286,0.4465116279069768,0.8201058201058204,1,0,0.15384615384615385,0.1401728295819936,0.41370907935162626,0.9327417565796108,0.011914345516019963,0.880681818181818,0.9254748603351957,0.0,0.3699182829172385,0.3317914691943128,0.26911968441073564,0.4606329307445345,0.5287629494210847,0.26322360953461976,0,train
0.3311611374407583,0.34713187463039624,0.021063375919099077,0.021064206016547432,0.003000268582995421,0.004786062984588877,0.0022037353313867003,0.004665105247410873,0.5073891625615764,0.45116279069767445,0.8236331569664905,1,0,0.15384615384615385,0.6631832797427654,0.41731115584277995,0.6944640516285167,0.028980840444372883,0.6292613636363636,0.5094972067039107,0.0,0.4837077846273578,0.46161137440758304,0.319745462230258,0.34021301533914283,0.5615478366849482,0.9484676503972758,0,train
0.10722748815165878,0.10999408633944412,0.03082807507668512,0.03082818142577125,0.0007205885243002102,0.0012443763759931081,0.0007162139827006776,0.0010135306514513988,0.4285714285714286,0.41395348837209306,1.0,1,0,0.15384615384615385,0.20277331189710612,0.2118868524208073,0.7119088434002219,0.0066011914345516015,0.661830357142857,1.0,1.0,0.3580396092325967,0.2650236966824645,0.26911968441073564,0.6402181113998879,0.5093235831809872,0.15232690124858114,0,train
0.8850710900473935,0.8876404494382023,0.04251956332508791,0.04251941449484573,0.0006550804766365548,0.0012443763759931081,0.0005509338328466751,0.0007865474080083761,0.3793103448275862,0.33953488372093027,0.8271604938271606,1,0,0.15384615384615385,0.2251808681672026,0.24080940777624749,0.9160028234345063,0.009016261471582673,0.797077922077922,1.0,0.0,0.34972453765334754,0.29505213270142183,0.24453471716721067,0.4521734699077613,0.43650213284582573,0.14097616345062428,0,train
0.9117298578199052,0.9172087522176228,0.04865201423210425,0.048652562902019796,0.0016901076297223113,0.002105867713219106,0.0010467742824086827,0.001864782518822096,0.2561576354679803,0.33953488372093027,0.8201058201058204,1,0,0.15384615384615385,0.16157556270096463,0.2492848818730798,0.8487445800141171,0.013685396876509416,0.7040381493506493,1.0,1.0,0.43295717533331973,0.3524170616113744,0.30549228637847226,0.5710645670896397,0.3996953077391834,0.5035187287173666,0,train
0.7985781990521328,0.8013010053222945,0.05159031648922139,0.051590309932154424,0.000681283695702017,0.0013400976356848858,0.0007162139827006776,0.0008542714088076056,0.35960591133004927,0.40465116279069774,0.8271604938271606,1,0,0.15384615384615385,0.39811093247588425,0.3395486810043437,0.9224563880205707,0.009016261471582673,0.7463474025974025,0.9202234636871509,1.0,0.35314477645564957,0.29505213270142183,0.2615586916195083,0.5338123630433674,0.45527117611212675,0.17582292849035183,0,train
0.4520142180094787,0.4583086930810172,0.052715993442344025,0.052716220901845245,0.0011529416388803364,0.0017229826744519958,0.0008264007492700126,0.0014961396456818314,0.24630541871921183,0.41395348837209306,0.8236331569664905,1,0,0.15384615384615385,0.9051446945337621,0.36614048098315505,0.940707875365534,0.013685396876509416,0.8478084415584415,1.0,0.0,0.39924631863518134,0.3524170616113744,0.28273886397257375,0.4646588187331193,0.46983546617915906,0.37548240635641317,0,train
0.11196682464454977,0.1342400946185689,0.05549201329174689,0.05549388729411043,0.0036618998643983412,0.009955011007944865,0.0033606963803647183,0.006449395418786241,0.5911330049261084,0.5255813953488373,0.8236331569664905,1,0,0.15384615384615385,0.22417604501607719,0.6858777412861532,0.859332459413129,0.03848011592336177,0.3970170454545454,0.5494972067039106,0.0,0.5013619513793598,0.5052132701421801,0.3682344377392162,0.42353360852061356,0.6358318098720293,0.9997729852440409,0,train
0.9721563981042655,0.981076286221171,0.059941806346295715,0.0599418646249309,0.0012053480770112608,0.003158801569828659,0.0009365875158393477,0.0016289994689057976,0.4285714285714286,0.4093023255813954,0.8236331569664905,1,0,0.15384615384615385,0.035570739549839234,0.447505032312745,0.6054250277301604,0.01948156496538399,0.6520900974025974,0.751731843575419,0.0,0.4031580887623651,0.4021611374407583,0.26911968441073564,0.2952147989604036,0.4890310786106033,0.4698070374574348,0,train
0.8127962085308057,0.8178592548787701,0.06112605907158266,0.06112627264500231,0.0008450538148611557,0.001914425193835551,0.0008814941325546802,0.0014435996246796267,0.5812807881773399,0.48837209302325585,0.8236331569664905,1,0,0.15384615384615385,0.36304260450160775,0.517321750185401,1.0,0.012719368861696986,0.7233157467532466,0.9343016759776537,0.5,0.3719868105761157,0.3424075829383887,0.28273886397257375,0.4946236559139785,0.6165143205362584,0.3456299659477866,0,train
0.05390995260663507,0.1023063276167948,0.06359685590415085,0.06360665765623391,0.021172201004893452,0.018761366899588402,0.011349236956641508,0.030083863881142568,0.3694581280788177,0.4837209302325582,0.8201058201058204,1,0,0.15384615384615385,0.10811897106109325,0.7740226718932091,0.6273066451547846,0.08034132989856704,0.43120941558441556,0.6275977653631284,1.0,0.6571569008949966,0.6212322274881518,0.5024772817996102,0.6829740610508077,0.5130408287629494,1.0,0,train
0.09537914691943129,0.1845062093435837,0.06474124565428704,0.06474837226453561,0.03053330101602982,0.06767493060208674,0.023359594512699023,0.05232382183532215,0.5665024630541872,0.5534883720930233,0.8236331569664905,1,0,0.15384615384615385,0.1910168810289389,0.7549528551753364,0.6639104567913683,0.14587023023667686,0.2086038961038961,0.15608938547486034,0.0,0.6897208511684109,0.7173838862559242,0.47361870993495664,0.32477195128165925,0.6188299817184644,1.0,0,train
0.16824644549763035,0.19515079834417506,0.06560211294210849,0.06560672212878944,0.007160029609637544,0.018187039341437738,0.007327419976860778,0.012297384455952827,0.5763546798029556,0.5255813953488373,0.8236331569664905,1,0,0.15384615384615385,0.33691720257234725,0.7435109651446128,0.7058586266007866,0.0460473353727258,0.2548701298701298,0.4830167597765363,1.0,0.5608372416900486,0.533308056872038,0.4361190034517576,0.6432757478469143,0.6201706276660572,1.0,0,test
0.10308056872037916,0.12832643406268482,0.0690248250412448,0.06902549732320958,0.003295054797481871,0.007753422035033982,0.0022037353313867003,0.004884237683117934,0.47783251231527096,0.4186046511627907,0.8236331569664905,1,0,0.15384615384615385,0.20639067524115756,0.5528127979658862,0.4537662599576485,0.043149251328288514,0.5721387987012987,0.4822346368715083,0.0,0.492002375734737,0.5232985781990522,0.31521356282433605,0.21857004535494068,0.5354052407068861,0.9926220204313281,0,train
0.0533175355450237,0.07451212300413956,0.07074600924050496,0.07074762218138961,0.003727407912061997,0.005360390542739543,0.0023139220979560356,0.005398336180904697,0.35960591133004927,1.0,0.8201058201058204,1,0,0.15384615384615385,0.10691318327974277,0.6254899883462232,0.8278713320560653,0.03654805989373691,0.7026176948051946,0.766145251396648,0.0,0.5029184672414853,0.49736492890995265,0.35961678446474277,0.40763389899607605,0.5230956733698964,0.999205448354143,0,train
0.11552132701421802,0.13010053222945003,0.07189165699380173,0.07189523366977,0.0051620341558960515,0.009667847228869533,0.004517657429342735,0.008999096208111627,0.5862068965517242,0.5209302325581395,0.8201058201058204,1,0,0.15384615384615385,0.23161173633440518,0.5866087509270049,0.5043864071795905,0.026082756399935594,0.28094561688311687,0.6768715083798882,1.0,0.5317959325782866,0.44591469194312805,0.41580764082936106,0.7450950415328951,0.6294332723948812,0.9998864926220203,0,train
0.043246445497630334,0.06209343583678297,0.0733242080929073,0.07332746790328173,0.005902275094495358,0.007083373217191539,0.004517657429342735,0.00861535562778682,0.4482758620689655,0.45116279069767445,0.8236331569664905,1,0,0.15384615384615385,0.08661575562700966,0.5893632800084755,0.6699606735908036,0.0326839478344872,0.479301948051948,0.6230167597765361,1.0,0.5436950867347984,0.48045497630331757,0.4086693122314321,0.6614177240992712,0.5271176112126752,1.0,0,train
0.056279620853080574,0.07214665878178593,0.07503619314405574,0.07503724862583039,0.003596391816734686,0.004020292907054657,0.0014324279654013552,0.004563131019455855,0.27586206896551724,0.4232558139534884,0.8201058201058204,1,0,0.15384615384615385,0.11284163987138264,0.38383303316029244,0.8424926893213673,0.028014812429560453,0.7233157467532466,1.0,0.0,0.4997439941016241,0.45653080568720394,0.3361119590485359,0.4149722264689395,0.45850091407678245,0.9737797956867196,0,val
0.10308056872037916,0.11709047900650503,0.07876373513403905,0.07876486308623834,0.0021355623538351688,0.006413324399349096,0.0022037353313867003,0.0031877730312503557,0.4975369458128079,0.41395348837209306,0.8201058201058204,1,0,0.15384615384615385,0.2066921221864952,0.6315287636402162,0.965211253403247,0.025116728385123164,0.4118303571428571,0.6456983240223462,0.0,0.45362197145022215,0.4403412322274882,0.33982201141193324,0.4770422463435764,0.5393053016453382,0.9632236095346198,0,train
0.03376777251184834,0.04494382022471911,0.07990238524475513,0.0799028823163574,0.0017556156773859668,0.0027759165310615487,0.0013222411988320203,0.002703179766932812,0.46798029556650245,0.4558139534883721,0.8236331569664905,1,0,0.15384615384615385,0.06762459807073955,0.46350248967051594,0.8319048099223556,0.02044759298019642,0.7709009740259739,0.776536312849162,0.0,0.4363159727200115,0.4091753554502371,0.30549228637847226,0.40967232329409364,0.5562461913467398,0.7342792281498298,0,val
0.1735781990521327,0.18273211117681845,0.08157702332707398,0.0815781466341788,0.001362567391404034,0.003733129127979324,0.0015426147319706903,0.002373445842022423,0.5862068965517242,0.5162790697674418,0.8236331569664905,1,0,0.15384615384615385,0.34756832797427656,0.6811102871066851,0.747907633356862,0.017549508935759132,0.5050730519480519,0.9614525139664805,1.0,0.413951297437893,0.3871848341232228,0.33982201141193324,0.6220251745400805,0.6287020109689214,0.8530079455164586,0,train
0.22926540284360192,0.2353636901241869,0.10553891715333698,0.10553937189578405,0.0015001342914977105,0.0022015889729108833,0.0010467742824086827,0.0020048029688821585,0.32019704433497537,0.41395348837209306,0.8236331569664905,1,0,0.15384615384615385,0.4591036977491961,0.29462866829113254,0.7983261066854896,0.012719368861696986,0.6347402597402597,1.0,1.0,0.42243021279210274,0.3424075829383887,0.30549228637847226,0.5965448708148602,0.4834247410115783,0.4660612939841089,0,val
0.7126777251184835,0.7173270254287405,0.005386769533585106,0.005386603389212169,0.0007009361100011136,0.0015315401550684408,0.0005509338328466751,0.0009640964444985853,0.3497536945812808,0.4465116279069768,0.8059964726631392,1,0,0.11538461538461542,0.5560691318327975,0.28954338383303313,0.6639104567913683,0.011914345516019963,0.830864448051948,0.8984357541899441,0.0,0.3556229135519282,0.3317914691943128,0.23481344072134688,0.32477195128165925,0.4983546617915905,0.16685584562996594,0,train
0.37322274881516593,0.3808397397989356,0.007036404803087517,0.007037022185635357,0.001650802801124118,0.002297310232602661,0.0010467742824086827,0.0024764553413272384,0.43842364532019706,0.4558139534883721,0.8059964726631392,1,0,0.11538461538461542,0.7518086816720257,0.3513084013136985,0.9495815266713723,0.01577845757526968,0.7268668831168831,1.0,1.0,0.4308681672025723,0.37069194312796205,0.30549228637847226,0.5201039596391989,0.5420475319926874,0.5763904653802497,0,train
0.5260663507109005,0.5292726197516263,0.013003664170080769,0.01300356407431956,0.0006747328909356515,0.0012443763759931081,0.0005509338328466751,0.0008643653044681277,0.29064039408866993,0.41395348837209306,0.8095238095238098,1,0,0.11538461538461542,0.9368971061093249,0.21665430660027543,0.9160028234345063,0.009016261471582673,0.797077922077922,1.0,0.0,0.35230507710897657,0.29505213270142183,0.24453471716721067,0.4521734699077613,0.46496039000609385,0.14097616345062428,0,train
0.658175355450237,0.6629213483146068,0.018215728514740927,0.018216012938541144,0.0010743319816839498,0.0014358188953766634,0.0008264007492700126,0.0014076239452741762,0.30049261083743845,0.45116279069767445,0.8095238095238098,1,0,0.11538461538461542,0.6675040192926045,0.32662358300667443,0.9369769083392154,0.011914345516019963,0.880681818181818,1.0,1.0,0.3930407356585496,0.3317914691943128,0.28273886397257375,0.526474035570504,0.474466788543571,0.3163450624290579,0,train
0.7535545023696683,0.7575399172087522,0.02232389508599592,0.0223238582264229,0.0008057489862629624,0.0012443763759931081,0.0006060272161313426,0.0010620158596668981,0.30049261083743845,0.4093023255813954,0.8130511463844798,1,0,0.11538461538461542,0.478597266881029,0.27121517109863336,0.8559040032267823,0.010948317501207533,0.9323254870129869,1.0,0.0,0.36780879431462105,0.3204170616113744,0.25341066522647754,0.4218009478672986,0.4776965265082267,0.19421112372304203,0,train
0.49289099526066354,0.5032525133057363,0.023890659397295403,0.02389203520201532,0.0021814179871997275,0.0035416866085957693,0.0016528014985400254,0.003003667276211431,0.4039408866995074,0.4186046511627907,0.8165784832451499,1,0,0.11538461538461542,0.9893488745980709,0.5664794999470283,0.7983261066854896,0.02044759298019642,0.609780844155844,0.9639106145251397,1.0,0.4554856943903987,0.4091753554502371,0.3468429332895015,0.5965448708148602,0.49768433881779406,0.9340522133938705,0,train
0.39751184834123227,0.4003548196333531,0.02581076534632159,0.025810722729484953,0.0006485296718701893,0.0009572125969177757,0.0006060272161313426,0.0009680649846728077,0.39901477832512317,0.47906976744186053,0.8165784832451499,1,0,0.11538461538461542,0.7979300643086817,0.24886110816823817,0.9160028234345063,0.008050233456770244,0.9154829545454544,1.0,1.0,0.3488438773629345,0.2807203791469195,0.25341066522647754,0.5370738419201957,0.540036563071298,0.14097616345062428,0,train
0.6356635071090048,0.6404494382022473,0.03353160249395982,0.033531547129044964,0.0009236634720575423,0.0012443763759931081,0.0006060272161313426,0.0012439647993937452,0.30049261083743845,0.4186046511627907,0.8095238095238098,1,0,0.11538461538461542,0.7128215434083602,0.21781968428858992,0.7983261066854896,0.011914345516019963,0.9999999999999999,1.0,0.0,0.379769389886743,0.3317914691943128,0.25341066522647754,0.39270244101309687,0.4876904326630104,0.21316685584562997,0,test
0.6640995260663508,0.6682436428149024,0.03937746455595751,0.03937732091371764,0.0007336901338329413,0.0014358188953766634,0.0005509338328466751,0.0010118914718142199,0.33004926108374383,0.441860465116279,0.8130511463844798,1,0,0.11538461538461542,0.6583601286173634,0.27513507786841823,0.783906423313502,0.010948317501207533,0.8209212662337662,1.0,0.0,0.3596166055665923,0.3204170616113744,0.24453471716721067,0.38541507414768383,0.4995734308348568,0.1727582292849035,0,train
0.3359004739336493,0.34003548196333533,0.04134372349593732,0.04134357660715535,0.0007074869147674791,0.0013400976356848858,0.0005509338328466751,0.0010042132093032244,0.3694581280788177,0.47906976744186053,0.8165784832451499,1,0,0.11538461538461542,0.6742363344051447,0.24451742769361162,0.8448119390944842,0.009982289486395103,0.8097605519480519,1.0,0.0,0.3564421324267311,0.3082085308056872,0.24453471716721067,0.4161952810477501,0.5139549055453991,0.1566401816118048,0,test
0.7168246445497631,0.7196924896510941,0.043756101806736274,0.043756029559880456,0.0007336901338329413,0.0011486551163013307,0.0006060272161313426,0.0010191383712628,0.3891625615763547,0.4186046511627907,0.8130511463844798,1,0,0.11538461538461542,0.5547628617363345,0.22068015679627082,1.0,0.009016261471582673,0.8550121753246752,1.0,0.5,0.3596166055665923,0.29505213270142183,0.25341066522647754,0.4946236559139785,0.503107861060329,0.15811577752553915,0,train
0.6107819905213271,0.6150206978119457,0.04833924319630612,0.04833916338210446,0.0007402409385993069,0.0012443763759931081,0.0006060272161313426,0.0009759157924087694,0.33497536945812806,0.4186046511627907,0.8130511463844798,1,0,0.11538461538461542,0.7654742765273312,0.3342515096938235,0.8559040032267823,0.010948317501207533,0.9323254870129869,1.0,0.0,0.36039486349765504,0.3204170616113744,0.25341066522647754,0.4218009478672986,0.4780012187690433,0.19421112372304203,0,test
0.6682464454976303,0.671791839148433,0.050042422225330535,0.05004241822403269,0.0007991981814965968,0.0014358188953766634,0.0006611205994160101,0.0011116226118446776,0.39901477832512317,0.4186046511627907,0.8095238095238098,1,0,0.11538461538461542,0.6496181672025724,0.2821273439983049,1.0,0.009982289486395103,0.7612621753246753,1.0,0.5,0.3670919777991685,0.3082085308056872,0.2615586916195083,0.4946236559139785,0.5036563071297989,0.1956867196367764,0,test
0.6380331753554502,0.6416321703134241,0.05445911407171671,0.05445894552776683,0.0007336901338329413,0.0012443763759931081,0.0005509338328466751,0.0009945506767051178,0.3497536945812808,0.441860465116279,0.8165784832451499,1,0,0.11538461538461542,0.7135249196141479,0.2148532683546986,0.8448119390944842,0.009982289486395103,0.864752435064935,1.0,0.0,0.3596166055665923,0.3082085308056872,0.24453471716721067,0.4161952810477501,0.49122486288848266,0.1566401816118048,0,train
0.6125592417061612,0.6162034299231225,0.06067805269602264,0.06067818838408974,0.0008516046196275212,0.0013400976356848858,0.000771307365985345,0.0011689938991459358,0.33497536945812806,0.47906976744186053,0.8130511463844798,1,0,0.11538461538461542,0.7631631832797428,0.34230321008581416,0.8655843501058789,0.009982289486395103,0.8097605519480519,1.0,1.0,0.37266266614782806,0.3082085308056872,0.27616408763237604,0.5625541456454161,0.4970749542961609,0.23779795686719638,0,train
0.3578199052132702,0.36428149024246015,0.0663597453455652,0.06636120827859063,0.0018342253345823535,0.003350244089212214,0.0017629882651093603,0.002875207356224103,0.30049261083743845,0.5674418604651164,0.8130511463844798,1,0,0.11538461538461542,0.7190514469453376,0.510223540629304,0.5273772310174447,0.013846401545644819,0.4516030844155844,0.966145251396648,1.0,0.440166301431585,0.3524170616113744,0.3534177096296992,0.733526983641645,0.5661791590493601,0.8111237230419978,0,test
0.9466824644549764,0.9491425192193969,0.12287624496120592,0.12287619932712668,0.0008057489862629624,0.0011486551163013307,0.0007162139827006776,0.0010177580094630704,0.35960591133004927,0.4093023255813954,0.8130511463844798,1,0,0.11538461538461542,0.09284565916398714,0.27121517109863336,0.8559040032267823,0.009016261471582673,0.8550121753246752,1.0,1.0,0.36780879431462105,0.29505213270142183,0.26911968441073564,0.5674463639606584,0.4581352833638026,0.19421112372304203,0,test
0.9543838862559243,0.9603784742755767,0.1347523451734232,0.13475298755601053,0.0017097600440214079,0.0022015889729108833,0.0012120544322626852,0.0020638134358205956,0.29064039408866993,0.40465116279069774,0.8130511463844798,1,0,0.11538461538461542,0.07023713826366561,0.38637567538934214,0.7807804779671271,0.014812429560457249,0.7159090909090908,1.0,1.0,0.4339811989268233,0.36181990521327023,0.319745462230258,0.6054120165112369,0.43686776355880563,0.6346197502837685,0,train
0.8631516587677726,0.863985807214666,0.15111990979488335,0.15112123277816172,0.0012446529056094541,0.002105867713219106,0.0017078948818246929,0.0016177840292829952,0.4039408866995074,0.4093023255813954,0.8130511463844798,1,0,0.11538461538461542,0.26426848874598075,0.3531094395592753,0.27528486437430677,0.006118177427145387,0.36586850649350644,1.0,1.0,0.40598439388043506,0.24765876777251186,0.3534177096296992,0.8609285022677471,0.4705057891529555,0.40556186152099893,0,train
0.6309241706161138,0.6345357776463632,0.15323500623379877,0.15323483184849893,0.0007795457671975002,0.0015315401550684408,0.0007162139827006776,0.0010745253884769468,0.32019704433497537,0.5255813953488373,0.8130511463844798,1,0,0.11538461538461542,0.7262861736334406,0.30087933043754633,1.0,0.009982289486395103,0.7181412337662336,0.9202234636871509,0.5,0.3649210477809409,0.3082085308056872,0.2615586916195083,0.4946236559139785,0.49920780012187693,0.1956867196367764,0,train
0.9591232227488152,0.965109402720284,0.16080110899268618,0.1608014724902682,0.0016114979725259247,0.0015315401550684408,0.0010467742824086827,0.0018879898515800485,0.26108374384236455,0.40465116279069774,0.8201058201058204,1,0,0.11538461538461542,0.06531350482315113,0.32958999894056573,0.8991630533427448,0.014651424891321846,0.9999999999999999,1.0,1.0,0.4287381981280849,0.36181990521327023,0.30549228637847226,0.5455842633644193,0.42425350396099937,0.5404086265607264,0,test
0.8584123222748816,0.8610289769367239,0.16332411295641827,0.16332400053779547,0.000694385305234748,0.0014358188953766634,0.0007162139827006776,0.000901893890898274,0.33990147783251234,0.4186046511627907,0.8165784832451499,1,0,0.11538461538461542,0.27230707395498394,0.3783239749973514,0.8559040032267823,0.009016261471582673,0.7016030844155843,1.0,1.0,0.35480369467712536,0.29505213270142183,0.26911968441073564,0.5674463639606584,0.471176112126752,0.19421112372304203,0,train
0.9656398104265403,0.9692489651094028,0.16578956327555402,0.16578928953602562,0.0007402409385993069,0.0014358188953766634,0.0006060272161313426,0.000851079322145731,0.33004926108374383,0.36744186046511623,0.8165784832451499,1,0,0.11538461538461542,0.05466237942122187,0.3342515096938235,0.8559040032267823,0.010948317501207533,0.8209212662337662,1.0,0.0,0.36039486349765504,0.3204170616113744,0.25341066522647754,0.4218009478672986,0.41809872029250456,0.19421112372304203,0,train
0.9407582938388627,0.9491425192193969,0.2631140342911219,0.26311477923260357,0.002659626735144413,0.002680195271369771,0.0014324279654013552,0.003247214861251208,0.28078817733990147,0.4093023255813954,0.8165784832451499,1,0,0.11538461538461542,0.09515675241157558,0.3317088674647738,0.8132499747907633,0.01851553695057156,0.729403409090909,1.0,1.0,0.4730374587830504,0.39484360189573464,0.3361119590485359,0.5890027009121949,0.44143814747105425,0.8580022701475596,0,test
0.6332938388625593,0.6481371969248966,0.003369875966392131,0.003370735278045758,0.003019920997294518,0.003350244089212214,0.001267147815547353,0.0045961734300368805,0.47783251231527096,0.441860465116279,0.23104056437389797,0,1,0.0,0.3803255627009647,0.3929441678143871,0.7164465059997983,0.03558203187892448,0.8629261363636362,0.9534078212290504,0.0,0.4842812378397198,0.45653080568720394,0.319745462230258,0.35127146715588853,0.549725776965265,0.9402951191827469,0,train
0.5385071090047394,0.5399172087522177,0.026222446880619983,0.026223032584586813,0.0007795457671975002,0.0009572125969177757,0.0010467742824086827,0.00119030323442926,0.47783251231527096,0.45116279069767445,0.2275132275132279,0,1,0.0,0.6491157556270097,0.3472825511177031,0.44539679338509636,0.00821123812590565,0.7463474025974025,1.0,1.0,0.3649210477809409,0.24765876777251186,0.30549228637847226,0.774906996891403,0.5520414381474711,0.21316685584562997,0,train
0.5308056872037915,0.5316380839739799,0.05660636821642435,0.056606510627357276,0.00047820874794468496,0.0013400976356848858,0.000771307365985345,0.0007602342612010321,0.5123152709359606,0.441860465116279,0.2275132275132279,0,1,0.0,0.6699155948553055,0.39728784828901365,0.5293939699505898,0.007084205441957815,0.49269480519480513,1.0,1.0,0.32238310770680156,0.22828436018957346,0.27616408763237604,0.7324568108851858,0.5745886654478977,0.12463110102156641,0,train
0.5308056872037915,0.5316380839739799,0.06251961207271037,0.06251990197026558,0.0004127007002810295,0.0009572125969177757,0.0008814941325546802,0.0006663696588194249,0.5566502463054187,0.4558139534883721,0.22398589065255736,0,1,0.0,0.6679059485530546,0.5531306282445174,0.46616920439649095,0.007084205441957815,0.661830357142857,1.0,1.0,0.30964425420361685,0.22828436018957346,0.2889379388076173,0.7644091117566121,0.583363802559415,0.14665153234960274,0,train
0.34419431279620855,0.3483146067415731,0.0038542071832137715,0.00385412219436274,0.000694385305234748,0.0011486551163013307,0.0005509338328466751,0.000942010655702913,0.3793103448275862,0.4186046511627907,0.16754850088183426,0,1,0.0,0.8832395498392284,0.2593495073630681,0.8448119390944842,0.013363387538238604,0.927556818181818,1.0,0.0,0.35480369467712536,0.3082085308056872,0.24453471716721067,0.4161952810477501,0.4916514320536258,0.1566401816118048,0,train
0.7375592417061612,0.7386162034299232,0.07529361204078854,0.07529419534712575,0.0008581554243938868,0.0013400976356848858,0.0011018676656933504,0.0012616506849527796,0.5172413793103449,0.4093023255813954,0.16754850088183426,0,1,0.0,0.10339630225080387,0.313910371861426,0.4238176868004437,0.008533247464176458,0.5561079545454545,1.0,1.0,0.3733385217195404,0.24765876777251186,0.3104703313217649,0.7858125668857974,0.5317489335770872,0.22780930760499432,0,train
0.6872037914691944,0.68775872264932,0.09581848398196369,0.09581887614900708,0.0003995990907482984,0.0018187039341437735,0.0009916808991240153,0.0006058925574687754,0.5270935960591133,0.41395348837209306,0.16402116402116418,0,1,0.0,0.2314107717041801,0.6202987604619133,0.41625491580114954,0.007406214780228625,0.3719561688311688,1.0,1.0,0.30685891002928706,0.22828436018957346,0.30025594665038624,0.7896346124445803,0.548933577087142,0.16980703745743472,0,train
0.4609004739336493,0.46185688941454767,0.10026332364906775,0.10026300085150949,0.0003144386287855463,0.0007657700775342204,0.0004958404495620075,0.0004845932643175439,0.5172413793103449,0.441860465116279,0.1710758377425048,0,1,0.0,0.8166197749196141,0.39728784828901365,0.7983261066854896,0.007245210111093221,0.797077922077922,1.0,1.0,0.286316996743605,0.22828436018957346,0.23481344072134688,0.5965448708148602,0.5579524680073126,0.07514188422247448,0,train
0.6854265402843602,0.6853932584269664,0.10416226856967949,0.10416233245980884,0.00039304828598193286,0.001052933856609553,0.000771307365985345,0.0006092571893556161,0.5369458128078818,0.4186046511627907,0.16754850088183426,0,1,0.0,0.24015273311897106,0.4338383303316029,0.462236563476858,0.006118177427145387,0.5317573051948051,1.0,1.0,0.30544575747025215,0.20629383886255923,0.27616408763237604,0.7663965754471793,0.5608165752589884,0.10510783200908061,0,train
0.28199052132701424,0.2885866351271437,0.014052917431198431,0.014053287353393734,0.0013232625628058407,0.0023930314922944386,0.0011018676656933504,0.0018471829058755444,0.4827586206896552,0.36744186046511623,0.8271604938271606,0,1,0.07692307692307693,0.5640072347266881,0.3115796164847971,1.0,0.013685396876509416,0.6241883116883117,0.7871508379888268,0.5,0.41137075798226397,0.3524170616113744,0.2889379388076173,0.4946236559139785,0.5048141377209019,0.40737797956867194,0,test
0.4609004739336493,0.4701360141927854,0.041463391046587084,0.04146332258528657,0.0006681820861692859,0.0027759165310615487,0.0008814941325546802,0.0008993919851362642,0.43842364532019706,0.40465116279069774,0.24867724867724883,1,0,0.15384615384615385,0.8344051446945339,0.6421231062612565,0.5415952404961177,0.023506681693769113,0.7054586038961038,0.6713966480446927,0.0,0.35144489729043354,0.39484360189573464,0.25341066522647754,0.26300769505172505,0.48799512492382696,0.3604994324631101,0,train
0.7511848341232228,0.7569485511531638,0.04444477991195393,0.04444517827840979,0.0012708561246749163,0.0020101464535273285,0.0009365875158393477,0.0016164036674832657,0.4039408866995074,0.37674418604651166,0.24867724867724883,1,0,0.15384615384615385,0.12188504823151126,0.3808666172264011,0.9439346576585661,0.017549508935759132,0.7352881493506492,1.0,1.0,0.4078276363487415,0.3524170616113744,0.2947613121375068,0.5229577536564236,0.46051188299817186,0.4396140749148695,0,train
0.22334123222748817,0.2536960378474276,0.09157610419851478,0.09157595299478952,0.001172594053179433,0.007753422035033982,0.001818081648394028,0.0019691723799266404,0.5566502463054187,0.5302325581395348,0.2522045855379189,1,0,0.15384615384615385,0.5530546623794212,0.7791079563513085,0.20389230614097004,0.06456287232329735,0.6821225649350648,0.27698324022346366,0.0,0.4007413930816966,0.5516208530805689,0.25341066522647754,0.0922896600927483,0.6062766605728215,0.9173666288308739,0,train
0.2316350710900474,0.24541691306918983,0.10264417325565477,0.10264447552755455,0.0008319522053284246,0.004403177945821768,0.0018731750316786954,0.0013853656112535378,0.5517241379310345,0.5255813953488373,0.24867724867724883,1,0,0.15384615384615385,0.5743569131832797,0.797648055938129,0.617525461329031,0.03171791981967477,0.5984172077922076,0.4573184357541899,0.0,0.3706146189608208,0.4403412322274882,0.2947613121375068,0.3013300718544565,0.601157830591103,0.7869466515323497,0,train
0.40936018957345977,0.4186871673565938,0.11316902082301868,0.11316891259172597,0.0009236634720575423,0.0035416866085957693,0.001267147815547353,0.0012725210341256496,0.458128078817734,0.3813953488372093,0.24514991181657875,1,0,0.15384615384615385,0.9607114147909968,0.5297171310520182,0.5874760512251689,0.023506681693769113,0.5577313311688311,0.4879329608938547,0.0,0.379769389886743,0.39484360189573464,0.2615586916195083,0.28614381083422513,0.4987202925045704,0.4017026106696935,0,train
0.134478672985782,0.14843287995269072,0.12476828171471177,0.12476799708143749,0.0008122997910293279,0.0046903417248971,0.001928268414963363,0.0013545662885970729,0.5517241379310345,0.5162790697674418,0.24867724867724883,1,0,0.15384615384615385,0.3335008038585209,0.6409577285729421,0.3741050720984169,0.03171791981967477,0.5622970779220778,0.22413407821229048,0.0,0.36852561083007357,0.4403412322274882,0.24453471716721067,0.17831116546909237,0.6020109689213894,0.46413166855845633,0,test
0.10308056872037916,0.11827321111768185,0.13909560108531077,0.13909489967048236,0.0007074869147674791,0.0028716377907533263,0.0008814941325546802,0.0011779662508441776,0.5467980295566502,0.5209302325581395,0.24867724867724883,1,0,0.15384615384615385,0.2556270096463023,0.43288483949570933,0.18685086215589392,0.03413298985670584,0.9683441558441558,0.27698324022346366,0.0,0.3564421324267311,0.4513364928909953,0.18273181956935214,0.08362635682617336,0.6010968921389397,0.22292849035187287,0,test
0.6149289099526066,0.6185688941454761,0.1965185706033438,0.19651824612633947,0.0006485296718701893,0.0013400976356848858,0.0006060272161313426,0.0008685926624797993,0.3645320197044335,0.40465116279069774,0.24162257495590822,1,0,0.15384615384615385,0.46111334405144694,0.37355652081788326,0.9224563880205707,0.012880373530832392,0.8097605519480519,1.0,0.0,0.3488438773629345,0.3082085308056872,0.25341066522647754,0.4554349487845895,0.48567946374162096,0.17582292849035183,0,train
0.6332938388625593,0.6428149024246009,0.21062393104129873,0.2106239763998997,0.001172594053179433,0.0034459653489039917,0.0013222411988320203,0.001495794555231899,0.4039408866995074,0.40465116279069774,0.23809523809523814,1,0,0.15384615384615385,0.39841237942122193,0.569022142176078,0.7369164061712211,0.02479471904685235,0.5995332792207791,0.6424581005586592,0.0,0.4007413930816966,0.4021611374407583,0.2889379388076173,0.3616674310757784,0.4619134673979281,0.5956867196367764,0,train
0.6315165876777251,0.6404494382022473,0.21575045117103975,0.21575040944004015,0.0007860965719638657,0.0027759165310615487,0.0012120544322626852,0.0009915311352682095,0.4039408866995074,0.36744186046511623,0.24162257495590822,1,0,0.15384615384615385,0.4066519292604502,0.6922343468587774,0.7250176464656649,0.023506681693769113,0.7054586038961038,0.6598882681564247,0.0,0.3656583447682634,0.39484360189573464,0.28273886397257375,0.3556540793966264,0.45758683729433275,0.5257661748013621,0,train
0.6327014218009479,0.638675340035482,0.21831284635873735,0.2183125645216962,0.0006747328909356515,0.002105867713219106,0.000771307365985345,0.0008933529022624475,0.4433497536945813,0.40465116279069774,0.24162257495590822,1,0,0.15384615384615385,0.411073151125402,0.5560970441784088,0.7627306645154786,0.017710513604894538,0.7040381493506493,0.8510614525139664,0.0,0.35230507710897657,0.3524170616113744,0.2615586916195083,0.3747133465830913,0.48019500304692264,0.2824063564131669,0,train
0.6332938388625593,0.6416321703134241,0.23482814772636762,0.23482799587061146,0.0007271393290665758,0.0036374078682875465,0.0011018676656933504,0.0008940430831623123,0.4039408866995074,0.36744186046511623,0.24162257495590822,1,0,0.15384615384615385,0.4037379421221865,0.6794151922873186,0.7119088434002219,0.02237964900982128,0.5180600649350648,0.6807821229050279,0.0,0.3588383476355296,0.3871848341232228,0.27616408763237604,0.34902920042806906,0.4464351005484461,0.4565266742338252,0,train
0.6309241706161138,0.6374926079243052,0.2376765027575036,0.23767634619875316,0.0010022731292539289,0.0023930314922944386,0.0008814941325546802,0.0012635486824274077,0.4088669950738916,0.41395348837209306,0.24162257495590822,1,0,0.15384615384615385,0.4139871382636656,0.45121305223010916,0.8319048099223556,0.018837546288842374,0.661830357142857,0.8686033519553071,0.0,0.3869375550412682,0.36181990521327023,0.27616408763237604,0.40967232329409364,0.45685557586837294,0.3717366628830874,0,test
0.6972748815165878,0.7037256061502071,0.24480497766690576,0.24480441621280347,0.0006878345004683825,0.0023930314922944386,0.0005509338328466751,0.000852891047007876,0.39901477832512317,0.41395348837209306,0.24162257495590822,1,0,0.15384615384615385,0.2489951768488746,0.4297065367093972,0.5518806090551578,0.018837546288842374,0.661830357142857,0.8984357541899441,0.0,0.35398447580232245,0.36181990521327023,0.23481344072134688,0.2681547164042195,0.45033516148689823,0.21316685584562997,0,train
0.7221563981042655,0.726788882318155,0.24590156329694007,0.24590186490798116,0.0007598933528984035,0.0028716377907533263,0.0011018676656933504,0.001043726065820482,0.3842364532019705,0.441860465116279,0.24162257495590822,1,0,0.15384615384615385,0.19151929260450162,0.6625701875198644,0.7119088434002219,0.015295443567863463,0.46103896103896097,1.0,1.0,0.362688676347103,0.3317914691943128,0.3104703313217649,0.6402181113998879,0.4975015234613041,0.4565266742338252,0,train
0.6309241706161138,0.6380839739798936,0.2479327666500846,0.247932829032149,0.0009498666911230045,0.002297310232602661,0.001267147815547353,0.0011966874077530092,0.4187192118226601,0.40465116279069774,0.24162257495590822,1,0,0.15384615384615385,0.41258038585209006,0.6040894162517216,0.9469597660582838,0.019964578972790206,0.7268668831168831,0.7206703910614525,0.0,0.38222704651115164,0.37069194312796205,0.2947613121375068,0.46781837639504664,0.456672760511883,0.5072644721906924,0,train
0.6309241706161138,0.6404494382022473,0.2513508398625663,0.25135105385109513,0.0009498666911230045,0.003924571647362879,0.0015977081152553578,0.0012131654767372803,0.41379310344827586,0.40465116279069774,0.24162257495590822,1,0,0.15384615384615385,0.4066519292604502,0.7208390719355864,0.8685086215589393,0.02479471904685235,0.5281047077922078,0.6275977653631284,0.0,0.38222704651115164,0.4021611374407583,0.30549228637847226,0.4281710237986037,0.46282754418037786,0.7061293984108967,0,train
0.6309241706161138,0.63571850975754,0.25363010571393685,0.25362952968843244,0.0006747328909356515,0.0018187039341437735,0.0006060272161313426,0.0008656593936553741,0.4187192118226601,0.34418604651162793,0.23809523809523814,1,0,0.15384615384615385,0.416097266881029,0.31783027863121094,0.6639104567913683,0.015295443567863463,0.7101258116883117,0.8137430167597766,0.0,0.35230507710897657,0.3317914691943128,0.23481344072134688,0.32477195128165925,0.46563071297989034,0.16685584562996594,0,test
0.629739336492891,0.6374926079243052,0.2556242765990419,0.2556240117811801,0.0006550804766365548,0.0023930314922944386,0.000771307365985345,0.00081648400454001,0.41379310344827586,0.36744186046511623,0.23809523809523814,1,0,0.15384615384615385,0.4116760450160772,0.673482360419536,0.6974891600282342,0.021252616325873445,0.7369115259740259,0.9254748603351957,0.0,0.34972453765334754,0.37914691943127965,0.26911968441073564,0.3417418335626561,0.45271176112126754,0.3904653802497162,0,train
0.6285545023696683,0.638675340035482,0.2610374641989991,0.26103774081875425,0.0010415779578521222,0.004020292907054657,0.0020935485648173654,0.0013279943239522796,0.4187192118226601,0.40465116279069774,0.23809523809523814,1,0,0.15384615384615385,0.408661575562701,0.7210509587880072,0.873953816678431,0.02592175173080019,0.5387581168831168,0.4843575418994413,0.0,0.39031683289983,0.4091753554502371,0.3104703313217649,0.4309228966009275,0.4619134673979281,0.7653802497162315,0,train
0.6261848341232228,0.6380839739798936,0.26474236213209207,0.2647423967593892,0.001087433591216681,0.004020292907054657,0.0013773345821166878,0.0014308312780321286,0.4236453201970443,0.4093023255813954,0.24162257495590822,1,0,0.15384615384615385,0.41258038585209006,0.6931878376946711,0.6639104567913683,0.0294638544517791,0.6079545454545454,0.6562011173184357,0.0,0.3941057201957933,0.4285876777251185,0.2947613121375068,0.32477195128165925,0.4764168190127971,0.7422247446083996,0,test
0.627962085308057,0.63571850975754,0.2670218638590552,0.2670217374724714,0.0008057489862629624,0.002584474011677994,0.0010467742824086827,0.0009967937646296783,0.39901477832512317,0.33023255813953495,0.24162257495590822,1,0,0.15384615384615385,0.4184083601286174,0.6456192393261999,0.7983261066854896,0.021252616325873445,0.685166396103896,0.776536312849162,0.0,0.36780879431462105,0.37914691943127965,0.28273886397257375,0.39270244101309687,0.4488726386349787,0.4660612939841089,0,test
0.6285545023696683,0.6369012418687168,0.26844718143998747,0.26844673819975323,0.0007598933528984035,0.0024887527519862162,0.0008264007492700126,0.00093467748364185,0.4039408866995074,0.34418604651162793,0.24514991181657875,1,0,0.15384615384615385,0.4178054662379421,0.5634071405869266,0.5678128466270042,0.02237964900982128,0.7463474025974025,0.7206703910614525,0.0,0.362688676347103,0.3871848341232228,0.25341066522647754,0.27620649238138917,0.4465569774527727,0.3382519863791146,0,train
0.6267772511848342,0.6380839739798936,0.2764283466166673,0.2764287550742653,0.0012708561246749163,0.0034459653489039917,0.0014324279654013552,0.0016200271172075557,0.41379310344827586,0.372093023255814,0.24162257495590822,1,0,0.15384615384615385,0.41258038585209006,0.7121517109863333,0.8836341635575276,0.02833682176783126,0.6795860389610389,0.8344134078212291,0.0,0.4078276363487415,0.4223696682464456,0.319745462230258,0.4358151149161698,0.46154783668494825,0.8612939841089671,0,train
0.773696682464455,0.778829095209935,0.28511391493807203,0.28511533118057897,0.0020045462585078578,0.004020292907054657,0.002369015481240703,0.0025331364477286316,0.4039408866995074,0.4093023255813954,0.24162257495590822,1,0,0.15384615384615385,0.061897106109324765,0.4929547621570082,0.43974992437229005,0.0164224762518113,0.354301948051948,0.7968715083798883,1.0,0.4480103221578226,0.3424075829383887,0.3654401577946322,0.7777607909086277,0.4570383912248629,0.8424517593643587,0,train
0.1830568720379147,0.19929036073329393,0.2938868358539392,0.2938869796101612,0.001781818896451429,0.004211735426438212,0.0015426147319706903,0.002700419043333353,0.4975369458128079,0.4465116279069768,0.24162257495590822,1,0,0.15384615384615385,0.4552853697749196,0.6196630999046508,0.6028032671170717,0.03654805989373691,0.7132711038961038,0.6532960893854749,0.0,0.4376267229196961,0.46161137440758304,0.30549228637847226,0.29388982316669215,0.5475319926873857,0.9043132803632237,0,test
0.6273696682464456,0.63571850975754,0.29724059365483646,0.29724049599837715,0.0008319522053284246,0.0036374078682875465,0.001267147815547353,0.001062964858404212,0.41379310344827586,0.40465116279069774,0.24162257495590822,1,0,0.15384615384615385,0.4184083601286174,0.6766606632058482,0.8079056166179288,0.02237964900982128,0.5180600649350648,0.6740782122905029,0.0,0.3706146189608208,0.3871848341232228,0.2889379388076173,0.39754369872088874,0.463254113345521,0.5349602724177073,0,train
0.6439573459715641,0.6493199290360734,0.29935325271262825,0.2993533088180372,0.0012577545151421852,0.0024887527519862162,0.0012120544322626852,0.0018983425650780199,0.4975369458128079,0.441860465116279,0.24162257495590822,1,0,0.15384615384615385,0.3845458199356913,0.3833033160292404,0.840778461228194,0.0164224762518113,0.565137987012987,0.8056983240223463,1.0,0.40690601511458824,0.3424075829383887,0.30025594665038624,0.5750904550782245,0.545460085313833,0.43575482406356414,0,train
0.6161137440758294,0.6345357776463632,0.3113923429593376,0.3113924578117543,0.0020373002823396856,0.006700488178424428,0.0018731750316786954,0.0032102039104959603,0.5221674876847291,0.4558139534883721,0.24514991181657875,1,0,0.15384615384615385,0.42373392282958205,0.6231592329695942,0.522335383684582,0.04234422798261149,0.520900974025974,0.5211173184357543,0.0,0.44944395518872754,0.48485308056872045,0.30549228637847226,0.2532232584212404,0.5691042047531992,0.9488081725312145,0,train
0.6167061611374408,0.6232998225901834,0.3125308358196586,0.3125309487922796,0.0007336901338329413,0.0027759165310615487,0.001267147815547353,0.0011251674120045234,0.5123152709359606,0.441860465116279,0.24162257495590822,1,0,0.15384615384615385,0.44935691318327975,0.7239114312956881,0.8991630533427448,0.018837546288842374,0.5744724025974025,0.8137430167597766,1.0,0.3596166055665923,0.36181990521327023,0.30549228637847226,0.5455842633644193,0.5544180377818404,0.5404086265607264,0,train
0.6386255924170616,0.6463630987581314,0.31367019355715253,0.3136704618986853,0.0009826207149548321,0.003350244089212214,0.0018731750316786954,0.0014909632889328458,0.49261083743842365,0.441860465116279,0.24162257495590822,1,0,0.15384615384615385,0.3918810289389068,0.6935056679733023,0.908339215488555,0.021252616325873445,0.5337865259740259,0.5850279329608938,1.0,0.38519671493231206,0.37914691943127965,0.31521356282433605,0.5409468480864292,0.5484460694698354,0.6761634506242906,0,train
0.6178909952606636,0.6244825547013602,0.31549469126597496,0.3154944062195573,0.000753342548132038,0.0020101464535273285,0.0008814941325546802,0.0010033504831783934,0.43842364532019706,0.37674418604651166,0.23809523809523814,1,0,0.15384615384615385,0.4441318327974277,0.6003813963343575,0.8319048099223556,0.018837546288842374,0.7794237012987012,0.8686033519553071,0.0,0.3619308988879104,0.36181990521327023,0.27616408763237604,0.40967232329409364,0.48275441803778185,0.3717366628830874,0,train
0.6107819905213271,0.6215257244234181,0.3413737819089553,0.3413736900080905,0.0009433158863566389,0.004020292907054657,0.0014875213486860229,0.001433074365956689,0.5024630541871922,0.45116279069767445,0.23809523809523814,1,0,0.15384615384615385,0.45146704180064307,0.715753787477487,0.7176565493596854,0.027209789083883426,0.5618912337662337,0.6010055865921788,0.0,0.3816331128269196,0.4158862559241706,0.2947613121375068,0.3519339550527442,0.549116392443632,0.6913734392735528,0,test
0.6255924170616114,0.6339444115907747,0.34259781898419545,0.342597096061749,0.000681283695702017,0.003158801569828659,0.0011569610489780178,0.000905603613235047,0.43842364532019706,0.36744186046511623,0.23809523809523814,1,0,0.15384615384615385,0.4205184887459807,0.5246318465939188,0.4718160734092972,0.02237964900982128,0.5941558441558441,0.39050279329608933,0.0,0.35314477645564957,0.3871848341232228,0.23481344072134688,0.2276919940885695,0.48202315661182205,0.26322360953461976,0,train
0.6611374407582938,0.677705499704317,0.34446768343199613,0.3444672719224379,0.0011332892245812397,0.004881784244280655,0.0017078948818246929,0.0017606514755550003,0.5123152709359606,0.45116279069767445,0.24162257495590822,1,0,0.15384615384615385,0.31380627009646306,0.6811102871066851,0.39497832005646877,0.03896312993076799,0.6554383116883116,0.3715083798882681,0.0,0.39773076371679605,0.47131753554502376,0.26911968441073564,0.18886001121133367,0.561304082876295,0.7475595913734392,0,train
0.6178909952606636,0.6333530455351863,0.34536581906344965,0.3453662709467008,0.001349465781871303,0.005934718100890208,0.0026444823976640407,0.0019857367215233945,0.4729064039408867,0.4465116279069768,0.24162257495590822,1,0,0.15384615384615385,0.42433681672025725,0.7923508846276088,0.7555712413028134,0.03654805989373691,0.5085227272727272,0.45273743016759777,0.0,0.41311159809122,0.46161137440758304,0.3282457087843708,0.37109514345411,0.5318708104814138,0.9662883087400682,0,train
0.6498815165876778,0.655824955647546,0.3464648420746076,0.34646592114377456,0.0015459899248622692,0.005743275581506653,0.0022037353313867003,0.0023108981979721795,0.4729064039408867,0.45116279069767445,0.23809523809523814,1,0,0.15384615384615385,0.36595659163987143,0.6100222481195041,0.5111424826056267,0.017710513604894538,0.2635957792207792,0.7820111731843575,1.0,0.42509267413521207,0.3524170616113744,0.35656420973536523,0.7416806808337155,0.5401584399756246,0.8283768444948921,0,train
0.11670616113744077,0.15257244234180958,0.35005353196574235,0.35005303260817433,0.002508958225518005,0.006700488178424428,0.0019833617982480305,0.003879248020302361,0.5073891625615764,0.4558139534883721,0.24162257495590822,1,0,0.15384615384615385,0.2902934083601286,0.5840661086979553,0.1902793183422406,0.07551118982450489,0.9154829545454544,0.2753072625698324,0.0,0.46787637987179226,0.5757345971563982,0.2615586916195083,0.08540997808693879,0.5584399756246191,0.9727582292849035,0,test
0.653436018957346,0.6605558840922532,0.3513116923767131,0.3513122130676435,0.0018800809679469122,0.005264669283047765,0.0017629882651093603,0.002884265980534828,0.4876847290640394,0.45116279069767445,0.24514991181657875,1,0,0.15384615384615385,0.3590233118971061,0.4396652187731751,0.7285469395986689,0.019964578972790206,0.32355925324675316,0.7630167597765363,1.0,0.44235771192168266,0.37069194312796205,0.33226101862070584,0.6318096111705651,0.5541742839731871,0.7527809307604995,0,train
0.6321090047393365,0.6493199290360734,0.355874155339331,0.35587466849705823,0.0023713913254243286,0.009284962190102422,0.003250509613795383,0.003598085576219955,0.4876847290640394,0.4465116279069768,0.23104056437389797,1,0,0.23076923076923078,0.377411575562701,0.6474202775717767,0.719874962186145,0.040251167283851225,0.354301948051948,0.36681564245810055,0.0,0.4628791447354948,0.4759431279620854,0.33226101862070584,0.3530550884166539,0.5480804387568556,0.9836549375709422,0,train
0.39040284360189575,0.40272028385570674,0.3292790250223905,0.32927863859122747,0.0010939843959830466,0.00430745668612999,0.0014324279654013552,0.0017264875210116948,0.5270935960591133,0.4558139534883721,0.2275132275132279,1,0,0.23076923076923078,0.9766881028938907,0.5857612035173217,0.514470101845316,0.0296248591209145,0.5682832792207791,0.4620111731843575,0.0,0.3946382124644152,0.4285876777251185,0.26911968441073564,0.24924833104010602,0.5701401584399757,0.5727582292849036,0,train
0.5811611374407584,0.58367829686576,0.03626005409885342,0.03626015147905546,0.0006550804766365548,0.0013400976356848858,0.0007162139827006776,0.0010496788760818155,0.5665024630541872,0.441860465116279,0.2275132275132279,0,1,0.0,0.5394895498392284,0.3577709503125331,0.783906423313502,0.010626308162936724,0.6829342532467532,1.0,1.0,0.34972453765334754,0.2807203791469195,0.26911968441073564,0.6038322376802732,0.578915295551493,0.1727582292849035,0,train
0.6635071090047394,0.6741573033707866,0.1984540084658895,0.19845541054472232,0.0037470603263610935,0.003158801569828659,0.0018731750316786954,0.00552472555819243,0.43842364532019706,0.41395348837209306,0.23104056437389797,0,1,0.0,0.31521302250803857,0.34399830490518063,0.7330846021982453,0.027209789083883426,0.7101258116883117,0.9680446927374302,1.0,0.5033895180944968,0.4158862559241706,0.35961678446474277,0.6295163838352953,0.5325411334552103,0.971282633371169,0,train
0.32582938388625593,0.332347723240686,0.36312261230017306,0.363122956239646,0.0012577545151421852,0.002297310232602661,0.001267147815547353,0.0018461476345257475,0.4876847290640394,0.41395348837209306,0.23456790123456805,0,1,0.0,0.8127009646302251,0.5556732704735671,0.7058586266007866,0.017710513604894538,0.6488433441558441,1.0,1.0,0.40690601511458824,0.3524170616113744,0.324089510883603,0.6432757478469143,0.5305911029859842,0.6246311010215664,0,test
0.44905213270142186,0.46126552335895926,0.3735817292023969,0.3735834711237645,0.005096526108232396,0.00430745668612999,0.0024241088645253705,0.0072796830413235465,0.3793103448275862,0.4186046511627907,0.23809523809523814,0,1,0.0,0.8513866559485531,0.33075537662888016,0.6399112634869416,0.0294638544517791,0.5682832792207791,0.9254748603351957,1.0,0.5306695066254327,0.4285876777251185,0.3811726583229624,0.6766039851195026,0.5159049360146253,0.9955732122587968,0,train
0.3755924170616114,0.384387936132466,0.41644315488637124,0.4164432535367521,0.002187968791966093,0.002680195271369771,0.0013222411988320203,0.0030766539063721296,0.3891625615763547,0.4186046511627907,0.23809523809523814,0,1,0.0,0.9354903536977494,0.28890772327577074,0.9542200262176062,0.02237964900982128,0.695616883116883,0.8659217877094971,1.0,0.45575194052470974,0.3871848341232228,0.31521356282433605,0.5177597716964786,0.5081657525898842,0.708967082860386,0,train
0.6427725118483413,0.6463630987581314,0.42913035263636967,0.42912972271297367,0.0008319522053284246,0.0012443763759931081,0.0006611205994160101,0.0012829600202361041,0.4975369458128079,0.45116279069767445,0.23809523809523814,0,1,0.0,0.3895699356913183,0.2507680898400254,1.0,0.012880373530832392,0.864752435064935,1.0,0.5,0.3706146189608208,0.3082085308056872,0.2615586916195083,0.4946236559139785,0.5574040219378428,0.1956867196367764,0,val
0.6718009478672986,0.6741573033707866,0.4553563376508788,0.45535621480053995,0.0009236634720575423,0.0017229826744519958,0.0011018676656933504,0.0014052083121246495,0.5123152709359606,0.45116279069767445,0.23809523809523814,0,1,0.0,0.3202371382636656,0.37080199173641276,0.5462337400423516,0.010626308162936724,0.5434253246753247,0.9468156424581007,1.0,0.379769389886743,0.2807203791469195,0.30549228637847226,0.7239463894409621,0.549908592321755,0.28070374574347334,0,test
0.3412322274881517,0.3447664104080426,0.46465612601543455,0.4646556733096986,0.0009105618625248112,0.0012443763759931081,0.0008264007492700126,0.0013169514295544435,0.4876847290640394,0.41395348837209306,0.23456790123456805,0,1,0.0,0.851185691318328,0.2813857400148321,0.747907633356862,0.01175334084688456,0.797077922077922,1.0,1.0,0.3785200811026686,0.29505213270142183,0.28273886397257375,0.6220251745400805,0.523217550274223,0.23280363223609532,0,train
0.6824644549763034,0.6871673565937316,0.516146824379378,0.516146129405854,0.0008581554243938868,0.0016272614147602184,0.0007162139827006776,0.0013177278830667912,0.5270935960591133,0.4186046511627907,0.23809523809523814,0,1,0.0,0.28768086816720256,0.3884945439135502,0.9327417565796108,0.015295443567863463,0.7864245129870129,1.0,0.0,0.3733385217195404,0.3317914691943128,0.26911968441073564,0.4606329307445345,0.5550274223034735,0.26322360953461976,0,train
0.36078199052132703,0.36428149024246015,0.5334862750675804,0.5334854728393635,0.0006485296718701893,0.0013400976356848858,0.0006611205994160101,0.000977382426820982,0.4975369458128079,0.4186046511627907,0.23809523809523814,0,1,0.0,0.898613344051447,0.37355652081788326,0.9224563880205707,0.01175334084688456,0.7463474025974025,1.0,1.0,0.3488438773629345,0.29505213270142183,0.2615586916195083,0.5338123630433674,0.5450944546008532,0.17582292849035183,0,train
0.4152843601895735,0.4210526315789474,0.5621493267049147,0.562148477150376,0.0009498666911230045,0.0017229826744519958,0.0006611205994160101,0.0014429094437797619,0.5123152709359606,0.441860465116279,0.23456790123456805,0,1,0.0,0.9501607717041801,0.3107320690751139,0.8109307250176465,0.016583480920946702,0.797077922077922,1.0,0.0,0.38222704651115164,0.3424075829383887,0.2615586916195083,0.399072516944402,0.549116392443632,0.2598183881952326,0,train
0.20438388625592419,0.2099349497338853,0.5658461262426614,0.5658455064594424,0.0010546795673848533,0.0018187039341437735,0.0008264007492700126,0.0015868984340140474,0.4876847290640394,0.4186046511627907,0.23456790123456805,0,1,0.0,0.5098472668810289,0.33986651128297485,0.9369769083392154,0.015295443567863463,0.7101258116883117,1.0,1.0,0.39142277838081396,0.3317914691943128,0.28273886397257375,0.526474035570504,0.5438756855575868,0.3163450624290579,0,train
0.38566350710900477,0.39089296274393853,0.876178444288819,0.8761777838581164,0.0015459899248622692,0.0020101464535273285,0.0011569610489780178,0.002179763826997875,0.3842364532019705,0.4186046511627907,0.24162257495590822,0,1,0.0,0.9592041800643087,0.2953702722746054,0.6791368357366139,0.015295443567863463,0.6471185064935064,1.0,1.0,0.42509267413521207,0.3317914691943128,0.31521356282433605,0.6567803088212811,0.5097501523461304,0.48479001135073785,0,train
0.5266587677725119,0.5416913069189829,0.9774486422175325,0.9774485222025397,0.004565910922156787,0.0034459653489039917,0.0017078948818246929,0.006853496335657057,0.3842364532019705,0.441860465116279,0.23456790123456805,0,1,0.0,0.6487138263665595,0.3129568810255324,0.9685388726429364,0.03542102720978908,0.8397930194805193,0.9651396648044692,0.0,0.5209208020152784,0.45653080568720394,0.3502007654918168,0.4786729857819905,0.5421084704448507,0.9886492622020431,0,train
0.6481042654028436,0.66173861620343,1.006385466792687,1.0063848272489324,0.003727407912061997,0.003350244089212214,0.0013222411988320203,0.005032885394426307,0.3103448275862069,0.4186046511627907,0.23809523809523814,0,1,0.0,0.351185691318328,0.25288695836423347,0.8319048099223556,0.033005957172758005,0.8080357142857142,1.0,0.0,0.5029184672414853,0.44591469194312805,0.3282457087843708,0.40967232329409364,0.487812309567337,0.9454029511918274,0,val
0.0035545023696682467,0.005913660555884092,0.07549481392128311,0.07549626177115545,0.0011398400293476053,0.0022015889729108833,0.0017078948818246929,0.0018178502176312923,0.5123152709359606,0.4837209302325582,0.23104056437389797,1,0,0.11538461538461542,0.008842443729903539,0.4120139845322598,0.27528486437430677,0.00821123812590565,0.3506493506493506,1.0,1.0,0.3982427755135478,0.24765876777251186,0.3534177096296992,0.8609285022677471,0.5760511882998172,0.40556186152099893,0,test
0.008293838862559242,0.011235955056179777,0.10537459049048677,0.10537567450479968,0.0009171126672911767,0.0020101464535273285,0.0014875213486860229,0.0015518717533459108,0.49261083743842365,0.5302325581395348,0.23104056437389797,1,0,0.11538461538461542,0.02069935691318328,0.5221951477910796,0.35171926994050623,0.009499275478988888,0.42654220779220775,1.0,1.0,0.37915497573064083,0.2650236966824645,0.33982201141193324,0.8222494012128625,0.6107861060329067,0.3904653802497162,0,train
0.6646919431279621,0.667652276759314,0.024109316071642965,0.024109276264114184,0.0007664441576647691,0.0013400976356848858,0.0006060272161313426,0.0008713533860792584,0.27586206896551724,0.34418604651162793,0.23809523809523814,1,0,0.15384615384615385,0.33641479099678456,0.18391778790126073,1.0,0.01175334084688456,0.7463474025974025,1.0,0.5,0.36344645380629576,0.29505213270142183,0.25341066522647754,0.4946236559139785,0.41340645947592936,0.15811577752553915,0,train
0.7825829383886257,0.7847427557658191,0.12171424316682167,0.12171451395162515,0.0007926473767302313,0.0017229826744519958,0.0009916808991240153,0.0009514143704635704,0.3891625615763547,0.33023255813953495,0.23809523809523814,1,0,0.15384615384615385,0.044312700964630226,0.40131369848500903,0.6078451144499344,0.010626308162936724,0.5434253246753247,0.9412290502793297,1.0,0.366375161283716,0.2807203791469195,0.2947613121375068,0.6928094582887429,0.4358318098720293,0.24279228149829737,0,train
0.6877962085308057,0.6889414547604968,0.19766665573776418,0.19766719424087104,0.0010481287626184876,0.0011486551163013307,0.0012120544322626852,0.0012402550770569721,0.35960591133004927,0.40465116279069774,0.23456790123456805,1,0,0.15384615384615385,0.2807475884244373,0.23032100858141755,0.3862055056972875,0.00821123812590565,0.6376826298701298,1.0,1.0,0.3908698056403219,0.24765876777251186,0.319745462230258,0.8048208734648117,0.42912858013406463,0.25811577752553916,0,train
0.3536729857819905,0.36014192785334126,0.2883492631914801,0.2883500450914763,0.0022731292539288454,0.0023930314922944386,0.0014875213486860229,0.0026030172638399386,0.24630541871921183,0.40465116279069774,0.23809523809523814,1,0,0.6153846153846154,0.8808279742765275,0.2826570611293569,0.6038116365836442,0.017710513604894538,0.6241883116883117,1.0,1.0,0.4591312183832716,0.3524170616113744,0.33982201141193324,0.6948478825867604,0.41432053625837906,0.7287173666288309,0,train
0.09123222748815167,0.09520993494973388,0.2947473886409705,0.29474713785097245,0.0007860965719638657,0.001052933856609553,0.000771307365985345,0.0009181994146575789,0.32019704433497537,0.34418604651162793,0.24162257495590822,1,0,0.6153846153846154,0.22688906752411578,0.3413497192499205,0.7983261066854896,0.01175334084688456,0.9219764610389609,1.0,1.0,0.3656583447682634,0.29505213270142183,0.27616408763237604,0.5965448708148602,0.424375380865326,0.21316685584562997,0,train
0.0787914691943128,0.08515671200473093,0.2965193647178389,0.2965200545028969,0.0015001342914977105,0.0022015889729108833,0.0014324279654013552,0.0018160384927691474,0.33004926108374383,0.40465116279069774,0.24162257495590822,1,0,0.6153846153846154,0.1959405144694534,0.4929547621570082,0.5891902793183422,0.0164224762518113,0.6347402597402597,1.0,1.0,0.42243021279210274,0.3424075829383887,0.3361119590485359,0.7022371706670744,0.43833028641072513,0.663677639046538,0,train
0.02428909952606635,0.03252513305736251,0.3001968224569918,0.30019703441969586,0.001866979358414181,0.0023930314922944386,0.0012120544322626852,0.001842179094351525,0.1330049261083744,0.33953488372093027,0.23809523809523814,1,0,0.6153846153846154,0.060490353697749195,0.29738319737260305,0.9040032267822931,0.019964578972790206,0.6993709415584415,0.9027932960893854,1.0,0.4417432977655806,0.37069194312796205,0.3104703313217649,0.5431381542067981,0.35770871419865935,0.6094211123723042,0,train
0.04028436018957346,0.044352454169130695,0.3029066398900694,0.302906375628116,0.0009236634720575423,0.0012443763759931081,0.000771307365985345,0.0010303538108856023,0.27586206896551724,0.41395348837209306,0.24162257495590822,1,0,0.6153846153846154,0.10018086816720258,0.21781968428858992,0.7983261066854896,0.01175334084688456,0.797077922077922,1.0,1.0,0.379769389886743,0.29505213270142183,0.27616408763237604,0.5965448708148602,0.40524070688604513,0.21316685584562997,0,test
0.13092417061611375,0.140153755174453,0.30990121608806775,0.3099029845289454,0.0033867660642109883,0.002967359050445104,0.0022037353313867003,0.004146175483325057,0.32019704433497537,0.40465116279069774,0.23456790123456805,1,0,0.6153846153846154,0.3265675241157557,0.4208072889077233,0.508117374205909,0.02237964900982128,0.6310876623376622,1.0,1.0,0.49443955188727545,0.3871848341232228,0.37870711719538824,0.7432094990572288,0.4424741011578306,0.9733257661748014,0,train
0.658175355450237,0.6599645180366648,0.3165124944480782,0.3165127580966129,0.0007074869147674791,0.0017229826744519958,0.0011569610489780178,0.0010439848836579313,0.49261083743842365,0.4186046511627907,0.22398589065255736,1,0,0.6153846153846154,0.34586012861736337,0.5297171310520182,0.44993445598467285,0.009499275478988888,0.49269480519480513,1.0,1.0,0.3564421324267311,0.2650236966824645,0.31521356282433605,0.7725628089486827,0.5338817794028031,0.28070374574347334,0,train
0.5894549763033176,0.5919574216439977,0.32068104517104085,0.32068177368717754,0.0009040110577584456,0.0022015889729108833,0.0014875213486860229,0.0013653503651574596,0.5073891625615764,0.441860465116279,0.2275132275132279,1,0,0.6153846153846154,0.5186897106109325,0.5778154465515415,0.3878188968438036,0.010626308162936724,0.43181818181818177,1.0,1.0,0.37788518647469643,0.2807203791469195,0.33982201141193324,0.8040055037456046,0.5460085313833029,0.44335981838819527,0,train
0.23459715639810427,0.24423418095801303,0.3231606480257331,0.3231603503218517,0.0015001342914977105,0.002297310232602661,0.0008264007492700126,0.0021435293297549754,0.27586206896551724,0.4837209302325582,0.2275132275132279,1,0,0.6153846153846154,0.5869172025723473,0.31783027863121094,0.6791368357366139,0.02366768636290452,0.8438514610389609,0.9301675977653632,0.0,0.42243021279210274,0.39484360189573464,0.27616408763237604,0.33246700300667587,0.5165752589884217,0.48479001135073785,0,train
0.3578199052132702,0.3790656416321704,0.3487062892059633,0.3487090157006397,0.006766981323655611,0.006221881879965541,0.0029750426973720458,0.008430214601398098,0.22660098522167488,0.4093023255813954,0.2275132275132279,1,0,0.6153846153846154,0.8951969453376206,0.5759084648797542,0.7759403045275789,0.047496377394944445,0.6214488636363635,0.9796648044692737,1.0,0.5558195260818809,0.5013459715639811,0.4067908047056613,0.607858125668858,0.4499695307739183,1.0,0,test
0.6563981042654029,0.6593731519810764,0.19580897819558157,0.1958089693904749,0.000884358643459349,0.001052933856609553,0.0008264007492700126,0.0013304962297142893,0.4187192118226601,0.4465116279069768,0.2574955908289245,0,1,0.0,0.3702773311897106,0.30352791609280644,0.747907633356862,0.01159233617774915,0.9219764610389609,1.0,1.0,0.3759600221189096,0.29505213270142183,0.28273886397257375,0.6220251745400805,0.5439366240097502,0.23280363223609532,0,train
0.1972748815165877,0.19929036073329393,0.05955033148776407,0.0595576239190036,0.003426070892809182,0.0013400976356848858,0.005784805244890088,0.004897696210665297,0.46798029556650245,0.4186046511627907,0.22222222222222232,0,1,0.11538461538461542,0.49457395498392287,0.47642758766818516,0.07724110113945751,0.00821123812590565,0.5561079545454545,1.0,1.0,0.4954635754807792,0.24765876777251186,0.4755676614929439,0.9609641746929624,0.5163924436319318,0.9854710556186153,0,train
0.7517772511848342,0.7634535777646364,0.02893548794679653,0.028949828558039847,0.016121530530025612,0.017804154302670627,0.011624703873064844,0.025573186610076435,0.20689655172413793,0.4930232558139535,0.22222222222222232,0,1,0.11538461538461542,0.08470659163987139,0.5638309142917682,0.1312897045477463,0.029785863790049907,0.13108766233766234,0.9103910614525139,1.0,0.6329489831445717,0.4285876777251185,0.5377227792518844,0.933649289099526,0.5727605118829981,1.0,0,train
0.6569905213270143,0.6735659373151982,0.031061356037774372,0.03107474963812813,0.028142257276306395,0.017804154302670627,0.010357556057517493,0.044490096076632166,0.029556650246305417,0.5162790697674418,0.22222222222222232,0,1,0.11538461538461542,0.3103898713826367,0.348553872232228,0.18453161238277704,0.039285139269038795,0.17431006493506493,0.9644692737430167,1.0,0.6824707641264055,0.47131753554502376,0.5312419282879752,0.9067420883656934,0.5708104814137721,1.0,0,train
0.7659952606635072,0.7752808988764046,0.04669149493154458,0.046712489356131454,0.01730067538797141,0.01608117162821863,0.015646520852845573,0.023435006182295413,0.21674876847290642,0.4093023255813954,0.22222222222222232,0,1,0.11538461538461542,0.054963826366559485,0.6246424409365399,0.07441766663305437,0.02495572371598776,0.1226663961038961,0.9804469273743017,1.0,0.6392160075368136,0.4021611374407583,0.5746354521332802,0.9623910717015747,0.4890920170627666,1.0,0,val
0.7417061611374408,0.7445298639858073,0.09614973193918278,0.09615090980997108,0.0017490648726196012,0.001914425193835551,0.0015426147319706903,0.0022857928677395985,0.3497536945812808,0.4093023255813954,0.22222222222222232,0,1,0.11538461538461542,0.1322347266881029,0.2404915774976163,0.40889381869516994,0.011914345516019963,0.5387581168831168,1.0,1.0,0.4359678046982203,0.29505213270142183,0.34339117571089767,0.7933547367884626,0.47263863497867153,0.5183881952326901,0,train
0.6226303317535545,0.6262566528681255,0.10279820001762775,0.10279999591149648,0.0024434501778543495,0.0022015889729108833,0.0019833617982480305,0.0032913864388425525,0.23645320197044334,0.45116279069767445,0.22222222222222232,0,1,0.11538461538461542,0.42926045016077174,0.23349931136772964,0.3459715639810427,0.013041378199967795,0.512987012987013,1.0,1.0,0.4655211256067339,0.3082085308056872,0.3682344377392162,0.8251541558375375,0.48683729433272394,0.735527809307605,0,train
0.1877962085308057,0.18746303962152575,0.012591039133411941,0.012590389343472824,8.516046196275211e-05,0.0002871637790753326,0.00016528014985400254,0.00013596563727335753,0.541871921182266,0.4558139534883721,0.8236331569664905,1,0,0.3961538461538462,0.376105305466238,0.2648585655260091,0.7983261066854896,0.0024150700370310736,0.9999999999999999,1.0,0.0,0.1792246093349991,0.15090047393364928,0.14138117265832295,0.39270244101309687,0.5788543570993296,0.014982973893303081,0,train
0.023104265402843605,0.12004730928444708,0.18902205114427573,0.18902535579808769,0.036881030834638034,0.027184837752464826,0.007713073659853451,0.05097512208437393,0.22167487684729065,0.4093023255813954,0.2275132275132279,0,1,0.0,0.057777331189710616,0.4506833350990571,0.33770293435514775,0.19819674770568343,0.5849228896103895,0.3423463687150838,0.0,0.7065148381018699,0.7305781990521328,0.4140700213680231,0.15991438617948323,0.499024984765387,1.0,0,train
0.02428909952606635,0.12241277350680072,0.2046458213970455,0.20464972925457933,0.038970737555108645,0.028716377907533265,0.007437606743430114,0.0532697147585868,0.18719211822660098,0.40465116279069774,0.2275132275132279,0,1,0.0,0.06079180064308682,0.500794575696578,0.380861147524453,0.2006118177427145,0.559862012987013,0.42491620111731837,0.0,0.711409670878817,0.7325118483412324,0.42724305539249063,0.18172552616827192,0.4934795856185253,1.0,0,val
0.9543838862559243,0.9544648137196926,0.13092966669442135,0.13092952913805697,0.0004389039193464917,0.0007657700775342204,0.0007162139827006776,0.00044093932240109795,0.3103448275862069,0.26046511627906976,0.7566137566137567,1,0,0.15384615384615385,0.04491559485530547,0.3564996291980083,0.6121811031561963,0.005313154081468361,0.797077922077922,0.9202234636871509,1.0,0.31496917688983556,0.22828436018957346,0.2615586916195083,0.6906181521683739,0.3692260816575259,0.10385925085130532,0,train
0.9573459715639812,0.958013010053223,0.13511150507576755,0.13511238274053963,0.0008909094482257145,0.0020101464535273285,0.0013773345821166878,0.0007307290277318136,0.23645320197044334,0.2186046511627907,0.7566137566137567,1,0,0.15384615384615385,0.03758038585209004,0.43468587774128614,0.3407280427548654,0.006279182096280791,0.3824066558441558,1.0,1.0,0.3766153972187519,0.24765876777251186,0.33226101862070584,0.827855068032411,0.30018281535649,0.30556186152099885,0,train
0.955568720379147,0.9562389118864578,0.13726614998904357,0.1372664737207505,0.0007467917433656724,0.0014358188953766634,0.0009916808991240153,0.0007639439835378052,0.32019704433497537,0.2651162790697675,0.7601410934744268,1,0,0.15384615384615385,0.043609324758842445,0.34071405869265814,0.46929514974286585,0.006279182096280791,0.5225243506493505,1.0,1.0,0.3611731214287177,0.24765876777251186,0.30025594665038624,0.7628293329256485,0.37300426569165146,0.19886492622020432,0,test
0.9496445497630333,0.9509166173861622,0.15637230886587947,0.15637440942746011,0.0020045462585078578,0.0022015889729108833,0.002258828714671368,0.0019619254804780603,0.270935960591133,0.2651162790697675,0.7566137566137567,1,0,0.15384615384615385,0.052150321543408366,0.2825511177031465,0.2317233034183725,0.007245210111093221,0.3912337662337662,1.0,1.0,0.4480103221578226,0.2650236966824645,0.3811726583229624,0.882892524078887,0.3547227300426569,0.6444948921679909,0,test
0.9336492890995262,0.9355410999408635,0.16171850779753602,0.16171871253024117,0.0007467917433656724,0.0014358188953766634,0.0009365875158393477,0.0007643753466002207,0.31527093596059114,0.2651162790697675,0.7601410934744268,1,0,0.15384615384615385,0.0860128617363344,0.4387117279372815,0.6078451144499344,0.00821123812590565,0.6419439935064934,1.0,1.0,0.3611731214287177,0.2807203791469195,0.2947613121375068,0.6928094582887429,0.37324801950030473,0.24279228149829737,0,train
0.3921800947867299,0.3932584269662922,0.020408899774809572,0.020410438578490227,0.0009826207149548321,0.0022015889729108833,0.0017078948818246929,0.0014537797929526318,0.4975369458128079,0.4093023255813954,0.7107583774250443,0,1,0.3076923076923077,0.8162178456591641,0.43044814069287,0.24372290007058586,0.005474158750603766,0.31006493506493504,1.0,1.0,0.38519671493231206,0.22828436018957346,0.3534177096296992,0.8768282117922845,0.5349786715417428,0.3456299659477866,0,train
0.3293838862559242,0.3305736250739208,0.08962840080515347,0.0896284886925359,0.000694385305234748,0.0009572125969177757,0.000771307365985345,0.0009697904369224697,0.4285714285714286,0.41395348837209306,0.7037037037037037,0,1,0.3076923076923077,0.6871985530546624,0.10594342621040365,0.5293939699505898,0.005474158750603766,0.661830357142857,1.0,1.0,0.35480369467712536,0.22828436018957346,0.27616408763237604,0.7324568108851858,0.5058500914076782,0.12463110102156641,0,test
0.6238151658767773,0.6262566528681255,0.0546199026006778,0.054622957419022074,0.002292781668227942,0.003733129127979324,0.0028648559308027104,0.003398968386608972,0.45320197044334976,0.4837209302325582,0.23456790123456805,0,1,0.5192307692307693,0.4373995176848875,0.4074584172052124,0.2049006756075426,0.010626308162936724,0.25760957792207784,0.9788826815642457,1.0,0.4598889958424642,0.2807203791469195,0.40293986427783124,0.8964480456607042,0.535588056063376,0.8387060158910329,0,train
0.32582938388625593,0.32702542874039037,0.09028389907701094,0.0902852438831663,0.001231551296076723,0.001914425193835551,0.0016528014985400254,0.0018182815806937077,0.46798029556650245,0.4465116279069768,0.23809523809523814,0,1,0.5192307692307693,0.8114951768488746,0.2478016739061341,0.25189069274982356,0.007084205441957815,0.354301948051948,1.0,1.0,0.40504229217441173,0.22828436018957346,0.3502007654918168,0.8727004025887989,0.5336989640463132,0.3309875141884223,0,train
0.4591232227488152,0.46008279124778245,0.10725082357928788,0.10725151137036418,0.0007140377195338447,0.0013400976356848858,0.0012120544322626852,0.0011322417662281373,0.541871921182266,0.45116279069767445,0.23104056437389797,0,1,0.0,0.8508842443729904,0.42027757177667124,0.3423414339013815,0.007084205441957815,0.49269480519480513,1.0,1.0,0.35724087082966394,0.22828436018957346,0.319745462230258,0.8269887377057534,0.5729433272394882,0.2196367763904654,0,test
0.05924170616113744,0.06564163217031342,0.07829890296620633,0.07829979581069915,0.0013691181961703995,0.002297310232602661,0.0014875213486860229,0.002039829649550295,0.5024630541871922,0.45116279069767445,0.2592592592592595,0,1,0.0,0.14630225080385853,0.5005826888441572,0.6369869920338812,0.016261471582675893,0.609780844155844,0.8803351955307261,1.0,0.4143813873471645,0.3424075829383887,0.3282457087843708,0.6780818427355654,0.5384521633150519,0.6111237230419977,0,test
0.04502369668246446,0.06268480189237138,0.07908256031004746,0.07911104925939118,0.043562851696330895,0.03417248970996458,0.021541512864304998,0.061824593285022975,0.019704433497536946,0.47906976744186053,0.2592592592592595,0,1,0.0,0.11113344051446947,0.523890242610446,0.08550973076535244,0.03864112059249718,0.08431412337662336,0.9544134078212292,1.0,0.7213017387920618,0.47131753554502376,0.6046915725456126,0.9567854048820262,0.512370505789153,1.0,0,train
0.0,0.004730928444707275,0.01197705496585347,0.011979393942253034,0.0016442519963577526,0.0032545228295204364,0.002479202247810038,0.0030245452484323402,0.625615763546798,0.5302325581395348,0.8112874779541448,0,1,0.6153846153846154,0.0,0.568492425045026,0.30372088333165276,0.009982289486395103,0.351765422077922,0.9027932960893854,1.0,0.4305199991807811,0.3082085308056872,0.3811726583229624,0.8465066503592723,0.6637416209628275,0.8132803632236095,0,train
0.0005924170616113745,0.00768775872264932,0.008704595619208418,0.008713780379743352,0.00735655375262851,0.00583899684119843,0.007162139827006776,0.012101545625616201,0.4975369458128079,0.5302325581395348,0.8112874779541448,0,1,0.6153846153846154,0.0012057877813504822,0.5159444856446658,0.12453362912171022,0.013846401545644819,0.25913149350649345,0.982905027932961,1.0,0.563253937370717,0.3524170616113744,0.4955972479864747,0.9370636497987056,0.5939670932358319,1.0,0,train
0.001184834123222749,0.0035481963335304554,0.009753298503943329,0.009753911400556195,0.0007074869147674791,0.0009572125969177757,0.0010467742824086827,0.0008704906599544274,0.3497536945812808,0.36744186046511623,0.8112874779541448,0,1,0.6153846153846154,0.0024115755627009644,0.4120139845322598,0.44539679338509636,0.006118177427145387,0.7463474025974025,1.0,1.0,0.3564421324267311,0.24765876777251186,0.30549228637847226,0.774906996891403,0.4468616697135893,0.21316685584562997,0,train
0.00533175355450237,0.00768775872264932,0.010756791900095049,0.010757481764881172,0.0008057489862629624,0.0011486551163013307,0.0011018676656933504,0.0011851268776802745,0.47783251231527096,0.4837209302325582,0.8112874779541448,0,1,0.6153846153846154,0.0107516077170418,0.3587244411484268,0.4238176868004437,0.006118177427145387,0.6376826298701298,1.0,1.0,0.36780879431462105,0.24765876777251186,0.3104703313217649,0.7858125668857974,0.5320536258379037,0.22780930760499432,0,test
0.008293838862559242,0.011235955056179777,0.011191196116481342,0.0111919638890789,0.000969519105422101,0.0009572125969177757,0.0011569610489780178,0.001493896557757271,0.4876847290640394,0.47906976744186053,0.8112874779541448,0,1,0.6153846153846154,0.016680064308681672,0.3371119822015044,0.44993445598467285,0.007084205441957815,0.830864448051948,1.0,1.0,0.38402932803571793,0.2650236966824645,0.31521356282433605,0.7725628089486827,0.556855575868373,0.28070374574347334,0,test
0.0035545023696682467,0.007096392667060912,0.0280683306431722,0.028068677424148432,0.0009040110577584456,0.000861491337225998,0.0008814941325546802,0.0012322317240960443,0.37438423645320196,0.4093023255813954,0.8112874779541448,0,1,0.6153846153846154,0.007134244372990354,0.2662358300667444,0.6441464152465464,0.008050233456770244,0.9999999999999999,1.0,1.0,0.37788518647469643,0.2807203791469195,0.2889379388076173,0.6744636396065842,0.4935405240706886,0.22451759364358684,0,train
0.004146919431279621,0.00827912477823773,0.029003262867072544,0.02900376535449291,0.0012905085389740129,0.0009572125969177757,0.0009916808991240153,0.0017317501503731636,0.3645320197044335,0.4186046511627907,0.8112874779541448,0,1,0.6153846153846154,0.008340032154340836,0.13476003813963344,0.6285166885146718,0.009016261471582673,0.9999999999999999,1.0,1.0,0.4091793474921663,0.29505213270142183,0.30025594665038624,0.6823625337614024,0.48555758683729433,0.2947786606129398,0,train
0.00533175355450237,0.00768775872264932,0.029329400186451794,0.029329902135378214,0.0007074869147674791,0.000861491337225998,0.0009916808991240153,0.0010897093682739716,0.4876847290640394,0.4465116279069768,0.8112874779541448,0,1,0.6153846153846154,0.0107516077170418,0.37790020129250984,0.46929514974286585,0.006118177427145387,0.8155438311688311,1.0,1.0,0.3564421324267311,0.24765876777251186,0.30025594665038624,0.7628293329256485,0.5567946374162096,0.19886492622020432,0,val
0.0035545023696682467,0.005322294500295683,0.03040790202105284,0.030409345690048977,0.0012708561246749163,0.000861491337225998,0.0016528014985400254,0.0019223263513483203,0.47783251231527096,0.45116279069767445,0.8112874779541448,0,1,0.6153846153846154,0.007134244372990354,0.22216336476321644,0.25189069274982356,0.005152149412332957,0.7233157467532466,1.0,1.0,0.4078276363487415,0.22828436018957346,0.3502007654918168,0.8727004025887989,0.546617915904936,0.3309875141884223,0,train
0.0035545023696682467,0.007096392667060912,0.031110575411431897,0.031111467544751425,0.0009367650815902734,0.001052933856609553,0.001267147815547353,0.001481214483722256,0.5467980295566502,0.4558139534883721,0.8112874779541448,0,1,0.6153846153846154,0.007134244372990354,0.4775929653564996,0.4537662599576485,0.008050233456770244,0.8438514610389609,1.0,1.0,0.3810186986708174,0.2807203791469195,0.324089510883603,0.7706772664730164,0.5712370505789153,0.3604994324631101,0,train
0.002369668246445498,0.004730928444707275,0.031707497911125065,0.03170941118473038,0.0013822198057031306,0.0014358188953766634,0.0019833617982480305,0.0020900403100154565,0.4729064039408867,0.45116279069767445,0.8112874779541448,0,1,0.6153846153846154,0.00472266881028939,0.3818201080622947,0.2368659876978925,0.006118177427145387,0.5225243506493505,1.0,1.0,0.4152210866938374,0.24765876777251186,0.3682344377392162,0.8802935330989146,0.5463741620962828,0.4904653802497163,0,train
0.001184834123222749,0.0029568302779420462,0.0325895153770837,0.03259079819382494,0.0010415779578521222,0.001052933856609553,0.0015426147319706903,0.0015926786990504147,0.5073891625615764,0.4465116279069768,0.8112874779541448,0,1,0.6153846153846154,0.0024115755627009644,0.3241868842038351,0.26983966925481495,0.005152149412332957,0.609780844155844,1.0,1.0,0.39031683289983,0.22828436018957346,0.34339117571089767,0.8636294144626204,0.5525898842169409,0.3019296254256527,0,test
0.0,0.004139562389118865,0.03335563930187429,0.03335715672885123,0.0019783430394423956,0.0015315401550684408,0.0017078948818246929,0.0029239513822770517,0.4433497536945813,0.4465116279069768,0.8112874779541448,0,1,0.6153846153846154,0.0,0.22068015679627082,0.3697690833921549,0.009016261471582673,0.661830357142857,1.0,1.0,0.44686341573309846,0.29505213270142183,0.3534177096296992,0.8131274524792336,0.5340036563071298,0.583427922814983,0,train
0.0,0.0035481963335304554,0.03439349190934923,0.03439414274695544,0.0010415779578521222,0.0009572125969177757,0.0011018676656933504,0.0015353936843616398,0.4729064039408867,0.4465116279069768,0.8112874779541448,0,1,0.6153846153846154,0.0,0.32100858141752303,0.5198144600181507,0.008050233456770244,0.9154829545454544,1.0,1.0,0.39031683289983,0.2807203791469195,0.3104703313217649,0.7372980685929776,0.5329677026203534,0.3001135073779796,0,train
0.001184834123222749,0.001774098166765228,0.03474989992977984,0.034751965430130226,0.000884358643459349,0.0015315401550684408,0.0020935485648173654,0.0015324604155372145,0.5960591133004927,0.4930232558139535,0.8112874779541448,0,1,0.6153846153846154,0.0024115755627009644,0.4391355016421231,0.1468185943329636,0.0033810980518435025,0.32355925324675316,1.0,1.0,0.3759600221189096,0.18092890995260666,0.373611665531735,0.9258013555521581,0.6252894576477758,0.30556186152099885,0,train
0.002369668246445498,0.004139562389118865,0.03526458047285037,0.0352656229975178,0.0008057489862629624,0.0012443763759931081,0.0013773345821166878,0.0012167026538490871,0.5024630541871922,0.41395348837209306,0.8112874779541448,0,1,0.6153846153846154,0.00472266881028939,0.42271427057951055,0.3019058182918221,0.005152149412332957,0.5264813311688311,1.0,1.0,0.36780879431462105,0.22828436018957346,0.33226101862070584,0.8474239412933802,0.5460085313833029,0.2598183881952326,0,test
0.0,0.001774098166765228,0.035993907805194125,0.035995656751259375,0.0012250004913103574,0.0015315401550684408,0.0018731750316786954,0.0018229403017677949,0.4876847290640394,0.4186046511627907,0.8112874779541448,0,1,0.6153846153846154,0.0,0.3443161351838119,0.22214379348593324,0.005152149412332957,0.43628246753246747,1.0,1.0,0.40459172179327013,0.22828436018957346,0.36257543381783175,0.8877337817866788,0.537903717245582,0.3904653802497162,0,train
0.016587677725118485,0.01833234772324069,0.25215737713889036,0.25215774704585964,0.0007991981814965968,0.0013400976356848858,0.0011569610489780178,0.0012395648961571074,0.47783251231527096,0.4837209302325582,0.7601410934744268,1,0,0.23076923076923078,0.033963022508038586,0.31306282445174277,0.3582736714732278,0.005313154081468361,0.49269480519480513,1.0,1.0,0.3670919777991685,0.22828436018957346,0.31521356282433605,0.8189369617285838,0.5605728214503352,0.20681044267877416,0,train
0.01481042654028436,0.01655824955647546,0.25719025465836604,0.25719022313007966,0.0005830216242065338,0.0012443763759931081,0.0008814941325546802,0.0009237208618564969,0.5172413793103449,0.4837209302325582,0.7601410934744268,1,0,0.23076923076923078,0.03034565916398714,0.3505667973302257,0.46616920439649095,0.005313154081468361,0.5264813311688311,1.0,1.0,0.3395662236057919,0.22828436018957346,0.2889379388076173,0.7644091117566121,0.5725776965265083,0.14665153234960274,0,train
0.7956161137440759,0.7959787108219989,0.0031451651518342983,0.0031450813337012985,0.00035374345738373956,0.000861491337225998,0.0005509338328466751,0.0004726876437948768,0.4433497536945813,0.372093023255814,0.23809523809523814,1,0,0.11538461538461542,0.016177652733118972,0.38521029770102766,0.7250176464656649,0.007084205441957815,0.7233157467532466,1.0,1.0,0.29639338890368033,0.22828436018957346,0.24453471716721067,0.6335932324313306,0.48641072516758077,0.08444948921679907,0,train
0.0,-0.0005913660555884092,0.017084705048185846,0.017086092090396812,0.0005306151860756094,0.0015315401550684408,0.0016528014985400254,0.0006208177194283508,0.3497536945812808,0.33023255813953495,0.23456790123456805,1,0,0.11538461538461542,0.0,0.32662358300667443,0.12604618332156903,0.0022540653678956683,0.21083603896103895,0.9639106145251397,1.0,0.3313945153296332,0.11416113744075829,0.3468429332895015,0.936299240686949,0.4264472882388788,0.12463110102156641,0,test
0.001184834123222749,0.0029568302779420462,0.1409089340160831,0.14090956623336393,0.0008450538148611557,0.0013400976356848858,0.0012120544322626852,0.0010921250014234983,0.39901477832512317,0.372093023255814,0.8306878306878307,0,1,0.1923076923076923,0.0024115755627009644,0.30511706748596246,0.3423414339013815,0.005152149412332957,0.49269480519480513,1.0,1.0,0.3719868105761157,0.22828436018957346,0.319745462230258,0.8269887377057534,0.46849482023156613,0.2196367763904654,0,test
0.7541469194312796,0.755765819041987,0.012624690717957342,0.01262805075090871,0.0020373002823396856,0.002967359050445104,0.003140322847226048,0.0025136388373074524,0.4236453201970443,0.30697674418604654,0.22222222222222232,0,1,0.5576923076923077,0.1039991961414791,0.4565102235406293,0.1749521024503378,0.009499275478988888,0.2928165584415584,0.9422346368715084,1.0,0.44944395518872754,0.2650236966824645,0.4086693122314321,0.9115833460734852,0.4463132236441194,0.817366628830874,0,test
0.01481042654028436,0.017149615612063872,0.021594096002466943,0.02160530373256784,0.005823665437298972,0.0032545228295204364,0.008484381025838797,0.006572937799862033,0.3448275862068966,0.30697674418604654,0.22222222222222232,0,1,0.5576923076923077,0.037077974276527335,0.3827735988981884,0.0502167994353131,0.00821123812590565,0.23904220779220778,1.0,1.0,0.5425072193663342,0.24765876777251186,0.5143118792119661,0.9746216174896805,0.407739183424741,0.999205448354143,0,train
0.7144549763033176,0.7149615612063869,0.02376202857412654,0.023763011465893626,0.0008647062291602523,0.0009572125969177757,0.0013222411988320203,0.0012585448709033881,0.49261083743842365,0.3813953488372093,0.22222222222222232,0,1,0.5576923076923077,0.2064911575562701,0.34961330649433203,0.31430876273066455,0.007084205441957815,0.661830357142857,1.0,1.0,0.3739938968193827,0.22828436018957346,0.3282457087843708,0.8411557865769761,0.526508226691042,0.2461975028376844,0,train
0.04206161137440759,0.04376108811354229,0.03657982277723225,0.03658275013189355,0.0014935834867313448,0.001914425193835551,0.002699575780948708,0.0020228339448911253,0.458128078817734,0.37674418604651166,0.22222222222222232,0,1,0.5576923076923077,0.1055064308681672,0.45025956139421547,0.15296964807905616,0.007084205441957815,0.354301948051948,1.0,1.0,0.42204108382657135,0.22828436018957346,0.39894803578556837,0.9226927584976813,0.4898232784887264,0.6111237230419977,0,train
0.6777251184834123,0.6818450620934359,0.008377357547063667,0.008377736840325854,0.0007729949624311346,0.002297310232602661,0.0008814941325546802,0.0012851168355481814,0.5763546798029556,0.47906976744186053,0.25573192239858944,0,1,0.0,0.3134043408360129,0.5252675071511813,0.8220227891499445,0.014007406214780225,0.5317573051948051,1.0,1.0,0.3641837507936183,0.3204170616113744,0.2889379388076173,0.5845691280640065,0.6002437538086532,0.31271282633371167,0,test
0.47630331753554506,0.4801892371377883,0.011363542549480212,0.011364545912715168,0.0008581554243938868,0.0028716377907533263,0.0013222411988320203,0.0014242745594834135,0.5615763546798029,0.45116279069767445,0.25573192239858944,0,1,0.0,0.8129019292604502,0.6259137620510647,0.5159826560451749,0.012880373530832392,0.3976258116883116,1.0,1.0,0.3733385217195404,0.3082085308056872,0.3282457087843708,0.7392345716760944,0.5992078001218769,0.4753688989784336,0,train
0.5005924170616114,0.5038438793613247,0.014385344766380556,0.014386107265034883,0.0006616312814029204,0.0022015889729108833,0.0013773345821166878,0.0011257713202919052,0.6009852216748769,0.48837209302325585,0.25573192239858944,0,1,0.0,0.7543207395498394,0.6460430130310414,0.5415952404961177,0.01175334084688456,0.4724025974025973,0.8280446927374301,1.0,0.3505847174718906,0.29505213270142183,0.31521356282433605,0.7262396167762319,0.6140158439975625,0.3604994324631101,0,train
0.4727488151658768,0.4748669426374927,0.017219390011564983,0.017220305080987753,0.001100535200749412,0.0020101464535273285,0.001267147815547353,0.0018371752828275055,0.5812807881773399,0.4837209302325582,0.2522045855379189,0,1,0.0,0.8243569131832799,0.30903697425574744,0.41181809014823034,0.009338270809853486,0.42654220779220775,1.0,1.0,0.39515022426116697,0.2650236966824645,0.324089510883603,0.7918768791723998,0.6026812918951858,0.3163450624290579,0,train
0.6457345971563981,0.6493199290360734,0.019533879951431642,0.01953534157481293,0.001087433591216681,0.003350244089212214,0.0017629882651093603,0.0018453711810133995,0.5862068965517242,0.4930232558139535,0.2592592592592595,0,1,0.0,0.3964027331189711,0.6177561182328636,0.414439850761319,0.012880373530832392,0.34192370129870125,0.9322905027932962,1.0,0.3941057201957933,0.3082085308056872,0.3502007654918168,0.7905009427712378,0.6125533211456429,0.6162315550510784,0,test
0.4774881516587678,0.48669426374926084,0.0230836503697861,0.02308369088082877,0.0008057489862629624,0.003158801569828659,0.0009365875158393477,0.001381051980629383,0.5812807881773399,0.47906976744186053,0.25573192239858944,0,1,0.0,0.7968247588424439,0.5963555461383621,0.5874760512251689,0.02334567702463371,0.6231737012987013,0.689608938547486,0.0,0.36780879431462105,0.39484360189573464,0.2615586916195083,0.28614381083422513,0.6185252894576477,0.4017026106696935,0,val
0.5704976303317536,0.5730337078651686,0.05116581904772463,0.05116746431797864,0.001303610148506744,0.0034459653489039917,0.0018731750316786954,0.0022385154760988625,0.6059113300492611,0.4837209302325582,0.25573192239858944,0,1,0.0,0.5829983922829582,0.4900942896493273,0.3178380558636685,0.010465303493801318,0.2791193181818181,0.9680446927374302,1.0,0.41006000778257934,0.2807203791469195,0.35961678446474277,0.8393721653162105,0.6198049969530774,0.5656072644721907,0,train
0.22926540284360192,0.231224127735068,0.05419383265523032,0.05419484392530933,0.0010939843959830466,0.0022015889729108833,0.0013773345821166878,0.001495708282619416,0.4729064039408867,0.37674418604651166,0.25573192239858944,0,1,0.0,0.5668207395498394,0.2943108380125013,0.3407280427548654,0.00821123812590565,0.3506493506493506,1.0,1.0,0.3946382124644152,0.24765876777251186,0.33226101862070584,0.827855068032411,0.49475929311395495,0.30556186152099885,0,val
0.5764218009478673,0.5819041986989948,0.055105570445857545,0.05510642296040677,0.000969519105422101,0.00430745668612999,0.0014875213486860229,0.0016444422665402715,0.5911330049261084,0.4837209302325582,0.2592592592592595,0,1,0.0,0.5631028938906752,0.6456192393261999,0.6639104567913683,0.016261471582675893,0.33076298701298695,0.8403351955307261,1.0,0.38402932803571793,0.3424075829383887,0.324089510883603,0.6644753605462977,0.6122486288848263,0.583427922814983,0,train
0.604265402843602,0.6085156712004731,0.05613784066430744,0.056137983848838585,0.0006616312814029204,0.002105867713219106,0.0008814941325546802,0.0011497551065622056,0.6157635467980296,0.48837209302325585,0.25573192239858944,0,1,0.0,0.4950763665594856,0.5397817565420066,0.9327417565796108,0.014007406214780225,0.5772118506493507,0.8686033519553071,1.0,0.3505847174718906,0.3204170616113744,0.27616408763237604,0.5286143810834225,0.6268738574040219,0.26322360953461976,0,train
0.1877962085308057,0.19515079834417506,0.05705012883131742,0.057050585009816336,0.0009433158863566389,0.0032545228295204364,0.0015426147319706903,0.0015419504029103549,0.5615763546798029,0.4465116279069768,0.25573192239858944,0,1,0.0,0.46432877813504825,0.6071617756118234,0.9469597660582838,0.018676541619706968,0.49269480519480513,0.6147486033519554,1.0,0.3816331128269196,0.36181990521327023,0.30025594665038624,0.5214289354329104,0.5903107861060329,0.5072644721906924,0,train
0.6048578199052134,0.6096984033116499,0.058790654829171424,0.05879330963573792,0.00191283499177874,0.0046903417248971,0.0026444823976640407,0.003428214802240741,0.625615763546798,0.558139534883721,0.25573192239858944,0,1,0.0,0.49216237942122193,0.6176501748066532,0.31350206715740647,0.01513443889872806,0.2837865259740259,0.9544134078212292,1.0,0.44387326684006806,0.3317914691943128,0.3926315542301641,0.84161443204403,0.6468616697135893,0.9274687854710557,0,train
0.23755924170616116,0.24246008279124778,0.05945629575151104,0.059457298332598184,0.0012839577342076474,0.0038288503876711018,0.001818081648394028,0.0021165260020477666,0.5812807881773399,0.45116279069767445,0.25573192239858944,0,1,0.0,0.58741961414791,0.48310202351944065,0.5346374911767672,0.014007406214780225,0.32355925324675316,0.7370949720670392,1.0,0.4087287771110247,0.3204170616113744,0.33226101862070584,0.7298068592977629,0.5952468007312615,0.5476730987514189,0,train
0.6409952606635072,0.6445890005913661,0.0643764247377201,0.06437781232039086,0.0012446529056094541,0.0030630803101368816,0.0017078948818246929,0.0020946990310895435,0.5911330049261084,0.47906976744186053,0.2592592592592595,0,1,0.0,0.40805868167202575,0.5547197796376735,0.414439850761319,0.012880373530832392,0.3732751623376623,0.9651396648044692,1.0,0.40598439388043506,0.3082085308056872,0.3502007654918168,0.7905009427712378,0.6075563680682511,0.6162315550510784,0,test
0.6220379146919431,0.6303962152572443,0.06683566366625049,0.06683602506252659,0.0011660432484130675,0.002967359050445104,0.0012120544322626852,0.0019274164354848228,0.5862068965517242,0.4558139534883721,0.2627865961199296,0,1,0.0,0.44543810289389074,0.5549316664900944,0.8559040032267823,0.022218644340685875,0.6310876623376622,0.757094972067039,0.0,0.40024986175681493,0.3871848341232228,0.2947613121375068,0.4218009478672986,0.5968312004875076,0.5727582292849036,0,train
0.5799763033175356,0.5819041986989948,0.06953203619054941,0.06953247175984131,0.0006878345004683825,0.0015315401550684408,0.0009916808991240153,0.0010605492252546854,0.541871921182266,0.441860465116279,0.25573192239858944,0,1,0.0,0.560992765273312,0.46276088568704316,0.522335383684582,0.009338270809853486,0.5491071428571428,1.0,1.0,0.35398447580232245,0.2650236966824645,0.30025594665038624,0.7360240534067166,0.5574040219378428,0.22951191827468784,0,train
0.20497630331753555,0.20816085156712005,0.07024029196995353,0.07024159124557046,0.0011791448579457986,0.002584474011677994,0.0015977081152553578,0.0018964445676033918,0.5665024630541872,0.4465116279069768,0.2522045855379189,0,1,0.0,0.5075361736334405,0.4751562665536604,0.36139961681960275,0.010465303493801318,0.37023133116883117,1.0,1.0,0.4012329244065784,0.2807203791469195,0.3468429332895015,0.81735718289762,0.580865326020719,0.48479001135073785,0,train
0.5906398104265403,0.5937315198107629,0.07185281614621895,0.07185505626016721,0.0017163108487877735,0.0034459653489039917,0.002258828714671368,0.002649949565030742,0.5221674876847291,0.441860465116279,0.2592592592592595,0,1,0.0,0.5338625401929261,0.5045025956139422,0.279721690027226,0.01159233617774915,0.3058035714285714,1.0,1.0,0.4343088864767445,0.29505213270142183,0.3811726583229624,0.8586352749324773,0.5577696526508227,0.7653802497162315,0,train
0.21149289099526067,0.2176227084565346,0.07255297353027687,0.07255434761243189,0.0013822198057031306,0.0038288503876711018,0.0020935485648173654,0.0017480556741324685,0.39408866995073893,0.37674418604651166,0.2592592592592595,0,1,0.0,0.5221061093247589,0.6045131899565632,0.5120500151255419,0.016261471582675893,0.3719561688311688,0.7708379888268158,1.0,0.4152210866938374,0.3424075829383887,0.3502007654918168,0.7412220353666615,0.45783059110298596,0.75527809307605,0,train
0.22097156398104267,0.22531046717918393,0.08267659671461466,0.08267858308192969,0.0020045462585078578,0.002584474011677994,0.0020935485648173654,0.003193294478449274,0.5566502463054187,0.441860465116279,0.2592592592592595,0,1,0.0,0.5455184887459807,0.4158279478758343,0.3277200766360795,0.012880373530832392,0.440239448051948,1.0,1.0,0.4480103221578226,0.3082085308056872,0.373611665531735,0.8343780257860673,0.5753199268738574,0.7691259931895573,0,train
0.21623222748815168,0.21821407451212302,0.08471707784106842,0.08471961121476516,0.001722861653554139,0.0035416866085957693,0.002479202247810038,0.0022947652194378406,0.43349753694581283,0.3813953488372093,0.25573192239858944,0,1,0.0,0.5346663987138264,0.38129039093124273,0.18886760108903902,0.00821123812590565,0.2195616883116883,1.0,1.0,0.4346365740266656,0.24765876777251186,0.3904477892314556,0.9045507822453244,0.48165752589884214,0.6346197502837685,0,train
0.21149289099526067,0.22057953873447667,0.08525110018273281,0.08525229604853997,0.0014870326819649794,0.004881784244280655,0.0019833617982480305,0.0023592971335751954,0.5467980295566502,0.45116279069767445,0.25573192239858944,0,1,0.0,0.5229099678456591,0.6610869795529187,0.7217908641726328,0.022218644340685875,0.38737824675324667,0.7584357541899442,1.0,0.42165195486104,0.3871848341232228,0.34339117571089767,0.6352239718697447,0.5730652041438148,0.8699205448354144,0,train
0.20675355450236968,0.2111176818450621,0.08718795329883416,0.08718969634212598,0.0017556156773859668,0.0030630803101368816,0.002038455181532698,0.00243245630896086,0.4729064039408867,0.41395348837209306,0.25573192239858944,0,1,0.0,0.5112540192926046,0.4482466362962178,0.35575274780679644,0.012880373530832392,0.3732751623376623,0.9412290502793297,1.0,0.4363159727200115,0.3082085308056872,0.3654401577946322,0.8202109769148449,0.5009140767824497,0.7175936435868331,0,test
0.20556872037914695,0.21230041395623891,0.08792372789737586,0.0879264132266234,0.0025417122493498327,0.0046903417248971,0.002699575780948708,0.003966469631522771,0.541871921182266,0.4186046511627907,0.25573192239858944,0,1,0.0,0.5082395498392284,0.5531306282445174,0.34879499848744583,0.017549508935759132,0.32355925324675316,0.9553072625698324,1.0,0.4690232862965163,0.3524170616113744,0.3947683565407284,0.8237272588289253,0.5636197440585009,0.9642451759364359,0,train
0.16409952606635073,0.16972205795387346,0.09003347782285884,0.09003466579235592,0.0014084230247685928,0.0028716377907533263,0.0017078948818246929,0.002155176132440193,0.5270935960591133,0.41395348837209306,0.2627865961199296,0,1,0.0,0.40454180064308687,0.530988452166543,0.5131592215387718,0.01513443889872806,0.46103896103896097,0.8953072625698324,1.0,0.4168800049153133,0.3317914691943128,0.34339117571089767,0.7406614686847067,0.5528945764777575,0.6684449489216799,0,train
0.4899289099526067,0.4902424600827913,0.15127464418363418,0.15127431578500447,0.00035374345738373956,0.000861491337225998,0.0005509338328466751,0.0005251413921845986,0.47783251231527096,0.441860465116279,0.2275132275132279,0,1,0.0,0.773613344051447,0.28890772327577074,0.63335686195422,0.0059571727580099805,0.6310876623376622,1.0,1.0,0.29639338890368033,0.20629383886255923,0.24453471716721067,0.6799164246037812,0.538086532602072,0.07173666288308739,0,test
0.6261848341232228,0.6292134831460675,0.008469349028180764,0.008469492294350239,0.0007336901338329413,0.0018187039341437735,0.0007162139827006776,0.0010734901171271496,0.4433497536945813,0.47906976744186053,0.23809523809523814,0,1,0.5576923076923077,0.432274919614148,0.34050217184023734,0.8559040032267823,0.01175334084688456,0.565137987012987,1.0,1.0,0.3596166055665923,0.29505213270142183,0.26911968441073564,0.5674463639606584,0.5294332723948811,0.19421112372304203,0,test
0.6996445497630333,0.7013601419278535,0.01604866082025423,0.01604887019708946,0.0006354280623374582,0.0012443763759931081,0.000771307365985345,0.0009160425993455014,0.45320197044334976,0.47906976744186053,0.23456790123456805,0,1,0.5192307692307693,0.2496985530546624,0.3602076491153724,0.6639104567913683,0.009499275478988888,0.661830357142857,1.0,1.0,0.3470620763102382,0.2650236966824645,0.27616408763237604,0.6644753605462977,0.5219378427787934,0.16685584562996594,0,train
0.7713270142180095,0.7740981667652278,0.012464924316564228,0.012466554861820375,0.0015852947534604625,0.002105867713219106,0.0017629882651093603,0.0019634783875027563,0.3251231527093596,0.40465116279069774,0.23104056437389797,0,1,0.5192307692307693,0.06511254019292605,0.4066108697955292,0.3582736714732278,0.01175334084688456,0.49269480519480513,1.0,1.0,0.42730456509717984,0.29505213270142183,0.35656420973536523,0.8189369617285838,0.44826325411334556,0.6043132803632236,0,test
0.7588862559241707,0.7593140153755176,0.01620315933341243,0.016202975329812505,0.00035374345738373956,0.0006700488178424428,0.0004958404495620075,0.00047122100938266426,0.43842364532019706,0.372093023255814,0.24514991181657875,0,1,0.23076923076923078,0.1132435691318328,0.31783027863121094,0.7983261066854896,0.007084205441957815,0.8872767857142856,1.0,1.0,0.29639338890368033,0.22828436018957346,0.23481344072134688,0.5965448708148602,0.48494820231566116,0.07514188422247448,0,train
0.15639810426540285,0.16262566528681255,0.09625705533381938,0.09625783990206462,0.00197179223467603,0.0017229826744519958,0.001267147815547353,0.0025566888709365166,0.2660098522167488,0.4465116279069768,0.8271604938271606,0,1,0.07692307692307693,0.3128014469453377,0.2234346858777413,0.6639104567913683,0.012719368861696986,0.797077922077922,1.0,1.0,0.44655620865504736,0.3424075829383887,0.324089510883603,0.6644753605462977,0.468860450944546,0.583427922814983,0,train
0.08056872037914692,0.08633944411590774,0.1012529003852556,0.10125454158047394,0.0020045462585078578,0.002680195271369771,0.0018731750316786954,0.00271232466385602,0.3891625615763547,0.40465116279069774,0.8306878306878307,0,1,0.07692307692307693,0.1609726688102894,0.4378641805275983,0.4238176868004437,0.01175334084688456,0.49269480519480513,1.0,1.0,0.4480103221578226,0.3317914691943128,0.36257543381783175,0.7858125668857974,0.48915295551492993,0.7903518728717367,0,train
0.13744075829383887,0.1395623891188646,0.10834843133689016,0.1083491173156773,0.0008974602529920801,0.0016272614147602184,0.0012120544322626852,0.001279422843124297,0.43842364532019706,0.41395348837209306,0.8271604938271606,0,1,0.07692307692307693,0.27491961414791,0.348024155101176,0.3862055056972875,0.006118177427145387,0.4660105519480519,1.0,1.0,0.37725029184672415,0.24765876777251186,0.319745462230258,0.8048208734648117,0.5158439975624619,0.25811577752553916,0,train
0.16113744075829384,0.16499112950916617,0.017278830660902182,0.017279509756977778,0.0012118988817776263,0.0017229826744519958,0.0011018676656933504,0.001130257496141026,0.2413793103448276,0.29767441860465116,0.23809523809523814,1,0,0.6153846153846154,0.40132636655948556,0.273228096196631,0.5678128466270042,0.01175334084688456,0.5941558441558441,1.0,1.0,0.4036291396153767,0.29505213270142183,0.3104703313217649,0.7130408194465678,0.3392443631931749,0.3382519863791146,0,train
0.139218009478673,0.23240685984624485,0.057581949667450796,0.0575815400921014,0.005699200146738026,0.015602565329759741,0.0028648559308027104,0.008226093600263096,0.5073891625615764,0.3813953488372093,0.2821869488536155,0,1,0.0,0.3405345659163987,0.35099057103506726,0.041141474236160124,0.18676541619706968,0.9877232142857141,0.05128491620111733,0.0,0.5405820550105475,0.7246255924170618,0.21206001831544838,0.010039239667736843,0.521267519804997,0.9985244040862657,0,val
0.31101895734597157,0.3299822590183324,0.08239055824597877,0.08239010770848026,0.001100535200749412,0.004020292907054657,0.000771307365985345,0.0018178502176312923,0.5812807881773399,0.45116279069767445,0.8112874779541448,0,1,0.6153846153846154,0.6254019292604501,0.4669986227354593,0.20389230614097004,0.03381098051843503,0.8616071428571428,0.47854748603351954,0.0,0.39515022426116697,0.48485308056872045,0.21206001831544838,0.0922896600927483,0.5964046313223644,0.43575482406356414,0,train
0.542654028436019,0.6723832052040214,0.06317314471462944,0.06318050978921406,0.011470459145906074,0.023643151143869057,0.007217233210291443,0.01748288610186173,0.4975369458128079,0.4558139534883721,0.23104056437389797,0,1,0.0,0.3196342443729904,0.9826252781014938,0.4690934758495513,0.26549669940428267,0.9062499999999999,0.7883798882681563,0.0,0.6026993261924753,0.7784265402843602,0.4765303965999013,0.22631605768740765,0.5503351614868982,1.0,0,test
0.629739336492891,0.6309875813128327,0.1500562681226166,0.15005562723540897,0.00030788782401918076,0.0006700488178424428,0.0003305602997080051,0.0005298001132586857,0.5812807881773399,0.4837209302325582,0.23104056437389797,0,1,0.038461538461538464,0.4232315112540193,0.2354062930395169,0.7759403045275789,0.00821123812590565,0.9999999999999999,1.0,0.0,0.28451471521903865,0.24765876777251186,0.19844083875361024,0.381389186159099,0.6202925045703839,0.0564131668558456,0,train
0.045616113744075835,0.06445890005913661,0.09849661546043426,0.09849723908074716,0.002495856615985274,0.007561979515650426,0.0031954162305107155,0.0033604908014415115,0.4729064039408867,0.34418604651162793,0.2627865961199296,0,1,0.0,0.11243971061093248,0.5609704417840873,0.5912070182514874,0.04089518596039285,0.4488636363636363,0.2993296089385475,0.0,0.4674053290187807,0.48045497630331757,0.31521356282433605,0.28802935330989143,0.48659354052407067,0.9637911464245175,0,train
0.32286729857819907,0.3418095801301006,0.03296070493465106,0.03296057188729253,0.0010481287626184876,0.004211735426438212,0.0014324279654013552,0.001467497138337444,0.4876847290640394,0.41395348837209306,0.23456790123456805,0,1,0.0,0.8053657556270097,0.648797542112512,0.2835534940002017,0.042505232651746896,0.823559253246753,0.337877094972067,0.0,0.3908698056403219,0.48485308056872045,0.24453471716721067,0.13254853997859656,0.506581352833638,0.6412031782065833,0,train
0.26599526066350715,0.3447664104080426,0.07962884818252744,0.079629345705774,0.00723863926683393,0.014645352732841965,0.00462784419591207,0.011097504961537944,0.5270935960591133,0.41395348837209306,0.22222222222222232,0,1,0.11538461538461542,0.6669011254019293,0.6375675389342091,0.13673489966723806,0.16293672516502977,0.8952922077922078,0.14558659217877096,0.0,0.561820304339812,0.6983886255924171,0.30549228637847226,0.05834989553075476,0.5536258379037172,1.0,0,train
0.46267772511848343,0.4707273802483738,0.0817095067849221,0.08171000087273826,0.0011529416388803364,0.005551833062123097,0.0020935485648173654,0.001942082779606949,0.5911330049261084,0.4558139534883721,0.22222222222222232,0,1,0.11538461538461542,0.819935691318328,0.5879860154677403,1.0,0.02141362099500885,0.32355925324675316,0.45564245810055864,0.5,0.39924631863518134,0.37914691943127965,0.30549228637847226,0.4946236559139785,0.6081048141377209,0.6111237230419977,0,train
0.028436018957345974,0.06564163217031342,0.042562649933337623,0.04256179340634457,0.0008450538148611557,0.0063176031396573185,0.00011018676656933503,0.0014022750433002242,0.2660098522167488,0.7116279069767442,0.0,0,1,0.0,0.07857717041800644,0.03898718084542854,0.021276595744680854,0.08678151666398323,0.9999999999999999,0.6275977653631284,0.0,0.3719868105761157,0.5806635071090048,0.07067884565712541,0.0,0.5991468616697135,0.14665153234960274,0,train
0.4549763033175356,0.5399172087522177,0.028638048824517915,0.028637687039207962,0.004310429536268531,0.01445391021345841,0.003305602997080051,0.007666184345247812,0.5566502463054187,0.5534883720930233,0.23456790123456805,1,0,0.15384615384615385,0.6531350482315114,0.4767454179468164,0.04537662599576485,0.17517308001932053,0.9801136363636364,0.02927374301675978,0.0,0.5158006840477605,0.7109383886255924,0.21206001831544838,0.012179585180655372,0.6421084704448508,0.9971623155505109,0,val
0.2991706161137441,0.3057362507392076,0.15657012986288,0.15656924234525998,0.00017687172869186978,0.0015315401550684408,0.0002754669164233376,0.0002794369918327443,0.5714285714285714,0.41395348837209306,0.23104056437389797,0,1,0.038461538461538464,0.7472869774919615,0.607585549316665,0.22889986891196937,0.017710513604894538,0.9435876623376622,0.6275977653631284,0.0,0.2378602002990149,0.3524170616113744,0.14138117265832295,0.10492789074045761,0.5720901889092017,0.06174801362088536,0,train
0.17831753554502372,0.1981076286221171,0.07050816801795862,0.07051072485236179,0.00803128664356416,0.006413324399349096,0.003470883146934053,0.010738006985320887,0.270935960591133,0.41395348837209306,0.7742504409171076,0,1,0.0,0.36304260450160775,0.3342515096938235,0.8465261671876575,0.03526002254065368,0.5588474025974025,0.6858100558659217,1.0,0.5710365166813443,0.4891374407582939,0.3904477892314556,0.5721857004535494,0.48281535648994517,0.9998864926220203,0,train
0.3803317535545024,0.4370195150798345,0.07357808885575098,0.0735779673690244,0.003498129745239203,0.011103666124246195,0.002809762547518043,0.005259092184356981,0.5221674876847291,0.4186046511627907,0.7813051146384482,0,1,0.0,0.7726085209003216,0.595507998728679,0.11031561964303721,0.09595878280470131,0.862418831168831,0.14055865921787708,0.0,0.49730681794908554,0.6474312796208531,0.25341066522647754,0.04494725577128883,0.5430225472273005,0.9976163450624291,0,train
0.5136255924170616,0.6499112950916618,0.0741390796401702,0.07413911447731235,0.011090512469456873,0.0234517086244855,0.005784805244890088,0.01700562600960525,0.5073891625615764,0.441860465116279,0.7777777777777777,0,1,0.0,0.6795618971061094,0.5181692975950842,0.05122516890188565,0.2263725648043793,0.9589082792207791,0.030279329608938532,0.0,0.599709177299445,0.7862369668246446,0.26911968441073564,0.015135300412780939,0.5536867763558806,1.0,0,train
0.3062796208530806,0.3672383205204022,0.07668472766079265,0.07668499416995123,0.006242916942346367,0.012826648798698192,0.004352377279488733,0.008998664845049211,0.4876847290640394,0.3813953488372093,0.7742504409171076,0,1,0.0,0.6235932475884245,0.513401843415616,0.14893617021276595,0.10288198357752372,0.7985998376623376,0.1201117318435754,0.0,0.5486718413992258,0.6583507109004739,0.2889379388076173,0.06451612903225806,0.5205362583790372,1.0,0,train
0.6119668246445498,0.6179775280898877,0.01373739451348654,0.013737135956108343,0.00047820874794468496,0.0024887527519862162,0.000771307365985345,0.0008842942779517226,0.6600985221674877,0.5209302325581395,0.7707231040564375,0,1,0.0,0.7415594855305466,0.5400995868206379,0.5254613290309569,0.014007406214780225,0.6013595779220778,0.553072625698324,0.0,0.32238310770680156,0.3524170616113744,0.2240589851363092,0.25480303725220405,0.6658744667885436,0.17128263337116909,0,test
0.38329383886255924,0.39148432879952694,0.16950609773788228,0.16950542473654706,0.00039304828598193286,0.002105867713219106,0.000771307365985345,0.00047398173298212324,0.4039408866995074,0.3348837209302326,0.2522045855379189,1,0,0.15384615384615385,0.9490554662379422,0.5902108274181588,0.34455984672784107,0.021091611656738042,0.830864448051948,0.40413407821229047,0.0,0.30544575747025215,0.37914691943127965,0.19844083875361024,0.16337970748611325,0.4404021937842779,0.15232690124858114,0,train
0.47156398104265407,0.4831460674157304,0.17107647880826843,0.17107556733883236,0.00043235311458012616,0.002297310232602661,0.0005509338328466751,0.0004971890657400758,0.3891625615763547,0.29767441860465116,0.2522045855379189,1,0,0.15384615384615385,0.8038585209003216,0.36677614154041743,0.1468185943329636,0.028175817098695856,0.9999999999999999,0.2889385474860335,0.0,0.313658426690151,0.4223696682464456,0.14138117265832295,0.06344595627579885,0.4202925045703839,0.10385925085130532,0,train
0.6143364928909953,0.6209343583678297,0.17210922077790353,0.17210893660382165,0.0004978611622437816,0.002584474011677994,0.0009365875158393477,0.0007990569368184248,0.5467980295566502,0.4558139534883721,0.2522045855379189,1,0,0.15384615384615385,0.46211816720257237,0.676872550058269,0.6639104567913683,0.018676541619706968,0.6151582792207791,0.6275977653631284,0.0,0.3258647879247138,0.36181990521327023,0.25341066522647754,0.32477195128165925,0.5798903107861061,0.27366628830874007,0,train
0.6036729857819906,0.6091070372560615,0.17439878653015128,0.17439794820023288,0.00030788782401918076,0.0014358188953766634,0.00022037353313867004,0.0004824364490054666,0.5320197044334976,0.47906976744186053,0.24514991181657875,1,0,0.15384615384615385,0.48693729903536975,0.4105307765653141,0.3067459917313704,0.0164224762518113,0.9403409090909091,1.0,0.0,0.28451471521903865,0.3424075829383887,0.16413459506422146,0.14426947969219794,0.5669104204753199,0.07514188422247448,0,train
0.6546208530805687,0.6652868125369604,0.17564664704024485,0.17564572802488326,0.0003602942621501051,0.0022015889729108833,0.0003856536829926726,0.0004889068949416988,0.45320197044334976,0.372093023255814,0.24162257495590822,1,0,0.15384615384615385,0.34475482315112543,0.4555567327047357,0.15296964807905616,0.027048784414748023,0.9999999999999999,0.441340782122905,0.0,0.2979703852376759,0.4158862559241706,0.14138117265832295,0.06655455333027571,0.4935405240706886,0.09886492622020432,0,train
0.5462085308056872,0.5535186280307511,0.1766353588992598,0.17663443825140995,0.0003275402383182774,0.0016272614147602184,0.0003305602997080051,0.0004193711692803242,0.43842364532019706,0.33953488372093027,0.23456790123456805,1,0,0.15384615384615385,0.6191720257234726,0.33456933997245475,0.20389230614097004,0.020125583641925612,0.9999999999999999,0.5211173184357543,0.0,0.28979867696151723,0.37069194312796205,0.14138117265832295,0.0922896600927483,0.46727605118829985,0.0706015891032917,0,train
0.6735781990521328,0.6794795978710823,0.17761204110305176,0.1776115119679147,0.0004913103574774161,0.0022015889729108833,0.0008264007492700126,0.0006832790908661115,0.46798029556650245,0.3813953488372093,0.2275132275132279,1,0,0.15384615384615385,0.29933681672025725,0.5262209979870749,0.5254613290309569,0.017710513604894538,0.6753246753246753,0.5111731843575418,0.0,0.3247178814999898,0.3524170616113744,0.2240589851363092,0.25480303725220405,0.504448507007922,0.17128263337116909,0,train
0.20379146919431282,0.20579538734476643,0.17858141116347287,0.17858080180271554,0.0002882354097200841,0.0007657700775342204,0.0003856536829926726,0.00041005372713214997,0.46798029556650245,0.4186046511627907,0.22398589065255736,1,0,0.15384615384615385,0.5105506430868167,0.38256171204576755,0.8879701522637895,0.00821123812590565,0.8985389610389609,1.0,0.0,0.278903065926639,0.24765876777251186,0.21206001831544838,0.43800642103653875,0.5171237050578915,0.06617480136208856,0,test
0.6504739336492892,0.6564163217031344,0.17977557066364933,0.17977495933118373,0.0003733958716828362,0.0018187039341437735,0.0003856536829926726,0.0005235022125474198,0.47783251231527096,0.37674418604651166,0.23456790123456805,1,0,0.15384615384615385,0.36203778135048237,0.5998516792033055,0.46616920439649095,0.017710513604894538,0.8067167207792206,1.0,0.0,0.3010219755463166,0.3524170616113744,0.21206001831544838,0.22483820007134486,0.5091407678244972,0.14665153234960274,0,train
0.2636255924170616,0.4642223536369013,0.35872329662244234,0.3587231760753354,0.028201214519203682,0.03436393222934814,0.006721392760729436,0.031171847797166877,0.31527093596059114,0.37674418604651166,0.23456790123456805,1,0,0.23076923076923078,0.657556270096463,0.32461065790867677,0.04426741958253504,0.4060537755594911,0.9550527597402596,0.046145251396648074,0.0,0.6826550883732361,0.8480758293838863,0.2947613121375068,0.011619018498700506,0.3989640463132237,1.0,0,train
0.2132701421800948,0.5872264931992904,0.36124142582392715,0.36124232324495087,0.07726674221928163,0.06729204556331962,0.012340917855765523,0.11130659526515196,0.3842364532019705,1.0,0.23104056437389797,1,0,0.23076923076923078,0.5327572347266881,0.4274817247589787,0.04063728950287385,0.7539848655611011,0.9036120129870129,0.03664804469273744,0.0,0.7722776332766705,0.949308056872038,0.3502007654918168,0.009784436630484616,0.520109689213894,1.0,0,test
0.23578199052132703,0.5683027794204614,0.36234154958785064,0.3623423665673632,0.06658237964533943,0.05657126447784053,0.00909040824197014,0.09457393580144323,0.3842364532019705,0.4837209302325582,0.23456790123456805,1,0,0.23076923076923078,0.582194533762058,0.42737578133276827,0.04487244126247857,0.6701014329415552,0.9571834415584415,0.08458100558659218,0.0,0.7590472484486043,0.9301611374407586,0.3468429332895015,0.011924782143403145,0.5127970749542962,1.0,0,train
0.6889810426540285,0.7096392667060911,0.3642447511194066,0.3642446214556802,0.0023386373015925007,0.0073705369962668715,0.0026444823976640407,0.004356766930396292,0.6403940886699507,0.5627906976744186,0.23456790123456805,1,0,0.23076923076923078,0.2289991961414791,0.5563089310308296,0.4238176868004437,0.047335372725809045,0.5248579545454545,0.2931843575418994,0.0,0.4616503164232904,0.5013459715639811,0.2947613121375068,0.20343474494215968,0.672333942717855,0.9474460839954597,0,train
0.2677725118483413,0.5422826729745713,0.36530493328298175,0.36530543086930234,0.04368076618212547,0.047764908586196995,0.009365875158393476,0.062472586877383496,0.4187192118226601,0.45116279069767445,0.2275132275132279,1,0,0.23076923076923078,0.6431872990353699,0.4811950418476533,0.047393364928909956,0.5556271131862823,0.9371956168831168,0.05262569832402236,0.0,0.7215475044545027,0.8989952606635072,0.33226101862070584,0.01319879732966417,0.5163924436319318,1.0,0,train
0.4614928909952607,0.5428740390301597,0.3660972393985518,0.36609718530120083,0.0064132378662718715,0.01770843304297885,0.005729711861605421,0.009571601264549444,0.47783251231527096,0.45116279069767445,0.23456790123456805,1,0,0.23076923076923078,0.6457998392282959,0.6795211357135289,0.12463446606836744,0.1680888745773627,0.7666396103896104,0.08491620111731843,0.0,0.5510680566080242,0.7042274881516588,0.30025594665038624,0.052234622636701866,0.5389396709323583,1.0,0,train
0.42594786729857825,0.5452395032525134,0.3681768758733785,0.3681768183422848,0.010042383706838385,0.022685938546951282,0.006556112610875433,0.014943969389096728,0.47783251231527096,0.441860465116279,0.23104056437389797,1,0,0.23076923076923078,0.6378617363344052,0.6479499947028288,0.08369466572552185,0.24424408307840925,0.8684050324675323,0.05955307262569831,0.0,0.590882093923444,0.7647772511848342,0.30025594665038624,0.03159557661927331,0.5373552711761121,1.0,0,train
0.03495260663507109,0.7332939089296275,0.36996080298027234,0.369961686004502,0.10332584357988378,0.12185316358763283,0.015150680403283566,0.14569365078433882,0.30049261083743845,0.4558139534883721,0.22398589065255736,1,0,0.23076923076923078,0.08762057877813505,0.6048310202351944,0.01794897650499143,1.4078248269199805,0.9291801948051948,0.0081564245810056,0.0,0.7981239887767014,1.0514123222748817,0.3502007654918168,-0.0016817000458645426,0.509079829372334,1.0,0,test
0.2577014218009479,0.4281490242460083,0.3719498632275376,0.37194924909129073,0.012112438013009898,0.028907820426916822,0.004738030962481405,0.017328630670741956,0.4482758620689655,0.441860465116279,0.22045855379188728,1,0,0.23076923076923078,0.6466036977491961,0.5035491047780485,0.032772007663607945,0.3477700853324746,0.966619318181818,0.03675977653631285,0.0,0.6075327175538123,0.8217251184834125,0.25341066522647754,0.005809509249350253,0.5165752589884217,1.0,0,train
0.27251184834123227,0.3252513305736251,0.16941276962840707,0.16941217540623607,0.002233824425330652,0.009955011007944865,0.0014875213486860229,0.0033629927072035214,0.5172413793103449,0.4186046511627907,0.23104056437389797,0,1,0.0,0.6807676848874599,0.5813115796164847,0.07653524251285672,0.11028819835775236,0.8946834415584415,0.20189944134078214,0.0,0.4575951829930161,0.6357156398104267,0.21206001831544838,0.02792641288284159,0.5438756855575868,0.9488081725312145,0,train
0.18127962085308058,0.2117090479006505,0.17124835349008208,0.17124759898699463,0.0012577545151421852,0.005360390542739543,0.0004958404495620075,0.0019036051944394887,0.5172413793103449,0.45116279069767445,0.2275132275132279,0,1,0.0,0.4534766881028939,0.4584172052124165,0.09781183825753757,0.06520689099983898,0.9825487012987012,0.553072625698324,0.0,0.40690601511458824,0.5516208530805689,0.18273181956935214,0.038679101054884535,0.5469226081657526,0.5072644721906924,0,train
0.21030805687203794,0.26966292134831465,0.17270905240990553,0.17270868862035807,0.0034391725023419127,0.011103666124246195,0.002369015481240703,0.005360462504024618,0.541871921182266,0.45116279069767445,0.23104056437389797,0,1,0.0,0.5253215434083602,0.580569975633012,0.09629928405767875,0.12332957655772016,0.8968141233766233,0.16201117318435754,0.0,0.49579126303070026,0.6537630331753556,0.24453471716721067,0.037914691943127965,0.5628884826325411,0.9964812712826334,0,val
0.26599526066350715,0.32170313424009467,0.1734383797422493,0.17343777887328707,0.0023975945444897908,0.010337896046711975,0.0018731750316786954,0.003771666072535942,0.5467980295566502,0.4465116279069768,0.2275132275132279,0,1,0.0,0.6653938906752412,0.5720945015361797,0.072300090753252,0.11624537111576233,0.9077719155844155,0.1381005586592179,0.0,0.46386220738525824,0.6441706161137442,0.21206001831544838,0.02578606736992306,0.5681291895185863,0.9602724177071509,0,train
0.31101895734597157,0.3311649911295092,0.17525753093763927,0.175256769814893,0.0008385030100947901,0.004020292907054657,0.0008814941325546802,0.001303924265069496,0.5369458128078818,0.4186046511627907,0.23809523809523814,0,1,0.0,0.7746181672025724,0.4855387223222799,0.14288595341333063,0.04492030268877797,0.9077719155844155,0.27698324022346366,0.0,0.3712904745325333,0.49330805687203805,0.18273181956935214,0.06145849258523162,0.5619744058500914,0.3163450624290579,0,train
0.2340047393364929,0.25901833234772326,0.1770686623628806,0.17706797687479509,0.0014673802676658826,0.004594620465205322,0.0009365875158393477,0.002207974971279847,0.5221674876847291,0.41395348837209306,0.23456790123456805,0,1,0.0,0.583701768488746,0.3468587774128616,0.13865080165372592,0.05441957816776685,0.9594155844155843,0.31720670391061456,0.0,0.4204845679644459,0.5232985781990522,0.19844083875361024,0.05931814707231314,0.5437538086532602,0.4960272417707152,0,train
0.125,0.36073329390892966,0.17851112023687568,0.1785111399927193,0.021316318709753493,0.03972432277208768,0.005784805244890088,0.02978950172735025,0.43842364532019706,0.4186046511627907,0.2275132275132279,0,1,0.0,0.31270096463022506,0.5257972242822333,0.03156196430372089,0.47721783931734013,0.9683441558441558,0.05128491620111733,0.0,0.6577713150510988,0.8740853080568721,0.28273886397257375,0.005197981959944975,0.5045703839122486,1.0,0,train
0.16824644549763035,0.20816085156712005,0.1792325064242683,0.17923166011326727,0.0013101609532731096,0.006796209438116206,0.0008814941325546802,0.002119372998259709,0.5714285714285714,0.45116279069767445,0.23456790123456805,0,1,0.0,0.41971463022508043,0.47314334145566267,0.06070384188766765,0.08404443728868134,0.9999999999999999,0.21128491620111728,0.0,0.41051057816372094,0.5923412322274882,0.16413459506422146,0.01992559751312234,0.5842169408897014,0.5494892167990919,0,train
0.16646919431279622,0.19751626256652868,0.1799507476037595,0.17994990010685147,0.0007860965719638657,0.005360390542739543,0.0006611205994160101,0.0012619095027902288,0.5714285714285714,0.45116279069767445,0.2275132275132279,0,1,0.0,0.41639871382636656,0.6137302680368684,0.07855198144600183,0.06649492835292221,0.9999999999999999,0.3124022346368715,0.0,0.3656583447682634,0.5544644549763034,0.16413459506422146,0.028945625031850386,0.5798903107861061,0.4093076049943247,0,train
0.5627962085308057,0.5748078060319338,0.18066733765410242,0.18066672484921678,0.0007664441576647691,0.002680195271369771,0.0006060272161313426,0.0011887503274045643,0.541871921182266,0.4186046511627907,0.2275132275132279,0,1,0.0,0.5616961414790997,0.4757919271109228,0.29041040637289506,0.0296248591209145,0.8985389610389609,0.6275977653631284,0.0,0.36344645380629576,0.4285876777251185,0.21206001831544838,0.13601386128522652,0.5605728214503352,0.27366628830874007,0,train
0.6457345971563981,0.664695446481372,0.18125631900884445,0.1812555479813407,0.0007140377195338447,0.004116014166746435,0.0009916808991240153,0.001090140731336387,0.5369458128078818,0.41395348837209306,0.23104056437389797,0,1,0.0,0.33892684887459806,0.5568386481618816,0.1468185943329636,0.04379327000483013,0.864752435064935,0.23553072625698324,0.0,0.35724087082966394,0.4891374407582939,0.18273181956935214,0.06344595627579885,0.5519804996953077,0.30556186152099885,0,train
0.4709715639810427,0.4713187463039622,0.007067933507299445,0.0070680790873831134,0.000347192652617374,0.0007657700775342204,0.0007162139827006776,0.0009757432471838032,1.0,0.8511627906976744,0.2821869488536155,0,1,0.0,0.8476688102893891,0.4648797542112512,0.49581526671372395,0.005635163419739172,0.695616883116883,1.0,1.0,0.29479591209781475,0.20629383886255923,0.26911968441073564,0.7494266931661826,1.0,0.09648127128263334,0,train
0.5343601895734598,0.550561797752809,0.0019484896453366724,0.0019532825572646023,0.007264842485899392,0.005743275581506653,0.004021816979780728,0.008289935333500587,0.24630541871921183,0.33023255813953495,0.7054673721340388,0,1,0.0,0.8534967845659165,0.5852314863862698,0.46132903095694267,0.031234905812268548,0.541801948051948,0.9849162011173185,1.0,0.5621275114178631,0.4665402843601897,0.4375278840960856,0.7669061815216838,0.412187690432663,1.0,0,test
0.6107819905213271,0.622708456534595,0.004822712366461981,0.0048250631555856426,0.004343183560100358,0.003733129127979324,0.002258828714671368,0.0054136064333142045,0.1724137931034483,0.36744186046511623,0.7054673721340388,0,1,0.0,0.7028737942122187,0.4381820108062295,0.6399112634869416,0.02431170503944614,0.6535105519480519,1.0,1.0,0.5164765396194728,0.4285876777251185,0.3811726583229624,0.6766039851195026,0.45033516148689823,0.9955732122587968,0,val
0.6356635071090048,0.6439976345357777,0.007068641134077269,0.007071066839956315,0.0033409104308464296,0.00507322676366421,0.0026444823976640407,0.005892937068270279,0.625615763546798,0.4837209302325582,0.7054673721340388,0,1,0.0,0.6583601286173634,0.45873503549104777,0.48411818090148234,0.01835453228143616,0.37276785714285704,0.8632402234636871,1.0,0.49323120404694126,0.3871848341232228,0.3835677554183201,0.7553381236304337,0.6368068251066423,0.9796821793416572,0,train
0.44609004739336494,0.4819633353045536,0.010573831065428823,0.01058081123772368,0.014680353481425193,0.022877381066334836,0.010688116357225497,0.025608817199031953,0.6009852216748769,0.48837209302325585,0.7054673721340388,0,1,0.0,0.9300643086816721,0.7082318042165484,0.6605828375516789,0.06391885364675574,0.2674512987012987,0.461340782122905,1.0,0.6246134310934524,0.5782369668246446,0.4706365792377956,0.6661570605921623,0.6299207800121877,1.0,0,test
0.47571090047393366,0.4849201655824956,0.007923768782478595,0.007924148824673176,0.001172594053179433,0.0023930314922944386,0.0010467742824086827,0.0014763832174232027,0.41379310344827586,0.3348837209302326,0.22398589065255736,0,1,0.0,0.7851688102893891,0.5466680792456828,0.770797620248059,0.02366768636290452,0.8120941558441557,0.8324022346368714,0.0,0.4007413930816966,0.39484360189573464,0.2889379388076173,0.37879019517912654,0.45600243753808656,0.5656072644721907,0,train
0.6646919431279621,0.6706091070372562,0.2078903687985653,0.20789026142048767,0.0009302142768239078,0.0017229826744519958,0.0008264007492700126,0.0012008284931521976,0.41379310344827586,0.36744186046511623,0.7389770723104059,1,0,0.15384615384615385,0.6189710610932476,0.4611717342938871,0.8814157507310678,0.014168410883915631,0.8478084415584415,0.9301675977653632,0.0,0.3804042845147152,0.3524170616113744,0.27616408763237604,0.43464302094480967,0.4677635588056064,0.3438138479001135,0,train
0.6931279620853081,0.6960378474275577,0.004273122235685476,0.00427327243035588,0.0008122997910293279,0.0009572125969177757,0.0007162139827006776,0.0012489686109177646,0.5073891625615764,0.4186046511627907,0.22222222222222232,0,1,0.5576923076923077,0.2540192926045016,0.2648585655260091,0.8559040032267823,0.011914345516019963,0.9999999999999999,1.0,1.0,0.36852561083007357,0.29505213270142183,0.26911968441073564,0.5674463639606584,0.5557586837294333,0.19421112372304203,0,val
0.6481042654028436,0.6522767593140154,0.005378749763436437,0.005379134007779164,0.0012774069294412818,0.0011486551163013307,0.0008814941325546802,0.001884884037530657,0.43842364532019706,0.441860465116279,0.22222222222222232,0,1,0.5576923076923077,0.3639469453376206,0.18254052336052548,0.8220227891499445,0.014329415553051034,0.9999999999999999,1.0,1.0,0.40827820672988313,0.3204170616113744,0.2889379388076173,0.5845691280640065,0.5333942717854967,0.31271282633371167,0,train
0.36137440758293843,0.36664695446481377,0.04106829942896878,0.04106846749521763,0.0011136368102821431,0.0012443763759931081,0.0008264007492700126,0.0017036252787036746,0.4975369458128079,0.4186046511627907,0.2821869488536155,0,1,0.0,0.8838424437299036,0.24960271215171098,1.0,0.014973434229592655,0.9999999999999999,0.9301675977653632,0.5,0.3961947283265407,0.3317914691943128,0.27616408763237604,0.4946236559139785,0.5528336380255942,0.2894438138479001,0,train
0.3921800947867299,0.3932584269662922,0.060912670285470004,0.06091241246081523,0.00041925150504739506,0.0007657700775342204,0.0004958404495620075,0.0005979554771203307,0.43842364532019706,0.39999999999999997,0.8112874779541448,1,0,0.15384615384615385,0.7885852090032155,0.18540099586820638,0.7983261066854896,0.005152149412332957,0.797077922077922,1.0,1.0,0.3109959653470416,0.22828436018957346,0.23481344072134688,0.5965448708148602,0.5173065204143815,0.07514188422247448,0,train
0.9182464454976303,0.9201655824955649,0.06541160408847882,0.06541126021044787,0.00043235311458012616,0.001052933856609553,0.00044074706627734013,0.0005147024060741441,0.39408866995073893,0.30697674418604654,0.8112874779541448,1,0,0.15384615384615385,0.15012057877813506,0.3317088674647738,0.81667843097711,0.008050233456770244,0.8438514610389609,1.0,0.0,0.313658426690151,0.2807203791469195,0.2240589851363092,0.40197727156907714,0.43455210237659964,0.09772985244040863,0,test
0.6178909952606636,0.6197516262566529,0.0845636014554782,0.08456314733001064,0.00040614989551466396,0.0009572125969177757,0.0003856536829926726,0.0006078768275558866,0.47783251231527096,0.441860465116279,0.8112874779541448,1,0,0.15384615384615385,0.7552250803858522,0.2118868524208073,0.7983261066854896,0.007084205441957815,0.830864448051948,1.0,0.0,0.30827206258832207,0.2650236966824645,0.21206001831544838,0.39270244101309687,0.5420475319926874,0.07514188422247448,0,train
0.6327014218009479,0.6339444115907747,0.014318041597289758,0.014317782081189818,0.00037994667644920176,0.0009572125969177757,0.0005509338328466751,0.0005594778919528704,0.4876847290640394,0.4186046511627907,0.8112874779541448,1,0,0.11538461538461542,0.7266881028938906,0.27471130416357664,1.0,0.006118177427145387,0.7463474025974025,0.7968715083798883,0.5,0.30251704999283185,0.24765876777251186,0.2240589851363092,0.4946236559139785,0.5337599024984765,0.07627695800227016,0,test
0.6398104265402844,0.6404494382022473,0.16749227055339322,0.16749175812727668,0.0003013370192528152,0.0005743275581506654,0.00044074706627734013,0.00044585686131263434,0.4827586206896552,0.441860465116279,0.8112874779541448,1,0,0.11538461538461542,0.7135249196141479,0.3531094395592753,0.8879701522637895,0.005152149412332957,0.9999999999999999,1.0,1.0,0.2826714727507322,0.22828436018957346,0.2240589851363092,0.5512408907914182,0.5366849482023157,0.06617480136208856,0,train
0.46978672985781994,0.4707273802483738,0.19864129368642022,0.19864049395412542,0.00018997333822460088,0.0006700488178424428,0.0002754669164233376,0.0002783154478704641,0.4876847290640394,0.39069767441860465,0.8112874779541448,1,0,0.11538461538461542,0.9446342443729905,0.37525161563724974,0.747907633356862,0.005152149412332957,0.8872767857142856,1.0,0.0,0.2437995371413358,0.22828436018957346,0.18273181956935214,0.36722213728787645,0.5331505179768434,0.04097616345062427,0,train
0.6084123222748815,0.6096984033116499,0.22243658071910447,0.2224360561980534,0.0004389039193464917,0.000861491337225998,0.0004958404495620075,0.0006208177194283508,0.4285714285714286,0.4186046511627907,0.8112874779541448,1,0,0.11538461538461542,0.7755225080385852,0.24716601334887173,0.8991630533427448,0.006118177427145387,0.8155438311688311,1.0,1.0,0.31496917688983556,0.24765876777251186,0.23481344072134688,0.5455842633644193,0.5131017672151127,0.08671963677639044,0,val
0.6688388625592417,0.6712004730928446,0.025825625508655886,0.025825504242215528,0.0005568184051410716,0.0015315401550684408,0.0005509338328466751,0.000777316238472685,0.39901477832512317,0.4186046511627907,0.8112874779541448,1,0,0.23076923076923078,0.6516278135048231,0.2977010276512343,1.0,0.008050233456770244,0.6054180194805194,1.0,0.5,0.3355725315911279,0.2807203791469195,0.24453471716721067,0.4946236559139785,0.5060329067641682,0.12599318955732122,0,test
0.6214454976303319,0.6232998225901834,0.05954828723262814,0.05954811028580998,0.00044545472411285726,0.0009572125969177757,0.0005509338328466751,0.000606410193143674,0.4039408866995074,0.4093023255813954,0.8112874779541448,1,0,0.23076923076923078,0.7480908360128619,0.38521029770102766,0.908339215488555,0.007084205441957815,0.830864448051948,1.0,1.0,0.31623896614578,0.2650236966824645,0.24453471716721067,0.5409468480864292,0.49439366240097504,0.111577752553916,0,train
0.17713270142180096,0.1785925487876996,0.06658870192078999,0.06658867059949256,0.0005437167956083405,0.0009572125969177757,0.0006611205994160101,0.0009181131420450958,0.5665024630541872,0.47906976744186053,0.8112874779541448,1,0,0.23076923076923078,0.356209807073955,0.19355863968640746,0.6121811031561963,0.005152149412332957,0.661830357142857,1.0,1.0,0.3335040039322506,0.22828436018957346,0.2615586916195083,0.6906181521683739,0.6093845216331505,0.10385925085130532,0,test
0.09419431279620853,0.09639266706091071,0.07447190010134001,0.0744714626385472,0.00034064184785100846,0.0006700488178424428,0.0003856536829926726,0.000577336322736871,0.5714285714285714,0.4930232558139535,0.8112874779541448,1,0,0.23076923076923078,0.18940916398713828,0.2648585655260091,0.8879701522637895,0.006118177427145387,0.9999999999999999,1.0,0.0,0.293157474348209,0.24765876777251186,0.21206001831544838,0.43800642103653875,0.6113345521023766,0.06617480136208856,0,test
0.5361374407582938,0.5387344766410409,0.08176281466885149,0.08176220791770157,0.00025548138588825636,0.0009572125969177757,0.0003305602997080051,0.00033749846003386716,0.43349753694581283,0.372093023255814,0.8112874779541448,1,0,0.23076923076923078,0.9184083601286175,0.40131369848500903,0.5415952404961177,0.008050233456770244,0.9154829545454544,0.8403351955307261,0.0,0.268662829991603,0.2807203791469195,0.18273181956935214,0.26300769505172505,0.4826325411334552,0.059591373439273565,0,train
0.950829383886256,0.9526907155529274,0.0872356787937385,0.08723514163126574,0.0003602942621501051,0.000861491337225998,0.0003305602997080051,0.0004498254014868567,0.4039408866995074,0.33023255813953495,0.8112874779541448,1,0,0.23076923076923078,0.08460610932475884,0.27513507786841823,0.63335686195422,0.008050233456770244,0.9999999999999999,1.0,0.0,0.2979703852376759,0.2807203791469195,0.19844083875361024,0.30933088722417573,0.45569774527726997,0.07173666288308739,0,train
0.20438388625592419,0.20756948551153165,0.0641251386063951,0.06412574035329388,0.001100535200749412,0.0018187039341437735,0.0011018676656933504,0.0015747339956539309,0.4039408866995074,0.4186046511627907,0.22222222222222232,1,0,0.038461538461538464,0.512459807073955,0.27979658862167606,0.5198144600181507,0.010626308162936724,0.5168425324675324,1.0,1.0,0.39515022426116697,0.2807203791469195,0.3104703313217649,0.7372980685929776,0.5174893357708714,0.3001135073779796,0,train
0.6949052132701422,0.6995860437610882,0.08378890738415617,0.08378986978902536,0.0016770060201895802,0.0017229826744519958,0.0013773345821166878,0.002284412505939869,0.3793103448275862,0.3953488372093023,0.22222222222222232,1,0,0.038461538461538464,0.24507636655948556,0.3586184977222164,0.5733588786931532,0.01545644823699887,0.7463474025974025,1.0,1.0,0.43226083928973724,0.3317914691943128,0.33226101862070584,0.7102379860367936,0.4925655088360756,0.5938706015891033,0,train
0.4614928909952607,0.46777054997043177,0.09367869923102197,0.09367893768098508,0.0012839577342076474,0.0018187039341437735,0.0009365875158393477,0.0015595500158569063,0.2660098522167488,0.37674418604651166,0.22222222222222232,0,1,0.038461538461538464,0.827371382636656,0.3336158491365611,1.0,0.017871518274029944,0.8067167207792206,0.9378770949720672,0.5,0.4087287771110247,0.3524170616113744,0.2889379388076173,0.4946236559139785,0.4399756246191347,0.40737797956867194,0,train
0.6095971563981043,0.6132465996451805,0.04974215259594063,0.049742306340561336,0.000825401400562059,0.0015315401550684408,0.000771307365985345,0.0015142568943032815,0.6502463054187192,0.5255813953488373,0.24162257495590822,1,0,0.11538461538461542,0.4743770096463023,0.36402161245894693,0.8655843501058789,0.012880373530832392,0.7181412337662336,1.0,1.0,0.3699182829172385,0.3082085308056872,0.27616408763237604,0.5625541456454161,0.6614259597806216,0.23779795686719638,0,train
0.5859004739336493,0.5884092253104672,0.062448141768150174,0.062447802783170143,0.00043235311458012616,0.001052933856609553,0.0004958404495620075,0.0006217667181656649,0.4482758620689655,0.4093023255813954,0.24162257495590822,1,0,0.11538461538461542,0.536274115755627,0.3317088674647738,0.81667843097711,0.010626308162936724,0.8438514610389609,0.8882681564245811,0.0,0.313658426690151,0.2807203791469195,0.2240589851363092,0.40197727156907714,0.5213893967093236,0.09772985244040863,0,test
0.6931279620853081,0.6972205795387345,0.08115409838952793,0.08115420026905498,0.0007271393290665758,0.0023930314922944386,0.0009365875158393477,0.0012709681271009538,0.6157635467980296,0.48837209302325585,0.23809523809523814,1,0,0.11538461538461542,0.2626607717041801,0.48935268566585444,0.9327417565796108,0.014168410883915631,0.5114650974025973,0.8137430167597766,1.0,0.3588383476355296,0.3204170616113744,0.27616408763237604,0.5286143810834225,0.6305301645338208,0.26322360953461976,0,train
0.44668246445497634,0.45239503252513313,0.08334176588576905,0.08334241452865451,0.0013756690009367651,0.0017229826744519958,0.0011569610489780178,0.0017928311600111948,0.3793103448275862,0.37674418604651166,0.23809523809523814,1,0,0.11538461538461542,0.8734927652733119,0.4213370060387753,0.7250176464656649,0.0164224762518113,0.797077922077922,1.0,1.0,0.4147909967845659,0.3424075829383887,0.31521356282433605,0.6335932324313306,0.4716026812918952,0.5257661748013621,0,test
0.27073459715639814,0.2720283855706683,0.08497685549372731,0.08497655793606053,0.00037994667644920176,0.0006700488178424428,0.0004958404495620075,0.0005607719811401168,0.45320197044334976,0.45116279069767445,0.24162257495590822,1,0,0.11538461538461542,0.6733319935691319,0.2648585655260091,0.7983261066854896,0.007084205441957815,0.8872767857142856,1.0,1.0,0.30251704999283185,0.22828436018957346,0.23481344072134688,0.5965448708148602,0.5349177330895796,0.07514188422247448,0,test
0.4502369668246446,0.45357776463630994,0.08972369454456706,0.08972346777433662,0.0006354280623374582,0.0015315401550684408,0.0005509338328466751,0.0007848219557587141,0.30049261083743845,0.3813953488372093,0.23809523809523814,1,0,0.11538461538461542,0.8705787781350482,0.2648585655260091,0.9160028234345063,0.01175334084688456,0.661830357142857,1.0,0.0,0.3470620763102382,0.29505213270142183,0.24453471716721067,0.4521734699077613,0.44881170018281535,0.14097616345062428,0,train
0.3033175355450237,0.30691898285038444,0.09862469590722037,0.09862445444031138,0.00047165794317831946,0.0012443763759931081,0.0005509338328466751,0.0006938043495890491,0.458128078817734,0.441860465116279,0.24162257495590822,1,0,0.11538461538461542,0.7543207395498394,0.46551541476851366,0.9160028234345063,0.01175334084688456,0.797077922077922,1.0,0.0,0.3211747598664673,0.29505213270142183,0.24453471716721067,0.4521734699077613,0.5327848872638635,0.14097616345062428,0,train
0.6327014218009479,0.6374926079243052,0.12048281532301314,0.12048293089092424,0.0006485296718701893,0.0023930314922944386,0.0008814941325546802,0.00117468789156982,0.6305418719211823,0.5209302325581395,0.24514991181657875,1,0,0.11538461538461542,0.41639871382636656,0.613624324610658,0.9369769083392154,0.015295443567863463,0.5491071428571428,0.9343016759776537,1.0,0.3488438773629345,0.3317914691943128,0.28273886397257375,0.526474035570504,0.6529555149299208,0.3163450624290579,0,train
0.4004739336492891,0.40449438202247195,0.15469224564493064,0.15469340547969548,0.0014018722200022271,0.0023930314922944386,0.0015977081152553578,0.0019124912735252475,0.458128078817734,0.3813953488372093,0.24162257495590822,1,0,0.11538461538461542,0.9944734726688104,0.4727195677508211,0.4285570232933347,0.012880373530832392,0.4739245129870129,1.0,1.0,0.4164703954779118,0.3082085308056872,0.3468429332895015,0.7834174183356266,0.49341864716636197,0.5938706015891033,0,train
0.20023696682464456,0.20283855706682438,0.15924322932870827,0.15924273052280166,0.0003602942621501051,0.000861491337225998,0.00044074706627734013,0.0005077143244630135,0.43842364532019706,0.4186046511627907,0.24162257495590822,1,0,0.11538461538461542,0.4979903536977492,0.3884945439135502,0.8991630533427448,0.009338270809853486,0.9077719155844155,1.0,0.0,0.2979703852376759,0.2650236966824645,0.2240589851363092,0.44366304846353766,0.5117611212675198,0.08671963677639044,0,val
0.4804502369668247,0.4837374334713188,0.24294470549320443,0.24294422573571442,0.000550267600374706,0.0012443763759931081,0.0005509338328466751,0.0007723986995611485,0.4482758620689655,0.40465116279069774,0.2275132275132279,1,0,0.11538461538461542,0.7898914790996785,0.3692128403432567,0.9160028234345063,0.01175334084688456,0.797077922077922,1.0,0.0,0.3345485079976243,0.29505213270142183,0.24453471716721067,0.4521734699077613,0.5087751371115173,0.14097616345062428,0,train
0.3880331753554503,0.394441159077469,0.33070811661280447,0.3307079636972337,0.001362567391404034,0.0015315401550684408,0.0008814941325546802,0.0017416715008087196,0.23645320197044334,0.41395348837209306,0.746031746031746,1,0,0.11153846153846153,0.7977290996784567,0.2896493272592435,1.0,0.014168410883915631,0.9435876623376622,1.0,0.5,0.413951297437893,0.3524170616113744,0.2889379388076173,0.4946236559139785,0.46264472882388785,0.40737797956867194,0,train
0.681872037914692,0.684801892371378,0.47454772624184366,0.47454694270355435,0.0007074869147674791,0.0011486551163013307,0.0006060272161313426,0.000985578325006876,0.35960591133004927,0.4465116279069768,0.742504409171076,1,0,0.11153846153846153,0.5914389067524116,0.250132429282763,1.0,0.009338270809853486,0.8550121753246752,1.0,0.5,0.3564421324267311,0.29505213270142183,0.25341066522647754,0.4946236559139785,0.5045703839122486,0.15811577752553915,0,test
0.686611374407583,0.6883500887049084,0.0231708457138535,0.023170492955587058,0.00041925150504739506,0.0009572125969177757,0.0003856536829926726,0.0005964888427081181,0.4285714285714286,0.4558139534883721,0.8165784832451499,1,0,0.42307692307692313,0.6195739549839229,0.18540099586820638,0.7983261066854896,0.007084205441957815,0.830864448051948,1.0,0.0,0.3109959653470416,0.2650236966824645,0.21206001831544838,0.39270244101309687,0.5160877513711152,0.07514188422247448,0,train
0.1943127962085308,0.19515079834417506,0.024811989462022024,0.024811555368952062,0.00020307494775733198,0.0005743275581506654,0.0003305602997080051,0.00030678540998988537,0.5024630541871922,0.45116279069767445,0.8130511463844798,1,0,0.42307692307692313,0.3904742765273312,0.3459052865769679,1.0,0.004186121397520528,0.8731737012987012,1.0,0.5,0.24934974501812524,0.20629383886255923,0.19844083875361024,0.4946236559139785,0.5483851310176722,0.04199772985244041,0,val
0.20438388625592419,0.20697811945594324,0.02687755202648977,0.026877507648253463,0.0005895724289728993,0.0013400976356848858,0.0006060272161313426,0.000815621278415179,0.3497536945812808,0.441860465116279,0.8130511463844798,1,0,0.42307692307692313,0.4107717041800643,0.24716601334887173,0.8319048099223556,0.007084205441957815,0.6195211038961038,1.0,1.0,0.34054928625555536,0.2650236966824645,0.25341066522647754,0.5795749885338634,0.5014625228519196,0.12463110102156641,0,train
0.6113744075829385,0.6156120638675341,0.031296681253999564,0.03129670820428994,0.0007140377195338447,0.002105867713219106,0.0008814941325546802,0.0012463804325432719,0.5812807881773399,0.4930232558139535,0.8165784832451499,1,0,0.42307692307692313,0.7657757234726689,0.4132853056467846,0.9280024200867197,0.010948317501207533,0.5772118506493507,0.7370949720670392,0.0,0.35724087082966394,0.3204170616113744,0.2615586916195083,0.45823778219436373,0.6296770262035344,0.2164585698070374,0,val
0.6605450236966826,0.6652868125369604,0.06371502957604742,0.06371508162461405,0.0009040110577584456,0.0018187039341437735,0.0007162139827006776,0.001172099713195327,0.2857142857142857,0.4558139534883721,0.8165784832451499,1,0,0.42307692307692313,0.6658963022508039,0.3531094395592753,0.9327417565796108,0.011914345516019963,0.7101258116883117,1.0,0.0,0.37788518647469643,0.3317914691943128,0.26911968441073564,0.4606329307445345,0.46983546617915906,0.26322360953461976,0,train
0.6338862559241707,0.6351271437019516,0.06736654100001344,0.06736635114426992,0.00047165794317831946,0.001052933856609553,0.0005509338328466751,0.0006549816739716564,0.3842364532019705,0.441860465116279,0.7495590828924161,1,0,0.23076923076923078,0.6970458199356914,0.2675071511812692,0.81667843097711,0.006440186765416195,0.6878043831168831,1.0,1.0,0.3211747598664673,0.24765876777251186,0.24453471716721067,0.5872700402588799,0.5038391224862888,0.09772985244040863,0,train
0.2968009478672986,0.30810171496156125,0.15563936477444906,0.1556401299200619,0.00310508145925727,0.0034459653489039917,0.0013222411988320203,0.003944211297502132,0.19704433497536947,0.4837209302325582,0.7742504409171076,1,0,0.23076923076923078,0.6043006430868169,0.2525691280856023,1.0,0.02173563033327966,0.6529017857142857,1.0,0.5,0.4867388944641285,0.4158862559241706,0.3282457087843708,0.4946236559139785,0.4591102985984156,0.8817253121452895,0,test
0.6670616113744077,0.667652276759314,0.20676359109267717,0.2067630924497134,0.0003733958716828362,0.000861491337225998,0.0004958404495620075,0.0005768186870619724,0.5024630541871922,0.4558139534883721,0.7566137566137567,1,0,0.23076923076923078,0.6334405144694534,0.2781014938023096,0.7983261066854896,0.005313154081468361,0.7233157467532466,1.0,1.0,0.3010219755463166,0.22828436018957346,0.23481344072134688,0.5965448708148602,0.558988421694089,0.07514188422247448,0,train
0.17772511848341233,0.18154937906564164,0.20906573687653066,0.2090654703076363,0.0007991981814965968,0.0009572125969177757,0.0007162139827006776,0.001130257496141026,0.4187192118226601,0.4093023255813954,0.7566137566137567,1,0,0.23076923076923078,0.3640474276527332,0.21728996715753787,0.9224563880205707,0.00917726614071808,0.9999999999999999,0.9202234636871509,1.0,0.3670919777991685,0.29505213270142183,0.2615586916195083,0.5338123630433674,0.5119439366240097,0.17582292849035183,0,train
0.2571090047393365,0.2607924305144885,0.2108919643396989,0.21089169475547212,0.0007664441576647691,0.0013400976356848858,0.0006611205994160101,0.0011092932513076341,0.39901477832512317,0.441860465116279,0.7601410934744268,1,0,0.23076923076923078,0.5260249196141479,0.25129780697107745,0.9224563880205707,0.00917726614071808,0.7463474025974025,1.0,1.0,0.36344645380629576,0.29505213270142183,0.2615586916195083,0.5338123630433674,0.5237659963436929,0.17582292849035183,0,train
0.45971563981042657,0.4807806031933768,0.03469187453399828,0.03469472638083309,0.007991981814965968,0.007179094476883316,0.002919949314087378,0.009661669871981795,0.17733990147783252,0.36744186046511623,0.7530864197530867,1,0,0.15384615384615385,0.9428255627009647,0.4303421972666596,0.8559040032267823,0.03848011592336177,0.5387581168831168,0.8965363128491619,1.0,0.5706064267720727,0.5013459715639811,0.3968816775072205,0.5674463639606584,0.43662400975015236,1.0,0,train
0.37914691943127965,0.381431105854524,0.0489750851687796,0.04897468980445159,0.00040614989551466396,0.0009572125969177757,0.0003856536829926726,0.0005993358389200601,0.4482758620689655,0.45116279069767445,0.7566137566137567,1,0,0.15384615384615385,0.7766278135048232,0.2118868524208073,0.7983261066854896,0.007245210111093221,0.830864448051948,1.0,0.0,0.30827206258832207,0.2650236966824645,0.21206001831544838,0.39270244101309687,0.5346739792809263,0.07514188422247448,0,train
0.911137440758294,0.9130691898285039,0.06153428109718947,0.06153417949631209,0.0006419788671038237,0.001052933856609553,0.0006060272161313426,0.0007943982157443377,0.3793103448275862,0.33953488372093027,0.7495590828924161,1,0,0.15384615384615385,0.12530144694533762,0.25680686513401846,0.9160028234345063,0.008372242795041056,0.8438514610389609,1.0,1.0,0.34796321707252137,0.2807203791469195,0.25341066522647754,0.5370738419201957,0.4496039000609385,0.14097616345062428,0,train
0.8915876777251186,0.8971023063276169,0.06870340523371772,0.0687034490458455,0.0010022731292539289,0.0016272614147602184,0.0007162139827006776,0.0012491411561427307,0.3497536945812808,0.3581395348837209,0.7530864197530867,1,0,0.15384615384615385,0.16036977491961416,0.36942472719567754,0.8220227891499445,0.014168410883915631,0.8931615259740259,1.0,0.0,0.3869375550412682,0.3524170616113744,0.26911968441073564,0.4046781837639505,0.45173674588665447,0.31271282633371167,0,val
0.9046208530805688,0.9225310467179185,0.41864277341263784,0.4186458561837436,0.008398131710480632,0.0063176031396573185,0.003305602997080051,0.0100398027324952,0.20689655172413793,0.372093023255814,0.742504409171076,1,0,0.15384615384615385,0.10118569131832798,0.46276088568704316,0.630230916607845,0.03477700853324746,0.552353896103896,0.9816759776536312,1.0,0.5750097282241382,0.48485308056872045,0.4175217789466269,0.6814962034347449,0.43174893357708716,1.0,0,train
0.6842417061611374,0.6865759905381432,0.03696673737430681,0.03696659771248228,0.0005240643813092438,0.001052933856609553,0.0005509338328466751,0.0007328858430438911,0.3793103448275862,0.4465116279069768,0.8271604938271606,1,0,0.23076923076923078,0.6280144694533762,0.3414556626761309,1.0,0.008050233456770244,0.8438514610389609,1.0,0.5,0.3303090503205194,0.2807203791469195,0.24453471716721067,0.4946236559139785,0.5070688604509446,0.12599318955732122,0,test
0.10130331753554503,0.10467179183914843,0.1413151904117515,0.14131472120730365,0.0004389039193464917,0.0009572125969177757,0.00044074706627734013,0.0006867299953654353,0.4876847290640394,0.4930232558139535,0.8130511463844798,1,0,0.23076923076923078,0.20357717041800644,0.32100858141752303,0.81667843097711,0.008050233456770244,0.9154829545454544,1.0,0.0,0.31496917688983556,0.2807203791469195,0.2240589851363092,0.40197727156907714,0.5658135283363802,0.09772985244040863,0,train
0.08530805687203792,0.08693081017149616,0.009527801437410137,0.009527707080737724,0.00043235311458012616,0.0007657700775342204,0.0005509338328466751,0.0007191684976590789,0.4975369458128079,0.48837209302325585,0.689594356261023,1,0,0.11538461538461542,0.17885852090032153,0.24080940777624749,0.7250176464656649,0.005474158750603766,0.797077922077922,1.0,1.0,0.313658426690151,0.22828436018957346,0.24453471716721067,0.6335932324313306,0.6004265691651433,0.08444948921679907,0,train
0.6729857819905214,0.6771141336487286,0.3204904576922136,0.3204904002723572,0.0012381021008430885,0.0014358188953766634,0.0009365875158393477,0.0019282791616096538,0.4975369458128079,0.4558139534883721,0.7742504409171076,0,1,0.0,0.622387459807074,0.2564890348553872,0.7759403045275789,0.011109322170342936,0.8209212662337662,1.0,1.0,0.4055133430274234,0.3204170616113744,0.2947613121375068,0.607858125668858,0.5627056672760512,0.3382519863791146,0,test
0.8915876777251186,0.8988764044943821,0.34332235017948953,0.3433232771871724,0.0029740653639299588,0.0028716377907533263,0.0016528014985400254,0.00427894903393654,0.45320197044334976,0.40465116279069774,0.7777777777777777,0,1,0.0,0.17232717041800646,0.28022036232651765,0.6422305132600584,0.016905490259217514,0.6195211038961038,1.0,1.0,0.482929526696295,0.37914691943127965,0.3502007654918168,0.6754318911481425,0.5197440585009141,0.8782065834279229,0,train
0.806872037914692,0.8083973979893555,0.348863932727023,0.3488635925837691,0.0007336901338329413,0.0011486551163013307,0.000771307365985345,0.0010834114675627056,0.5024630541871922,0.40465116279069774,0.7742504409171076,0,1,0.0,0.35460209003215437,0.25426422290496875,0.6639104567913683,0.007245210111093221,0.7101258116883117,1.0,1.0,0.3596166055665923,0.2650236966824645,0.27616408763237604,0.6644753605462977,0.5341864716636198,0.16685584562996594,0,train
0.4674170616113744,0.4683619160260202,0.0037884765180736914,0.0037882343876168663,0.000347192652617374,0.0007657700775342204,0.00044074706627734013,0.0005147024060741441,0.49261083743842365,0.441860465116279,0.23809523809523814,0,1,0.5192307692307693,0.833701768488746,0.250132429282763,0.8879701522637895,0.007084205441957815,0.797077922077922,1.0,1.0,0.29479591209781475,0.22828436018957346,0.2240589851363092,0.5512408907914182,0.5374162096282754,0.06617480136208856,0,test
0.681872037914692,0.6842105263157896,0.0675845686727807,0.06758437845704594,0.0005437167956083405,0.0011486551163013307,0.0005509338328466751,0.0008593614929441082,0.5467980295566502,0.45116279069767445,0.2980599647266313,0,1,0.3076923076923077,0.33681672025723475,0.31518169297595083,1.0,0.010304298824665915,0.7825689935064933,1.0,0.5,0.3335040039322506,0.2807203791469195,0.24453471716721067,0.4946236559139785,0.5712370505789153,0.12599318955732122,0,train
0.3548578199052133,0.35659373151981083,0.18680796558166252,0.18680742126289157,0.00034064184785100846,0.0009572125969177757,0.00044074706627734013,0.0005046947830261051,0.4975369458128079,0.41395348837209306,0.23456790123456805,0,1,0.0,0.8851487138263666,0.3531094395592753,1.0,0.00821123812590565,0.7463474025974025,1.0,0.5,0.293157474348209,0.24765876777251186,0.2240589851363092,0.4946236559139785,0.5371115173674589,0.07627695800227016,0,train
0.6623222748815166,0.6652868125369604,0.20968483168192897,0.20968456409083083,0.0007598933528984035,0.0013400976356848858,0.0006611205994160101,0.001196601135140526,0.5073891625615764,1.0046511627906975,0.23104056437389797,0,1,0.0,0.33741961414791,0.2580781862485433,0.9224563880205707,0.01175334084688456,0.7463474025974025,1.0,1.0,0.362688676347103,0.29505213270142183,0.2615586916195083,0.5338123630433674,0.5689823278488726,0.17582292849035183,0,test
0.13033175355450238,0.13246599645180368,0.24277117968224254,0.24277062158619783,0.00034064184785100846,0.0007657700775342204,0.0004958404495620075,0.0005039183295137572,0.5123152709359606,0.40465116279069774,0.8201058201058204,0,1,0.11538461538461542,0.2612540192926045,0.4237737048416146,0.8991630533427448,0.006118177427145387,0.8985389610389609,1.0,1.0,0.293157474348209,0.24765876777251186,0.23481344072134688,0.5455842633644193,0.5363193174893358,0.08671963677639044,0,train
0.49940758293838866,0.5008870490833827,0.0,0.0,0.0006288772575710926,0.0011486551163013307,0.0006060272161313426,0.0007562657210268098,0.4039408866995074,0.3023255813953489,0.2275132275132279,0,1,0.0,0.7469855305466238,0.09810361267083378,0.747907633356862,0.00821123812590565,0.6376826298701298,1.0,1.0,0.3461609355479551,0.24765876777251186,0.25341066522647754,0.6220251745400805,0.4372943327239488,0.10896708286038592,0,train
0.7221563981042655,0.7250147841513898,0.054596786792602214,0.05459740427201443,0.001185695662712164,0.0016272614147602184,0.0011018676656933504,0.0016738612273970068,0.4482758620689655,0.41395348837209306,0.23104056437389797,0,1,0.0,0.18790192926045018,0.2900731009640852,0.5678128466270042,0.01175334084688456,0.6262175324675324,1.0,1.0,0.40170397525959,0.29505213270142183,0.3104703313217649,0.7130408194465678,0.5106032906764169,0.3382519863791146,0,train
0.4632701421800948,0.472501478415139,0.062284208231287656,0.06228583514367552,0.003760161935893825,0.0030630803101368816,0.001818081648394028,0.005270566441817233,0.41379310344827586,0.4465116279069768,0.23809523809523814,0,1,0.0,0.8233520900321544,0.243563936857718,0.6441464152465464,0.023506681693769113,0.6419439935064934,1.0,1.0,0.5036967251725479,0.39484360189573464,0.35961678446474277,0.6744636396065842,0.5063375990249848,0.9447219069239501,0,train
0.691350710900474,0.7019515079834419,0.02259318638755665,0.02259424983429767,0.0029413113400981314,0.002967359050445104,0.0014324279654013552,0.003676248563129639,0.12315270935960591,0.441860465116279,0.22398589065255736,0,1,0.0,0.24045418006430871,0.3242928276300455,0.9611777755369567,0.02737079375301883,0.7540584415584415,0.958659217877095,1.0,0.4819464640465317,0.4158862559241706,0.33226101862070584,0.5142434897823982,0.45179768433881784,0.8982973893303066,0,train
0.3803317535545024,0.3861620342992313,0.007040100187371708,0.007040481688614854,0.0012577545151421852,0.0014358188953766634,0.0008814941325546802,0.0017909331625365666,0.3793103448275862,0.45116279069767445,0.8236331569664905,1,0,0.15384615384615385,0.7616559485530547,0.30384574637143763,0.940707875365534,0.012719368861696986,0.9403409090909091,1.0,1.0,0.40690601511458824,0.3424075829383887,0.2889379388076173,0.5245884930948377,0.5148689823278488,0.37548240635641317,0,test
0.6652843601895735,0.6670609107037256,0.006915086123289498,0.006914917455472658,0.0004651071384119539,0.000861491337225998,0.0004958404495620075,0.0005593916193403873,0.3448275862068966,0.3348837209302326,0.8236331569664905,0,1,0.07692307692307693,0.6654943729903537,0.28604725076808984,1.0,0.007084205441957815,0.9077719155844155,1.0,0.5,0.3199664120261331,0.2650236966824645,0.23481344072134688,0.4946236559139785,0.43851310176721514,0.09886492622020432,0,train
0.16528436018957346,0.16853932584269662,0.00883071043605613,0.008830538605301374,0.000550267600374706,0.0012443763759931081,0.0004958404495620075,0.0006674912027817051,0.35960591133004927,0.3348837209302326,0.8236331569664905,0,1,0.07692307692307693,0.33098874598070743,0.23116855599110075,0.908339215488555,0.008050233456770244,0.729403409090909,1.0,0.0,0.3345485079976243,0.2807203791469195,0.23481344072134688,0.4483004637415278,0.44149908592321757,0.111577752553916,0,train
0.7120853080568721,0.7161442933175637,0.022236542491533444,0.022236663026326032,0.000884358643459349,0.0012443763759931081,0.000771307365985345,0.0014184942944470461,0.5369458128078818,0.45116279069767445,0.8201058201058204,0,1,0.07692307692307693,0.5654139871382636,0.31888971289331497,1.0,0.010948317501207533,0.9323254870129869,0.9254748603351957,0.5,0.3759600221189096,0.3204170616113744,0.26911968441073564,0.4946236559139785,0.5794028031687996,0.2395005675368899,0,train
0.44253554502369674,0.4452986398580722,0.07409827316264903,0.07409783631676153,0.0004520055288792228,0.0011486551163013307,0.0003856536829926726,0.0006485975006479074,0.4729064039408867,0.41395348837209306,0.8306878306878307,0,1,0.07692307692307693,0.8841438906752412,0.20468269943849984,0.7250176464656649,0.008050233456770244,0.7825689935064933,1.0,0.0,0.31750875540172446,0.2807203791469195,0.21206001831544838,0.3556540793966264,0.5202315661182206,0.08444948921679907,0,train
0.4733412322274882,0.4736842105263159,0.08042398480520882,0.08042338026463626,0.00020307494775733198,0.0006700488178424428,0.0002754669164233376,0.00030204041630331517,0.5172413793103449,0.41395348837209306,0.8306878306878307,0,1,0.07692307692307693,0.9456390675241159,0.227036762368895,0.8559040032267823,0.004186121397520528,0.7745535714285714,1.0,0.0,0.24934974501812524,0.20629383886255923,0.18273181956935214,0.4218009478672986,0.5404631322364412,0.03507377979568674,0,train
0.2873222748815166,0.2885866351271437,0.08641255160073431,0.08641240892268719,0.00047820874794468496,0.000861491337225998,0.0006060272161313426,0.0006917338068894548,0.4482758620689655,0.4093023255813954,0.8271604938271606,0,1,0.07692307692307693,0.5746583601286174,0.23180421654836317,0.6639104567913683,0.005152149412332957,0.7233157467532466,1.0,1.0,0.32238310770680156,0.22828436018957346,0.25341066522647754,0.6644753605462977,0.5241316270566727,0.09398410896708287,0,train
0.3667061611374408,0.368421052631579,0.08805707623239689,0.08805661633876083,0.0003733958716828362,0.0009572125969177757,0.0003856536829926726,0.0005511094485420101,0.46798029556650245,0.4186046511627907,0.8271604938271606,0,1,0.07692307692307693,0.7335209003215435,0.191333827735989,0.8879701522637895,0.006118177427145387,0.7463474025974025,1.0,0.0,0.3010219755463166,0.24765876777251186,0.21206001831544838,0.43800642103653875,0.5349786715417428,0.06617480136208856,0,val
0.21623222748815168,0.231224127735068,0.30347958170451406,0.3034806531227125,0.004166311831408488,0.004020292907054657,0.001928268414963363,0.004849038457224831,0.26108374384236455,0.41395348837209306,0.24162257495590822,1,0,0.15384615384615385,0.5377813504823151,0.37800614471872024,0.9685388726429364,0.03413298985670584,0.7002840909090908,0.8758659217877094,1.0,0.5127900546828599,0.4513364928909953,0.3534177096296992,0.5105743260459664,0.4205971968312005,0.9886492622020431,0,train
0.6552132701421801,0.6570076877587228,0.18593837089691456,0.1859383783894284,0.000681283695702017,0.0009572125969177757,0.0008264007492700126,0.0010405339791586074,0.5270935960591133,0.4093023255813954,0.23104056437389797,0,1,0.0,0.35811897106109325,0.35755906346011235,0.6218614500352929,0.009499275478988888,0.830864448051948,1.0,1.0,0.35314477645564957,0.2650236966824645,0.28273886397257375,0.6857259338531315,0.5522851919561244,0.181838819523269,0,val
0.6652843601895735,0.6694263749260794,0.8695709399382903,0.869569661416871,0.0009236634720575423,0.0017229826744519958,0.0007162139827006776,0.0013836401590038758,0.4729064039408867,0.4186046511627907,0.23809523809523814,0,1,0.0,0.33199356913183287,0.28647102447293143,1.0,0.014168410883915631,0.695616883116883,1.0,0.5,0.379769389886743,0.3204170616113744,0.26911968441073564,0.4946236559139785,0.5416209628275441,0.2395005675368899,0,train
0.6664691943127963,0.6723832052040214,0.903657479076459,0.903656222898922,0.0011529416388803364,0.0016272614147602184,0.0008264007492700126,0.0017710041890529717,0.5172413793103449,0.441860465116279,0.23456790123456805,0,1,0.0,0.3221463022508039,0.319949147155419,0.8814157507310678,0.017710513604894538,0.8931615259740259,0.9301675977653632,0.0,0.39924631863518134,0.3524170616113744,0.27616408763237604,0.43464302094480967,0.5550883607556368,0.3438138479001135,0,train
0.4798578199052133,0.4843287995269072,0.9091519651306684,0.9091510930063789,0.001231551296076723,0.0015315401550684408,0.0010467742824086827,0.0018900603942796426,0.5024630541871922,0.441860465116279,0.23456790123456805,0,1,0.0,0.7920016077170419,0.34050217184023734,0.6974891600282342,0.014168410883915631,0.7745535714285714,1.0,1.0,0.40504229217441173,0.3204170616113744,0.30549228637847226,0.6475054782653009,0.5545399146861669,0.3904653802497162,0,train
0.67239336492891,0.6842105263157896,0.9757184161205557,0.9757173554615725,0.0019848938442087612,0.002967359050445104,0.0014324279654013552,0.002961652513932164,0.39408866995073893,0.4186046511627907,0.23456790123456805,0,1,0.0,0.29260450160771706,0.42960059328318684,0.7012201270545527,0.0296248591209145,0.8155438311688311,0.6689385474860334,0.0,0.4471501423392796,0.4285876777251185,0.30025594665038624,0.3436273760383224,0.5390615478366849,0.7763904653802498,0,val
0.22808056872037916,0.23299822590183325,0.3248238854544092,0.32482334912910943,0.0008057489862629624,0.0014358188953766634,0.0006611205994160101,0.0012006559479272314,0.4088669950738916,0.4837209302325582,0.2275132275132279,1,0,0.6153846153846154,0.5705385852090032,0.27121517109863336,0.8559040032267823,0.014168410883915631,0.8209212662337662,0.9140782122905029,0.0,0.36780879431462105,0.3204170616113744,0.25341066522647754,0.4218009478672986,0.538878732480195,0.19421112372304203,0,train
0.9099526066350712,0.9201655824955649,0.0032775699844848896,0.0032817317013914275,0.0031247338735563663,0.005647554321814875,0.0036361632967880555,0.003713518331722336,0.4039408866995074,0.3023255813953489,0.8201058201058204,0,1,1.0,0.15564710610932478,0.7471130416357665,0.37944943027125144,0.02141362099500885,0.401176948051948,0.9665921787709497,1.0,0.4872918672046204,0.4158862559241706,0.42569328668372974,0.8082352341639912,0.42961608775137117,0.9997729852440409,0,test
0.1504739336492891,0.17386162034299232,0.004583377265162457,0.0045898169529798504,0.011090512469456873,0.01368814013592419,0.007272326593576111,0.013774975489950794,0.39408866995073893,0.33023255813953495,0.8201058201058204,0,1,1.0,0.3016479099678457,0.6349189532789491,0.4743369970757286,0.04041217195298663,0.30022321428571425,0.6724022346368714,1.0,0.599709177299445,0.5126824644549763,0.46331039988728956,0.7602813025531264,0.44850700792199877,1.0,0,train
0.9283175355450237,0.9314015375517446,0.005157419832372651,0.005160241819258267,0.002122460744302438,0.003158801569828659,0.0026444823976640407,0.0026745372595884244,0.4285714285714286,0.3348837209302326,0.8201058201058204,0,1,1.0,0.13303858520900322,0.5059858035808878,0.264696984975295,0.009982289486395103,0.36221590909090906,0.9772067039106145,1.0,0.4530689987097302,0.3082085308056872,0.3947683565407284,0.8662284054425928,0.45569774527726997,0.881044267877412,0,train
0.153436018957346,0.15671200473092844,0.00643657317108552,0.006438528170182386,0.0013232625628058407,0.0024887527519862162,0.0019833617982480305,0.0013907145132274895,0.3497536945812808,0.26046511627906976,0.8201058201058204,0,1,1.0,0.30757636655948556,0.5284458099374935,0.2914187758394676,0.008050233456770244,0.3840300324675324,1.0,1.0,0.41137075798226397,0.2807203791469195,0.3682344377392162,0.8527238444682261,0.38135283363802563,0.6229284903518728,0,train
0.14040284360189575,0.15198107628622118,0.006950388836983154,0.006954858989872305,0.00466417299365227,0.0073705369962668715,0.004242190512919398,0.005610480535000626,0.39408866995073893,0.30697674418604654,0.8201058201058204,0,1,1.0,0.2814509646302251,0.6209344210191757,0.3569627911666835,0.02141362099500885,0.30651379870129863,0.8710614525139664,1.0,0.522805005427325,0.4158862559241706,0.43179843614248475,0.8195994496254395,0.43461304082876295,0.9998864926220203,0,train
0.139218009478673,0.14547604967474867,0.0076407966965466,0.007642985582521332,0.0019324874060778366,0.004403177945821768,0.002258828714671368,0.002450832375419759,0.43842364532019706,0.33023255813953495,0.8201058201058204,0,1,1.0,0.2791398713826367,0.5677508210615532,0.39497832005646877,0.012880373530832392,0.32355925324675316,0.9468156424581007,1.0,0.44479488807422124,0.3424075829383887,0.37619461337966986,0.8003873006166233,0.4586837294332724,0.8919409761634507,0,train
0.14040284360189575,0.14606741573033707,0.00811066087702162,0.008112455861852611,0.001958690625143299,0.0038288503876711018,0.0018731750316786954,0.002480510154113944,0.43842364532019706,0.30697674418604654,0.8201058201058204,0,1,1.0,0.2814509646302251,0.4520605996397924,0.4238176868004437,0.011914345516019963,0.34770698051948046,1.0,1.0,0.44598275544268545,0.3317914691943128,0.36257543381783175,0.7858125668857974,0.45801340645947597,0.7903518728717367,0,test
0.9295023696682465,0.9343583678296866,0.008606707248276122,0.008607872413530117,0.0014149738295349582,0.0032545228295204364,0.0017078948818246929,0.0020373277437882855,0.458128078817734,0.40465116279069774,0.8201058201058204,0,1,1.0,0.12711012861736334,0.5248437334463397,0.5891902793183422,0.012880373530832392,0.43628246753246747,0.8254748603351956,1.0,0.41728961435271467,0.3424075829383887,0.3361119590485359,0.7022371706670744,0.5205362583790372,0.663677639046538,0,train
0.14632701421800948,0.15789473684210528,0.012484423365553152,0.012487940880239084,0.004860697136643236,0.006700488178424428,0.0035259765302187206,0.006281077551831723,0.3793103448275862,0.34418604651162793,0.8201058201058204,0,1,1.0,0.2934083601286174,0.506303633859519,0.43390138146616924,0.02141362099500885,0.3376623376623376,0.8624581005586591,1.0,0.5264710098920679,0.4158862559241706,0.412308920562613,0.7807165061407533,0.4667885435709933,0.9993189557321225,0,train
0.9259478672985783,0.9308101714961562,0.013090073262172812,0.01309068064934871,0.0011267384198148742,0.002680195271369771,0.0014324279654013552,0.0017443459517956954,0.5221674876847291,0.4186046511627907,0.8201058201058204,0,1,1.0,0.13424437299035372,0.48341985379807184,0.7983261066854896,0.012880373530832392,0.5264813311688311,0.7102793296089385,1.0,0.39723923239191433,0.3424075829383887,0.30549228637847226,0.5965448708148602,0.5594149908592322,0.4660612939841089,0,train
0.9348341232227488,0.9384979302188056,0.013503563176014534,0.013504641630872605,0.001087433591216681,0.0032545228295204364,0.0015426147319706903,0.0015892277945510909,0.4876847290640394,0.40465116279069774,0.8201058201058204,0,1,1.0,0.11877009646302251,0.5705053501430236,0.5346374911767672,0.010948317501207533,0.3799715909090909,0.8843575418994414,1.0,0.3941057201957933,0.3204170616113744,0.33226101862070584,0.7298068592977629,0.5284582571602682,0.5476730987514189,0,train
0.1415876777251185,0.15552927261975164,0.013789365769057824,0.013793195629389736,0.004592114141222249,0.011582272422705084,0.004738030962481405,0.006115002772801766,0.3103448275862069,0.34418604651162793,0.8201058201058204,0,1,1.0,0.28386254019292606,0.6384150863438924,0.47100937783603913,0.025116728385123164,0.22463474025974026,0.6661452513966482,1.0,0.5214328138120302,0.4403412322274882,0.41921243571982064,0.761963002598991,0.481048141377209,0.9998864926220203,0,test
0.14454976303317538,0.15138971023063277,0.01397507848563781,0.013977492788115664,0.003000268582995421,0.004498899205513544,0.002369015481240703,0.004030829000435159,0.4236453201970443,0.34418604651162793,0.8201058201058204,0,1,1.0,0.28979099678456594,0.3927322809619663,0.39033982051023497,0.013685396876509416,0.3373579545454545,0.9746368715083797,1.0,0.4837077846273578,0.3524170616113744,0.3835677554183201,0.8027824491667941,0.485496648385131,0.9383654937570942,0,train
0.9354265402843602,0.9432288586635128,0.014259544450322988,0.014262665908721014,0.003321258016547333,0.0063176031396573185,0.0030852294639413806,0.004623608120806504,0.2413793103448276,0.40465116279069774,0.8201058201058204,0,1,1.0,0.10932475884244373,0.5656319525373451,0.39881012402944443,0.017549508935759132,0.2987012987012987,0.9020111731843576,1.0,0.4926987117783194,0.3871848341232228,0.40293986427783124,0.7983998369260561,0.5029250457038391,0.994211123723042,0,val
0.9289099526066351,0.9337670017740982,0.014816839850458018,0.01481799476199799,0.0012446529056094541,0.004020292907054657,0.0014875213486860229,0.00205501362934732,0.5517241379310345,0.47906976744186053,0.8201058201058204,0,1,1.0,0.12831591639871384,0.5886216760250026,0.5891902793183422,0.012880373530832392,0.354301948051948,0.9601117318435755,1.0,0.40598439388043506,0.3424075829383887,0.3361119590485359,0.7022371706670744,0.5961608775137112,0.663677639046538,0,train
0.14395734597156398,0.1472501478415139,0.015644212804129146,0.01564686022585837,0.0019848938442087612,0.003350244089212214,0.002479202247810038,0.001213855657637145,0.034482758620689655,0.22790697674418608,0.8201058201058204,0,1,1.0,0.28858520900321544,0.4208072889077233,0.23273167288494506,0.008050233456770244,0.2870332792207792,1.0,1.0,0.4471501423392796,0.2807203791469195,0.3904477892314556,0.8823829180043826,0.22285191956124317,0.7678774120317821,0,val
0.9401658767772513,0.9444115907746896,0.016094342060022634,0.0160972246137347,0.002102808330003341,0.0046903417248971,0.0028648559308027104,0.0028777955345985957,0.43349753694581283,0.3813953488372093,0.8201058201058204,0,1,1.0,0.10691318327974277,0.5938129039093124,0.3002924271453061,0.011914345516019963,0.2837865259740259,0.9156424581005587,1.0,0.45224977983492737,0.3317914691943128,0.3968816775072205,0.8482393110125872,0.4946983546617916,0.9399545970488081,0,test
0.9395734597156399,0.942046126552336,0.016339967177125037,0.016340333323112074,0.0007926473767302313,0.0016272614147602184,0.0008814941325546802,0.0008968900793742545,0.3793103448275862,0.30697674418604654,0.8201058201058204,0,1,1.0,0.11163585209003217,0.4207013454815129,0.7034385398810123,0.009016261471582673,0.6262175324675324,1.0,1.0,0.366375161283716,0.29505213270142183,0.2889379388076173,0.6444988024257249,0.41139549055453994,0.25300794551645855,0,train
0.14988151658767773,0.1537551744529864,0.01678773767709245,0.01678873208429551,0.0012970593437403785,0.002680195271369771,0.0013222411988320203,0.001587502342301429,0.3251231527093596,0.33023255813953495,0.8201058201058204,0,1,1.0,0.3005426045016077,0.3531094395592753,0.4756478773822729,0.009016261471582673,0.3912337662337662,1.0,1.0,0.4096094374014378,0.29505213270142183,0.3282457087843708,0.7596188146562708,0.44326630103595366,0.42826333711691267,0,train
0.15165876777251186,0.16262566528681255,0.01717732553088323,0.017181857422874706,0.00544371876084977,0.008519192112568201,0.004352377279488733,0.007426260209932325,0.4187192118226601,0.372093023255814,0.8201058201058204,0,1,1.0,0.3040594855305466,0.5341667549528551,0.33740042351517596,0.02044759298019642,0.2529423701298701,0.8603351955307261,1.0,0.5365269215802732,0.4091753554502371,0.43325427947495715,0.8294858074708251,0.49274832419256553,0.9998864926220203,0,train
0.14988151658767773,0.15730337078651685,0.017745942959463443,0.017746935784548445,0.0012708561246749163,0.002584474011677994,0.0014324279654013552,0.0016550537978756922,0.4433497536945813,0.33953488372093027,0.8201058201058204,0,1,1.0,0.3005426045016077,0.5979446975315182,0.7176565493596854,0.014651424891321846,0.6151582792207791,0.9172067039106144,1.0,0.4078276363487415,0.36181990521327023,0.3282457087843708,0.6373133567752127,0.47135892748324193,0.6913734392735528,0,train
0.148696682464455,0.1596688350088705,0.01962296230023991,0.019625210027212136,0.0028037444400044547,0.006796209438116206,0.0031954162305107155,0.004213899484124287,0.458128078817734,0.4186046511627907,0.8201058201058204,0,1,1.0,0.2981310289389068,0.5964614895645725,0.5819300191590199,0.02044759298019642,0.31899350649350644,0.6591061452513967,1.0,0.4777070063694268,0.4091753554502371,0.37870711719538824,0.7059063344035061,0.5429006703229738,0.9880817253121454,0,val
0.1457345971563981,0.15198107628622118,0.02048406546365397,0.020487569769919466,0.003583290207201955,0.0049775055039724325,0.003140322847226048,0.005228983042600381,0.4630541871921182,0.40465116279069774,0.8201058201058204,0,1,1.0,0.2922025723472669,0.4216548363174065,0.27467984269436324,0.012880373530832392,0.2860186688311688,0.980782122905028,1.0,0.499436787023573,0.3424075829383887,0.412308920562613,0.8611833053049993,0.5271176112126752,0.980817253121453,0,train
0.9312796208530807,0.9491425192193969,0.026012910729186593,0.026018686033593346,0.01027166187366118,0.016655499186369296,0.006996859677152773,0.011087756156327353,0.14285714285714285,0.34418604651162793,0.8201058201058204,0,1,1.0,0.09736736334405145,0.5504820425892573,0.4372290007058587,0.03381098051843503,0.2044439935064935,0.6334078212290504,1.0,0.592889180166711,0.48485308056872045,0.45424660107544557,0.7790348060948886,0.3898232784887264,1.0,0,train
0.15699052132701424,0.1726788882318155,0.03819627821337448,0.03820627915515792,0.01500789371974347,0.010050732267636642,0.0076579802765687835,0.018765069668585484,0.4039408866995074,0.36744186046511623,0.22222222222222232,0,1,1.0,0.39358922829581994,0.5172158067591907,0.22214379348593324,0.03558203187892448,0.28885957792207784,1.0,1.0,0.6265795563929792,0.45653080568720394,0.5039331251320825,0.8877337817866788,0.45143205362583794,1.0,0,train
0.1741706161137441,0.1981076286221171,0.038565423515805906,0.03858957636027264,0.03182380955500383,0.038671388915478125,0.020109084898903642,0.04761989391229388,0.4729064039408867,0.4465116279069768,0.22222222222222232,0,1,1.0,0.4366961414790997,0.7096090687572836,0.13653322577392354,0.0523265174690066,0.10034496753246752,0.8595530726256981,1.0,0.6933868556331537,0.5163222748815167,0.5882546316951182,0.9309483769046527,0.5402803168799513,1.0,0,train
0.19253554502369669,0.22471910112359553,0.03944280209510991,0.039464437488746784,0.03995990907482984,0.02383459366325261,0.01663820175196959,0.056565673645890956,0.4285714285714286,0.4465116279069768,0.22222222222222232,0,1,1.0,0.4827170418006431,0.6853480241551012,0.20167389331451044,0.06890999838995329,0.22788149350649348,0.9446927374301677,1.0,0.7136420423126548,0.5600379146919432,0.5775001761100805,0.8980787850991183,0.5110907982937234,1.0,0,val
0.7091232227488152,0.7125960969840331,0.00433154075745471,0.004332398481278192,0.0007860965719638657,0.002680195271369771,0.0014875213486860229,0.001182883789755714,0.5270935960591133,0.4186046511627907,0.29453262786596124,0,1,0.3076923076923077,0.2652733118971061,0.6271850831655895,0.5615609559342544,0.01255836419256158,0.4250202922077922,0.8004469273743016,1.0,0.3656583447682634,0.3082085308056872,0.319745462230258,0.7162003771084952,0.5441194393662401,0.4263337116912599,0,val
0.7286729857819906,0.7327025428740391,0.0062948119399281474,0.006297160298429307,0.0018145729202832567,0.005360390542739543,0.0027546691642333756,0.003033345054905616,0.5812807881773399,0.4837209302325582,0.2980599647266313,0,1,0.3076923076923077,0.21885048231511256,0.5567327047356712,0.3277200766360795,0.013685396876509416,0.23031655844155843,0.8027932960893855,1.0,0.43922419972556176,0.3204170616113744,0.3811726583229624,0.8343780257860673,0.6035344302254723,0.8530079455164586,0,test
0.7251184834123223,0.7350680070963928,0.00995064774975864,0.009953697697622143,0.0030068193877617866,0.005934718100890208,0.003250509613795383,0.004695473207004922,0.5517241379310345,0.441860465116279,0.2980599647266313,0,1,0.3076923076923077,0.21302250803858522,0.6604513189956562,0.46616920439649095,0.025277733054258567,0.36586850649350644,0.8324022346368714,1.0,0.4838921088741885,0.4091753554502371,0.40096743137577195,0.7644091117566121,0.5639853747714808,0.9976163450624291,0,train
0.941350710900474,0.9438202247191012,0.23938722980549146,0.2393871490471821,0.0005568184051410716,0.002967359050445104,0.0009916808991240153,0.0008471970545839918,0.5320197044334976,0.4186046511627907,0.8165784832451499,0,1,0.11538461538461542,0.10580787781350483,0.5794045979446976,0.747907633356862,0.009016261471582673,0.354301948051948,0.8235754189944133,1.0,0.3355725315911279,0.29505213270142183,0.28273886397257375,0.6220251745400805,0.5503960999390616,0.23280363223609532,0,train
0.931872037914692,0.9379065641632172,0.24448489448773678,0.24448480531253858,0.0006354280623374582,0.003158801569828659,0.0010467742824086827,0.00087195729436664,0.47783251231527096,0.36744186046511623,0.8201058201058204,0,1,0.11538461538461542,0.119975884244373,0.6953067062188791,0.8879701522637895,0.014651424891321846,0.5072037337662337,0.776536312849162,0.0,0.3470620763102382,0.36181990521327023,0.28273886397257375,0.43800642103653875,0.4973796465569775,0.40556186152099893,0,train
0.9449052132701422,0.9562389118864578,0.24536793408126337,0.24537995170848342,0.009295591963472712,0.022685938546951282,0.011183956806787505,0.014035605052262222,0.5123152709359606,0.4186046511627907,0.8201058201058204,0,1,0.11538461538461542,0.08309887459807073,0.7314334145566268,0.1517596047191691,0.02334567702463371,0.10004058441558442,0.8137430167597766,1.0,0.5840211358469699,0.4285876777251185,0.5237278981848921,0.9233042857870866,0.5452163315051798,1.0,0,train
0.9360189573459716,0.9373151981076288,0.24795714046132075,0.24795696692793778,0.0005568184051410716,0.0017229826744519958,0.000771307365985345,0.0007786103276599313,0.4876847290640394,0.40465116279069774,0.8165784832451499,0,1,0.11538461538461542,0.11887057877813506,0.4449623900836953,0.6639104567913683,0.007084205441957815,0.49269480519480513,1.0,1.0,0.3355725315911279,0.2650236966824645,0.27616408763237604,0.6644753605462977,0.5068860450944546,0.16685584562996594,0,test
0.955568720379147,0.9591957421643998,0.2530757194461106,0.25307616646184833,0.000884358643459349,0.0028716377907533263,0.0013222411988320203,0.0013034929020070806,0.5073891625615764,0.41395348837209306,0.8201058201058204,0,1,0.11538461538461542,0.07717041800643086,0.608644983578769,0.6054250277301604,0.010948317501207533,0.4292816558441558,0.9106145251396649,1.0,0.3759600221189096,0.3204170616113744,0.319745462230258,0.6940325128675534,0.5330895795246801,0.4698070374574348,0,val
0.7328199052132702,0.7338852749852159,0.7651042346037514,0.7651042293210175,0.0011070860055157775,0.0024887527519862162,0.0014875213486860229,0.0015077864483670493,0.46798029556650245,0.372093023255814,0.23809523809523814,0,1,0.0,0.17112138263665597,0.34050217184023734,0.31572047998386615,0.00821123812590565,0.3114853896103896,1.0,1.0,0.39568271652978887,0.24765876777251186,0.33982201141193324,0.8404423380726698,0.49287020109689217,0.3382519863791146,0,train
0.7849526066350712,0.7894736842105264,0.767478558318943,0.7674779987404264,0.0014870326819649794,0.0022015889729108833,0.0012120544322626852,0.0021509487744285215,0.4975369458128079,0.4186046511627907,0.23809523809523814,0,1,0.0,0.032455787781350484,0.289225553554402,0.7119088434002219,0.015295443567863463,0.5941558441558441,0.9027932960893854,1.0,0.42165195486104,0.3317914691943128,0.3104703313217649,0.6402181113998879,0.5228519195612431,0.4565266742338252,0,train
0.752962085308057,0.7664104080425784,0.7724820300145402,0.7725016688170623,0.01939038210844202,0.02192016846941706,0.015591427469560905,0.02950109238381926,0.4975369458128079,0.4186046511627907,0.23809523809523814,0,1,0.0,0.09003215434083602,0.6831232122046828,0.10043359887062621,0.033005957172758005,0.11718749999999997,0.9764245810055865,1.0,0.6493538411124992,0.44591469194312805,0.5738840491229718,0.9492432349793609,0.5493601462522852,1.0,0,val
0.0005924170616113745,0.001774098166765228,0.008211537005460283,0.008215454700560362,0.0020700543061715135,0.0009572125969177757,0.0033606963803647183,0.0018403673694893802,0.09359605911330049,0.28837209302325584,0.8112874779541448,1,0,0.15384615384615385,0.0012057877813504822,0.28318677826040894,0.10547544620348896,0.004186121397520528,0.5772118506493507,1.0,1.0,0.4508571077477626,0.20629383886255923,0.4208796111489422,0.9466952046068389,0.3224253503961,0.666855845629966,0,train
0.8086492890995262,0.8119455943228859,0.31324129310459375,0.3132427415303111,0.0022993324729943076,0.001052933856609553,0.002038455181532698,0.0023413524301787118,0.22167487684729065,0.33023255813953495,0.2821869488536155,0,1,0.038461538461538464,0.013062700964630225,0.2819154571458841,0.3459715639810427,0.012719368861696986,0.9999999999999999,0.9706145251396647,1.0,0.4601552419767752,0.3082085308056872,0.3682344377392162,0.8251541558375375,0.36873857404021937,0.735527809307605,0,train
0.8086492890995262,0.8095801301005323,0.3277251552434869,0.3277251645032979,0.0007402409385993069,0.0006700488178424428,0.0009916808991240153,0.0007929315813321251,0.21674876847290642,0.3348837209302326,0.2821869488536155,0,1,0.038461538461538464,0.01889067524115756,0.346964720839072,0.46929514974286585,0.008050233456770244,0.9999999999999999,1.0,1.0,0.36039486349765504,0.24765876777251186,0.30025594665038624,0.7628293329256485,0.39018890920170635,0.19886492622020432,0,val
0.8127962085308057,0.8119455943228859,0.3383029175687925,0.3383036956140578,0.0006485296718701893,0.0004786062984588878,0.0015426147319706903,0.0006266842570772013,0.21674876847290642,0.26976744186046514,0.2821869488536155,0,1,0.038461538461538464,0.013062700964630225,0.44443267295264327,0.20026217606130886,0.004508130735791337,0.8550121753246752,1.0,1.0,0.3488438773629345,0.18092890995260666,0.34339117571089767,0.8987922336034246,0.35350396099939063,0.20363223609534617,0,val
0.0,0.004730928444707275,0.01800870836962869,0.01802676240054912,0.012656154808618238,0.0076577007753422036,0.01349787890474354,0.015398884874720088,0.054187192118226604,0.4186046511627907,0.22222222222222232,0,1,0.11538461538461542,0.0,0.4082000211886852,0.04577997378239387,0.013041378199967795,0.14620535714285715,0.9817877094972067,1.0,0.6114444876809961,0.3082085308056872,0.5597482799915466,0.9768638842174999,0.4393053016453382,1.0,0,test
0.0,0.0,0.022034239858273366,0.022037820230072672,0.00095641749588937,0.0005743275581506654,0.003140322847226048,0.001211957660162517,0.30049261083743845,0.39069767441860465,0.22222222222222232,0,1,0.11538461538461542,0.0,0.5188049581523467,0.07855198144600183,0.0035421027209789077,0.6195211038961038,1.0,1.0,0.38284146066725383,0.15090047393364928,0.4140700213680231,0.9603016867961066,0.45923217550274226,0.4093076049943247,0,train
0.0,0.004730928444707275,0.03397827224116172,0.03398136114144728,0.0016901076297223113,0.0020101464535273285,0.003030136080656713,0.0023374701626169728,0.22660098522167488,0.4186046511627907,0.22222222222222232,0,1,0.11538461538461542,0.0,0.651975844898824,0.24372290007058586,0.013041378199967795,0.5588474025974025,0.9202234636871509,1.0,0.43295717533331973,0.3082085308056872,0.40293986427783124,0.8768282117922845,0.5,0.9132803632236095,0,train
0.0,0.01655824955647546,0.04429051727438834,0.04430758440990707,0.021768324238632716,0.011007944864554418,0.014103906120874882,0.028133067567674825,0.0,0.45116279069767445,0.22222222222222232,0,1,0.11538461538461542,0.0,0.5952961118762581,0.13633155188060905,0.036870069232007724,0.27161120129870125,0.8825698324022346,1.0,0.6596350379912752,0.46161137440758304,0.5545589029516049,0.931101258727004,0.46660572821450336,1.0,0,train
0.0,0.004139562389118865,0.05025887739414709,0.05026248978856933,0.0020110970632742234,0.001052933856609553,0.0031954162305107155,0.0023108119253596963,0.17733990147783252,0.372093023255814,0.22222222222222232,0,1,0.11538461538461542,0.0,0.597097150121835,0.19673288292830493,0.011914345516019963,0.9219764610389609,1.0,1.0,0.4483175292358737,0.29505213270142183,0.41580764082936106,0.90057585486419,0.41584399756246193,0.9288308740068105,0,test
0.0,0.007096392667060912,0.0694236120431473,0.0694256989178832,0.0016049471677595593,0.004211735426438212,0.003305602997080051,0.0027239714665412374,0.5960591133004927,0.4837209302325582,0.22222222222222232,0,1,0.11538461538461542,0.0,0.6746477381078505,0.4201875567207825,0.017871518274029944,0.3603896103896103,0.6153072625698324,1.0,0.4283900301062937,0.3524170616113744,0.37619461337966986,0.7876471487540131,0.6127361365021329,0.9153234960272418,0,train
1.0100710900473935,1.010053222945003,0.030133185580862122,0.03013337170236638,0.0006550804766365548,0.0006700488178424428,0.000771307365985345,0.0006995846146254165,0.3448275862068966,0.26976744186046514,0.8606701940035273,0,1,0.038461538461538464,0.0023110932475884243,0.15891513931560547,0.5293939699505898,0.005152149412332957,0.8872767857142856,1.0,1.0,0.34972453765334754,0.22828436018957346,0.27616408763237604,0.7324568108851858,0.38945764777574654,0.12463110102156641,0,test
0.030213270142180098,0.03489059727971615,0.05146302229441064,0.05146482432407995,0.0019324874060778366,0.00545611180243132,0.0023139220979560356,0.002978907036428783,0.541871921182266,0.4186046511627907,0.22222222222222232,0,1,0.11538461538461542,0.07576366559485531,0.3871172793728149,0.35575274780679644,0.013041378199967795,0.2089082792207792,0.8181005586592178,1.0,0.44479488807422124,0.3082085308056872,0.3654401577946322,0.8202109769148449,0.5567946374162096,0.7175936435868331,0,train
0.9905213270142181,1.0094618568894145,0.008602225612016571,0.008620924174770946,0.03485683216183108,0.023260266105101946,0.021706793014159,0.03971102470813113,0.09359605911330049,0.386046511627907,0.8606701940035273,0,1,0.038461538461538464,0.003516881028938907,0.4954974043860579,0.15296964807905616,0.03509901787151827,0.151075487012987,0.5898324022346368,1.0,0.7014971224937022,0.49330805687203805,0.5630591495057177,0.9226927584976813,0.41121267519805,1.0,0,test
0.023104265402843605,0.024246008279124782,0.08874048644937964,0.08874041855268548,0.0003275402383182774,0.001052933856609553,0.0006611205994160101,0.0004484450396871272,0.4285714285714286,0.41395348837209306,0.8130511463844798,1,0,0.07692307692307693,0.04642282958199357,0.45407352473779,0.5346374911767672,0.004186121397520528,0.5317573051948051,1.0,1.0,0.28979867696151723,0.20629383886255923,0.2615586916195083,0.7298068592977629,0.4981109079829372,0.08796821793416573,0,test
0.001184834123222749,0.005913660555884092,0.2062285466234448,0.2062291496148551,0.0012970593437403785,0.0020101464535273285,0.001267147815547353,0.0015378093175111662,0.3793103448275862,0.33953488372093027,0.8095238095238098,1,0,0.07692307692307693,0.0024115755627009644,0.3803369000953491,0.5378642734697993,0.009982289486395103,0.5588474025974025,1.0,1.0,0.4096094374014378,0.3082085308056872,0.324089510883603,0.7281761198593487,0.42961608775137117,0.45085130533484674,0,train
0.9739336492890996,0.9793021880544058,0.12171172716050051,0.12171443532655743,0.0030526750211263454,0.006509045659040873,0.002919949314087378,0.0035608158076272578,0.39408866995073893,0.29767441860465116,0.8201058201058204,1,0,0.11538461538461542,0.03677652733118971,0.4642440936539888,0.3414339013814662,0.013685396876509416,0.23183847402597402,0.8965363128491619,1.0,0.4852233395457431,0.3524170616113744,0.3968816775072205,0.8274473831728074,0.4217550274223035,0.9679909194097616,0,train
0.9721563981042655,0.9822590183323479,0.1257934756653834,0.1257959412167544,0.004258023098137606,0.004498899205513544,0.0025893890143793732,0.004811251052957236,0.35960591133004927,0.33023255813953495,0.8130511463844798,1,0,0.11538461538461542,0.026225884244372992,0.45873503549104777,0.5396793385096299,0.02141362099500885,0.5030438311688311,0.9534078212290504,1.0,0.5147152190386466,0.4158862559241706,0.3904477892314556,0.7272588289252409,0.4083485679463742,0.9960272417707152,0,train
0.993483412322275,0.9940863394441161,0.1446330164973748,0.14463293494011523,0.0005961232337392649,0.001052933856609553,0.0007162139827006776,0.00046207611245945615,0.20689655172413793,0.2186046511627907,0.8201058201058204,1,0,0.11538461538461542,0.007134244372990354,0.2774658332450472,0.6399112634869416,0.006118177427145387,0.6878043831168831,1.0,1.0,0.3415118684334487,0.24765876777251186,0.26911968441073564,0.6766039851195026,0.2862888482632541,0.1326901248581158,0,train
0.8181279620853081,0.8527498521584862,0.2759108355664855,0.27592524014061304,0.04561325358820331,0.025749018857088163,0.017409509117954934,0.05612922049933898,0.33497536945812806,0.40465116279069774,0.8095238095238098,1,0,0.11538461538461542,0.28486736334405144,0.5032312744994173,0.322779066249874,0.06053775559491225,0.23244724025974023,0.5911731843575418,1.0,0.7253978331660762,0.5757345971563982,0.5408223166694062,0.836875095551139,0.4441803778184034,1.0,0,train
0.1137440758293839,0.12596096984033117,0.10038873083913763,0.10038942996039656,0.0015852947534604625,0.0035416866085957693,0.0013222411988320203,0.0026329538603715725,0.5566502463054187,0.47906976744186053,0.7495590828924161,1,0,0.11153846153846153,0.2335209003215434,0.6271850831655895,0.8836341635575276,0.022862663017227492,0.661830357142857,0.9106145251396649,0.0,0.42730456509717984,0.4223696682464456,0.319745462230258,0.4358151149161698,0.5996953077391834,0.8612939841089671,0,train
0.9140995260663508,0.9207569485511533,0.10270267040262154,0.10270195045205482,0.00032098943355191186,0.0018187039341437735,0.00044074706627734013,0.0004825227216179497,0.5024630541871922,0.4186046511627907,0.7495590828924161,1,0,0.11153846153846153,0.10952572347266881,0.4907299502065897,0.2570333770293436,0.016100466913540487,0.9034090909090908,0.503463687150838,0.0,0.2880783173244312,0.37069194312796205,0.16413459506422146,0.11914590021913063,0.5447897623400366,0.09273552780930758,0,train
0.49348341232227494,0.5032525133057363,0.021215830177121343,0.02121540202176499,0.0005109627717765127,0.002105867713219106,0.0006060272161313426,0.0008220054517389281,0.5073891625615764,0.4930232558139535,0.8201058201058204,1,0,0.3961538461538462,0.9893488745980709,0.5330013772645408,0.2984773621054755,0.01948156496538399,0.9576907467532467,0.534413407821229,0.0,0.3281176398304217,0.4021611374407583,0.19844083875361024,0.14014167048871223,0.581230956733699,0.18342792281498296,0,train
0.30035545023696686,0.3051448846836192,0.0652013603102676,0.06520133127964657,0.0007795457671975002,0.0015315401550684408,0.0008814941325546802,0.0013179004282917574,0.5862068965517242,0.4837209302325582,0.23456790123456805,0,1,0.5384615384615384,0.7491961414790997,0.35512236465727304,0.9280024200867197,0.014168410883915631,0.7745535714285714,0.7370949720670392,0.0,0.3649210477809409,0.3204170616113744,0.2615586916195083,0.45823778219436373,0.6102376599634369,0.2164585698070374,0,val
0.4620853080568721,0.472501478415139,0.29405265639554257,0.2940518563771613,0.0006354280623374582,0.002680195271369771,0.0009365875158393477,0.0011112775213947452,0.6157635467980296,0.4930232558139535,0.2663139329805997,0,1,0.0,0.8371181672025724,0.5131899565631952,0.3277200766360795,0.025599742392529375,0.797077922077922,0.37921787709497207,0.0,0.3470620763102382,0.4091753554502371,0.21206001831544838,0.15486928604188965,0.6307739183424741,0.23280363223609532,0,test
0.020734597156398107,0.02779420461265524,0.2966771654892936,0.29667754051353173,0.001637701191591387,0.0018187039341437735,0.0012120544322626852,0.00234687387737763,0.4285714285714286,0.4186046511627907,0.2663139329805997,0,1,0.0,0.05104501607717042,0.37662888017798496,0.7369164061712211,0.01738850426662373,0.8067167207792206,1.0,1.0,0.43017183115898994,0.3524170616113744,0.319745462230258,0.6275798807521786,0.517976843388178,0.5956867196367764,0,train
0.6013033175355451,0.6085156712004731,0.3125792689413408,0.31257820245797685,0.000347192652617374,0.001914425193835551,0.0005509338328466751,0.0006300488889640419,0.6502463054187192,0.4930232558139535,0.2592592592592595,0,1,0.0,0.49728697749196143,0.44612776777200974,0.2570333770293436,0.0198035743036548,0.8616071428571428,0.39050279329608933,0.0,0.29479591209781475,0.37069194312796205,0.16413459506422146,0.11914590021913063,0.6531383302864108,0.09273552780930758,0,train
0.6789099526066351,0.7202838557066825,0.31381344866706307,0.31382849828479414,0.022469260348633828,0.024504642481095053,0.018125723100655612,0.03357548905355839,0.45320197044334976,0.4930232558139535,0.24514991181657875,0,1,0.0,0.21040996784565918,0.8346223116855599,0.36139961681960275,0.08839156335533728,0.2881493506493506,0.5937430167597764,1.0,0.6624613431093452,0.6011374407582939,0.5452837720431117,0.81735718289762,0.5395490554539915,1.0,0,train
0.7274881516587678,0.7463039621525726,0.31519968952481997,0.31519956221562295,0.0017621664821523323,0.005168948023355988,0.0013773345821166878,0.0027787545754680027,0.5517241379310345,0.45116279069767445,0.2522045855379189,0,1,0.0,0.15112540192926047,0.6264434791821168,0.43117878390642334,0.043471260666559326,0.6919642857142857,0.6132960893854749,0.0,0.4366436602699326,0.4891374407582939,0.2889379388076173,0.20715486928604188,0.5695307739183425,0.9060158910329172,0,val
0.24052132701421802,0.24364281490242462,0.315982010240303,0.3159815671391247,0.0005699200146738027,0.0011486551163013307,0.0006611205994160101,0.000992911497067939,0.6157635467980296,0.4930232558139535,0.2522045855379189,0,1,0.0,0.5955586816720257,0.40004237737048415,0.8448119390944842,0.010465303493801318,0.7825689935064933,1.0,1.0,0.337600098306265,0.2807203791469195,0.2615586916195083,0.573052030780207,0.6283363802559415,0.1566401816118048,0,train
0.7648104265402844,0.768775872264932,0.31762960125466944,0.31762923405817783,0.0008450538148611557,0.0013400976356848858,0.000771307365985345,0.0011639900876219162,0.46798029556650245,0.37674418604651166,0.2098765432098766,0,1,0.0,0.061193729903536984,0.3513084013136985,1.0,0.014329415553051034,0.8731737012987012,0.9254748603351957,0.5,0.3719868105761157,0.3204170616113744,0.26911968441073564,0.4946236559139785,0.4987202925045704,0.2395005675368899,0,test
0.7671800947867299,0.7705499704316973,0.31884758418969933,0.31884792260777334,0.0008909094482257145,0.0022015889729108833,0.0013222411988320203,0.0006108963689927949,0.10344827586206896,0.19534883720930235,0.21340388007054667,0,1,0.0,0.059586012861736336,0.5705053501430236,0.5615609559342544,0.013041378199967795,0.512987012987013,0.9106145251396649,1.0,0.3766153972187519,0.3082085308056872,0.319745462230258,0.7162003771084952,0.25222425350396105,0.4263337116912599,0,train
0.07523696682464455,0.07746895328208162,0.03908230556440744,0.039082319659647806,0.00043235311458012616,0.001052933856609553,0.0006611205994160101,0.0006576561249586324,0.5024630541871922,0.45116279069767445,0.22398589065255736,0,1,0.0,0.1885048231511254,0.4436910689691705,0.6897247151356257,0.00821123812590565,0.6878043831168831,1.0,1.0,0.313658426690151,0.24765876777251186,0.2615586916195083,0.6514294450389848,0.5505179768433882,0.12065834279228152,0,test
0.710308056872038,0.7108219988172679,0.045541444167185786,0.04554168347277489,0.0005764708194401682,0.001052933856609553,0.0008264007492700126,0.0009638376266611361,0.5615763546798029,0.4837209302325582,0.22398589065255736,0,1,0.0,0.21814710610932475,0.31454603241868845,0.49581526671372395,0.007084205441957815,0.609780844155844,1.0,1.0,0.3385831609560284,0.22828436018957346,0.28273886397257375,0.7494266931661826,0.6035344302254723,0.13552780930760497,0,train
0.13092417061611375,0.1419278533412182,0.049681611193837925,0.04968129328801384,0.00045855633364558836,0.0032545228295204364,0.0006060272161313426,0.0007736065161359118,0.5911330049261084,0.47906976744186053,0.22045855379188728,0,1,0.0,0.32847668810289393,0.706324822544761,0.3697690833921549,0.026243761069070996,0.661830357142857,0.7206703910614525,0.0,0.3187375837139288,0.4091753554502371,0.2240589851363092,0.17611985934872343,0.6087751371115173,0.27366628830874007,0,train
0.7411137440758294,0.7409816676522768,0.05136867205736746,0.05136858724119576,0.0003602942621501051,0.0009572125969177757,0.0006060272161313426,0.0005818224985859919,0.5615763546798029,0.47906976744186053,0.22045855379188728,0,1,0.0,0.1397709003215434,0.34050217184023734,0.5798124432792175,0.0059571727580099805,0.5772118506493507,1.0,1.0,0.2979703852376759,0.20629383886255923,0.25341066522647754,0.7069765071599654,0.5834856794637416,0.07968217934165722,0,train
0.013625592417061613,0.015966883500887052,0.06973473194979718,0.06973453818387101,0.0003995990907482984,0.0007657700775342204,0.0005509338328466751,0.0006486837732603904,0.5467980295566502,0.47906976744186053,0.2169312169312172,0,1,0.0,0.0342644694533762,0.38521029770102766,0.81667843097711,0.008372242795041056,0.8985389610389609,1.0,1.0,0.30685891002928706,0.24765876777251186,0.24453471716721067,0.5872700402588799,0.5864107251675807,0.09772985244040863,0,val
0.786137440758294,0.7847427557658191,0.11207204206699668,0.11207374402351204,0.0006747328909356515,0.0011486551163013307,0.001928268414963363,0.0010667608533534683,0.5467980295566502,0.4558139534883721,0.22398589065255736,0,1,0.0,0.03265675241157556,0.44146625701875203,0.1316930523343753,0.0035421027209789077,0.34770698051948046,1.0,1.0,0.35230507710897657,0.15090047393364928,0.3654401577946322,0.9334454466697243,0.5712979890310786,0.21316685584562997,0,train
0.7837677725118484,0.7823772915434655,0.11617564837679457,0.11617655730705999,0.000550267600374706,0.001052933856609553,0.0013773345821166878,0.0008432285144097695,0.5320197044334976,0.41395348837209306,0.22045855379188728,0,1,0.0,0.035671221864951766,0.3586184977222164,0.1855399818493496,0.0035421027209789077,0.37560876623376616,1.0,1.0,0.3345485079976243,0.15090047393364928,0.33226101862070584,0.9062324822911889,0.5542352224253504,0.13825198637911465,0,test
0.7873222748815166,0.7847427557658191,0.11809339556989468,0.11809485170919104,0.00047165794317831946,0.0009572125969177757,0.0017629882651093603,0.0007544539961646647,0.5517241379310345,0.441860465116279,0.22045855379188728,0,1,0.0,0.029742765273311902,0.2675071511812692,0.08329131793889281,0.0011270326839478346,0.23904220779220778,1.0,1.0,0.3211747598664673,0.06676777251184834,0.35656420973536523,0.957906538245936,0.5780012187690433,0.09772985244040863,0,test
0.22571090047393366,0.2483737433471319,0.20402389608453592,0.2040227729646132,0.0005240643813092438,0.004020292907054657,0.00016528014985400254,0.0008723023848165724,0.2857142857142857,0.7023255813953488,0.2592592592592595,0,1,0.0,0.5572749196141479,0.07225341667549529,0.03741050720984169,0.0491064240862985,0.9999999999999999,0.441340782122905,0.0,0.3303090503205194,0.5090047393364929,0.07067884565712541,0.008153697192070541,0.6008531383302864,0.08444948921679907,0,test
0.05864928909952607,0.07332939089296274,0.2065737898658253,0.20657281978584105,0.00047820874794468496,0.002680195271369771,0.0003305602997080051,0.000802852931767681,0.5123152709359606,0.5209302325581395,0.2627865961199296,0,1,0.0,0.14459405144694534,0.39728784828901365,0.12604618332156903,0.0326839478344872,0.9999999999999999,0.5211173184357543,0.0,0.32238310770680156,0.44591469194312805,0.14138117265832295,0.05294807114100797,0.6059110298598416,0.12463110102156641,0,train
0.8246445497630333,0.8338261383796571,0.09506037982732175,0.09505967249514294,0.0005240643813092438,0.0020101464535273285,0.0002754669164233376,0.0009125054222336946,0.6059113300492611,0.4837209302325582,0.7107583774250443,1,0,0.23076923076923078,0.265072347266881,0.3040576332238584,0.21085005546032068,0.020286588311061015,0.9999999999999999,0.8137430167597766,0.0,0.3303090503205194,0.4021611374407583,0.16413459506422146,0.09580594200682874,0.6279098110907984,0.11804767309875144,0,test
0.7926540284360191,0.7953873447664105,0.10276156067557599,0.10276217725392517,0.0008122997910293279,0.0028716377907533263,0.001267147815547353,0.001422117744171336,0.6157635467980296,0.4930232558139535,0.7107583774250443,1,0,0.23076923076923078,0.3452572347266881,0.5537662888017799,0.5415952404961177,0.009499275478988888,0.36586850649350644,0.9069273743016759,1.0,0.36852561083007357,0.29505213270142183,0.31521356282433605,0.7262396167762319,0.6316270566727605,0.3604994324631101,0,train
0.3595971563981043,0.35836782968657604,0.016023186256252573,0.016022609424472367,0.00010481287626184877,0.0001914425193835551,0.00022037353313867004,0.00015391034066984126,0.5024630541871922,0.40465116279069774,0.8236331569664905,1,0,0.23076923076923078,0.7201567524115756,0.10594342621040365,0.7983261066854896,0.0014490420222186438,0.9999999999999999,1.0,1.0,0.19544514305609606,0.11416113744075829,0.16413459506422146,0.5965448708148602,0.5372943327239488,0.014982973893303081,0,train
0.03672985781990522,0.04139562389118865,0.032861008184175436,0.03286040355102256,0.00021617655729006308,0.001052933856609553,0.0002754669164233376,0.0003758034999763613,0.6157635467980296,0.4930232558139535,0.23809523809523814,0,1,0.5384615384615384,0.09143890675241158,0.48892891196101285,0.37944943027125144,0.012880373530832392,0.9999999999999999,0.8137430167597766,0.0,0.25459274581686364,0.3082085308056872,0.16413459506422146,0.18101207766396576,0.6258379037172456,0.05856980703745743,0,train
0.09182464454976304,0.10762862211709048,0.05240825441918819,0.052408089261466874,0.0008319522053284246,0.004594620465205322,0.0013222411988320203,0.0014396310845054044,0.6059113300492611,0.4837209302325582,0.22398589065255736,0,1,0.038461538461538464,0.2300040192926045,0.671151605042907,0.3383079560350913,0.03558203187892448,0.6347402597402597,0.3743016759776536,0.0,0.3706146189608208,0.45653080568720394,0.24453471716721067,0.16016918921673545,0.6243753808653261,0.5257661748013621,0,train
0.44668246445497634,0.45357776463630994,0.05760278534479783,0.057602690235316965,0.0005764708194401682,0.0024887527519862162,0.0010467742824086827,0.0007598028981386167,0.4482758620689655,0.34418604651162793,0.22222222222222232,1,0,0.038461538461538464,0.8629421221864952,0.6179680050852845,0.6639104567913683,0.018998550957977776,0.6376826298701298,0.553072625698324,0.0,0.3385831609560284,0.36181990521327023,0.25341066522647754,0.32477195128165925,0.4784277879341865,0.27366628830874007,0,train
0.3270142180094787,0.3500887049083383,0.09471348545579301,0.09471513744841213,0.0053847615179524804,0.0093806834497942,0.003305602997080051,0.008032411585238548,0.49261083743842365,0.45116279069767445,0.8236331569664905,1,0,0.15384615384615385,0.6548432475884244,0.5051382561712046,0.7759403045275789,0.04041217195298663,0.44196428571428564,0.5237988826815643,0.0,0.5355438589305097,0.5126824644549763,0.36257543381783175,0.381389186159099,0.538695917123705,0.9997729852440409,0,train
0.31161137440758296,0.39680662329982264,0.11512781036923256,0.11513178740725191,0.012688908832450066,0.018187039341437738,0.006335739077736763,0.020671780677074366,0.5369458128078818,0.9767441860465116,0.8201058201058204,1,0,0.15384615384615385,0.6246985530546625,0.8487127873715437,0.4285570232933347,0.14039607148607308,0.7781047077922078,0.5087150837988828,0.0,0.6116697728715669,0.7109383886255924,0.42569328668372974,0.20582989349233044,0.5882388787324802,1.0,0,train
0.4389810426540285,0.4441159077468954,0.047817329135062286,0.047819373059435046,0.002554813858882564,0.0016272614147602184,0.0020935485648173654,0.0034723001072196028,0.3793103448275862,0.4186046511627907,0.23456790123456805,1,0,0.42307692307692313,0.892483922829582,0.34950736306812163,0.37944943027125144,0.015295443567863463,0.7864245129870129,1.0,1.0,0.4694738566776579,0.3317914691943128,0.373611665531735,0.8082352341639912,0.49116392443631934,0.8503972758229285,0,test
0.07819905213270142,0.08456534594914251,0.05309685389920831,0.053103685235548904,0.005463371175148867,0.0034459653489039917,0.00550933832846675,0.007469482788786355,0.39408866995073893,0.42790697674418604,0.23456790123456805,1,0,0.42307692307692313,0.19503617363344053,0.5058798601546773,0.15296964807905616,0.016583480920946702,0.41264204545454536,0.9889385474860335,1.0,0.5368341286583242,0.3424075829383887,0.46962688144269377,0.9226927584976813,0.49378427787934187,0.9997729852440409,0,test
0.7630331753554503,0.7670017740981668,0.10863336905276057,0.10863421181121492,0.001028476348319391,0.0022015889729108833,0.0015426147319706903,0.001575682994391245,0.5172413793103449,0.4232558139534884,0.8112874779541448,1,0,0.15384615384615385,0.45860128617363344,0.5781332768301727,0.556317434708077,0.010948317501207533,0.5535714285714286,0.8459217877094971,1.0,0.38921088741884613,0.3204170616113744,0.3282457087843708,0.718850328695918,0.5536867763558806,0.5220204313280363,0,test
0.12677725118483413,0.13069189828503844,0.018185693689282183,0.018185663662402828,0.0007271393290665758,0.0009572125969177757,0.0006060272161313426,0.0009592651781995321,0.4236453201970443,0.36279069767441857,0.8112874779541448,1,0,0.15384615384615385,0.25492363344051444,0.22809619663099903,1.0,0.009016261471582673,0.9999999999999999,1.0,0.5,0.3588383476355296,0.29505213270142183,0.25341066522647754,0.4946236559139785,0.47830591102985986,0.15811577752553915,0,test
0.3886255924170616,0.39089296274393853,0.02590110569829043,0.0259012988074936,0.0007336901338329413,0.0007657700775342204,0.000771307365985345,0.0009807470587078226,0.3793103448275862,0.3953488372093023,0.8112874779541448,1,0,0.15384615384615385,0.7814509646302251,0.25426422290496875,0.6639104567913683,0.007084205441957815,0.9999999999999999,1.0,1.0,0.3596166055665923,0.2650236966824645,0.27616408763237604,0.6644753605462977,0.484521633150518,0.16685584562996594,0,train
0.30035545023696686,0.30277942046126555,0.0308710830597373,0.03087126796287953,0.0007467917433656724,0.0007657700775342204,0.000771307365985345,0.0010059386615528863,0.3694581280788177,0.39999999999999997,0.8112874779541448,1,0,0.15384615384615385,0.6039991961414791,0.24017374721898507,0.6639104567913683,0.007084205441957815,0.9999999999999999,1.0,1.0,0.3611731214287177,0.2650236966824645,0.27616408763237604,0.6644753605462977,0.4881170018281536,0.16685584562996594,0,test
0.3139810426540285,0.31519810762862216,0.03942959306192387,0.03943047145949354,0.0010939843959830466,0.0006700488178424428,0.001267147815547353,0.0015371191366113015,0.4285714285714286,0.4186046511627907,0.8112874779541448,1,0,0.15384615384615385,0.63133038585209,0.12692022460006358,0.3277200766360795,0.005152149412332957,0.8872767857142856,1.0,1.0,0.3946382124644152,0.22828436018957346,0.324089510883603,0.8343780257860673,0.5082876294942109,0.23280363223609532,0,train
0.6587677725118484,0.6670609107037256,0.06301471494159444,0.06303811979158068,0.023458431868355025,0.012252321240547526,0.01724422896810093,0.030161768050214803,0.32019704433497537,0.3953488372093023,0.8112874779541448,1,0,0.15384615384615385,0.6599678456591641,0.4782286259137621,0.059695472421095096,0.017710513604894538,0.14924918831168832,0.9893854748603352,1.0,0.6662911913490487,0.3871848341232228,0.5853429450301735,0.9698313203893391,0.4642291285801341,1.0,0,test
0.0,0.008870490833826138,0.06577784025860141,0.06578936816109333,0.010553346478614898,0.00976356848856131,0.009420968541678145,0.012468031683444389,0.35467980295566504,0.3116279069767442,0.8112874779541448,1,0,0.15384615384615385,0.0,0.5253734505773917,0.11767671674901685,0.01674448559008211,0.1804991883116883,0.9220111731843577,1.0,0.5952853953755094,0.37914691943127965,0.5175523046939207,0.9405289711053355,0.4266301035953687,1.0,0,train
0.0,0.004139562389118865,0.06747669490176135,0.06748538949679171,0.004867247941409602,0.0038288503876711018,0.006831579527298771,0.0047440446878329046,0.27586206896551724,0.2651162790697675,0.8112874779541448,1,0,0.15384615384615385,0.0,0.5289755270685454,0.08924069779167088,0.009016261471582673,0.2752637987012987,0.9910614525139665,1.0,0.5265938927232883,0.29505213270142183,0.4915584568060675,0.9548998624063598,0.35234613040828766,0.9995459704880818,0,train
0.0,0.009461856889414548,0.06879681196839046,0.06880731276029813,0.01275441688011372,0.0063176031396573185,0.00887003470883147,0.012423428742790628,0.27586206896551724,0.28837209302325584,0.8112874779541448,1,0,0.15384615384615385,0.0,0.3905074690115478,0.13572653020066552,0.017710513604894538,0.2987012987012987,0.8965363128491619,1.0,0.6121203432527085,0.3871848341232228,0.5089111700753751,0.9314070223717066,0.35167580743449117,1.0,0,train
0.38447867298578203,0.3879361324659965,0.07115454576690192,0.07116425641521584,0.0052668470321579,0.005647554321814875,0.0076579802765687835,0.007526940348700096,0.4088669950738916,0.441860465116279,0.8112874779541448,1,0,0.15384615384615385,0.7731109324758842,0.5399936433944275,0.07996369869920339,0.009016261471582673,0.18496347402597402,0.9760893854748605,1.0,0.5335777336309828,0.29505213270142183,0.5017258787893019,0.9595882382918004,0.5161486898232786,0.9998864926220203,0,train
0.0,0.002365464222353637,0.074172495349123,0.07417992088745687,0.004631418969820442,0.0035416866085957693,0.005894992011459423,0.005929861746413044,0.39901477832512317,0.33953488372093027,0.8112874779541448,1,0,0.15384615384615385,0.0,0.2866829113253523,0.07562770999294142,0.006118177427145387,0.2195616883116883,1.0,1.0,0.5221905912712228,0.24765876777251186,0.4774696503627867,0.9617795444121694,0.4625228519195612,0.9870601589103292,0,train
0.0,0.005322294500295683,0.07587205761906075,0.0758801879768119,0.006203612113748174,0.003924571647362879,0.006445925844306098,0.006566294808700835,0.29064039408866993,0.3209302325581395,0.8112874779541448,1,0,0.15384615384615385,0.0,0.4455980506409577,0.11233235857618232,0.010948317501207533,0.3157467532467532,0.9905027932960895,1.0,0.5481188686587338,0.3204170616113744,0.4856411580998896,0.9432298833002088,0.38238878732480197,0.9998864926220203,0,train
0.0,0.005322294500295683,0.07731412236706817,0.07732531672142903,0.007736500429077712,0.007466258255958648,0.00887003470883147,0.00787134061773261,0.28078817733990147,0.29767441860465116,0.8112874779541448,1,0,0.15384615384615385,0.0,0.4855387223222799,0.08208127457900576,0.010948317501207533,0.16294642857142855,0.958659217877095,1.0,0.5677186802383927,0.3204170616113744,0.5149693568459858,0.9585180655353411,0.36751980499695314,1.0,0,train
0.0,0.005322294500295683,0.07866356663237821,0.0786718496311305,0.006511499937767355,0.004116014166746435,0.006556112610875433,0.0067920702355690945,0.29064039408866993,0.3209302325581395,0.8112874779541448,1,0,0.15384615384615385,0.0,0.42610446021824344,0.11031561964303721,0.010948317501207533,0.30103490259740256,0.9907262569832402,1.0,0.552419767751449,0.3204170616113744,0.4873787775612276,0.9443000560566681,0.3768433881779403,0.9998864926220203,0,val
0.0,0.005322294500295683,0.08048452620731152,0.08049154819834589,0.004926205184306892,0.00507322676366421,0.005784805244890088,0.005283938696752113,0.3103448275862069,0.3209302325581395,0.8112874779541448,1,0,0.15384615384615385,0.0,0.5054560864498359,0.12866794393465764,0.010948317501207533,0.24370941558441558,0.9683798882681565,1.0,0.5276588772605321,0.3204170616113744,0.472632493483927,0.9349742648932375,0.387629494210847,0.9994324631101021,0,train
0.0,0.005322294500295683,0.0813937479916176,0.0814014761070213,0.005633692099074371,0.003350244089212214,0.00617045892788276,0.005963594337893934,0.3103448275862069,0.29767441860465116,0.8112874779541448,1,0,0.15384615384615385,0.0,0.4770632482254476,0.11767671674901685,0.010948317501207533,0.36931818181818177,0.990167597765363,1.0,0.5395580314170438,0.3204170616113744,0.481179702726184,0.9405289711053355,0.3825106642291286,0.9997729852440409,0,train
0.7636255924170616,0.7664104080425784,0.08851404588047601,0.08851358523232529,0.0003864974812155673,0.0013400976356848858,0.0006611205994160101,0.0005948496630709392,0.5172413793103449,0.4186046511627907,0.8112874779541448,1,0,0.15384615384615385,0.45980707395498394,0.3862697319631317,0.6639104567913683,0.009016261471582673,0.7463474025974025,0.5702793296089386,0.0,0.3039916439674771,0.29505213270142183,0.21206001831544838,0.32477195128165925,0.5569774527726996,0.09398410896708287,0,test
0.9466824644549764,0.9473684210526316,0.23000323385437463,0.23000505559185414,0.0010939843959830466,0.0030630803101368816,0.0023139220979560356,0.0015031277272929621,0.4187192118226601,0.386046511627907,0.8112874779541448,1,0,0.15384615384615385,0.09525723472668811,0.5621358194724017,0.21851366340627207,0.006118177427145387,0.25395698051948046,0.9220111731843577,1.0,0.3946382124644152,0.24765876777251186,0.37619461337966986,0.8895683636548948,0.4971968312004875,0.5404086265607264,0,train
0.11611374407582939,0.12063867534003549,0.050795179866540016,0.05079509599727643,0.00034064184785100846,0.001914425193835551,0.0011569610489780178,0.0005366156496448502,0.541871921182266,0.42790697674418604,0.42328042328042326,1,0,0.23076923076923078,0.26848874598070743,0.6927640639898295,0.9224563880205707,0.011914345516019963,0.5849228896103895,0.4920670391061452,0.0,0.293157474348209,0.3082085308056872,0.25341066522647754,0.4554349487845895,0.5697135892748324,0.17582292849035183,0,train
0.4158767772511849,0.4257835600236547,0.13437942586151003,0.1343799902347666,0.0021683163776669966,0.0024887527519862162,0.0014324279654013552,0.003061815017025037,0.4482758620689655,0.39999999999999997,0.6984126984126986,1,0,0.23076923076923078,0.8692725080385852,0.36222057421337006,0.956135928204094,0.02044759298019642,0.8187905844155844,0.793072625698324,0.0,0.454953202121777,0.4021611374407583,0.31521356282433605,0.47245579167303675,0.5102985984156002,0.7678774120317821,0,train
0.25829383886255924,0.26493199290360736,0.08757471064551364,0.08757629580008476,0.0024041453492561564,0.0015315401550684408,0.001818081648394028,0.0035560708139406876,0.2561576354679803,0.5162790697674418,0.8112874779541448,0,1,0.42307692307692313,0.5193930868167204,0.38309142917681954,0.49581526671372395,0.013846401545644819,0.9435876623376622,1.0,1.0,0.464087492575829,0.3524170616113744,0.35961678446474277,0.7494266931661826,0.5343692870201097,0.8441543700340522,0,test
0.5,0.5103489059727973,0.005115040850900757,0.005116447656540544,0.0023451881063588664,0.004786062984588877,0.0025893890143793732,0.003914792336645397,0.5566502463054187,0.4837209302325582,0.8112874779541448,0,1,0.6153846153846154,0.9756832797427654,0.5297171310520182,0.7983261066854896,0.02044759298019642,0.45363230519480513,0.5810055865921788,1.0,0.46189608208573124,0.4091753554502371,0.3468429332895015,0.5965448708148602,0.6027422303473492,0.9340522133938705,0,val
0.2482227488151659,0.2495564754583087,0.019996038862548138,0.01999749972284664,0.0011987972722448952,0.0012443763759931081,0.0016528014985400254,0.001738306868921879,0.47783251231527096,0.40465116279069774,0.8112874779541448,0,1,0.6153846153846154,0.4990956591639871,0.26909630257442524,0.25189069274982356,0.005152149412332957,0.5264813311688311,1.0,1.0,0.40268703790935345,0.22828436018957346,0.3502007654918168,0.8727004025887989,0.5242535039609995,0.3309875141884223,0,train
0.427132701421801,0.4299231224127736,0.40591013029846357,0.40591063946553824,0.0014673802676658826,0.0009572125969177757,0.0014324279654013552,0.002057774352946779,0.41379310344827586,0.4465116279069768,0.2574955908289245,0,1,0.0,0.9382033762057879,0.2533107320690751,0.4024402541091056,0.010465303493801318,0.9154829545454544,1.0,1.0,0.4204845679644459,0.2807203791469195,0.3361119590485359,0.7966162156652907,0.5070688604509446,0.4225879682179342,0,train
0.008886255924170618,0.08515671200473093,0.1786195443842778,0.17865069948791493,0.24455464353795864,0.08672346128075047,0.04969423172277009,0.33801255853165396,0.09359605911330049,0.45116279069767445,0.2821869488536155,0,1,0.0,0.021704180064308683,0.343044814069287,0.3195522839568418,0.15311544034777008,0.1351461038961039,0.39251396648044684,1.0,0.8747414340426403,0.6923601895734598,0.61401366614225,0.8385058349895531,0.49896404631322366,1.0,0,test
0.7517772511848342,0.759905381431106,0.02624186730441137,0.026243081976854352,0.0014935834867313448,0.003733129127979324,0.002258828714671368,0.001753059485656488,0.4039408866995074,0.29767441860465116,0.22222222222222232,0,1,0.11538461538461542,0.09354903536977492,0.6449835787689374,0.747907633356862,0.022540653678956683,0.5050730519480519,0.6275977653631284,1.0,0.42204108382657135,0.3871848341232228,0.33982201141193324,0.6220251745400805,0.4251066422912858,0.8530079455164586,0,train
0.6966824644549764,0.7114133648728563,0.027846528960923198,0.027849942485762967,0.009596928982725527,0.003350244089212214,0.0036912566800727234,0.012616248031690345,0.4088669950738916,0.40465116279069774,0.22222222222222232,0,1,0.11538461538461542,0.21533360128617363,0.1921813751456722,0.5678128466270042,0.03558203187892448,0.8629261363636362,0.8027932960893855,1.0,0.5868474409650398,0.45653080568720394,0.4105008570690586,0.7130408194465678,0.47471054235222426,0.9998864926220203,0,train
0.6824644549763034,0.6936723832052041,0.028679720179211984,0.028686434581191782,0.008391580905714267,0.010242174787020197,0.006445925844306098,0.013794645645596938,0.541871921182266,0.4604651162790698,0.22222222222222232,0,1,0.11538461538461542,0.2599477491961415,0.5260091111346541,0.2591509529091459,0.028497826436966665,0.2273741883116883,0.8106145251396648,1.0,0.574927806336658,0.4223696682464456,0.46756052316434593,0.8690312388523671,0.593601462522852,1.0,0,test
0.7695497630331755,0.768775872264932,0.029784797330580193,0.02978577027799465,0.0006878345004683825,0.001052933856609553,0.0013773345821166878,0.0009177680515951634,0.4729064039408867,0.34418604651162793,0.22222222222222232,0,1,0.11538461538461542,0.07134244372990353,0.3037398029452273,0.23363920540486033,0.004669135404926743,0.45363230519480513,0.9569832402234637,1.0,0.35398447580232245,0.18092890995260666,0.3282457087843708,0.8819242725373286,0.4837903717245582,0.16685584562996594,0,test
0.7885071090047394,0.7918391484328801,0.030763523789508078,0.0307728293780993,0.00514893254636332,0.006221881879965541,0.007492700126714781,0.005603406180777013,0.30049261083743845,0.2744186046511628,0.22222222222222232,0,1,0.11538461538461542,0.013364147909967846,0.5692340290284988,0.09166078451144499,0.013041378199967795,0.18222402597402598,0.9510614525139665,1.0,0.5315706473877158,0.3082085308056872,0.4971704980393078,0.9536768078275493,0.39323583180987204,0.9998864926220203,0,test
0.6303317535545024,0.6351271437019516,0.03144253099542881,0.031446017207882315,0.0027316855875744337,0.0036374078682875465,0.003250509613795383,0.0038269668171376056,0.47783251231527096,0.3813953488372093,0.22222222222222232,0,1,0.11538461538461542,0.4069533762057878,0.5402055302468483,0.2570333770293436,0.01545644823699887,0.36586850649350644,0.9441340782122905,1.0,0.47539271304810865,0.3317914691943128,0.412308920562613,0.8701014116088264,0.5062157221206581,0.9721906923950057,0,train
0.7452606635071091,0.7480780603193378,0.03272003320499342,0.032720765430759226,0.0011922464674785297,0.0018187039341437735,0.001267147815547353,0.001443944715129559,0.4187192118226601,0.30697674418604654,0.22222222222222232,0,1,0.11538461538461542,0.12329180064308683,0.32100858141752303,0.5415952404961177,0.011914345516019963,0.565137987012987,0.9069273743016759,1.0,0.40219550658447173,0.29505213270142183,0.31521356282433605,0.7262396167762319,0.43887873248019504,0.3604994324631101,0,train
0.6842417061611374,0.6901241868716737,0.03333134411583567,0.033333097458130186,0.0016901076297223113,0.0030630803101368816,0.002258828714671368,0.0023918219084813224,0.4729064039408867,0.3813953488372093,0.22222222222222232,0,1,0.11538461538461542,0.26879019292604506,0.5964614895645725,0.4813955833417365,0.017871518274029944,0.49269480519480513,0.8137430167597766,1.0,0.43295717533331973,0.3524170616113744,0.36257543381783175,0.7567140600315956,0.5115783059110299,0.8587968217934167,0,train
0.658175355450237,0.6652868125369604,0.19818322328557558,0.19818753493901448,0.0048803495509423325,0.005743275581506653,0.003911630213211393,0.006589243323621338,0.4187192118226601,0.4186046511627907,0.0934744268077603,1,0,0.23076923076923078,0.23553054662379422,0.4728255111770314,0.2614702026822628,0.02141362099500885,0.29636769480519476,0.9844692737430167,1.0,0.5268191779138591,0.37069194312796205,0.4347101228074295,0.867859144881007,0.4876904326630104,0.998978433598184,0,test
0.8856635071090048,0.9195742164399764,0.009204415999944647,0.009206287803915372,0.006550804766365548,0.009093519670718867,0.003470883146934053,0.00855876079399791,0.4285714285714286,0.36744186046511623,0.7160493827160495,0,1,1.0,0.08983118971061094,0.605784511071088,0.5500655440153271,0.06166478827886008,0.6652800324675324,0.5111731843575418,0.0,0.5529522600200708,0.5732322274881517,0.3654401577946322,0.26723742547011164,0.47190737355271173,1.0,0,train
0.8530805687203792,0.8545239503252514,0.016779324780956097,0.016780319202049913,0.0008909094482257145,0.0014358188953766634,0.0013222411988320203,0.0014060710382494805,0.4975369458128079,0.4465116279069768,0.7160493827160495,0,1,0.8076923076923077,0.2251808681672026,0.47462654942260835,0.39497832005646877,0.007406214780228625,0.5821834415584415,1.0,1.0,0.3766153972187519,0.2650236966824645,0.3282457087843708,0.8003873006166233,0.5702010968921389,0.33461975028376845,0,test
0.762440758293839,0.7670017740981668,0.25145258086817784,0.2514524801884485,0.0012381021008430885,0.0014358188953766634,0.0008264007492700126,0.00175478493790615,0.33004926108374383,0.4465116279069768,0.7054673721340388,0,1,0.0,0.4014268488745981,0.21633647632164424,0.9369769083392154,0.012397359523426178,0.880681818181818,1.0,1.0,0.4055133430274234,0.3317914691943128,0.28273886397257375,0.526474035570504,0.5125533211456429,0.3163450624290579,0,train
0.6617298578199052,0.6794795978710823,0.09337897997801481,0.0933822066754255,0.006897997418982922,0.006413324399349096,0.003030136080656713,0.009491022644490234,0.35467980295566504,0.4093023255813954,0.8112874779541448,1,0,0.15384615384615385,0.6349477491961415,0.510223540629304,0.6699606735908036,0.0328449525036226,0.5294237012987012,0.98,1.0,0.557539885718967,0.48045497630331757,0.4086693122314321,0.6614177240992712,0.49689213893967094,1.0,0,train
0.8151658767772513,0.8154937906564164,0.2721092286404233,0.27210901522888936,0.00040614989551466396,0.0011486551163013307,0.000771307365985345,0.0005617209798774309,0.4482758620689655,0.36744186046511623,0.8165784832451499,1,0,0.07692307692307693,0.36384646302250806,0.4944379701239538,0.5293939699505898,0.005152149412332957,0.565137987012987,1.0,1.0,0.30827206258832207,0.22828436018957346,0.27616408763237604,0.7324568108851858,0.5022547227300427,0.12463110102156641,0,train
0.05213270142180095,0.05972797161442934,0.025202442192985706,0.025202321955499783,0.0007009361100011136,0.0015315401550684408,0.0005509338328466751,0.0009917899531056587,0.49261083743842365,0.3813953488372093,0.8201058201058204,1,0,0.11538461538461542,0.1045016077170418,0.4762157008157644,0.6078451144499344,0.014651424891321846,0.9999999999999999,1.0,0.0,0.3556229135519282,0.36181990521327023,0.24453471716721067,0.29643785353921415,0.512370505789153,0.24279228149829737,0,train
0.5,0.5014784151389711,0.031481686343801725,0.03148147711342216,0.0003995990907482984,0.0007657700775342204,0.0004958404495620075,0.0005139259525617963,0.3842364532019705,0.3581395348837209,0.8165784832451499,1,0,0.11538461538461542,0.9952773311897107,0.31783027863121094,0.8991630533427448,0.006118177427145387,0.8985389610389609,1.0,1.0,0.30685891002928706,0.24765876777251186,0.23481344072134688,0.5455842633644193,0.4683729433272395,0.08671963677639044,0,train
0.7896919431279621,0.7912477823772917,0.12831129036607813,0.1283117075084581,0.0009498666911230045,0.001914425193835551,0.0010467742824086827,0.0013167788843294773,0.4482758620689655,0.4186046511627907,0.8165784832451499,1,0,0.11538461538461542,0.4126808681672026,0.2807500794575697,0.49581526671372395,0.007084205441957815,0.4465300324675324,1.0,1.0,0.38222704651115164,0.2650236966824645,0.30549228637847226,0.7494266931661826,0.5017672151127361,0.2461975028376844,0,test
0.6575829383886257,0.6581904198698996,0.22101291426732048,0.22101278522226128,0.0004913103574774161,0.000861491337225998,0.000771307365985345,0.0007205488594588085,0.4827586206896552,0.4093023255813954,0.8201058201058204,1,0,0.11538461538461542,0.6817725080385852,0.37959529611187626,0.5293939699505898,0.005152149412332957,0.7233157467532466,1.0,1.0,0.3247178814999898,0.22828436018957346,0.27616408763237604,0.7324568108851858,0.5312004875076173,0.12463110102156641,0,test
0.4662322274881517,0.4689532820816086,0.226485857017405,0.2264860334360963,0.000884358643459349,0.0018187039341437735,0.0009916808991240153,0.0013067712612814383,0.46798029556650245,0.43720930232558136,0.8165784832451499,1,0,0.11538461538461542,0.9358922829581994,0.3649751032948405,0.5753756176262982,0.008050233456770244,0.5168425324675324,1.0,1.0,0.3759600221189096,0.2807203791469195,0.30025594665038624,0.7092187738877848,0.5343692870201097,0.2615209988649262,0,train
0.5770142180094787,0.5795387344766411,0.24711152646182127,0.24711111844945077,0.0006485296718701893,0.0012443763759931081,0.0006060272161313426,0.0008549615897074704,0.3251231527093596,0.4465116279069768,0.8201058201058204,1,0,0.11538461538461542,0.8397307073954985,0.24886110816823817,0.9160028234345063,0.008050233456770244,0.729403409090909,1.0,1.0,0.3488438773629345,0.2807203791469195,0.25341066522647754,0.5370738419201957,0.4782449725776965,0.14097616345062428,0,train
0.8412322274881517,0.9402720283855708,0.0013032912743564154,0.0013045471235412103,0.018211237250496223,0.016942662965444628,0.002258828714671368,0.028868455316480728,0.3251231527093596,0.5674418604651164,0.8130511463844798,1,0,0.11538461538461542,0.11073151125401931,0.45788748808136454,0.15296964807905616,0.1645467718563838,0.9772727272727272,0.6275977653631284,0.0,0.6437831527638397,0.736303317535545,0.33982201141193324,0.06655455333027571,0.5723948811700182,1.0,0,train
0.2671800947867299,0.2808988764044944,0.0531984376544248,0.05319905744268822,0.0019062841870123744,0.004594620465205322,0.0015426147319706903,0.003558055084027799,0.6551724137931034,0.5302325581395348,0.24162257495590822,1,0,0.11538461538461542,0.6644895498392284,0.5497404386057846,0.7217908641726328,0.03187892448881017,0.5738636363636362,0.691731843575419,0.0,0.44358654023388694,0.4403412322274882,0.3104703313217649,0.35402333995821234,0.6734917733089579,0.8699205448354144,0,train
0.31635071090047395,0.31933767001774105,0.058984937692282836,0.05898491892576142,0.0004978611622437816,0.0017229826744519958,0.0006611205994160101,0.0008947332640621771,0.6354679802955665,0.5162790697674418,0.24162257495590822,1,0,0.11538461538461542,0.7867765273311897,0.4815128721262846,0.8448119390944842,0.010626308162936724,0.5434253246753247,1.0,1.0,0.3258647879247138,0.2807203791469195,0.2615586916195083,0.573052030780207,0.6475929311395491,0.1566401816118048,0,train
0.30509478672985785,0.31460674157303375,0.06504481754197346,0.06504423839435032,0.00047165794317831946,0.002297310232602661,0.0004958404495620075,0.0008822237352521283,0.6354679802955665,0.5302325581395348,0.24162257495590822,1,0,0.11538461538461542,0.758741961414791,0.46551541476851366,0.2666128869617828,0.023506681693769113,0.8438514610389609,0.553072625698324,0.0,0.3211747598664673,0.39484360189573464,0.18273181956935214,0.1239871579269225,0.673308957952468,0.14097616345062428,0,val
0.20971563981042657,0.2732111176818451,0.07051304278020584,0.07051937360981053,0.0394161922792215,0.02000574327558151,0.006501019227590766,0.04668866733315136,0.07881773399014778,0.4093023255813954,0.24162257495590822,1,0,0.11538461538461542,0.5216036977491961,0.459052865769679,0.8304930926691539,0.13089679600708418,0.5287134740259739,0.7652513966480448,0.0,0.7124132140004505,0.6643033175355452,0.46331039988728956,0.4089588747897875,0.42760511882998176,1.0,0,test
0.025473933649289102,0.029568302779420463,0.09622686325796556,0.096226468500046,0.0005306151860756094,0.0011486551163013307,0.0004958404495620075,0.0007938805800694392,0.4975369458128079,0.4186046511627907,0.746031746031746,1,0,0.11538461538461542,0.052351286173633445,0.24525903167708446,0.747907633356862,0.009338270809853486,0.8550121753246752,0.8882681564245811,0.0,0.3313945153296332,0.29505213270142183,0.2240589851363092,0.36722213728787645,0.5414990859232176,0.10896708286038592,0,train
0.5195497630331753,0.5221762270845655,0.09793829793273126,0.09793797897408439,0.00045855633364558836,0.001052933856609553,0.0004958404495620075,0.0007149411396474073,0.47783251231527096,0.4465116279069768,0.746031746031746,1,0,0.11538461538461542,0.9280546623794212,0.3660345375569446,0.908339215488555,0.008372242795041056,0.8438514610389609,1.0,0.0,0.3187375837139288,0.2807203791469195,0.23481344072134688,0.4483004637415278,0.5638025594149909,0.111577752553916,0,train
0.2808056872037915,0.2844470727380249,0.10577730875226607,0.10577713410055675,0.0004651071384119539,0.0011486551163013307,0.0006060272161313426,0.0006031318338693164,0.4236453201970443,0.37674418604651166,0.7495590828924161,1,0,0.11538461538461542,0.5765675241157556,0.5224070346435004,1.0,0.009338270809853486,0.8550121753246752,1.0,0.5,0.3199664120261331,0.29505213270142183,0.25341066522647754,0.4946236559139785,0.4715417428397319,0.15811577752553915,0,test
0.6522511848341233,0.6570076877587228,0.10781983413385578,0.10782114998596543,0.0018080221155168912,0.0028716377907533263,0.0017629882651093603,0.002033186658389097,0.33497536945812806,0.30697674418604654,0.7530864197530867,1,0,0.11538461538461542,0.653637459807074,0.42610446021824344,0.47958051830190584,0.012236354854290771,0.46103896103896097,0.9322905027932962,1.0,0.4388965121756406,0.3317914691943128,0.3502007654918168,0.7576313509657036,0.4071907373552712,0.7132803632236094,0,train
0.9259478672985783,0.9355410999408635,0.10943731169756596,0.10943658062725507,0.0005109627717765127,0.0022015889729108833,0.0005509338328466751,0.0007199449511714268,0.47783251231527096,0.372093023255814,0.7495590828924161,1,0,0.11538461538461542,0.07907958199356914,0.3531094395592753,0.20167389331451044,0.020930606987602636,0.9594155844155843,0.39050279329608933,0.0,0.3281176398304217,0.4091753554502371,0.16413459506422146,0.09116852672883863,0.5108470444850701,0.12463110102156641,0,train
0.17772511848341233,0.18154937906564164,0.11191109628764052,0.11191106875840798,0.0005306151860756094,0.0012443763759931081,0.0007162139827006776,0.000837361976760919,0.4975369458128079,0.45116279069767445,0.7495590828924161,1,0,0.11538461538461542,0.36495176848874605,0.535967793198432,0.8559040032267823,0.009338270809853486,0.797077922077922,1.0,1.0,0.3313945153296332,0.29505213270142183,0.26911968441073564,0.5674463639606584,0.5703839122486289,0.19421112372304203,0,train
0.060426540284360196,0.06741573033707865,0.11322625996682488,0.11322882489332545,0.002666177539910778,0.0060304393605819856,0.0028648559308027104,0.004077502483788514,0.5073891625615764,0.441860465116279,0.7530864197530867,1,0,0.11538461538461542,0.12389469453376208,0.5171098633329801,0.35635776948674,0.014168410883915631,0.25071022727272724,0.8735195530726256,1.0,0.4732422635017511,0.3524170616113744,0.3926315542301641,0.8199052132701421,0.552407068860451,0.9600454029511918,0,train
0.08175355450236968,0.08633944411590774,0.13576574534446445,0.13576559980312283,0.0006550804766365548,0.0012443763759931081,0.0006611205994160101,0.0009149210553832213,0.46798029556650245,0.37674418604651166,0.746031746031746,1,0,0.11538461538461542,0.16810691318327975,0.4200656849242505,1.0,0.010304298824665915,0.864752435064935,1.0,0.5,0.34972453765334754,0.3082085308056872,0.2615586916195083,0.4946236559139785,0.5059719683120049,0.1956867196367764,0,train
0.3483412322274882,0.3494973388527499,0.1372203114988801,0.137219849055595,0.000347192652617374,0.0007657700775342204,0.00044074706627734013,0.0005170317666111877,0.4729064039408867,0.4186046511627907,0.746031746031746,1,0,0.11538461538461542,0.716137459807074,0.250132429282763,0.8879701522637895,0.005474158750603766,0.797077922077922,1.0,1.0,0.29479591209781475,0.22828436018957346,0.2240589851363092,0.5512408907914182,0.5397318708104815,0.06617480136208856,0,train
0.2778436018957346,0.2879952690715553,0.3046389102421821,0.3046388003701668,0.0010022731292539289,0.0024887527519862162,0.0008814941325546802,0.0014549013369149122,0.45320197044334976,0.42790697674418604,0.746031746031746,1,0,0.11538461538461542,0.571241961414791,0.6394745206059964,0.7369164061712211,0.019964578972790206,0.8187905844155844,1.0,0.0,0.3869375550412682,0.4021611374407583,0.2889379388076173,0.3616674310757784,0.5249847653869592,0.5956867196367764,0,train
0.7701421800947867,0.7705499704316973,0.3120915568410251,0.3120908842882741,0.0003602942621501051,0.000861491337225998,0.0004958404495620075,0.0005302314763211012,0.47783251231527096,0.41395348837209306,0.746031746031746,1,0,0.11538461538461542,0.4165996784565917,0.30458735035491047,0.7983261066854896,0.005474158750603766,0.7233157467532466,1.0,1.0,0.2979703852376759,0.22828436018957346,0.23481344072134688,0.5965448708148602,0.5335161486898233,0.07514188422247448,0,train
0.48755924170616116,0.48787699586043765,0.013353860799906027,0.013353917376061342,0.00047165794317831946,0.0009572125969177757,0.0006611205994160101,0.0005441213669308795,0.37438423645320196,0.3023255813953489,0.7495590828924161,1,0,0.23076923076923078,1.0,0.197902320161034,0.5346374911767672,0.004347126066655931,0.5772118506493507,1.0,1.0,0.3211747598664673,0.20629383886255923,0.2615586916195083,0.7298068592977629,0.4212065813528337,0.08796821793416573,0,train
0.7802132701421801,0.7817859254878771,0.0169279264042991,0.016928606079761988,0.0009367650815902734,0.0013400976356848858,0.0011018676656933504,0.0011287908617288135,0.33004926108374383,0.37674418604651166,0.746031746031746,1,0,0.23076923076923078,0.3933882636655949,0.32789490412119926,0.4718160734092972,0.007406214780228625,0.6195211038961038,1.0,1.0,0.3810186986708174,0.2650236966824645,0.3104703313217649,0.7615553177393874,0.4371115173674589,0.26322360953461976,0,train
0.6321090047393365,0.6339444115907747,0.034906835824061656,0.034906699563395,0.0005240643813092438,0.0011486551163013307,0.0005509338328466751,0.0007104549637982864,0.4433497536945813,0.36744186046511623,0.8553791887125222,1,0,0.23076923076923078,0.7453778135048232,0.2697319631316877,0.908339215488555,0.00692320077282241,0.7101258116883117,1.0,1.0,0.3303090503205194,0.2650236966824645,0.24453471716721067,0.5409468480864292,0.4919561243144424,0.111577752553916,0,train
0.821090047393365,0.8255470136014194,0.10162605557276136,0.10162549464995727,0.00033409104308464296,0.0017229826744519958,0.0006060272161313426,0.0005438625490934302,0.5566502463054187,0.4837209302325582,0.8518518518518521,1,0,0.23076923076923078,0.3631430868167203,0.5246318465939188,0.462236563476858,0.01175334084688456,0.7463474025974025,0.534413407821229,0.0,0.29149855612673314,0.3317914691943128,0.19844083875361024,0.22285073638077768,0.5880560633759903,0.10510783200908061,0,val
0.6883886255924171,0.6913069189828505,0.14847912528524237,0.14847895875250322,0.0004520055288792228,0.0018187039341437735,0.000771307365985345,0.0008363267054111219,0.645320197044335,0.5302325581395348,0.24162257495590822,1,0,0.3076923076923077,0.279943729903537,0.5772857294204895,0.9224563880205707,0.01175334084688456,0.565137987012987,0.8510614525139664,1.0,0.31750875540172446,0.29505213270142183,0.2615586916195083,0.5338123630433674,0.6661182205971968,0.17582292849035183,0,train
0.5752369668246446,0.576581904198699,0.051323698444376877,0.0513236137024623,0.0004978611622437816,0.001052933856609553,0.0006060272161313426,0.0007072628771364118,0.43842364532019706,0.42790697674418604,0.7495590828924161,1,0,0.15384615384615385,0.817524115755627,0.2943108380125013,0.747907633356862,0.006440186765416195,0.6878043831168831,1.0,1.0,0.3258647879247138,0.24765876777251186,0.25341066522647754,0.6220251745400805,0.5149299207800122,0.10896708286038592,0,train
0.9289099526066351,0.9302188054405678,0.05438481326004521,0.054384644838775364,0.0005699200146738027,0.0009572125969177757,0.0005509338328466751,0.0006852633609532227,0.3842364532019705,0.30697674418604654,0.7495590828924161,1,0,0.15384615384615385,0.09003215434083602,0.20224600063566053,0.908339215488555,0.007245210111093221,0.830864448051948,1.0,1.0,0.337600098306265,0.2650236966824645,0.24453471716721067,0.5409468480864292,0.43759902498476544,0.111577752553916,0,val
0.4514218009478673,0.45476049674748675,0.1189297317960849,0.11892984992833326,0.0009629683006557356,0.0013400976356848858,0.0008264007492700126,0.001377514803517576,0.46798029556650245,0.4093023255813954,0.7566137566137567,1,0,0.15384615384615385,0.9247387459807075,0.23731327471130417,0.747907633356862,0.00917726614071808,0.7463474025974025,1.0,1.0,0.3834353943514859,0.29505213270142183,0.28273886397257375,0.6220251745400805,0.5174893357708714,0.23280363223609532,0,test
0.012440758293838863,0.04080425783560024,0.42147917741374835,0.4214817051261185,0.005122729327297858,0.006126160620273763,0.002919949314087378,0.007101530096545955,0.33004926108374383,0.4465116279069768,0.742504409171076,1,0,0.15384615384615385,0.02562299035369775,0.7637461595507998,1.0,0.049428433424569304,0.8001217532467532,0.9793296089385475,0.5,0.5311200770065742,0.5396398104265403,0.4048888158358184,0.4946236559139785,0.5007312614259598,1.0,0,test
0.6889810426540285,0.6895328208160852,0.15799584056979993,0.15799518657335443,0.0003275402383182774,0.0005743275581506654,0.0003305602997080051,0.0005213453972353424,0.5123152709359606,0.48837209302325585,0.693121693121693,1,0,0.11538461538461542,0.5569734726688104,0.07564360631422822,0.873953816678431,0.005474158750603766,0.9999999999999999,1.0,0.0,0.28979867696151723,0.22828436018957346,0.19844083875361024,0.4309228966009275,0.5755027422303474,0.04903518728717368,0,train
0.19609004739336494,0.20224719101123598,0.1627818349690126,0.16278140894548845,0.0005633692099074371,0.0014358188953766634,0.0005509338328466751,0.000885588367138969,0.5467980295566502,0.441860465116279,0.8201058201058204,1,0,0.11538461538461542,0.3931872990353698,0.4767454179468164,0.6218614500352929,0.012880373530832392,0.9403409090909091,0.8984357541899441,0.0,0.33659655518463144,0.3424075829383887,0.23481344072134688,0.3035213779748255,0.5681901279707495,0.181838819523269,0,train
0.273696682464455,0.27616794795978716,0.8147838015424534,0.814783399732203,0.000969519105422101,0.0014358188953766634,0.001267147815547353,0.0015113236254788562,0.5172413793103449,0.441860465116279,0.23456790123456805,0,1,0.0,0.6826768488745981,0.39728784828901365,0.41181809014823034,0.009499275478988888,0.5821834415584415,1.0,1.0,0.38402932803571793,0.2650236966824645,0.324089510883603,0.7918768791723998,0.563254113345521,0.3163450624290579,0,test
0.4668246445497631,0.4701360141927854,0.8179115119004348,0.8179101614251265,0.0007074869147674791,0.001052933856609553,0.0006060272161313426,0.0010399300708712257,0.49261083743842365,0.40465116279069774,0.23456790123456805,0,1,0.0,0.8274718649517685,0.250132429282763,1.0,0.01175334084688456,0.9219764610389609,1.0,0.5,0.3564421324267311,0.29505213270142183,0.25341066522647754,0.4946236559139785,0.5318708104814138,0.15811577752553915,0,train
0.2796208530805687,0.2797161442933176,0.8203473205200994,0.8203458873978956,0.0002620321906546219,0.0007657700775342204,0.0006060272161313426,0.0004096223640697345,0.5517241379310345,0.4093023255813954,0.23456790123456805,0,1,0.0,0.6974477491961416,0.38521029770102766,0.5415952404961177,0.004669135404926743,0.5941558441558441,0.9069273743016759,1.0,0.2708132795379606,0.18092890995260666,0.24453471716721067,0.7262396167762319,0.5658744667885436,0.059591373439273565,0,test
0.5053317535545024,0.5062093435836783,0.82940093339117,0.829399406695239,0.00041925150504739506,0.0005743275581506654,0.0004958404495620075,0.0006345350648131628,0.47783251231527096,0.45116279069767445,0.23456790123456805,0,1,0.0,0.73733922829582,0.18540099586820638,0.7983261066854896,0.007084205441957815,0.9999999999999999,1.0,1.0,0.3109959653470416,0.22828436018957346,0.23481344072134688,0.5965448708148602,0.5478976234003656,0.07514188422247448,0,test
0.509478672985782,0.5091661738616204,0.8348588587285252,0.8348574802710049,0.00030788782401918076,0.0006700488178424428,0.0006611205994160101,0.00048804416881686774,0.5665024630541872,0.441860465116279,0.23456790123456805,0,1,0.0,0.7300040192926046,0.3383833033160293,0.49581526671372395,0.004669135404926743,0.661830357142857,0.9140782122905029,1.0,0.28451471521903865,0.18092890995260666,0.25341066522647754,0.7494266931661826,0.5732480195003047,0.06617480136208856,0,train
0.43068720379146924,0.4340626848018924,0.045657652209143966,0.04565977832448408,0.0018800809679469122,0.003158801569828659,0.002148641948102033,0.0025863666496307013,0.3694581280788177,0.40465116279069774,0.2592592592592595,0,1,0.0,0.9287580385852091,0.42154889289119607,0.2941413733992135,0.01159233617774915,0.33329951298701294,1.0,1.0,0.44235771192168266,0.29505213270142183,0.37619461337966986,0.8513479080670641,0.49731870810481416,0.7342792281498298,0,test
0.3039099526066351,0.31283264340626854,0.04826879501931389,0.04827264657481686,0.004290777121969434,0.004881784244280655,0.0033606963803647183,0.006296692894691164,0.3497536945812808,0.441860465116279,0.2592592592592595,0,1,0.0,0.7503014469453377,0.5248437334463397,0.33316527175557126,0.022218644340685875,0.38737824675324667,1.0,1.0,0.5154115550822291,0.3871848341232228,0.4208796111489422,0.8316261529837436,0.5300426569165143,0.9985244040862657,0,train
0.5894549763033176,0.589591957421644,0.004686533524329663,0.004686368536134902,0.00028168460495371856,0.0005743275581506654,0.0004958404495620075,0.0003711447789022742,0.458128078817734,0.37674418604651166,0.23104056437389797,0,1,0.34615384615384615,0.5268287781350482,0.3783239749973514,0.6974891600282342,0.0059571727580099805,0.8731737012987012,1.0,1.0,0.27693694062711205,0.20629383886255923,0.23481344072134688,0.6475054782653009,0.4809262644728824,0.06390465380249719,0,train
0.2482227488151659,0.24778237729154348,0.006630227032616641,0.006629822959935024,0.0001506685096264076,0.0004786062984588878,0.0003305602997080051,0.0002006700966356787,0.4876847290640394,0.33953488372093027,0.23456790123456805,0,1,0.34615384615384615,0.6191720257234726,0.3026803686831232,0.7119088434002219,0.0035421027209789077,0.7101258116883117,1.0,1.0,0.22465029594281855,0.15090047393364928,0.19844083875361024,0.6402181113998879,0.4898842169408897,0.028490351872871744,0,val
0.24170616113744078,0.24305144884683622,0.07383535050208871,0.07383546446579378,0.0005175135765428783,0.000861491337225998,0.000771307365985345,0.0007947433061942701,0.5270935960591133,0.4093023255813954,0.23456790123456805,0,1,0.34615384615384615,0.6028938906752411,0.3443161351838119,0.5293939699505898,0.007084205441957815,0.7233157467532466,1.0,1.0,0.3292235853114056,0.22828436018957346,0.27616408763237604,0.7324568108851858,0.5554539914686167,0.12463110102156641,0,train
0.1949052132701422,0.19574216439976347,0.10318385661154174,0.1031837648670175,0.00043235311458012616,0.000861491337225998,0.0006611205994160101,0.0006212490824907663,0.47783251231527096,0.40465116279069774,0.23456790123456805,0,1,0.34615384615384615,0.4861334405144695,0.26782498145990047,0.5346374911767672,0.0059571727580099805,0.6310876623376622,1.0,1.0,0.313658426690151,0.20629383886255923,0.2615586916195083,0.7298068592977629,0.5209628275441804,0.08796821793416573,0,train
0.2683649289099526,0.27557658190419876,0.10921134287984756,0.10921249918426493,0.0023844929349570595,0.0030630803101368816,0.0015426147319706903,0.0032056314620343565,0.39408866995073893,0.441860465116279,0.23456790123456805,0,1,0.34615384615384615,0.6694131832797429,0.3165589575166861,0.617525461329031,0.018837546288842374,0.5225243506493505,1.0,1.0,0.46337067606037646,0.36181990521327023,0.34339117571089767,0.6879172399735005,0.48592321755027423,0.7869466515323497,0,train
0.7245260663507109,0.7273802483737434,0.03534328429558388,0.03534393356496278,0.0012512037103758196,0.0016272614147602184,0.0011018676656933504,0.0016200271172075557,0.3251231527093596,0.4093023255813954,0.23456790123456805,0,1,0.0,0.18468649517684887,0.24801356075855494,0.5678128466270042,0.01175334084688456,0.6262175324675324,1.0,1.0,0.4064554447334467,0.29505213270142183,0.3104703313217649,0.7130408194465678,0.4686776355880561,0.3382519863791146,0,train
0.25947867298578203,0.26611472501478417,0.048830650680906,0.04883237843188592,0.0027054823685089715,0.002584474011677994,0.0019833617982480305,0.003928250864192759,0.4039408866995074,0.4186046511627907,0.23456790123456805,0,1,0.0,0.6472065916398714,0.32047886428647104,0.4813955833417365,0.017710513604894538,0.5801542207792207,0.9395530726256982,1.0,0.4745530137014357,0.3524170616113744,0.36257543381783175,0.7567140600315956,0.524558196221816,0.8587968217934167,0,test
0.6368483412322276,0.6380839739798936,0.0298147535308414,0.029814468427710933,0.00034064184785100846,0.0009572125969177757,0.0004958404495620075,0.0005507643580920777,0.5615763546798029,0.4465116279069768,0.24514991181657875,0,1,0.5576923076923077,0.4148914790996785,0.3531094395592753,1.0,0.00821123812590565,0.7463474025974025,0.8882681564245811,0.5,0.293157474348209,0.24765876777251186,0.2240589851363092,0.4946236559139785,0.5842169408897014,0.07627695800227016,0,test
0.6356635071090048,0.6345357776463632,0.028777765800539354,0.0287783472853516,0.0004651071384119539,0.0012443763759931081,0.0010467742824086827,0.0007407366507798527,0.541871921182266,0.45116279069767445,0.2275132275132279,0,1,0.5192307692307693,0.4119774919614148,0.28604725076808984,0.24372290007058586,0.0035421027209789077,0.32355925324675316,1.0,1.0,0.3199664120261331,0.15090047393364928,0.30549228637847226,0.8768282117922845,0.5755636806825106,0.09886492622020432,0,train
0.17535545023696683,0.18036664695446483,0.13559748742173744,0.1355986001592944,0.0014542786581331515,0.0030630803101368816,0.0015977081152553578,0.0022435192876228824,0.5320197044334976,0.4186046511627907,0.8165784832451499,0,1,0.11538461538461542,0.3519895498392283,0.47494437970123954,0.47847131188867603,0.010948317501207533,0.4032061688311688,0.9627932960893855,1.0,0.41970631003338316,0.3204170616113744,0.34339117571089767,0.7581919176476584,0.5573430834856795,0.6212258796821793,0,train
0.5272511848341233,0.5552927261975164,0.15739821044332894,0.15739920856006837,0.0022469260348633832,0.008040585814109314,0.003030136080656713,0.003918760876819619,0.6059113300492611,0.4930232558139535,0.8236331569664905,0,1,0.11538461538461542,0.8897709003215434,0.8176713634918954,0.514470101845316,0.048945419417163086,0.622463474025974,0.441340782122905,0.0,0.45810719478976797,0.5427109004739337,0.33982201141193324,0.24924833104010602,0.6296160877513711,0.9996594778660612,0,test
0.5290284360189574,0.5334121821407452,0.25616427445571904,0.25616534537240365,0.0017097600440214079,0.0027759165310615487,0.0016528014985400254,0.002421672232400473,0.4236453201970443,0.41395348837209306,0.8165784832451499,0,1,0.11538461538461542,0.9310691318327975,0.4174170992689904,0.4470101845316124,0.010948317501207533,0.4435876623376623,1.0,1.0,0.4339811989268233,0.3204170616113744,0.3502007654918168,0.7740916271721958,0.5120048750761731,0.666855845629966,0,test
0.5325829383886256,0.5334121821407452,0.25761042771399834,0.25761023824181767,0.00043235311458012616,0.0009572125969177757,0.000771307365985345,0.0006544640382967578,0.5270935960591133,0.4186046511627907,0.8201058201058204,0,1,0.11538461538461542,0.9323754019292605,0.459052865769679,0.5293939699505898,0.005152149412332957,0.661830357142857,1.0,1.0,0.313658426690151,0.22828436018957346,0.27616408763237604,0.7324568108851858,0.547958561852529,0.12463110102156641,0,val
0.7896919431279621,0.7936132465996453,0.11244158049541579,0.11244139484015131,0.0007795457671975002,0.0014358188953766634,0.0006060272161313426,0.0010042132093032244,0.33004926108374383,0.4093023255813954,0.2275132275132279,0,1,0.0,0.013364147909967846,0.2964297065367094,0.8559040032267823,0.014168410883915631,0.8209212662337662,1.0,0.0,0.3649210477809409,0.3204170616113744,0.25341066522647754,0.4218009478672986,0.4671541742839732,0.19421112372304203,0,train
0.20142180094786732,0.205204021289178,0.044585912141531014,0.04458575989948571,0.0006616312814029204,0.0011486551163013307,0.0005509338328466751,0.0009735864318717257,0.4187192118226601,0.4465116279069768,0.8236331569664905,1,0,0.15384615384615385,0.4033360128617363,0.23275770738425683,0.9160028234345063,0.009016261471582673,0.8550121753246752,1.0,0.0,0.3505847174718906,0.29505213270142183,0.24453471716721067,0.4521734699077613,0.5324801950030469,0.14097616345062428,0,test
0.5325829383886256,0.5328208160851567,0.0659032474486713,0.06590416075995846,0.0008974602529920801,0.0011486551163013307,0.0013222411988320203,0.0014099533058112197,0.5320197044334976,0.4465116279069768,0.2275132275132279,0,1,0.0,0.6669011254019293,0.21792562771480029,0.27397398406776247,0.0059571727580099805,0.49269480519480513,1.0,1.0,0.37725029184672415,0.20629383886255923,0.3282457087843708,0.8615400295571523,0.5676416819012797,0.2052213393870602,0,train
0.37500000000000006,0.3761088113542283,0.026293838559982654,0.02629489589647909,0.0008974602529920801,0.001052933856609553,0.0013773345821166878,0.0009002547112610951,0.30049261083743845,0.2651162790697675,0.23809523809523814,1,0,0.6153846153846154,0.9339831189710611,0.3514143447399089,0.3019058182918221,0.007084205441957815,0.609780844155844,1.0,1.0,0.37725029184672415,0.22828436018957346,0.33226101862070584,0.8474239412933802,0.36526508226691046,0.2598183881952326,0,train
0.7565165876777252,0.759905381431106,0.03063953185299384,0.03063987438859182,0.0010415779578521222,0.0014358188953766634,0.0008814941325546802,0.000996707492017195,0.2019704433497537,0.26976744186046514,0.24162257495590822,1,0,0.6153846153846154,0.10902331189710611,0.2876364021612459,0.7627306645154786,0.012880373530832392,0.7612621753246753,1.0,1.0,0.39031683289983,0.3082085308056872,0.2889379388076173,0.6145339652448657,0.34832419256550884,0.2824063564131669,0,train
0.6001184834123223,0.6073329390892963,0.27880573671456277,0.2788051977459765,0.001087433591216681,0.0016272614147602184,0.0005509338328466751,0.0013378294017753524,0.30049261083743845,0.40465116279069774,0.23456790123456805,1,0,0.6153846153846154,0.4846262057877814,0.20786100222481196,0.5753756176262982,0.020125583641925612,0.9999999999999999,1.0,0.0,0.3941057201957933,0.37069194312796205,0.24453471716721067,0.28002853794017224,0.445825716026813,0.2615209988649262,0,train
0.6178909952606636,0.6510940272028386,0.3268417225239726,0.3268424408680522,0.006406687061505506,0.007466258255958648,0.002479202247810038,0.007980216654686276,0.11822660098522167,0.4465116279069768,0.2275132275132279,1,0,0.6153846153846154,0.37047829581993574,0.4708125860790338,0.43974992437229005,0.0724521011109322,0.7843952922077921,0.5627932960893856,0.0,0.5509656542486738,0.5680758293838863,0.33982201141193324,0.21148652091932935,0.44990859232175506,0.9998864926220203,0,test
0.34893364928909953,0.35245416913069194,0.3298496867061066,0.3298497710831153,0.000969519105422101,0.0016272614147602184,0.0010467742824086827,0.0013273041430524148,0.39901477832512317,0.41395348837209306,0.2275132275132279,1,0,0.6153846153846154,0.8728898713826367,0.39728784828901365,0.5966522133709791,0.01175334084688456,0.6262175324675324,1.0,1.0,0.38402932803571793,0.29505213270142183,0.30549228637847226,0.6984660857157418,0.495551492992078,0.3163450624290579,0,train
0.4573459715639811,0.5919574216439977,0.3386574385844822,0.3386808600638907,0.1298107472502997,0.08643629750167513,0.03206434907167649,0.16962567348714935,0.22660098522167488,0.4558139534883721,0.23104056437389797,1,0,0.6153846153846154,0.5209003215434084,0.7763534272698379,0.7360088736513059,0.2749959748832716,0.24776785714285712,0.49016759776536306,1.0,0.8184201363999427,0.7841516587677727,0.5872918965881607,0.6280385262192325,0.47172455819622183,1.0,0,train
0.37322274881516593,0.3808397397989356,0.39380334375667575,0.3938041087887887,0.0016180487772922904,0.0028716377907533263,0.0016528014985400254,0.001466634412212613,0.2413793103448276,0.23255813953488375,0.2275132275132279,1,0,0.6153846153846154,0.9336816720257236,0.5966733764169934,0.630230916607845,0.020125583641925612,0.5878652597402597,0.9639106145251397,1.0,0.42910684662174614,0.37069194312796205,0.3468429332895015,0.6814962034347449,0.3291285801340646,0.8368898978433598,0,train
0.28613744075829384,0.2998225901833235,0.3973394333906589,0.3973390132082251,0.0013363641723385718,0.003733129127979324,0.0011018676656933504,0.0021508625018160383,0.5123152709359606,0.4930232558139535,0.7142857142857144,1,0,0.6153846153846154,0.5947548231511254,0.5576861955715647,0.5131592215387718,0.026243761069070996,0.7030235389610389,0.6807821229050279,0.0,0.412251418272677,0.4403412322274882,0.27616408763237604,0.24858584314325027,0.5812918951858623,0.6684449489216799,0,test
0.417654028436019,0.4269662921348315,0.39824417353870545,0.398244380862973,0.0018342253345823535,0.0034459653489039917,0.0014324279654013552,0.0026309695902844614,0.3793103448275862,0.41395348837209306,0.2275132275132279,1,0,0.6153846153846154,0.9321744372990354,0.46901154783345694,0.956135928204094,0.02366768636290452,0.5727475649350648,0.8344134078212291,1.0,0.440166301431585,0.39484360189573464,0.319745462230258,0.5167915201549202,0.5184034125533211,0.7678774120317821,0,test
0.1877962085308057,0.19633353045535187,0.39908451964997005,0.3990851187120585,0.0013363641723385718,0.0023930314922944386,0.0014875213486860229,0.0019181852659491316,0.46798029556650245,0.4186046511627907,0.6825396825396828,1,0,0.6153846153846154,0.3946945337620579,0.6696683970759615,0.7119088434002219,0.017549508935759132,0.7369115259740259,1.0,1.0,0.412251418272677,0.37914691943127965,0.33982201141193324,0.6402181113998879,0.518951858622791,0.8273552780930761,0,train
0.5017772511848342,0.5008870490833827,0.13229153374094207,0.13229548243948425,0.0016245995820586558,0.0013400976356848858,0.0035259765302187206,0.0024646359934170545,0.5221674876847291,0.4093023255813954,0.22222222222222232,0,1,0.11538461538461542,0.7441720257234727,0.24451742769361162,0.06917414540687708,0.0035421027209789077,0.3024553571428571,1.0,1.0,0.4294550146435374,0.15090047393364928,0.42569328668372974,0.9650410232889977,0.5481413772090189,0.4753688989784336,0,test
0.013625592417061613,0.015966883500887052,0.13692609600970046,0.13692752105382752,0.001100535200749412,0.0024887527519862162,0.0017629882651093603,0.0013744952620806676,0.41379310344827586,0.3348837209302326,0.1869488536155206,0,1,0.0,0.034666398713826374,0.45301409047568597,0.2666128869617828,0.008533247464176458,0.3114853896103896,1.0,1.0,0.39515022426116697,0.24765876777251186,0.35656420973536523,0.8652601539010345,0.4525289457647776,0.4225879682179342,0,val
0.24466824644549764,0.2489651094027203,0.21393609611269945,0.21393566425209085,0.0004520055288792228,0.001052933856609553,0.0005509338328466751,0.0006051161039564275,0.41379310344827586,0.37674418604651166,0.6984126984126986,1,0,0.23076923076923078,0.5113545016077171,0.5334251509693823,0.8448119390944842,0.010465303493801318,0.9999999999999999,1.0,0.0,0.31750875540172446,0.3082085308056872,0.24453471716721067,0.4161952810477501,0.48641072516758077,0.1566401816118048,0,train
0.28672985781990523,0.3252513305736251,0.11474364765407176,0.11474676045064744,0.008116447105526914,0.017325548004211738,0.005564431711751418,0.001892907390491585,0.0,0.0,0.746031746031746,1,0,0.11153846153846153,0.5895297427652734,0.7164953914609599,0.7585963497025311,0.06681693769119303,0.37905844155844154,0.47418994413407817,0.0,0.5719786183873676,0.5877914691943128,0.4067908047056613,0.3726239616776232,0.08446069469835471,1.0,0,train
0.13803317535545026,0.15020697811945594,0.11605370069541628,0.11605288007554297,0.00037994667644920176,0.002297310232602661,0.00016528014985400254,0.0005860498565976636,0.5467980295566502,0.4186046511627907,0.7530864197530867,1,0,0.11153846153846153,0.28305868167202575,0.4482466362962178,0.1468185943329636,0.022862663017227492,0.9999999999999999,1.0,0.0,0.30251704999283185,0.4223696682464456,0.14138117265832295,0.06344595627579885,0.5581962218159658,0.10385925085130532,0,train
0.05864928909952607,0.06209343583678297,0.12150769477289464,0.1215073368981939,0.0004127007002810295,0.0012443763759931081,0.0005509338328466751,0.0005989907484701278,0.5024630541871922,0.40465116279069774,0.742504409171076,1,0,0.11153846153846153,0.12067926045016078,0.4334145566267613,0.908339215488555,0.008372242795041056,0.729403409090909,0.8984357541899441,0.0,0.30964425420361685,0.2807203791469195,0.23481344072134688,0.4483004637415278,0.5261425959780621,0.111577752553916,0,test
0.31694312796208535,0.3388527498521585,0.011229722463273972,0.011229861171717936,0.001722861653554139,0.006891930697807983,0.002479202247810038,0.002752355156048176,0.5615763546798029,0.45116279069767445,0.8201058201058204,0,1,0.11538461538461542,0.6354501607717041,0.5930712999258396,0.31995563174347086,0.03848011592336177,0.5749797077922076,0.22268156424581004,0.0,0.4346365740266656,0.5052132701421801,0.26911968441073564,0.1509453192682057,0.5769652650822669,0.8644721906923951,0,train
0.036137440758293844,0.05558840922531047,0.3735299938224182,0.3735401487114531,0.012891983780207398,0.019910022015889733,0.009916808991240152,0.002480510154113944,0.0,0.009302325581395376,0.2098765432098766,1,0,0.23076923076923078,0.09103697749196142,0.6908570823180422,0.24876474740344864,0.04298824665915311,0.16903409090909088,0.8024581005586593,1.0,0.6130829254306019,0.48485308056872045,0.5102965693756311,0.8742801814197625,0.06940889701401587,1.0,0,test
0.6315165876777251,0.6363098758131284,0.759843737137409,0.7598447626663019,0.0015263375105631727,0.003924571647362879,0.0024241088645253705,0.002319439186608006,0.5221674876847291,0.4186046511627907,0.23809523809523814,0,1,0.0,0.41459003215434087,0.6546244305540841,0.3605929212463447,0.015295443567863463,0.33928571428571425,0.9006703910614526,1.0,0.4239662481823582,0.3317914691943128,0.37870711719538824,0.8178158283646741,0.5490554539914686,0.874460839954597,0,train
0.09063981042654029,0.09343583678296866,0.001715208684247418,0.0017154417274241876,0.0005830216242065338,0.0013400976356848858,0.0008264007492700126,0.0008290798059625419,0.5073891625615764,0.37674418604651166,0.24162257495590822,0,1,0.0,0.22538183279742766,0.4166754952855175,0.6639104567913683,0.009338270809853486,0.6195211038961038,0.9301675977653632,1.0,0.3395662236057919,0.2650236966824645,0.27616408763237604,0.6644753605462977,0.5151736745886655,0.16685584562996594,0,train
0.019549763033175356,0.05381431105854525,0.004194182537359352,0.004215561630652454,0.019914446489751266,0.018761366899588402,0.015591427469560905,0.022628702346028408,0.3448275862068966,0.30697674418604654,0.23456790123456805,0,1,0.6153846153846154,0.048733922829582,0.8793304375463502,0.21528688111323988,0.07213009177266139,0.3082386363636363,1.0,1.0,0.6517295758494276,0.5680758293838863,0.5760678141216803,0.8911991030933089,0.410237659963437,1.0,0,train
0.03317535545023697,0.05026611472501479,0.01307993061169067,0.013092017275499879,0.017615114016756958,0.019335694457739066,0.011459423723210842,0.02371487453719057,0.43842364532019706,0.40465116279069774,0.2275132275132279,0,1,0.6153846153846154,0.08299839228295822,0.5542960059328319,0.1981446001815065,0.03799710191595556,0.1545251623376623,0.770167597765363,1.0,0.6408134843426793,0.4665402843601897,0.5213093197454622,0.8998624063598839,0.4861060329067642,1.0,0,train
0.030213270142180098,0.04198698994677706,0.014095610913460468,0.014102506645783849,0.007363104557394876,0.00823202833349287,0.006280645694452095,0.010213038138361255,0.458128078817734,0.3813953488372093,0.23456790123456805,0,1,0.6153846153846154,0.07536173633440514,0.5822650704523784,0.24372290007058586,0.027209789083883426,0.27364042207792205,0.8543016759776536,1.0,0.5633153787863272,0.4158862559241706,0.46962688144269377,0.8768282117922845,0.5009140767824497,1.0,0,train
0.02962085308056872,0.03311649911295092,0.019855063883366126,0.019854716599874672,0.00032098943355191186,0.0012443763759931081,0.0006611205994160101,0.0005249688469596324,0.5763546798029556,0.45116279069767445,0.23104056437389797,0,1,0.6153846153846154,0.07395498392282958,0.4454921072147473,0.7250176464656649,0.010626308162936724,0.729403409090909,0.5702793296089386,0.0,0.2880783173244312,0.2807203791469195,0.21206001831544838,0.3556540793966264,0.5906764168190128,0.08444948921679907,0,test
0.043246445497630334,0.048492016558249564,0.020870822810333457,0.02087055247476332,0.0004389039193464917,0.0016272614147602184,0.0006611205994160101,0.0007387523806927415,0.5812807881773399,0.4837209302325582,0.23104056437389797,0,1,0.6153846153846154,0.10801848874598072,0.4792880601758661,0.6399112634869416,0.014168410883915631,0.7329545454545454,0.6562011173184357,0.0,0.31496917688983556,0.3204170616113744,0.2240589851363092,0.3126433267084544,0.6073735527117611,0.1326901248581158,0,test
0.029028436018957347,0.04553518628030752,0.024089188021073755,0.024098111504498535,0.018473269441150846,0.009572125969177754,0.0069417662938681055,0.023749901217858707,0.3891625615763547,0.40465116279069774,0.23456790123456805,0,1,0.6153846153846154,0.07244774919614148,0.3403962284140269,0.2557224967227993,0.03670906456287232,0.3136160714285714,0.991173184357542,1.0,0.6450529420197841,0.46161137440758304,0.493202150891117,0.8707638995056821,0.4641681901279707,1.0,0,test
0.02665876777251185,0.03370786516853933,0.02493456614498062,0.024934210474588773,0.00039304828598193286,0.002105867713219106,0.0007162139827006776,0.0006441113247987864,0.5763546798029556,0.45116279069767445,0.23456790123456805,0,1,0.6153846153846154,0.06651929260450161,0.5764381820108063,0.46616920439649095,0.017710513604894538,0.7040381493506493,0.5211173184357543,0.0,0.30544575747025215,0.3524170616113744,0.21206001831544838,0.22483820007134486,0.5918342474101158,0.14665153234960274,0,train
0.058056872037914695,0.09639266706091071,0.030570184428767105,0.030584994091326163,0.05262261468821445,0.017899875562362402,0.01173489063963418,0.06745690079098181,0.39408866995073893,0.45116279069767445,0.23456790123456805,0,1,0.6153846153846154,0.14479501607717044,0.45439135501642125,0.3428456186346678,0.08050233456770244,0.36120129870129863,0.9320670391061452,1.0,0.7381162061973907,0.5854407582938389,0.5408223166694062,0.8267339346685012,0.4627666057282145,1.0,0,train
0.05213270142180095,0.05972797161442934,0.035875341007309866,0.035874810022180126,0.00040614989551466396,0.0018187039341437735,0.00044074706627734013,0.0005489526332299328,0.4630541871921182,0.3813953488372093,0.23456790123456805,0,1,0.6153846153846154,0.130024115755627,0.43161351838118445,0.3277200766360795,0.018837546288842374,0.8550121753246752,0.6275977653631284,0.0,0.30827206258832207,0.36181990521327023,0.18273181956935214,0.15486928604188965,0.49122486288848266,0.10896708286038592,0,test
0.02251184834123223,0.03489059727971615,0.03933335582013983,0.03934618538690216,0.011516314779270632,0.01646405666698574,0.009861715607955485,0.015385685165010174,0.4285714285714286,0.40465116279069774,0.23456790123456805,0,1,0.6153846153846154,0.05616961414790997,0.651975844898824,0.14056670364021376,0.02833682176783126,0.1369724025974026,0.975195530726257,1.0,0.6030474942142666,0.4223696682464456,0.5272735811397844,0.9289609132140855,0.48238878732480195,1.0,0,train
0.011255924170616115,0.013601419278533413,0.00259211551236621,0.0026044553680871856,0.007651339967114959,0.009284962190102422,0.009531155308247479,0.005842122499517736,0.14285714285714285,0.26046511627906976,0.23809523809523814,0,1,0.6153846153846154,0.028034565916398718,0.24451742769361162,0.04527578904910759,0.00821123812590565,0.07761769480519479,0.9679329608938547,1.0,0.5667356175886292,0.24765876777251186,0.5231408645830887,0.9770677266473016,0.2758683729433272,0.9996594778660612,0,train
0.04265402843601896,0.08279124778237729,0.007180839290961113,0.007191677693832414,0.040313652532213584,0.022111610988800615,0.011569610489780177,0.04686319682820466,0.33990147783251234,0.3348837209302326,0.23809523809523814,0,1,0.6153846153846154,0.106209807073955,0.4638203199491472,0.482403952808309,0.08388343261954595,0.3032670454545454,0.6769832402234637,1.0,0.7144203002437176,0.5923412322274882,0.5109775283537229,0.7562044539570911,0.4196221815965875,1.0,0,train
0.12203791469194314,0.12714370195150798,0.01033583259248741,0.01033605140192427,0.0006681820861692859,0.002584474011677994,0.0009365875158393477,0.001012064017039186,0.5320197044334976,0.4093023255813954,0.23809523809523814,0,1,0.6153846153846154,0.3039590032154341,0.5348024155101176,0.9327417565796108,0.014168410883915631,0.47524350649350644,0.8137430167597766,1.0,0.35144489729043354,0.3204170616113744,0.27616408763237604,0.5286143810834225,0.547775746496039,0.26322360953461976,0,train
0.6226303317535545,0.6256652868125371,0.012713301315580391,0.012718469578781925,0.002698931563742606,0.005264669283047765,0.004242190512919398,0.0031360094637604987,0.3842364532019705,0.29767441860465116,0.23456790123456805,0,1,0.6153846153846154,0.4389067524115756,0.590846487975421,0.1468185943329636,0.01175334084688456,0.19896509740259738,1.0,1.0,0.47432772851086485,0.29505213270142183,0.4442905111888604,0.9258013555521581,0.4202315661182206,0.9836549375709422,0,train
0.3074644549763033,0.30928444707273806,0.0006142200431510809,0.0006153984050118762,0.0010350271530857565,0.001914425193835551,0.0015426147319706903,0.0010286283586359404,0.3448275862068966,0.22790697674418608,0.29453262786596124,0,1,0.6923076923076924,0.7481913183279744,0.36190274393473887,0.3277200766360795,0.008050233456770244,0.40046672077922074,0.9229050279329609,1.0,0.38976386015933806,0.24765876777251186,0.3361119590485359,0.8343780257860673,0.3615478366849482,0.32179341657207716,0,train
0.16883886255924171,0.1785925487876996,0.002310008303607112,0.0023149578687574643,0.0061315532613181525,0.009572125969177754,0.006115365544598093,0.00694529039533907,0.3694581280788177,0.26976744186046514,0.29100529100529116,0,1,0.6923076923076924,0.41147508038585207,0.45714588409789175,0.2873852979731774,0.0230236676863629,0.20424107142857142,0.6308379888268156,1.0,0.5470743645933602,0.39484360189573464,0.44029868269659755,0.8547622687662437,0.4092017062766606,0.9998864926220203,0,val
0.5159952606635071,0.5192193968066233,0.0058915433017661025,0.005895464827469082,0.002653075930378047,0.0038288503876711018,0.0034157897636493857,0.003276029913820562,0.41379310344827586,0.33023255813953495,0.29453262786596124,0,1,0.6923076923076924,0.7366358520900321,0.47992372073312856,0.18685086215589392,0.011431331508613748,0.2752637987012987,0.9822346368715082,1.0,0.47281217359247957,0.29505213270142183,0.4208796111489422,0.9056209550017836,0.4464351005484461,0.9432463110102156,0,train
0.32286729857819907,0.32761679479597877,0.0062981141982246585,0.0063027426782371315,0.003262300773650043,0.007753422035033982,0.004132003746350063,0.004209068217825233,0.4236453201970443,0.33953488372093027,0.29100529100529116,0,1,0.6923076923076924,0.7868770096463024,0.5265388282657061,0.1904809922355551,0.013846401545644819,0.1565543831168831,0.9264804469273744,1.0,0.49112171544432387,0.3204170616113744,0.4347101228074295,0.9037354125261172,0.46624009750152345,0.9888762769580022,0,train
0.12026066350710901,0.12714370195150798,0.007757948240875211,0.007759036182469912,0.001218449686543992,0.003924571647362879,0.001928268414963363,0.0014933789220823725,0.4236453201970443,0.29767441860465116,0.29100529100529116,0,1,0.6923076923076924,0.29310691318327975,0.6088568704311897,0.6510033276192397,0.017227499597488323,0.38656655844155835,0.689608938547486,1.0,0.4041206709402585,0.3524170616113744,0.33226101862070584,0.6710492789074046,0.44399756246191346,0.679228149829739,0,val
0.06753554502369669,0.07628622117090479,0.008542155961099081,0.008546073110305467,0.0034719265261737406,0.006987651957499761,0.00396672359649606,0.004676061869196226,0.4630541871921182,0.34418604651162793,0.29100529100529116,0,1,0.6923076923076924,0.16459003215434084,0.6049369636614048,0.31693052334375316,0.02076960231846723,0.25598620129870125,0.8316201117318436,1.0,0.4966309623773732,0.37914691943127965,0.4208796111489422,0.8398308107832646,0.48659354052407067,0.9978433598183882,0,train
0.12322274881516589,0.13187463039621528,0.010016142539306112,0.010022022881467207,0.00622326452804727,0.0073705369962668715,0.004903311112335408,0.007200139692614133,0.3793103448275862,0.30697674418604654,0.29453262786596124,0,1,0.6923076923076924,0.29983922829581994,0.47981777730691816,0.22345467379247755,0.020608597649331827,0.242288961038961,0.9627932960893855,1.0,0.5483851147930449,0.37914691943127965,0.45542066827905225,0.8870712938898232,0.4179159049360146,0.9998864926220203,0,train
0.07523696682464455,0.08397397989355411,0.011432496847719267,0.01144387860604045,0.009806554735249225,0.015889729108835075,0.009531155308247479,0.013454213916738646,0.4433497536945813,0.3813953488372093,0.29100529100529116,0,1,0.6923076923076924,0.18338022508038587,0.5536603453755694,0.120096803468791,0.02076960231846723,0.10622970779220778,0.8908379888268156,1.0,0.5887726053208266,0.37914691943127965,0.5156268344800056,0.939305916526525,0.4954296160877514,1.0,0,train
0.3080568720379147,0.31992903607332945,0.014162049205378372,0.014167450951717132,0.0065770079854310095,0.01129510864362975,0.0052338714120434135,0.010042390910869692,0.5123152709359606,0.4186046511627907,0.29100529100529116,0,1,0.6923076923076924,0.7507033762057879,0.5533425150969382,0.3153171321972371,0.027692803091289644,0.20525568181818182,0.8254748603351956,1.0,0.5533004280418621,0.4223696682464456,0.44814145161669056,0.8406461805024716,0.5513711151736745,1.0,0,test
0.26125592417061616,0.27025428740390306,0.016353490711101225,0.016360933090853624,0.008339174467583341,0.00899779841102709,0.006115365544598093,0.010802366354233275,0.41379310344827586,0.372093023255814,0.29453262786596124,0,1,0.6923076923076924,0.6357516077170419,0.4583112617862062,0.1895734597156398,0.021896635002415066,0.20738636363636362,0.9501675977653632,1.0,0.574374833596166,0.3871848341232228,0.4765303965999013,0.9041940579931713,0.46782449725776964,1.0,0,train
0.0859004739336493,0.09816676522767594,0.017828656667271296,0.017843723242906645,0.01304920309460017,0.02029290705465684,0.012065450939342186,0.02033963111901445,0.5123152709359606,0.4558139534883721,0.29453262786596124,0,1,0.6923076923076924,0.2090032154340836,0.6611929229791291,0.12019764041544824,0.027692803091289644,0.10866477272727271,0.9187709497206704,1.0,0.6141479099678456,0.4223696682464456,0.5423251226900228,0.939305916526525,0.5628275441803778,1.0,0,train
0.06694312796208532,0.08870490833826139,0.020227354193698994,0.020240922932494878,0.02158490170517448,0.0349382597874988,0.01482012010357556,0.03571703411322625,0.5566502463054187,0.4930232558139535,0.29453262786596124,0,1,0.6923076923076924,0.16288183279742766,0.6099163046932938,0.22053040233941718,0.0460473353727258,0.10146103896103895,0.6482681564245809,1.0,0.6588772605320826,0.5013459715639811,0.5323690328034376,0.888549151505886,0.5975015234613041,1.0,0,train
0.06694312796208532,0.08752217622708457,0.023894905157962346,0.023907760215558488,0.014929284062547083,0.03474681726811525,0.014709933337006225,0.024762224052735343,0.5566502463054187,0.4930232558139535,0.29453262786596124,0,1,0.6923076923076924,0.16288183279742766,0.7161775611823287,0.22083291317938894,0.04379327000483013,0.09659090909090909,0.6164245810055866,1.0,0.6261085055399676,0.49330805687203805,0.5272735811397844,0.8883962696835346,0.5989031078610604,1.0,0,val
0.49348341232227494,0.5032525133057363,0.07319982303040538,0.07320921580143712,0.006917649833282019,0.013400976356848856,0.008264007492700128,0.011394972929379655,0.5517241379310345,0.4930232558139535,0.2980599647266313,0,1,0.6923076923076924,0.7773311897106109,0.6929759508422503,0.16597761419784207,0.024150700370310734,0.1497564935064935,0.8668156424581006,1.0,0.5577856513814078,0.4021611374407583,0.49872026674806863,0.9161188401365744,0.5948202315661182,1.0,0,train
0.8062796208530806,0.8131283264340627,0.013917682091436543,0.013917423236380764,0.0006616312814029204,0.0024887527519862162,0.0006611205994160101,0.0008823100078646114,0.46798029556650245,0.34418604651162793,0.8165784832451499,0,1,0.11538461538461542,0.36866961414791,0.4213370060387753,0.46929514974286585,0.015617452906134276,0.6739042207792206,0.6562011173184357,0.0,0.3505847174718906,0.37069194312796205,0.2240589851363092,0.22641797890230853,0.4836075563680683,0.19886492622020432,0,train
0.7505924170616114,0.7675931401537552,0.016303170584678197,0.016302986415947053,0.0010350271530857565,0.0036374078682875465,0.0009365875158393477,0.0017210523464252598,0.5763546798029556,0.47906976744186053,0.8165784832451499,0,1,0.11538461538461542,0.4602090032154341,0.5886216760250026,0.27175557124130284,0.03187892448881017,0.8985389610389609,0.503463687150838,0.0,0.38976386015933806,0.4759431279620854,0.23481344072134688,0.126586148906895,0.6003656307129799,0.5404086265607264,0,train
0.4543838862559242,0.46067415730337086,0.003031630366592342,0.003032097111393637,0.0011791448579457986,0.001914425193835551,0.0009365875158393477,0.001252074424967156,0.35467980295566504,0.26046511627906976,0.7107583774250443,0,1,0.3846153846153847,0.9456390675241159,0.4292827630045556,0.9439346576585661,0.014329415553051034,0.7693790584415584,1.0,1.0,0.4012329244065784,0.3524170616113744,0.2947613121375068,0.5229577536564236,0.38549664838513104,0.4396140749148695,0,val
0.7719194312796209,0.7746895328208162,0.7627743341251677,0.7627758265656807,0.002260027644396114,0.003924571647362879,0.0027546691642333756,0.0032533402167375077,0.46798029556650245,0.4186046511627907,0.23809523809523814,0,1,0.0,0.06933279742765275,0.4076703040576332,0.24906725824342044,0.01175334084688456,0.2685673701298701,0.9124022346368714,1.0,0.4586192065865197,0.29505213270142183,0.3926315542301641,0.8741272995974112,0.5201706276660573,0.8312145289443813,0,train
0.2914691943127962,0.2962743938497931,0.012807337051833425,0.012807473155436256,0.0007074869147674791,0.0018187039341437735,0.0008264007492700126,0.0017250208865994823,0.8768472906403941,0.7441860465116279,0.2821869488536155,0,1,0.0,0.7128215434083602,0.4648797542112512,1.0,0.013846401545644819,0.661830357142857,0.8603351955307261,0.5,0.3564421324267311,0.3204170616113744,0.26911968441073564,0.4946236559139785,0.8755636806825107,0.2395005675368899,0,train
0.3193127962085308,0.3287995269071556,0.018927679678429232,0.0189281201768435,0.0009367650815902734,0.005647554321814875,0.0018731750316786954,0.0016564341596754218,0.6305418719211823,0.4930232558139535,0.2821869488536155,0,1,0.0,0.7809485530546624,0.6714694353215384,0.81667843097711,0.023184672355498304,0.3513595779220779,0.4573184357541899,0.0,0.3810186986708174,0.39484360189573464,0.2947613121375068,0.40197727156907714,0.6379037172455819,0.6043132803632236,0,train
0.09360189573459717,0.1017149615612064,0.045686429031442134,0.045686746722710614,0.0009433158863566389,0.0034459653489039917,0.0011569610489780178,0.001627619107106068,0.6108374384236454,0.47906976744186053,0.2821869488536155,0,1,0.0,0.2288987138263666,0.580569975633012,0.8938186951699103,0.019642569634519397,0.49269480519480513,0.7460335195530727,0.0,0.3816331128269196,0.37069194312796205,0.2889379388076173,0.4409621362686643,0.6226691042047532,0.4716231555051078,0,train
0.806872037914692,0.8119455943228859,0.06405791406250183,0.06405788691985512,0.0009040110577584456,0.0015315401550684408,0.0010467742824086827,0.001364832729482561,0.5073891625615764,0.41395348837209306,0.2821869488536155,0,1,0.0,0.013062700964630225,0.34632906028180954,0.8109307250176465,0.016100466913540487,0.8872767857142856,0.6089385474860336,0.0,0.37788518647469643,0.3424075829383887,0.2615586916195083,0.399072516944402,0.545825716026813,0.2598183881952326,0,test
0.8104265402843602,0.8119455943228859,0.07255997117285756,0.07256118799332316,0.0013298133675722062,0.0011486551163013307,0.001818081648394028,0.0018381242815648196,0.45320197044334976,0.3813953488372093,0.2821869488536155,0,1,0.0,0.013062700964630225,0.3105201822226931,0.33931632550166385,0.00917726614071808,0.7101258116883117,0.8356424581005586,1.0,0.4118008478915355,0.2650236966824645,0.34339117571089767,0.8285175559292667,0.4999390615478367,0.4093076049943247,0,test
0.8045023696682465,0.8119455943228859,0.07471438021054097,0.07471480722312772,0.0014673802676658826,0.0020101464535273285,0.0014324279654013552,0.002013343957517985,0.4236453201970443,0.3813953488372093,0.2821869488536155,0,1,0.0,0.013062700964630225,0.429388706430766,0.9495815266713723,0.02076960231846723,0.8676948051948051,0.6689385474860334,0.0,0.4204845679644459,0.37914691943127965,0.30025594665038624,0.4691433521887581,0.4962218159658745,0.5763904653802497,0,train
0.811611374407583,0.8125369603784743,0.07657190050232851,0.07657240307298215,0.0007271393290665758,0.001052933856609553,0.0010467742824086827,0.0009822136931200353,0.4630541871921182,0.36744186046511623,0.2821869488536155,0,1,0.0,0.011555466237942123,0.39432143235512235,0.44539679338509636,0.008050233456770244,0.6878043831168831,1.0,1.0,0.3588383476355296,0.24765876777251186,0.30549228637847226,0.774906996891403,0.48951858622790984,0.21316685584562997,0,train
0.008886255924170618,0.015375517445298642,0.07743331816653272,0.07743350481460602,0.0009760699101884667,0.0018187039341437735,0.0009365875158393477,0.001432039094606892,0.5123152709359606,0.3813953488372093,0.2821869488536155,0,1,0.0,0.021704180064308683,0.43457993431507574,1.0,0.016100466913540487,0.7584212662337662,0.8758659217877094,0.5,0.38462326171995004,0.3424075829383887,0.28273886397257375,0.4946236559139785,0.5305301645338208,0.3456299659477866,0,train
0.008886255924170618,0.015966883500887052,0.07837855029131027,0.078378971253889,0.0008516046196275212,0.0015315401550684408,0.0010467742824086827,0.0012661368608019006,0.5172413793103449,0.40465116279069774,0.2821869488536155,0,1,0.0,0.021704180064308683,0.6264434791821168,0.8938186951699103,0.01738850426662373,0.9435876623376622,0.9441340782122905,1.0,0.37266266614782806,0.3524170616113744,0.30025594665038624,0.5482851755592927,0.5376599634369287,0.4716231555051078,0,train
0.007701421800947868,0.013601419278533413,0.08001694215756504,0.08001775354029024,0.0014935834867313448,0.0014358188953766634,0.001267147815547353,0.0022244530402641184,0.458128078817734,0.4186046511627907,0.2821869488536155,0,1,0.0,0.01889067524115756,0.38256171204576755,0.6218614500352929,0.014973434229592655,0.880681818181818,1.0,1.0,0.42204108382657135,0.3317914691943128,0.324089510883603,0.6857259338531315,0.5382084095063986,0.5404086265607264,0,train
0.8139810426540285,0.8143110585452396,0.08097333906039271,0.08097391298878256,0.0007074869147674791,0.0006700488178424428,0.0011018676656933504,0.0009766059733086342,0.458128078817734,0.37674418604651166,0.2821869488536155,0,1,0.0,0.0072347266881028945,0.3657167072783134,0.3758193001915902,0.00692320077282241,0.8872767857142856,1.0,1.0,0.3564421324267311,0.22828436018957346,0.3104703313217649,0.8101207766396575,0.5000609384521634,0.19421112372304203,0,test
0.011848341232227489,0.015375517445298642,0.0819472693822709,0.08194792032764639,0.0010219255435530254,0.0015315401550684408,0.0011569610489780178,0.0015246958804137358,0.5221674876847291,0.4093023255813954,0.2574955908289245,0,1,0.0,0.0292403536977492,0.36772963237631107,0.49581526671372395,0.010465303493801318,0.6054180194805194,1.0,1.0,0.38865791467835425,0.2807203791469195,0.31521356282433605,0.7494266931661826,0.5393662400975016,0.31997729852440404,0,train
0.008886255924170618,0.014192785334121822,0.08280766491890715,0.08280831444366082,0.0010743319816839498,0.0014358188953766634,0.0011569610489780178,0.0015879337053638445,0.5123152709359606,0.3813953488372093,0.2574955908289245,0,1,0.0,0.021905144694533762,0.4883991948299608,0.63335686195422,0.014007406214780225,0.8209212662337662,1.0,1.0,0.3930407356585496,0.3204170616113744,0.31521356282433605,0.6799164246037812,0.5343692870201097,0.44335981838819527,0,train
0.8086492890995262,0.8143110585452396,0.08395284092101869,0.08395278092933257,0.0008581554243938868,0.0015315401550684408,0.0007162139827006776,0.0011976364064903231,0.3793103448275862,0.3813953488372093,0.2821869488536155,0,1,0.0,0.0072347266881028945,0.4218667231698273,0.7627306645154786,0.01738850426662373,0.9435876623376622,0.9202234636871509,0.0,0.3733385217195404,0.3524170616113744,0.2615586916195083,0.3747133465830913,0.5051797684338818,0.2824063564131669,0,test
0.008886255924170618,0.014192785334121822,0.0847539530587128,0.08475436349469556,0.000825401400562059,0.0014358188953766634,0.0011018676656933504,0.001210232207912855,0.5123152709359606,0.3813953488372093,0.2574955908289245,0,1,0.0,0.021905144694533762,0.5496344951795742,0.7345971563981043,0.014007406214780225,0.8209212662337662,0.8936312849162011,1.0,0.3699182829172385,0.3204170616113744,0.30025594665038624,0.6287519747235387,0.5304082876294942,0.3642451759364359,0,test
0.0029620853080568723,0.009461856889414548,0.0866378127916749,0.08663829874223479,0.0014084230247685928,0.0015315401550684408,0.0012120544322626852,0.0018871271254552176,0.26108374384236455,0.4093023255813954,0.2574955908289245,0,1,0.0,0.0073352090032154345,0.34103188897128933,0.7983261066854896,0.016261471582675893,0.8872767857142856,0.8543016759776536,1.0,0.4168800049153133,0.3424075829383887,0.30549228637847226,0.5965448708148602,0.48470444850700795,0.4660612939841089,0,train
0.007701421800947868,0.011827321111768185,0.08774430519659876,0.08774463207006437,0.0008188505957956935,0.0012443763759931081,0.0009916808991240153,0.0012578546900035234,0.5467980295566502,0.4186046511627907,0.2574955908289245,0,1,0.0,0.018991157556270098,0.436486915986863,0.6639104567913683,0.01159233617774915,0.797077922077922,0.9412290502793297,1.0,0.369221946873656,0.29505213270142183,0.2947613121375068,0.6644753605462977,0.5552711761121267,0.27366628830874007,0,train
0.00533175355450237,0.00827912477823773,0.08853731893894666,0.08853740862784318,0.000753342548132038,0.000861491337225998,0.000771307365985345,0.001041051614833506,0.4236453201970443,0.40465116279069774,0.2574955908289245,0,1,0.0,0.013163183279742767,0.23307553766288802,0.6639104567913683,0.009338270809853486,0.9077719155844155,1.0,1.0,0.3619308988879104,0.2650236966824645,0.27616408763237604,0.6644753605462977,0.5004875076173065,0.16685584562996594,0,train
0.011255924170616115,0.01655824955647546,0.08937357653993935,0.08937350759793342,0.0007336901338329413,0.0013400976356848858,0.000771307365985345,0.001116626423368697,0.541871921182266,0.4093023255813954,0.2574955908289245,0,1,0.0,0.027833601286173633,0.395804640322068,0.9280024200867197,0.014007406214780225,0.8731737012987012,0.8510614525139664,0.0,0.3596166055665923,0.3204170616113744,0.2615586916195083,0.45823778219436373,0.5502742230347349,0.2164585698070374,0,train
0.00533175355450237,0.008870490833826138,0.09498041800142766,0.09498096880235939,0.0009040110577584456,0.001052933856609553,0.0012120544322626852,0.001258286053065939,0.4039408866995074,0.40465116279069774,0.2574955908289245,0,1,0.0,0.013163183279742767,0.41731115584277995,0.5198144600181507,0.010465303493801318,0.8438514610389609,0.9027932960893854,1.0,0.37788518647469643,0.2807203791469195,0.3104703313217649,0.7372980685929776,0.5037781840341256,0.3001135073779796,0,test
0.0059241706161137445,0.010053222945002957,0.09928066593026305,0.09928097375573865,0.0009105618625248112,0.0009572125969177757,0.0009916808991240153,0.0013282531417897288,0.5172413793103449,0.40465116279069774,0.2574955908289245,0,1,0.0,0.014670418006430869,0.36783557580252146,0.6639104567913683,0.01159233617774915,0.9999999999999999,0.9412290502793297,1.0,0.3785200811026686,0.29505213270142183,0.2947613121375068,0.6644753605462977,0.5276051188299817,0.27366628830874007,0,test
0.0029620853080568723,0.007096392667060912,0.10184628475105964,0.10184643109023878,0.0008385030100947901,0.001052933856609553,0.0008814941325546802,0.0010551140506682504,0.30049261083743845,0.3813953488372093,0.2574955908289245,0,1,0.0,0.0073352090032154345,0.3420913232333934,0.747907633356862,0.01159233617774915,0.9219764610389609,0.9343016759776537,1.0,0.3712904745325333,0.29505213270142183,0.28273886397257375,0.6220251745400805,0.45636806825106646,0.23280363223609532,0,test
0.00533175355450237,0.005322294500295683,0.13094775048985463,0.13094989303059537,0.000825401400562059,0.0009572125969177757,0.002258828714671368,0.0010077503864150314,0.3694581280788177,0.37674418604651166,0.2574955908289245,0,1,0.0,0.013163183279742767,0.41370907935162626,0.11172733689623879,0.0033810980518435025,0.4081777597402597,1.0,1.0,0.3699182829172385,0.15090047393364928,0.3811726583229624,0.9435356469449117,0.44308348567946376,0.26322360953461976,0,test
0.4727488151658768,0.4849201655824956,0.11895339798054325,0.11895265119797085,0.0004127007002810295,0.0024887527519862162,0.0003856536829926726,0.00069829052543817,0.5812807881773399,0.4930232558139535,0.742504409171076,1,0,0.11153846153846153,0.9731712218649519,0.5493166649009429,0.17838055863668448,0.02398969570117533,0.9637784090909091,0.5810055865921788,0.0,0.30964425420361685,0.4285876777251185,0.16413459506422146,0.07939662640778683,0.6104814137720902,0.14517593643586832,0,train
0.9277251184834124,0.9296274393849794,0.20492957973495288,0.20492947724551228,0.000681283695702017,0.0016272614147602184,0.000771307365985345,0.0007205488594588085,0.3103448275862069,0.26976744186046514,0.7530864197530867,1,0,0.23076923076923078,0.09354903536977492,0.3788536921284034,0.7310678632651003,0.00821123812590565,0.5727475649350648,1.0,1.0,0.35314477645564957,0.2807203791469195,0.27616408763237604,0.6305355959843042,0.385679463741621,0.18955732122587968,0,test
0.2849526066350711,0.2945002956830278,0.1050615049538985,0.10506251086008749,0.001578743948694097,0.003924571647362879,0.001818081648394028,0.002335917255592277,0.5123152709359606,0.41395348837209306,0.6613756613756614,0,1,0.0,0.603396302250804,0.6260197054772751,0.8132499747907633,0.019642569634519397,0.5044642857142857,0.7699441340782123,1.0,0.4269359166035186,0.39484360189573464,0.3361119590485359,0.5890027009121949,0.5346739792809263,0.8580022701475596,0,train
0.715047393364929,0.723832052040213,0.11259670801015427,0.1125972297243641,0.00191283499177874,0.006413324399349096,0.0022037353313867003,0.0030548269354139066,0.5714285714285714,0.4232558139534884,0.6613756613756614,0,1,0.0,0.4679461414790997,0.38521029770102766,0.9542200262176062,0.019642569634519397,0.3088474025974025,0.45497206703910614,0.0,0.44387326684006806,0.39484360189573464,0.3104703313217649,0.47148754013147837,0.576782449725777,0.708967082860386,0,val
0.3199052132701422,0.3299822590183324,0.11503998602358488,0.11504105407910784,0.0024303485683216186,0.005647554321814875,0.002258828714671368,0.0036520922316343723,0.5270935960591133,0.4186046511627907,0.6649029982363315,0,1,0.0,0.6765474276527331,0.44580993749337855,0.8199052132701422,0.020608597649331827,0.36799918831168826,0.6275977653631284,1.0,0.46505007475372234,0.4021611374407583,0.33982201141193324,0.5856393008204658,0.5428397318708105,0.8945516458569807,0,test
0.7411137440758294,0.7516262566528682,0.18594198765600123,0.18594215239267875,0.001316711758039475,0.0036374078682875465,0.0016528014985400254,0.0022492132800467665,0.5960591133004927,0.4837209302325582,0.6578483245149913,0,1,0.0,0.4069533762057878,0.5815234664689056,0.7176565493596854,0.02270165834809209,0.6195211038961038,0.5313966480446928,0.0,0.41094066807299245,0.4158862559241706,0.2947613121375068,0.3519339550527442,0.6166361974405851,0.6913734392735528,0,test
0.7316350710900474,0.7409816676522768,0.1883098641049948,0.18830986768187355,0.0009826207149548321,0.0032545228295204364,0.0012120544322626852,0.0016576419762501851,0.5960591133004927,0.47906976744186053,0.6578483245149913,0,1,0.0,0.42956189710610937,0.6218879118550694,0.6930523343753151,0.02076960231846723,0.6336241883116882,0.6598882681564247,0.0,0.38519671493231206,0.4021611374407583,0.28273886397257375,0.3395505274422871,0.6089579524680073,0.5549375709421113,0,train
0.4940758293838863,0.5198107628622117,0.02173113972177216,0.02173228321692892,0.0023386373015925007,0.0066047669187326505,0.0023139220979560356,0.0026829919756117676,0.35960591133004927,0.36744186046511623,0.23456790123456805,1,0,1.0,0.7033762057877814,0.7777306918105732,0.536150045376626,0.05683464820479793,0.6998782467532467,0.5842458100558658,0.0,0.4616503164232904,0.530047393364929,0.3361119590485359,0.2602048616419508,0.4150517976843388,0.998978433598184,0,train
0.5396919431279621,0.5410999408633945,0.026583729663297813,0.02658352852006394,0.00034064184785100846,0.0009572125969177757,0.0005509338328466751,0.000389175754911241,0.3891625615763547,0.3023255813953489,0.23104056437389797,1,0,1.0,0.6482114147909969,0.4237737048416146,0.8991630533427448,0.00821123812590565,0.7463474025974025,0.8984357541899441,1.0,0.293157474348209,0.24765876777251186,0.23481344072134688,0.5455842633644193,0.41907373552711763,0.08671963677639044,0,train
0.6842417061611374,0.6989946777054998,0.20192932082217738,0.20192930191161126,0.0010481287626184876,0.003350244089212214,0.001818081648394028,0.0015719732720544718,0.5123152709359606,0.4186046511627907,0.6984126984126986,1,0,0.23076923076923078,0.5398914790996785,0.7242292615743193,0.49581526671372395,0.02930284978264369,0.8629261363636362,0.40849162011173185,0.0,0.3908698056403219,0.45653080568720394,0.28273886397257375,0.23982061866177445,0.542169408897014,0.7751418842224744,0,train
0.19253554502369669,0.2105263157894737,0.0040771096182282765,0.004090311897781122,0.013475005404413931,0.012635206279314637,0.010963583273648835,0.03225448281121723,0.8325123152709359,0.7534883720930232,0.2821869488536155,0,1,0.0,0.47086012861736337,0.722851997033584,0.19330442674195827,0.0394461439381742,0.25801542207792205,0.8882681564245811,1.0,0.6170151760296556,0.4759431279620854,0.5295747528588537,0.902308515517505,0.8643510054844608,1.0,0,test
0.35841232227488157,0.4322885866351272,0.16195501239172425,0.16196449449192088,0.012964042632637418,0.02077151335311573,0.01129414357335684,0.019880919638441834,0.5123152709359606,0.4186046511627907,0.2821869488536155,0,1,0.0,0.8766077170418006,0.9416251721580676,0.9628920036301301,0.14957333762679115,0.5923295454545453,0.6203351955307261,1.0,0.6135744567554836,0.6886445497630334,0.5009744757789936,0.5133771594557407,0.5537477148080439,1.0,0,val
0.06161137440758294,0.06564163217031342,0.18125498238048635,0.1812545258554604,0.0004258023098137606,0.0012443763759931081,0.0008264007492700126,0.0006584325784709801,0.5270935960591133,0.4186046511627907,0.22398589065255736,1,0,0.11538461538461542,0.15434083601286172,0.4679521135713529,0.8319048099223556,0.011914345516019963,0.797077922077922,0.5810055865921788,0.0,0.31234767649046635,0.29505213270142183,0.23481344072134688,0.40967232329409364,0.5594149908592322,0.12463110102156641,0,train
0.03199052132701422,0.04139562389118865,0.18377578483868742,0.18378051340596718,0.005476472784681598,0.006221881879965541,0.004352377279488733,0.0073497364026598195,0.4433497536945813,0.3813953488372093,0.23104056437389797,1,0,0.11538461538461542,0.07988344051446945,0.5031253310732069,0.270243017041444,0.022540653678956683,0.30336850649350644,0.9441340782122905,1.0,0.537038933377025,0.3871848341232228,0.44163711930870925,0.8634255720328187,0.48476538695917126,0.9997729852440409,0,train
0.08945497630331754,0.09225310467179185,0.18568315350571277,0.18568261104414877,0.0003733958716828362,0.000861491337225998,0.00044074706627734013,0.00046475056344643214,0.4236453201970443,0.30697674418604654,0.2275132275132279,1,0,0.11538461538461542,0.22377411575562703,0.36486915986863017,0.8991630533427448,0.009499275478988888,0.9077719155844155,1.0,0.0,0.3010219755463166,0.2650236966824645,0.2240589851363092,0.44366304846353766,0.4541742839731871,0.08671963677639044,0,train
0.04206161137440759,0.05322294500295684,0.18776711436640395,0.1877710500928169,0.00407460056467937,0.006700488178424428,0.0036361632967880555,0.005247876744734179,0.4187192118226601,0.37674418604651166,0.2275132275132279,1,0,0.11538461538461542,0.10520498392282959,0.6421231062612565,0.3582736714732278,0.026082756399935594,0.32355925324675316,0.9833519553072625,1.0,0.510823929383333,0.4091753554502371,0.42724305539249063,0.8189369617285838,0.46532602071907375,0.9997729852440409,0,train
0.06990521327014218,0.0768775872264932,0.19392975734927412,0.19392943714672775,0.0005109627717765127,0.0020101464535273285,0.0006611205994160101,0.000843746150084668,0.5566502463054187,0.47906976744186053,0.23104056437389797,1,0,0.11538461538461542,0.17463826366559487,0.6439241445068333,0.7034385398810123,0.017710513604894538,0.7352881493506492,0.9140782122905029,0.0,0.3281176398304217,0.3524170616113744,0.25341066522647754,0.3447485094022321,0.5962218159658744,0.25300794551645855,0,train
0.04917061611374408,0.05144884683619161,0.19760336245374774,0.19760295756054722,0.000347192652617374,0.001052933856609553,0.0006060272161313426,0.0005635327047395758,0.5615763546798029,0.4558139534883721,0.22398589065255736,1,0,0.11538461538461542,0.12319131832797428,0.4708125860790338,0.81667843097711,0.00821123812590565,0.6878043831168831,0.9069273743016759,1.0,0.29479591209781475,0.24765876777251186,0.24453471716721067,0.5872700402588799,0.5864107251675807,0.09772985244040863,0,test
0.04383886255924171,0.044352454169130695,0.20510035366400103,0.20510017226752336,0.00039304828598193286,0.001052933856609553,0.0007162139827006776,0.0005619797977148801,0.47783251231527096,0.41395348837209306,0.23104056437389797,1,0,0.11538461538461542,0.10952572347266881,0.2774658332450472,0.4238176868004437,0.004669135404926743,0.45363230519480513,1.0,1.0,0.30544575747025215,0.18092890995260666,0.26911968441073564,0.7858125668857974,0.5187081048141378,0.07968217934165722,0,test
0.05746445497630332,0.06031933767001774,0.21727711663159588,0.21727667925454,0.00044545472411285726,0.0016272614147602184,0.0007162139827006776,0.0006795693685293384,0.5123152709359606,0.4186046511627907,0.2275132275132279,1,0,0.11538461538461542,0.14379019292604503,0.38521029770102766,0.908339215488555,0.009499275478988888,0.5193790584415584,0.760558659217877,1.0,0.31623896614578,0.2650236966824645,0.24453471716721067,0.5409468480864292,0.5520414381474711,0.111577752553916,0,test
0.05450236966824645,0.06505026611472502,0.21942767303460003,0.2194269176064328,0.0004913103574774161,0.0022015889729108833,0.0004958404495620075,0.0005566308957409282,0.37438423645320196,0.29767441860465116,0.22398589065255736,1,0,0.11538461538461542,0.13655546623794212,0.5527068545396758,0.2984773621054755,0.02495572371598776,0.9188311688311688,0.6648044692737429,0.0,0.3247178814999898,0.4021611374407583,0.19844083875361024,0.14014167048871223,0.4137111517367459,0.18342792281498296,0,train
0.2713270142180095,0.3039621525724424,0.22527007558790613,0.225270883014548,0.0035439853786037616,0.007561979515650426,0.002479202247810038,0.004995788171058575,0.458128078817734,0.3813953488372093,0.2169312169312172,1,0,0.11538461538461542,0.6817725080385852,0.7101387858883357,0.43793485933245946,0.07035904041217193,0.7494926948051948,0.5385474860335195,0.0,0.4984537243738096,0.5627677725118485,0.3361119590485359,0.21056922998522143,0.5092017062766606,0.9998864926220203,0,train
0.04680094786729858,0.04790065050266115,0.22647068235428056,0.22647085879802714,0.000550267600374706,0.0014358188953766634,0.0009916808991240153,0.0008144134618404157,0.5024630541871922,0.39999999999999997,0.2169312169312172,1,0,0.11538461538461542,0.11756430868167204,0.3744040682275665,0.3631138449127761,0.0059571727580099805,0.4032061688311688,1.0,1.0,0.3345485079976243,0.20629383886255923,0.30025594665038624,0.8164908525709627,0.5357708714198659,0.1424517593643587,0,train
0.3204976303317536,0.3358959195742165,0.23368918311486142,0.23369013389062782,0.003452274111874644,0.00430745668612999,0.0017078948818246929,0.004989835360797242,0.4482758620689655,0.4465116279069768,0.22398589065255736,1,0,0.11538461538461542,0.8029541800643087,0.4555567327047357,0.9055157809821518,0.03558203187892448,0.6762378246753246,0.8953072625698324,0.0,0.49613943105249153,0.45653080568720394,0.34339117571089767,0.44682260612546504,0.5221206581352834,0.9827468785471056,0,train
0.04620853080568721,0.052631578947368425,0.11924839972169823,0.11925119058008789,0.003019920997294518,0.006413324399349096,0.002919949314087378,0.005199477809131162,0.5812807881773399,0.4837209302325582,0.23456790123456805,0,1,0.34615384615384615,0.11525321543408361,0.4462337111982202,0.31430876273066455,0.016583480920946702,0.22067775974025972,0.9172067039106144,1.0,0.4842812378397198,0.3424075829383887,0.39894803578556837,0.8411557865769761,0.6216331505179769,0.9602724177071509,0,val
0.056279620853080574,0.09698403311649911,0.026101835827599788,0.026102893481117013,0.0036750014739310726,0.010242174787020197,0.0031954162305107155,0.005757575339284304,0.5270935960591133,0.4558139534883721,0.23104056437389797,0,1,0.5192307692307693,0.14057475884244375,0.7494437970123954,0.3459715639810427,0.08533247464176459,0.6742086038961037,0.3750837988826815,0.0,0.5016691584574109,0.5945781990521327,0.33226101862070584,0.16409315599041946,0.565752589884217,1.0,0,train
0.07642180094786731,0.09284447072738025,0.03244641751756821,0.032447071570040384,0.0018800809679469122,0.005934718100890208,0.0019833617982480305,0.002925935652364163,0.5369458128078818,0.4465116279069768,0.23104056437389797,0,1,0.5192307692307693,0.19091639871382637,0.6176501748066532,0.63335686195422,0.03670906456287232,0.5085227272727272,0.5168715083798883,0.0,0.44235771192168266,0.46161137440758304,0.3104703313217649,0.30933088722417573,0.5621572212065814,0.9219069239500568,0,train
0.07642180094786731,0.09934949733885275,0.034046912038610634,0.034047720698599446,0.0023844929349570595,0.00545611180243132,0.002258828714671368,0.0036690016636810588,0.5270935960591133,0.45116279069767445,0.23104056437389797,0,1,0.5192307692307693,0.19091639871382637,0.6762368895010065,0.5187052536049209,0.049750442762840116,0.7420860389610389,0.49452513966480444,0.0,0.46337067606037646,0.5090047393364929,0.319745462230258,0.25138867655302455,0.5557586837294333,0.9901248581157776,0,train
0.08471563981042654,0.09520993494973388,0.04023691659022332,0.04023708602919034,0.0013363641723385718,0.0030630803101368816,0.0009365875158393477,0.002018088951204555,0.4975369458128079,0.4186046511627907,0.23104056437389797,0,1,0.5192307692307693,0.21161575562700966,0.4268460642017163,0.6492890995260664,0.02479471904685235,0.6717735389610389,0.8137430167597766,0.0,0.412251418272677,0.4021611374407583,0.27616408763237604,0.31738266320134534,0.5457038391224863,0.5128263337116913,0,train
0.533175355450237,0.5493790656416322,0.051762112545837506,0.051763206456061556,0.0017490648726196012,0.004498899205513544,0.0017629882651093603,0.0026992974993710725,0.5369458128078818,0.4186046511627907,0.24162257495590822,0,1,0.038461538461538464,0.6335409967845659,0.7490200233075537,0.7923767268327115,0.03767509257768475,0.6894277597402596,0.7968715083798883,0.0,0.4359678046982203,0.4665402843601897,0.3361119590485359,0.3896957651735209,0.5575258988421694,0.9816118047673099,0,train
0.5136255924170616,0.521584861028977,0.05304535439482225,0.053046131685980914,0.0015328883153295381,0.004786062984588877,0.0017078948818246929,0.0024479853792078172,0.5517241379310345,0.4465116279069768,0.24162257495590822,0,1,0.038461538461538464,0.7027733118971061,0.5159444856446658,0.8685086215589393,0.021252616325873445,0.37560876623376616,0.6858100558659217,1.0,0.4243348966760194,0.37914691943127965,0.319745462230258,0.5610762880293533,0.576782449725777,0.7061293984108967,0,test
0.5118483412322276,0.5251330573625075,0.05506987460617621,0.055070019554054335,0.0015459899248622692,0.005168948023355988,0.0016528014985400254,0.0025977546344784696,0.5812807881773399,0.47906976744186053,0.24162257495590822,0,1,0.038461538461538464,0.6939308681672026,0.47981777730691816,0.5131592215387718,0.03187892448881017,0.5108563311688311,0.4233519553072625,0.0,0.42509267413521207,0.4403412322274882,0.27616408763237604,0.24858584314325027,0.6066422912858014,0.6684449489216799,0,train
0.5112559241706162,0.5186280307510349,0.05673893029947001,0.05673962286700019,0.001578743948694097,0.002105867713219106,0.0013222411988320203,0.0026740196239135256,0.5812807881773399,0.47906976744186053,0.24162257495590822,0,1,0.038461538461538464,0.7101085209003216,0.4435851255429601,0.8624584047595039,0.019964578972790206,0.7886566558441557,0.8659217877094971,1.0,0.4269359166035186,0.37069194312796205,0.31521356282433605,0.5641339244763798,0.6114564290067033,0.6412031782065833,0,train
0.47215639810426546,0.4884683619160261,0.057300785961062126,0.05730226385157474,0.002194519596732459,0.005264669283047765,0.0023139220979560356,0.003735690393130491,0.5862068965517242,0.4930232558139535,0.23809523809523814,0,1,0.038461538461538464,0.7834606109324759,0.7313274711304164,0.940707875365534,0.037836097246820154,0.5906047077922078,0.7141899441340782,0.0,0.45601818665902066,0.4665402843601897,0.3534177096296992,0.4646588187331193,0.6145642900670323,0.9939841089670829,0,test
0.5231042654028436,0.5393258426966293,0.05809521495696568,0.0580952762845567,0.001650802801124118,0.0038288503876711018,0.0013222411988320203,0.0027104266663813916,0.5714285714285714,0.4558139534883721,0.23809523809523814,0,1,0.038461538461538464,0.6566519292604501,0.4941201398453226,0.40687707976202486,0.037836097246820154,0.8067167207792206,0.5083798882681565,0.0,0.4308681672025723,0.4665402843601897,0.26911968441073564,0.19487336289048568,0.5928702010968921,0.7287173666288309,0,train
0.4958530805687204,0.5103489059727973,0.05868183755578163,0.0586829986657326,0.0013756690009367651,0.005168948023355988,0.0019833617982480305,0.002327807630018866,0.5862068965517242,0.48837209302325585,0.24162257495590822,0,1,0.038461538461538464,0.7308078778135049,0.8007204152982308,0.9023898356357769,0.03413298985670584,0.5470779220779219,0.728268156424581,0.0,0.4147909967845659,0.4513364928909953,0.33982201141193324,0.4452937879019518,0.6108470444850701,0.9744608399545971,0,train
0.5313981042654029,0.5440567711413365,0.11040212149652999,0.11040311858468589,0.002351738911125232,0.0046903417248971,0.0018731750316786954,0.003985104515819119,0.5960591133004927,0.4930232558139535,0.23809523809523814,0,1,0.038461538461538464,0.6447950160771705,0.553554401949359,0.9640012100433599,0.030751891804862336,0.5424107142857143,0.744581005586592,0.0,0.4621418477481722,0.4345781990521328,0.3361119590485359,0.4764307190541711,0.6118220597196832,0.9474460839954597,0,train
0.5936018957345972,0.6008279124778239,0.0017501968971509294,0.0017501940073545888,0.000825401400562059,0.002584474011677994,0.0008264007492700126,0.0011303437687535092,0.4729064039408867,0.36744186046511623,0.23456790123456805,0,1,0.0,0.5009043408360129,0.46466786735883037,0.6285166885146718,0.020125583641925612,0.6501623376623376,0.7206703910614525,0.0,0.3699182829172385,0.37069194312796205,0.25341066522647754,0.30688477806655456,0.4959171237050579,0.2947786606129398,0,train
0.590047393364929,0.5972797161442934,0.0017501968971509294,0.0017501940073545888,0.000825401400562059,0.002584474011677994,0.0008264007492700126,0.0011303437687535092,0.4729064039408867,0.36744186046511623,0.23104056437389797,0,1,0.0,0.5076366559485531,0.46466786735883037,0.6285166885146718,0.020125583641925612,0.6501623376623376,0.7206703910614525,0.0,0.3699182829172385,0.37069194312796205,0.25341066522647754,0.30688477806655456,0.4959171237050579,0.2947786606129398,0,train
0.7369668246445498,0.7545830869308102,0.004010120949927622,0.004012944831148736,0.004238370683838509,0.010337896046711975,0.0038565368299267257,0.005321898646244674,0.4187192118226601,0.372093023255814,0.23456790123456805,0,1,0.0,0.1167604501607717,0.6723169827312216,0.768881718261571,0.04137819996779906,0.32670454545454536,0.6381005586592179,1.0,0.5143056096012452,0.48045497630331757,0.3947683565407284,0.6114253681903888,0.45368677635588056,0.9998864926220203,0,train
0.696090047393365,0.7114133648728563,0.005011963216931087,0.005012662567155636,0.0018735301631805468,0.005743275581506653,0.001818081648394028,0.0023755163847220175,0.41379310344827586,0.4186046511627907,0.2275132275132279,0,1,0.0,0.21935289389067525,0.619133382773599,0.63335686195422,0.03670906456287232,0.5254667207792207,0.5727374301675978,0.0,0.4420505048436317,0.46161137440758304,0.3104703313217649,0.30933088722417573,0.4586227909811091,0.9219069239500568,0,train
0.6895734597156399,0.7049083382613839,0.005711963350593922,0.00571313329543605,0.002829947659069917,0.007083373217191539,0.0027546691642333756,0.004071204583077248,0.47783251231527096,0.4186046511627907,0.23104056437389797,0,1,0.0,0.2382435691318328,0.5433838330331603,0.81667843097711,0.03670906456287232,0.4259334415584415,0.47418994413407817,0.0,0.47852622524422966,0.46161137440758304,0.3361119590485359,0.40197727156907714,0.5197440585009141,0.9779795686719637,0,train
0.6943127962085308,0.7149615612063869,0.006452848586975468,0.0064538600583869754,0.002495856615985274,0.008519192112568201,0.003140322847226048,0.004050844246531238,0.5615763546798029,0.47906976744186053,0.22398589065255736,0,1,0.0,0.20779742765273315,0.6729526432884839,0.5918120399314308,0.047496377394944445,0.45363230519480513,0.3642458100558659,0.0,0.4674053290187807,0.5013459715639811,0.3282457087843708,0.28833511695459413,0.5861060329067642,0.9922814982973893,0,train
0.7008293838862559,0.7084565345949143,0.007084130297991857,0.007084668976671156,0.001316711758039475,0.002967359050445104,0.0012120544322626852,0.0017986114250475621,0.4729064039408867,0.37674418604651166,0.22398589065255736,0,1,0.0,0.22407556270096465,0.49348447928806016,0.9495815266713723,0.02141362099500885,0.6003449675324675,0.8056983240223463,0.0,0.41094066807299245,0.37914691943127965,0.30025594665038624,0.4691433521887581,0.4941499085923218,0.5763904653802497,0,test
0.696090047393365,0.7504435245416914,0.008492071710268662,0.008494495065883876,0.01090053913123227,0.01761271178328707,0.006611205994160101,0.015709293734434266,0.4729064039408867,0.4186046511627907,0.2275132275132279,0,1,0.0,0.1214831189710611,0.6447716919165166,0.4295653927599073,0.11511833843181449,0.5254667207792207,0.27977653631284916,0.0,0.5981731419091895,0.6425023696682466,0.3835677554183201,0.20633949956683484,0.5204143814747105,1.0,0,test
0.7328199052132702,0.742755765819042,0.01213155347901167,0.01213538607660126,0.004028744931314812,0.011773714942088639,0.004517657429342735,0.006459316769221797,0.5566502463054187,0.4465116279069768,0.22398589065255736,0,1,0.0,0.13806270096463022,0.6128827206271851,0.3883230815770899,0.026082756399935594,0.18019480519480519,0.7037988826815642,1.0,0.5098203862616993,0.4091753554502371,0.41921243571982064,0.8037507007083524,0.5789762340036563,0.9995459704880818,0,train
0.707345971563981,0.7179183914843289,0.013040382137330072,0.013041382731890878,0.0013232625628058407,0.0063176031396573185,0.002038455181532698,0.0021776070116857975,0.5615763546798029,0.4837209302325582,0.23104056437389797,0,1,0.0,0.20568729903536978,0.7136349189532789,1.0,0.027209789083883426,0.3584618506493506,0.6177653631284916,0.5,0.41137075798226397,0.4158862559241706,0.3282457087843708,0.4946236559139785,0.5942108470444851,0.8817253121452895,0,train
0.7446682464454977,0.7510348905972798,0.013697138412348119,0.013697666172114991,0.0010350271530857565,0.00507322676366421,0.0017078948818246929,0.001633917007817334,0.5517241379310345,0.4558139534883721,0.2275132275132279,0,1,0.0,0.12007636655948553,0.5638309142917682,0.9469597660582838,0.018998550957977776,0.31747159090909083,0.546145251396648,1.0,0.38976386015933806,0.36181990521327023,0.30025594665038624,0.5214289354329104,0.5703229737964656,0.5072644721906924,0,train
0.6741706161137442,0.6812536960378475,0.018378954424825625,0.018379081328983794,0.0009433158863566389,0.0022015889729108833,0.0009365875158393477,0.0014087454892364563,0.5172413793103449,0.4186046511627907,0.2275132275132279,0,1,0.0,0.29491559485530544,0.47791079563513084,0.7345971563981043,0.020125583641925612,0.7564935064935064,0.751731843575419,0.0,0.3816331128269196,0.37069194312796205,0.26911968441073564,0.3604953371044183,0.5399146861669714,0.3642451759364359,0,train
0.7381516587677726,0.7463039621525726,0.019946740863693076,0.019947258304576214,0.0015263375105631727,0.0032545228295204364,0.0012120544322626852,0.0020301671169521886,0.4285714285714286,0.3813953488372093,0.2275132275132279,0,1,0.0,0.13193327974276528,0.435427481724759,0.9040032267822931,0.022540653678956683,0.5772118506493507,0.8056983240223463,0.0,0.4239662481823582,0.3871848341232228,0.30025594665038624,0.4461091576211588,0.48110907982937234,0.6094211123723042,0,train
0.1279620853080569,0.13187463039621528,0.16855103746341274,0.16855075916434134,0.000681283695702017,0.0009572125969177757,0.0006611205994160101,0.0010339772606098921,0.5270935960591133,0.40465116279069774,0.2821869488536155,0,1,0.0,0.31300241157556274,0.27958470176925526,1.0,0.01159233617774915,0.9999999999999999,0.9140782122905029,0.5,0.35314477645564957,0.29505213270142183,0.25341066522647754,0.4946236559139785,0.5488117001828153,0.15811577752553915,0,train
0.7695497630331755,0.7693672383205205,0.025966443237442828,0.025966557613697747,0.00034064184785100846,0.0006700488178424428,0.0007162139827006776,0.0005104750480624724,0.5221674876847291,0.4186046511627907,0.23104056437389797,1,0,0.23076923076923078,0.0769694533762058,0.4756859836847124,0.49581526671372395,0.0059571727580099805,0.7745535714285714,1.0,1.0,0.293157474348209,0.20629383886255923,0.26911968441073564,0.7494266931661826,0.5430225472273005,0.09648127128263334,0,train
0.12618483412322276,0.13128326434062684,0.7461168784003924,0.746115253341762,0.00035374345738373956,0.0013400976356848858,0.0003856536829926726,0.0005913987585716155,0.5812807881773399,0.47906976744186053,0.23456790123456805,1,0,0.23076923076923078,0.3147106109324759,0.45407352473779,0.49581526671372395,0.014168410883915631,0.8731737012987012,0.8603351955307261,0.0,0.29639338890368033,0.3204170616113744,0.19844083875361024,0.23982061866177445,0.6033516148689824,0.09648127128263334,0,train
0.12381516587677727,0.15020697811945594,0.7581839592174245,0.7581852233620237,0.007729949624311346,0.00813630707380109,0.0038565368299267257,0.011211212264790662,0.4729064039408867,0.4186046511627907,0.23456790123456805,1,0,0.23076923076923078,0.30888263665594856,0.4902002330755377,0.8789956640112937,0.05683464820479793,0.5684862012987012,0.5750837988826816,0.0,0.5676367583509123,0.530047393364929,0.3859158898255336,0.4334709269734495,0.5237659963436929,1.0,0,train
0.615521327014218,0.6167947959787109,0.10470769156498659,0.10470728280414732,0.00041925150504739506,0.0007657700775342204,0.00044074706627734013,0.0006412643285868443,0.4975369458128079,0.4325581395348837,0.23809523809523814,1,0,0.3076923076923077,0.46332395498392287,0.19620722534166757,1.0,0.00821123812590565,0.8985389610389609,1.0,0.5,0.3109959653470416,0.24765876777251186,0.2240589851363092,0.4946236559139785,0.553564899451554,0.07627695800227016,0,test
0.4614928909952607,0.4719101123595506,0.13229192686692975,0.13232032796088247,0.031155627468834546,0.029194984205992154,0.020715112115034982,0.04458318422550143,0.20689655172413793,0.4930232558139535,0.24162257495590822,1,0,0.3076923076923077,0.8265675241157556,0.500794575696578,0.05596450539477665,0.02592175173080019,0.06473214285714285,0.9969832402234637,1.0,0.6915026522211072,0.4091753554502371,0.6046915725456126,0.9717168628650054,0.516636197440585,1.0,0,test
0.7375592417061612,0.7386162034299232,0.13934712309222835,0.13934720751278248,0.0005371659908419749,0.001052933856609553,0.0008264007492700126,0.0008231269957012083,0.5123152709359606,0.4325581395348837,0.23809523809523814,1,0,0.3076923076923077,0.15936495176848875,0.44146625701875203,0.5588383583745085,0.00821123812590565,0.6878043831168831,1.0,1.0,0.33245949986687695,0.24765876777251186,0.28273886397257375,0.717576313509657,0.5542352224253504,0.15811577752553915,0,train
0.7144549763033176,0.7161442933175637,0.1411904122232619,0.1411898645997709,0.0004258023098137606,0.000861491337225998,0.0003856536829926726,0.0005964888427081181,0.45320197044334976,0.40465116279069774,0.23809523809523814,1,0,0.3076923076923077,0.21543408360128619,0.17215806759190594,0.7983261066854896,0.009338270809853486,0.9077719155844155,1.0,0.0,0.31234767649046635,0.2650236966824645,0.21206001831544838,0.39270244101309687,0.5084095063985374,0.07514188422247448,0,train
0.5491706161137441,0.550561797752809,0.15450362379604182,0.1545029755656877,0.00021617655729006308,0.0007657700775342204,0.0003856536829926726,0.0003474198104694231,0.5763546798029556,0.4186046511627907,0.2275132275132279,0,1,0.038461538461538464,0.6224879421221866,0.4708125860790338,0.7759403045275789,0.00821123812590565,0.8985389610389609,0.8603351955307261,0.0,0.25459274581686364,0.24765876777251186,0.19844083875361024,0.381389186159099,0.5811090798293723,0.0564131668558456,0,test
0.606042654028436,0.6079243051448847,0.031217741555673438,0.03121753276110009,0.00033409104308464296,0.0011486551163013307,0.0005509338328466751,0.00039547365562250694,0.3891625615763547,0.36744186046511623,0.23104056437389797,1,0,1.0,0.48100884244372993,0.4979341031888971,1.0,0.009499275478988888,0.7101258116883117,0.8984357541899441,0.5,0.29149855612673314,0.2650236966824645,0.23481344072134688,0.4946236559139785,0.4335770871419866,0.09886492622020432,0,test
0.2221563981042654,0.22649319929036074,0.03314130701339121,0.03314133091797125,0.0003733958716828362,0.0017229826744519958,0.000771307365985345,0.0004780365457688288,0.4285714285714286,0.41395348837209306,0.23456790123456805,1,0,1.0,0.5541599678456592,0.6895857612035173,1.0,0.013041378199967795,0.6448863636363635,0.8510614525139664,0.5,0.3010219755463166,0.3082085308056872,0.2615586916195083,0.4946236559139785,0.46660572821450336,0.1956867196367764,0,train
0.580568720379147,0.58367829686576,0.03943242356903516,0.0394327515864573,0.00047165794317831946,0.001914425193835551,0.0009365875158393477,0.0005701756959007741,0.39408866995073893,0.36744186046511623,0.23104056437389797,1,0,1.0,0.5415996784565917,0.6751774552389024,0.7034385398810123,0.01175334084688456,0.5387581168831168,0.9378770949720672,1.0,0.3211747598664673,0.29505213270142183,0.2889379388076173,0.6444988024257249,0.4405850091407678,0.25300794551645855,0,test
0.6789099526066351,0.6842105263157896,0.045195886424015154,0.04519541867455433,0.00047165794317831946,0.0016272614147602184,0.0006060272161313426,0.0005375646483821643,0.3891625615763547,0.30697674418604654,0.23104056437389797,1,0,1.0,0.29009244372990356,0.35946604513189956,0.43279217505293943,0.016583480920946702,0.8397930194805193,0.534413407821229,0.0,0.3211747598664673,0.3424075829383887,0.19844083875361024,0.20797023900524897,0.4162705667276051,0.11407491486946653,0,train
0.6646919431279621,0.6670609107037256,0.06464500841250301,0.06464474442528614,0.00043235311458012616,0.0011486551163013307,0.0004958404495620075,0.0005002948797894673,0.3793103448275862,0.29767441860465116,0.23456790123456805,1,0,1.0,0.3354099678456592,0.40449200127132107,0.908339215488555,0.010626308162936724,0.7825689935064933,1.0,0.0,0.313658426690151,0.2807203791469195,0.23481344072134688,0.4483004637415278,0.42285191956124313,0.111577752553916,0,train
0.6451421800947867,0.6463630987581314,0.07040697738872981,0.0704070970131123,0.0004651071384119539,0.0009572125969177757,0.0008264007492700126,0.0005819950438109581,0.39408866995073893,0.40465116279069774,0.23456790123456805,1,0,1.0,0.3871583601286174,0.48659815658438393,0.5966522133709791,0.00821123812590565,0.7463474025974025,0.9301675977653632,1.0,0.3199664120261331,0.24765876777251186,0.27616408763237604,0.6984660857157418,0.4555758683729433,0.14517593643586832,0,train
0.6119668246445498,0.6150206978119457,0.07326712619949617,0.07326676935100511,0.00039304828598193286,0.0014358188953766634,0.0004958404495620075,0.0005103025028375062,0.4285714285714286,0.34418604651162793,0.23456790123456805,1,0,1.0,0.4654340836012862,0.45121305223010916,0.747907633356862,0.01175334084688456,0.7016030844155843,0.8882681564245811,0.0,0.30544575747025215,0.29505213270142183,0.2240589851363092,0.36722213728787645,0.47269957343083485,0.10896708286038592,0,train
0.6261848341232228,0.6274393849793023,0.07381624457908746,0.07381580819886481,0.0003275402383182774,0.000861491337225998,0.0003856536829926726,0.000412814450731609,0.39901477832512317,0.41395348837209306,0.23456790123456805,1,0,1.0,0.4344855305466238,0.2943108380125013,0.8879701522637895,0.00821123812590565,0.8155438311688311,1.0,0.0,0.28979867696151723,0.24765876777251186,0.21206001831544838,0.43800642103653875,0.4603290676416819,0.06617480136208856,0,test
0.613744075829384,0.6203429923122413,0.0749674747214093,0.07496727231556329,0.0003864974812155673,0.002680195271369771,0.0008814941325546802,0.0005060751448258346,0.4236453201970443,0.40465116279069774,0.23456790123456805,1,0,1.0,0.45217041800643093,0.7330225659497828,0.6078451144499344,0.018837546288842374,0.5941558441558441,0.6056983240223464,0.0,0.3039916439674771,0.36181990521327023,0.24453471716721067,0.29643785353921415,0.47666057282145036,0.24279228149829737,0,train
0.6427725118483413,0.6493199290360734,0.076137024534757,0.07613674157276869,0.0006157756480383615,0.0022015889729108833,0.0008264007492700126,0.0007777476015351005,0.4236453201970443,0.41395348837209306,0.23104056437389797,1,0,1.0,0.377411575562701,0.4944379701239538,0.5518806090551578,0.018837546288842374,0.7159090909090908,0.5810055865921788,0.0,0.34433817355151863,0.36181990521327023,0.23481344072134688,0.2681547164042195,0.45880560633759904,0.21316685584562997,0,train
0.1830568720379147,0.18746303962152575,0.10285606816301424,0.10285558383437159,0.0003864974812155673,0.0011486551163013307,0.0004958404495620075,0.0005725050564378177,0.5024630541871922,0.39999999999999997,0.6984126984126986,1,0,0.23076923076923078,0.3826366559485531,0.43807606738001903,0.6121811031561963,0.010465303493801318,0.927556818181818,0.776536312849162,0.0,0.3039916439674771,0.3082085308056872,0.21206001831544838,0.29862915965958314,0.536745886654479,0.10385925085130532,0,test
0.014218009478672987,0.02306327616794796,0.15309560375856748,0.1530961372290482,0.0015590915343950003,0.0022015889729108833,0.0011569610489780178,0.002540642165014661,0.5270935960591133,0.47906976744186053,0.2275132275132279,1,0,0.3076923076923077,0.035570739549839234,0.4815128721262846,0.908339215488555,0.02141362099500885,0.797077922077922,1.0,1.0,0.4258299711225347,0.37914691943127965,0.31521356282433605,0.5409468480864292,0.5884826325411334,0.6761634506242906,0,train
0.9069905213270143,0.9101123595505619,0.09316488356512434,0.09316559461386836,0.0014280754390676893,0.0015315401550684408,0.001267147815547353,0.0017143230826515785,0.2561576354679803,0.4093023255813954,0.8095238095238098,1,0,0.3961538461538462,0.1692122186495177,0.2799025320478864,0.5615609559342544,0.009982289486395103,0.7181412337662336,0.9534078212290504,1.0,0.41808835275564754,0.3082085308056872,0.319745462230258,0.7162003771084952,0.4347349177330896,0.4263337116912599,0,val
0.7037914691943129,0.7078651685393259,0.010657173774816961,0.010656527177934033,0.00020962575252369753,0.0011486551163013307,0.00022037353313867004,0.00035673725261759734,0.5960591133004927,0.4930232558139535,0.24514991181657875,0,1,0.07692307692307693,0.24125803858520903,0.41625172158067597,0.279721690027226,0.014168410883915631,0.9999999999999999,0.776536312849162,0.0,0.2520122063612346,0.3204170616113744,0.14138117265832295,0.1306120368954798,0.613345521023766,0.04903518728717368,0,train
0.5752369668246446,0.576581904198699,0.005329451764581376,0.005330386465795344,0.00095641749588937,0.0016272614147602184,0.001267147815547353,0.0014253098308332106,0.4975369458128079,0.4465116279069768,0.23809523809523814,0,1,0.5192307692307693,0.5636053054662379,0.3335099057103507,0.3697690833921549,0.00821123812590565,0.4660105519480519,1.0,1.0,0.38284146066725383,0.24765876777251186,0.324089510883603,0.8131274524792336,0.5388177940280316,0.27366628830874007,0,train
0.3661137440758294,0.381431105854524,0.15809270681316426,0.15809252440718666,0.0006616312814029204,0.0046903417248971,0.0010467742824086827,0.001156656915560853,0.6108374384236454,0.4837209302325582,0.23104056437389797,0,1,0.0,0.9145900321543409,0.7971183388070769,0.4013310476958758,0.03558203187892448,0.6219561688311687,0.6089385474860336,0.0,0.3505847174718906,0.45653080568720394,0.2615586916195083,0.192019568873261,0.6305911029859842,0.637911464245176,0,train
0.3874407582938389,0.3879361324659965,0.11469120464731526,0.11469109390270463,0.000347192652617374,0.001052933856609553,0.0006611205994160101,0.0005221218507476902,0.5270935960591133,0.41395348837209306,0.22398589065255736,0,1,0.0,0.9706591639871383,0.4191121940883568,0.5346374911767672,0.0059571727580099805,0.5317573051948051,1.0,1.0,0.29479591209781475,0.20629383886255923,0.2615586916195083,0.7298068592977629,0.5448507007921999,0.08796821793416573,0,train
0.3708530805687204,0.3772915434654051,0.15428756175321295,0.1542894298817715,0.0023779421301906942,0.0035416866085957693,0.002148641948102033,0.003362820161978555,0.4482758620689655,0.41395348837209306,0.8518518518518521,1,0,0.23076923076923078,0.7357315112540193,0.4762157008157644,0.43117878390642334,0.013524392207374013,0.42765827922077915,0.9720670391061452,1.0,0.46312491039793563,0.3524170616113744,0.373611665531735,0.7820924425419151,0.51102985984156,0.9060158910329172,0,test
0.32582938388625593,0.32702542874039037,0.19025638812039308,0.19025654573345002,0.0007009361100011136,0.0012443763759931081,0.0009365875158393477,0.0010643452202039416,0.5073891625615764,0.4558139534883721,0.848324514991182,1,0,0.23076923076923078,0.6471061093247589,0.2575484691174913,0.43974992437229005,0.005152149412332957,0.5264813311688311,1.0,1.0,0.3556229135519282,0.22828436018957346,0.2947613121375068,0.7777607909086277,0.549116392443632,0.15811577752553915,0,val
0.03376777251184834,0.03489059727971615,0.05977488505192683,0.05977486498110246,0.00022272736205642863,0.0006700488178424428,0.0006611205994160101,0.00021697562039498362,0.31527093596059114,0.26046511627906976,0.8236331569664905,1,0,0.6576923076923077,0.06762459807073955,0.6403220680156797,0.5346374911767672,0.004186121397520528,0.7745535714285714,1.0,1.0,0.25709136338501243,0.20629383886255923,0.2615586916195083,0.7298068592977629,0.3649603900060938,0.08796821793416573,0,train
0.6931279620853081,0.6924896510940273,0.058076816660742256,0.05807687801871119,0.00043235311458012616,0.0012443763759931081,0.0007162139827006776,0.000656448308383869,0.5221674876847291,0.4186046511627907,0.24162257495590822,0,1,0.34615384615384615,0.2770297427652733,0.20182222693081894,0.4238176868004437,0.004669135404926743,0.3912337662337662,1.0,1.0,0.313658426690151,0.18092890995260666,0.26911968441073564,0.7858125668857974,0.5495429616087751,0.07968217934165722,0,test
0.36315165876777256,0.36369012418687174,0.0001978209970005274,0.00019829242077934743,0.0005437167956083405,0.0009572125969177757,0.0009365875158393477,0.0007113176899231174,0.43349753694581283,0.40465116279069774,0.24514991181657875,0,1,0.5192307692307693,0.9018287781350482,0.34473990888865347,0.3837854189775134,0.005796168088874576,0.5772118506493507,1.0,1.0,0.3335040039322506,0.20629383886255923,0.2947613121375068,0.8060439280436222,0.4751371115173675,0.1326901248581158,0,train
0.48874407582938395,0.4902424600827913,0.04984774623623145,0.049848292931842286,0.0008122997910293279,0.0013400976356848858,0.0010467742824086827,0.0012232593723978025,0.5073891625615764,0.441860465116279,0.24162257495590822,0,1,0.23076923076923078,0.7808480707395499,0.31783027863121094,0.44539679338509636,0.00821123812590565,0.5561079545454545,1.0,1.0,0.36852561083007357,0.24765876777251186,0.30549228637847226,0.774906996891403,0.5445460085313834,0.21316685584562997,0,train
0.6688388625592417,0.6694263749260794,0.09440268004993328,0.09440370355518969,0.0006485296718701893,0.0023930314922944386,0.0014324279654013552,0.0009943781314801516,0.5123152709359606,0.4465116279069768,0.8236331569664905,0,1,0.11538461538461542,0.6607717041800644,0.564042801144189,0.29041040637289506,0.005152149412332957,0.2860186688311688,1.0,1.0,0.3488438773629345,0.22828436018957346,0.3361119590485359,0.8532334505427305,0.5544180377818404,0.27366628830874007,0,train
0.03199052132701422,0.03370786516853933,0.3117113253857411,0.31171969534358757,0.0038060175692583836,0.006987651957499761,0.006831579527298771,0.005197666084269017,0.43842364532019706,0.41395348837209306,0.24514991181657875,0,1,0.0,0.0794815112540193,0.44178408729738317,0.05616617928809115,0.007084205441957815,0.09364853896103895,1.0,1.0,0.5047821901816617,0.22828436018957346,0.4923803038485923,0.9716149416501045,0.49335770871419865,0.9892167990919409,0,train
0.20379146919431282,0.20697811945594324,0.008416119769448905,0.0084161844984389,0.0005895724289728993,0.0009572125969177757,0.0006611205994160101,0.00038305039942494127,0.14285714285714285,0.15813953488372096,0.2275132275132279,1,0,1.0,0.5098472668810289,0.3777942578662994,0.8448119390944842,0.010626308162936724,0.9154829545454544,1.0,1.0,0.34054928625555536,0.2807203791469195,0.2615586916195083,0.573052030780207,0.24204753199268741,0.1566401816118048,0,val
0.1765402843601896,0.18154937906564164,0.009549816492720211,0.009549800724765875,0.0008450538148611557,0.0013400976356848858,0.0006611205994160101,0.0005926065751463787,0.1625615763546798,0.1906976744186047,0.22398589065255736,1,0,1.0,0.44232315112540194,0.23328742451530884,0.8559040032267823,0.014168410883915631,0.8731737012987012,0.9140782122905029,0.0,0.3719868105761157,0.3204170616113744,0.25341066522647754,0.4218009478672986,0.2580743449116393,0.19421112372304203,0,train
0.024881516587677725,0.028385570668243647,0.010581300459194741,0.010581911988671701,0.0008712570339266179,0.0016272614147602184,0.0010467742824086827,0.0005836342234481369,0.17733990147783252,0.15813953488372096,0.2275132275132279,1,0,1.0,0.06219855305466238,0.4093653988769997,0.5462337400423516,0.010626308162936724,0.5727475649350648,1.0,1.0,0.37464927191922504,0.2807203791469195,0.30549228637847226,0.7239463894409621,0.24673979280926267,0.28070374574347334,0,val
0.5953791469194313,0.5955056179775282,0.00368406225574591,0.003685078298773685,0.0005306151860756094,0.0013400976356848858,0.0014324279654013552,0.0012023814001768933,0.7931034482758621,0.6697674418604651,0.22222222222222232,0,1,0.6153846153846154,0.5065313504823151,0.556944591588092,0.27397398406776247,0.0059571727580099805,0.4292816558441558,0.9172067039106144,1.0,0.3313945153296332,0.20629383886255923,0.3282457087843708,0.8615400295571523,0.8131017672151127,0.2052213393870602,0,train
0.7873222748815166,0.7894736842105264,0.0004785915774015143,0.00047804041171230465,0.00024237977635552525,0.000861491337225998,0.0003305602997080051,0.0003789093140257527,0.541871921182266,0.45116279069767445,0.22222222222222232,0,1,0.6153846153846154,0.019292604501607715,0.3081894268460642,0.44993445598467285,0.010626308162936724,0.9999999999999999,0.6807821229050279,0.0,0.2642185675957974,0.2807203791469195,0.16413459506422146,0.21668450287927432,0.5659963436928702,0.048013620885357544,0,train
0.6895734597156399,0.690715552927262,0.0009129957937878075,0.0009123652857746023,0.00019652414299096643,0.0006700488178424428,0.00016528014985400254,0.0005267805718217773,0.9408866995073891,0.7906976744186047,0.22222222222222232,0,1,0.6153846153846154,0.2673834405144695,0.11770314651975845,0.43974992437229005,0.00821123812590565,0.9999999999999999,1.0,0.0,0.24660536178753562,0.24765876777251186,0.14138117265832295,0.21148652091932935,0.9449725776965265,0.029398410896708277,0,val
0.6836492890995262,0.6859846244825548,0.0012815907198364847,0.001281195478429606,0.0002620321906546219,0.0009572125969177757,0.0004958404495620075,0.0006997571598503827,0.9359605911330049,0.7906976744186047,0.22222222222222232,0,1,0.6153846153846154,0.2792403536977492,0.4815128721262846,0.63335686195422,0.010626308162936724,0.9154829545454544,0.6648044692737429,0.0,0.2708132795379606,0.2807203791469195,0.19844083875361024,0.30933088722417573,0.9470444850700792,0.07173666288308739,0,train
0.07464454976303318,0.07806031933767002,0.0019211280765941514,0.001921596654975119,0.0007664441576647691,0.0016272614147602184,0.0009916808991240153,0.0018935112987789665,0.8817733990147784,0.7441860465116279,0.22222222222222232,0,1,0.6153846153846154,0.18719855305466238,0.42271427057951055,0.6078451144499344,0.010626308162936724,0.5727475649350648,0.9412290502793297,1.0,0.36344645380629576,0.2807203791469195,0.2947613121375068,0.6928094582887429,0.8873857404021938,0.24279228149829737,0,test
0.09241706161137442,0.09343583678296866,0.0032647540772865248,0.003264512811561659,0.00022272736205642863,0.0005743275581506654,0.00044074706627734013,0.0005331647451455264,0.8472906403940886,0.7069767441860466,0.22222222222222232,0,1,0.6153846153846154,0.2317122186495177,0.45407352473779,0.7759403045275789,0.0059571727580099805,0.8731737012987012,1.0,1.0,0.25709136338501243,0.20629383886255923,0.2240589851363092,0.607858125668858,0.8496648385131017,0.0564131668558456,0,train
0.01481042654028436,0.015375517445298642,0.0038494110461640765,0.0038497978156383688,0.00040614989551466396,0.0009572125969177757,0.0008814941325546802,0.0008408128812602428,0.7241379310344828,0.6000000000000001,0.22222222222222232,0,1,0.6153846153846154,0.037077974276527335,0.394745206059964,0.3474841181809015,0.004669135404926743,0.49269480519480513,1.0,1.0,0.30827206258832207,0.18092890995260666,0.2889379388076173,0.824389746725781,0.7429006703229738,0.10136208853575485,0,train
0.7369668246445498,0.736842105263158,0.005858206218010847,0.005858196545371774,0.0002620321906546219,0.0009572125969177757,0.000771307365985345,0.000639107513274767,0.8620689655172414,0.7116279069767442,0.22222222222222232,0,1,0.6153846153846154,0.15152733118971062,0.5297171310520182,0.5798124432792175,0.0059571727580099805,0.5772118506493507,0.776536312849162,1.0,0.2708132795379606,0.20629383886255923,0.25341066522647754,0.7069765071599654,0.8673979280926265,0.07968217934165722,0,test
0.41409952606635075,0.41573033707865176,0.006256442843530588,0.006256353888284786,0.0003602942621501051,0.000861491337225998,0.0006060272161313426,0.0008939568105498292,0.8817733990147784,0.7441860465116279,0.22222222222222232,0,1,0.6153846153846154,0.9579983922829582,0.4494120139845323,0.81667843097711,0.00821123812590565,0.8155438311688311,0.9069273743016759,1.0,0.2979703852376759,0.24765876777251186,0.24453471716721067,0.5872700402588799,0.885679463741621,0.09772985244040863,0,test
0.07760663507109006,0.07865168539325842,0.007819826271336029,0.007819734734746541,0.00020962575252369753,0.0006700488178424428,0.0006060272161313426,0.0004910637102537761,0.8226600985221675,0.6744186046511629,0.22222222222222232,0,1,0.6153846153846154,0.1945337620578778,0.591588091958894,0.63335686195422,0.0059571727580099805,0.7745535714285714,0.9069273743016759,1.0,0.2520122063612346,0.20629383886255923,0.24453471716721067,0.6799164246037812,0.8313833028641072,0.07173666288308739,0,test
0.05924170616113744,0.06031933767001774,0.008010649625755853,0.008010321898889736,0.00024237977635552525,0.000861491337225998,0.0003856536829926726,0.0005822538616484074,0.8472906403940886,0.7069767441860466,0.22222222222222232,0,1,0.6153846153846154,0.1485128617363344,0.32164424197478547,0.873953816678431,0.0059571727580099805,0.6310876623376622,1.0,1.0,0.2642185675957974,0.20629383886255923,0.21206001831544838,0.5583244152270295,0.8536867763558805,0.04903518728717368,0,train
0.738744075829384,0.749852158486103,0.008914367646234414,0.008914981928028186,0.001958690625143299,0.0034459653489039917,0.002479202247810038,0.00439351906331409,0.7881773399014779,0.6744186046511629,0.22222222222222232,0,1,0.6153846153846154,0.11887057877813506,0.44612776777200974,0.767268327115055,0.028497826436966665,0.6795860389610389,0.36849162011173187,0.0,0.44598275544268545,0.4223696682464456,0.30549228637847226,0.3770065739183611,0.8087751371115174,0.7845629965947787,0,train
0.06398104265402844,0.06623299822590183,0.005800023571834221,0.00580064299580378,0.0006747328909356515,0.0014358188953766634,0.0011018676656933504,0.0014170276600348334,0.7438423645320197,0.627906976744186,0.22222222222222232,0,1,0.23076923076923078,0.16036977491961416,0.44146625701875203,0.44539679338509636,0.00821123812590565,0.5225243506493505,0.9468156424581007,1.0,0.35230507710897657,0.24765876777251186,0.30549228637847226,0.774906996891403,0.7553930530164534,0.21316685584562997,0,test
0.09419431279620853,0.09875813128326434,2.287993248297046e-05,2.327302004388851e-05,0.0008122997910293279,0.0018187039341437735,0.0015426147319706903,0.0019646862040775194,0.8522167487684729,0.7395348837209301,0.22222222222222232,0,1,0.23076923076923078,0.23613344051446947,0.4554507892785253,0.7627306645154786,0.013041378199967795,0.6135349025974025,0.5376536312849163,1.0,0.36852561083007357,0.3082085308056872,0.2889379388076173,0.6145339652448657,0.8692260816575259,0.2824063564131669,0,train
0.023696682464454978,0.030159668835008875,0.000711007661317873,0.0007108492372189056,0.0006550804766365548,0.0014358188953766634,0.0004958404495620075,0.0015152058930405954,0.7980295566502463,0.7069767441860466,0.22222222222222232,0,1,0.23076923076923078,0.05938504823151126,0.38404492001271323,0.6218614500352929,0.016583480920946702,0.9403409090909091,1.0,0.0,0.34972453765334754,0.3424075829383887,0.23481344072134688,0.3035213779748255,0.8307129798903108,0.181838819523269,0,test
0.009478672985781991,0.015966883500887052,0.0011315738429378336,0.001133065850852964,0.0014608294628995172,0.0046903417248971,0.0030852294639413806,0.0028412159469057637,0.6551724137931034,0.5953488372093023,0.22222222222222232,0,1,0.23076923076923078,0.023713826366559488,0.5788748808136455,0.5120500151255419,0.016583480920946702,0.3036728896103895,0.49039106145251404,1.0,0.42009543899891455,0.3424075829383887,0.3502007654918168,0.7412220353666615,0.7014625228519196,0.75527809307605,0,train
0.580568720379147,0.5943228858663513,0.0020996072750008275,0.0020993679330806323,0.0008385030100947901,0.002967359050445104,0.001928268414963363,0.00221668850514064,0.9458128078817734,0.8139534883720929,0.22222222222222232,0,1,0.23076923076923078,0.5094453376205789,0.5493166649009429,0.2941413733992135,0.03332796651102882,0.9077719155844155,0.16201117318435754,0.0,0.3712904745325333,0.44591469194312805,0.2240589851363092,0.13789940376089288,0.9494210847044485,0.3717366628830874,0,train
0.06575829383886256,0.06800709639266705,0.004839145032747002,0.004840473668857947,0.0007795457671975002,0.0023930314922944386,0.0017078948818246929,0.0017016410086165635,0.7438423645320197,0.6418604651162791,0.22222222222222232,0,1,0.23076923076923078,0.16489147909967847,0.5682805381926052,0.30452757890491083,0.00821123812590565,0.32355925324675316,0.8953072625698324,1.0,0.3649210477809409,0.24765876777251186,0.34339117571089767,0.8460989654996687,0.7851919561243145,0.3549375709421112,0,test
0.06516587677725119,0.06623299822590183,0.006620084382134499,0.006621252827553998,0.0007467917433656724,0.0015315401550684408,0.0014875213486860229,0.0016982763767297228,0.7980295566502463,0.6697674418604651,0.22222222222222232,0,1,0.23076923076923078,0.16338424437299034,0.4091535120245789,0.2531007361097106,0.0059571727580099805,0.3799715909090909,0.9601117318435755,1.0,0.3611731214287177,0.20629383886255923,0.3361119590485359,0.8720888752993936,0.8174893357708715,0.22780930760499432,0,test
0.06575829383886256,0.06859846244825547,0.007675784909450112,0.007676086736029702,0.0006485296718701893,0.0007657700775342204,0.0008814941325546802,0.0014165100243599348,0.7536945812807881,0.6418604651162791,0.22222222222222232,0,1,0.23076923076923078,0.16489147909967847,0.39071935586396866,0.6218614500352929,0.009499275478988888,0.9999999999999999,0.9343016759776537,1.0,0.3488438773629345,0.2650236966824645,0.28273886397257375,0.6857259338531315,0.7850700792199878,0.181838819523269,0,val
0.7345971563981043,0.7374334713187464,0.00948487207955549,0.00948564266950975,0.0010022731292539289,0.0022015889729108833,0.0014875213486860229,0.002062433074020866,0.7142857142857143,0.6046511627906976,0.22222222222222232,0,1,0.23076923076923078,0.1500200964630225,0.43744040682275664,0.5415952404961177,0.011914345516019963,0.4724025974025973,0.760558659217877,1.0,0.3869375550412682,0.29505213270142183,0.31521356282433605,0.7262396167762319,0.7412553321145643,0.3604994324631101,0,test
0.22630331753554503,0.2288586635127144,0.013056578928022483,0.01305757949584034,0.000884358643459349,0.0015315401550684408,0.0013773345821166878,0.0019689135620891913,0.7931034482758621,0.6418604651162791,0.22222222222222232,0,1,0.23076923076923078,0.5674236334405145,0.47886428647102447,0.39497832005646877,0.009499275478988888,0.5491071428571428,0.9569832402234637,1.0,0.3759600221189096,0.2650236966824645,0.3282457087843708,0.8003873006166233,0.8010968921389396,0.33461975028376845,0,train
0.15699052132701424,0.1602602010644589,0.013883716006101,0.01388573733409128,0.0014739310724322483,0.001914425193835551,0.002038455181532698,0.0028185262498227094,0.6650246305418719,0.5627906976744186,0.22222222222222232,0,1,0.23076923076923078,0.39358922829581994,0.4840555143553342,0.2835534940002017,0.010626308162936724,0.49269480519480513,1.0,1.0,0.4208736969299773,0.2807203791469195,0.37095827365158385,0.8566987718493604,0.6897623400365631,0.6412031782065833,0,test
0.07286729857819906,0.07510348905972797,0.01434068565418012,0.014342548977520308,0.0009367650815902734,0.0015315401550684408,0.0020935485648173654,0.0017519379416942077,0.6502463054187192,0.5302325581395348,0.22222222222222232,0,1,0.23076923076923078,0.18267684887459806,0.5853374298124802,0.24372290007058586,0.00821123812590565,0.49269480519480513,0.9140782122905029,1.0,0.3810186986708174,0.24765876777251186,0.3654401577946322,0.8768282117922845,0.6742839731870811,0.4735527809307605,0,test
0.24170616113744078,0.24246008279124778,0.014804417069247334,0.01480549337623117,0.0007140377195338447,0.0011486551163013307,0.0014324279654013552,0.0014216001084964376,0.7093596059113301,0.5627906976744186,0.22222222222222232,0,1,0.23076923076923078,0.6060088424437299,0.4132853056467846,0.2630835938287789,0.0059571727580099805,0.49269480519480513,0.958659217877095,1.0,0.35724087082966394,0.20629383886255923,0.33226101862070584,0.8670437751617999,0.7168190127970749,0.2164585698070374,0,train
0.12855450236966826,0.13010053222945003,0.01519612780337159,0.015196967588388337,0.000753342548132038,0.0016272614147602184,0.001267147815547353,0.001435662544331182,0.6650246305418719,0.5534883720930233,0.22222222222222232,0,1,0.23076923076923078,0.32234726688102894,0.38574001483207965,0.3423414339013815,0.007084205441957815,0.41264204545454536,0.9534078212290504,1.0,0.3619308988879104,0.22828436018957346,0.319745462230258,0.8269887377057534,0.686654478976234,0.2196367763904654,0,train
0.06101895734597157,0.06327616794795979,0.015833542279795786,0.0158341451371575,0.000694385305234748,0.0017229826744519958,0.0011569610489780178,0.0013980476852885526,0.7142857142857143,0.5674418604651164,0.22222222222222232,0,1,0.23076923076923078,0.15303456591639872,0.4237737048416146,0.44539679338509636,0.00821123812590565,0.44196428571428564,0.8984357541899441,1.0,0.35480369467712536,0.24765876777251186,0.30549228637847226,0.774906996891403,0.7246800731261426,0.21316685584562997,0,train
0.6569905213270143,0.667652276759314,0.01670848347797618,0.016708298640022205,0.0007467917433656724,0.002967359050445104,0.0017078948818246929,0.0015660204617931382,0.7389162561576355,0.627906976744186,0.22222222222222232,0,1,0.23076923076923078,0.3252612540192926,0.5678567644877636,0.39497832005646877,0.02737079375301883,0.7540584415584415,0.23184357541899442,0.0,0.3611731214287177,0.4158862559241706,0.23481344072134688,0.18886001121133367,0.7546008531383303,0.33461975028376845,0,train
0.9964454976303319,0.9952690715552929,0.09760414084320335,0.0976039796864275,0.00033409104308464296,0.00038288503876711025,0.0006060272161313426,0.0002546767520500961,0.19704433497536947,0.22790697674418608,0.8201058201058204,1,0,0.11538461538461542,0.00472266881028939,0.27958470176925526,0.49581526671372395,0.0033810980518435025,0.9999999999999999,1.0,1.0,0.29149855612673314,0.18092890995260666,0.25341066522647754,0.7494266931661826,0.28695917123705056,0.06617480136208856,0,train
0.3667061611374408,0.3867534003548197,0.10106372815998403,0.10106277504031501,0.00037994667644920176,0.0036374078682875465,0.00016528014985400254,0.0006470445936232116,0.5024630541871922,0.5906976744186045,0.8165784832451499,1,0,0.11538461538461542,0.736032958199357,0.2648585655260091,0.04204900675607543,0.03574303654805989,0.9999999999999999,0.441340782122905,0.0,0.30251704999283185,0.49330805687203805,0.07067884565712541,0.01049788513479083,0.6142595978062158,0.07514188422247448,0,train
0.9970379146919433,0.9964518036664697,0.10312850447247641,0.10312888456975183,0.0006288772575710926,0.0009572125969177757,0.0009916808991240153,0.0004703582832578333,0.19704433497536947,0.2186046511627907,0.8201058201058204,1,0,0.11538461538461542,0.0024115755627009644,0.27884309778578237,0.3631138449127761,0.004186121397520528,0.5772118506493507,1.0,1.0,0.3461609355479551,0.20629383886255923,0.30025594665038624,0.8164908525709627,0.27635588056063376,0.1424517593643587,0,train
0.0,0.013010053222945005,0.1063918432962073,0.1063909600042143,0.0003995990907482984,0.0024887527519862162,0.0003305602997080051,0.0005862224018226298,0.39408866995073893,0.5534883720930233,0.8165784832451499,1,0,0.11538461538461542,0.0,0.2354062930395169,0.10366038116365837,0.02334567702463371,0.9637784090909091,0.3615642458100558,0.0,0.30685891002928706,0.4285876777251185,0.1120294925681546,0.04163481628701016,0.5316879951249238,0.07627695800227016,0,val
0.0,0.009461856889414548,0.10949258521143376,0.10949169679972387,0.0003275402383182774,0.0018187039341437735,0.00016528014985400254,0.00046535447173381376,0.27586206896551724,0.5302325581395348,0.8165784832451499,1,0,0.11538461538461542,0.0,0.18497722216336476,0.13572653020066552,0.017549508935759132,0.9999999999999999,0.7206703910614525,0.0,0.28979867696151723,0.3871848341232228,0.1120294925681546,0.05784028945625036,0.5160877513711152,0.0564131668558456,0,train
0.8933649289099527,0.9136605558840923,0.14035289661910863,0.1403519572531232,0.0005895724289728993,0.0038288503876711018,0.000771307365985345,0.0009134544209710087,0.35467980295566504,0.7488372093023257,0.8165784832451499,1,0,0.11538461538461542,0.1664991961414791,0.285835363915669,0.06362811334072806,0.03751408790854934,0.9999999999999999,0.10614525139664804,0.0,0.34054928625555536,0.5013459715639811,0.1120294925681546,0.021403455129185178,0.5602071907373553,0.1326901248581158,0,train
0.9911137440758294,0.9946777054997045,0.1482012638371502,0.14820149088853404,0.000550267600374706,0.0020101464535273285,0.0009365875158393477,0.0005342000164953235,0.13793103448275862,0.29767441860465116,0.8201058201058204,1,0,0.11538461538461542,0.005928456591639872,0.6978493484479288,0.7759403045275789,0.010948317501207533,0.6029829545454545,1.0,1.0,0.3345485079976243,0.3204170616113744,0.2947613121375068,0.607858125668858,0.3559414990859232,0.3382519863791146,0,test
0.993483412322275,0.9952690715552929,0.16130336675454604,0.16130310042229523,0.000609224843271996,0.0011486551163013307,0.0006060272161313426,0.00047139355460763046,0.11822660098522167,0.26046511627906976,0.8201058201058204,1,0,0.11538461538461542,0.00472266881028939,0.2969594236677614,0.9160028234345063,0.008050233456770244,0.7825689935064933,1.0,1.0,0.34339607184549537,0.2807203791469195,0.25341066522647754,0.5370738419201957,0.28567946374162095,0.14097616345062428,0,train
0.993483412322275,0.9952690715552929,0.16352044007466562,0.1635201700817465,0.0005175135765428783,0.0011486551163013307,0.0006060272161313426,0.00038494839689956934,0.06896551724137931,0.23255813953488375,0.8201058201058204,1,0,0.11538461538461542,0.00472266881028939,0.4093653988769997,0.9160028234345063,0.008050233456770244,0.7825689935064933,1.0,1.0,0.3292235853114056,0.2807203791469195,0.25341066522647754,0.5370738419201957,0.2762949421084705,0.14097616345062428,0,train
0.01066350710900474,0.020697811945594325,0.16725152019853803,0.1672505364195245,0.00034064184785100846,0.001914425193835551,0.00011018676656933503,0.0005373921031571981,0.4285714285714286,0.5627906976744186,0.8201058201058204,1,0,0.11538461538461542,0.021402733118971062,0.19260514885051383,0.12917212866794392,0.01851553695057156,0.9999999999999999,1.0,0.0,0.293157474348209,0.39484360189573464,0.1120294925681546,0.05452784997197163,0.5705667276051188,0.059591373439273565,0,train
0.7908767772511849,0.9834417504435247,0.1717822185813514,0.17178122732158205,0.005194788179727879,0.03168373695797837,0.0033606963803647183,0.008207976351641647,0.3793103448275862,0.6046511627906976,0.8201058201058204,1,0,0.11538461538461542,0.028536977491961418,0.21633647632164424,0.0007058586266007853,0.3144421188214458,0.9999999999999999,-0.06324022346368714,0.0,0.5323693857906485,0.8422369668246448,0.1120294925681546,-0.01039596391988995,0.5705667276051188,0.9892167990919409,0,test
0.5645734597156399,0.573625073920757,0.17739794469016126,0.17739694415811816,0.0003275402383182774,0.001914425193835551,0.0003856536829926726,0.0005051261460885206,0.39408866995073893,0.5674418604651164,0.8201058201058204,1,0,0.11538461538461542,0.8515876205787782,0.22470600699226614,0.12917212866794392,0.01851553695057156,0.9999999999999999,0.30167597765363124,0.0,0.28979867696151723,0.39484360189573464,0.1120294925681546,0.05452784997197163,0.5582571602681292,0.059591373439273565,0,train
0.036137440758293844,0.05204021289178002,0.18116346265055447,0.18116245590116514,0.00043235311458012616,0.0028716377907533263,0.0005509338328466751,0.000738321017630326,0.46798029556650245,0.6000000000000001,0.8201058201058204,1,0,0.11538461538461542,0.07244774919614148,0.30903697425574744,0.08621558939195322,0.028014812429560453,0.9999999999999999,0.18737430167597763,0.0,0.313658426690151,0.45653080568720394,0.1120294925681546,0.03276767059063346,0.6160268129189519,0.09398410896708287,0,train
0.02962085308056872,0.03962152572442342,0.183428497341171,0.18342748685192306,0.00032098943355191186,0.001914425193835551,0.00022037353313867004,0.000521863032910241,0.4876847290640394,0.5162790697674418,0.8165784832451499,1,0,0.11538461538461542,0.059485530546623804,0.24080940777624749,0.12917212866794392,0.01851553695057156,0.9999999999999999,0.553072625698324,0.0,0.2880783173244312,0.39484360189573464,0.1120294925681546,0.05452784997197163,0.5873248019500305,0.059591373439273565,0,train
0.020734597156398107,0.04139562389118865,0.18919203882134852,0.18919094019069724,0.0004127007002810295,0.0036374078682875465,0.00011018676656933503,0.0006992395241754841,0.4187192118226601,0.5953488372093023,0.8130511463844798,1,0,0.11538461538461542,0.04170016077170419,0.19864392414450682,0.04204900675607543,0.03574303654805989,0.9999999999999999,0.6275977653631284,0.0,0.30964425420361685,0.49330805687203805,0.07067884565712541,0.01049788513479083,0.6112736136502133,0.07514188422247448,0,train
0.15580568720379148,0.1726788882318155,0.20036161300850747,0.20036057456054485,0.000550267600374706,0.0030630803101368816,0.0003305602997080051,0.0009282933103181009,0.2561576354679803,0.7162790697674419,0.8165784832451499,1,0,0.11538461538461542,0.31270096463022506,0.16622523572412334,0.08056872037914693,0.029946868459185313,0.9999999999999999,0.3615642458100558,0.0,0.3345485079976243,0.4665402843601897,0.1120294925681546,0.029964837180859183,0.6088360755636807,0.10136208853575485,0,train
0.9845971563981043,0.9846244825547015,0.21411591193946425,0.21411555840702468,0.000347192652617374,0.000861491337225998,0.0006060272161313426,0.0003862424860868158,0.39408866995073893,0.26046511627906976,0.8165784832451499,1,0,0.11538461538461542,0.023814308681672027,0.45248437334463393,0.6639104567913683,0.005152149412332957,0.7233157467532466,1.0,1.0,0.29479591209781475,0.22828436018957346,0.25341066522647754,0.6644753605462977,0.40847044485070083,0.09398410896708287,0,test
0.7944312796208531,0.8302779420461266,0.21916207711732347,0.21916100762741783,0.0011201876150485086,0.0063176031396573185,0.0005509338328466751,0.0018429555478638728,0.32019704433497537,0.6372093023255814,0.8201058201058204,1,0,0.11538461538461542,0.336113344051447,0.16103400783981353,0.03609962690329737,0.062308806955401703,0.9999999999999999,0.18737430167597763,0.0,0.39670674012329243,0.5806635071090048,0.1120294925681546,0.007491209295214796,0.5940889701401585,0.25300794551645855,0,train
0.7422985781990522,0.7439384979302189,0.22435275540825386,0.22435222772335614,0.0004847595527110505,0.001052933856609553,0.0004958404495620075,0.000663695207832449,0.3891625615763547,0.4093023255813954,0.8130511463844798,1,0,0.11538461538461542,0.5059284565916399,0.25426422290496875,1.0,0.007084205441957815,0.7658279220779219,1.0,0.5,0.3235504946033957,0.2650236966824645,0.23481344072134688,0.4946236559139785,0.49689213893967094,0.09886492622020432,0,train
0.8062796208530806,0.8078060319337671,0.23857275138421624,0.23857212159523972,0.00035374345738373956,0.0009572125969177757,0.00044074706627734013,0.0005258315730844634,0.5024630541871922,0.4186046511627907,0.8201058201058204,1,0,0.11538461538461542,0.38122990353697755,0.400254264222905,0.8991630533427448,0.007084205441957815,0.830864448051948,1.0,0.0,0.29639338890368033,0.2650236966824645,0.2240589851363092,0.44366304846353766,0.5387568555758684,0.08671963677639044,0,test
0.03732227488151659,0.05144884683619161,0.25207081079640326,0.25206968697001786,0.00036684506691647066,0.002584474011677994,0.0004958404495620075,0.0006356566087754431,0.49261083743842365,0.5953488372093023,0.8165784832451499,1,0,0.11538461538461542,0.07495980707395498,0.3531094395592753,0.09599677321770697,0.025277733054258567,0.9999999999999999,0.21787709497206703,0.0,0.2995064206279313,0.4403412322274882,0.1120294925681546,0.03776181012077667,0.6246191346739793,0.08320090805902383,0,train
0.06457345971563981,0.08042578356002365,0.3159875140041305,0.3159862846431876,0.00033409104308464296,0.0028716377907533263,0.0003305602997080051,0.0005459330917930244,0.41379310344827586,0.5674418604651164,0.8165784832451499,1,0,0.11538461538461542,0.12962218649517687,0.47452060599639795,0.08621558939195322,0.028014812429560453,0.9999999999999999,0.3615642458100558,0.0,0.29149855612673314,0.45653080568720394,0.1120294925681546,0.03276767059063346,0.5901889092017063,0.09398410896708287,0,train
0.4686018957345972,0.4896510940272029,0.32216265839340885,0.32216141883652194,0.0003733958716828362,0.0038288503876711018,0.0003856536829926726,0.0006065827383686401,0.47783251231527096,0.5255813953488373,0.8165784832451499,1,0,0.11538461538461542,0.9406149517684889,0.5634071405869266,0.06362811334072806,0.03751408790854934,0.9999999999999999,0.30167597765363124,0.0,0.3010219755463166,0.5013459715639811,0.1120294925681546,0.021403455129185178,0.5868372943327239,0.1326901248581158,0,train
0.6439573459715641,0.658781785925488,0.005840358298170179,0.005839641029390837,0.00040614989551466396,0.0028716377907533263,0.0003305602997080051,0.0007761946945104047,0.45320197044334976,0.7116279069767442,0.8201058201058204,1,0,0.11538461538461542,0.6805667202572347,0.3531094395592753,0.08621558939195322,0.028014812429560453,0.9999999999999999,0.3615642458100558,0.0,0.30827206258832207,0.45653080568720394,0.1120294925681546,0.03276767059063346,0.6872029250457038,0.09398410896708287,0,train
0.011255924170616115,0.030751034890597287,0.007642526450892391,0.007641727581437879,0.00034064184785100846,0.0034459653489039917,5.509338328466751e-05,0.0006253038952774717,0.4975369458128079,0.6651162790697673,0.23809523809523814,1,0,0.11538461538461542,0.028034565916398718,0.30670621887911853,0.04467076736916406,0.042505232651746896,0.9999999999999999,1.0,0.0,0.293157474348209,0.48485308056872045,0.07067884565712541,0.011822860928502266,0.6603900060938452,0.0706015891032917,0,train
0.606042654028436,0.6179775280898877,0.07415488330487494,0.0741552326161941,0.0013560165866376684,0.005743275581506653,0.0019833617982480305,0.002445138382995875,0.5960591133004927,0.5302325581395348,0.2522045855379189,1,0,0.11153846153846153,0.4694533762057878,0.6038775293993007,0.6639104567913683,0.02930284978264369,0.427252435064935,0.4262569832402234,0.0,0.4135212075286215,0.4285876777251185,0.2947613121375068,0.32477195128165925,0.6506398537477148,0.7422247446083996,0,train
0.5622037914691943,0.570668243642815,0.08104158573185394,0.08104184504728905,0.0010088239340202943,0.0035416866085957693,0.001267147815547353,0.001510288354129059,0.4975369458128079,0.4186046511627907,0.2522045855379189,1,0,0.11153846153846153,0.5867162379421222,0.5964614895645725,0.8079056166179288,0.022218644340685875,0.5317573051948051,0.6740782122905029,0.0,0.38751100825363016,0.3871848341232228,0.2889379388076173,0.39754369872088874,0.541194393662401,0.5349602724177073,0,train
0.1226303317535545,0.13010053222945003,0.08336708319937565,0.08336639517430784,0.000347192652617374,0.0016272614147602184,0.0002754669164233376,0.0006240960787027084,0.6009852216748769,0.5255813953488373,0.25573192239858944,1,0,0.11153846153846153,0.3032556270096463,0.4120139845322598,0.27175557124130284,0.018676541619706968,0.9466314935064934,0.8137430167597766,0.0,0.29479591209781475,0.36181990521327023,0.16413459506422146,0.126586148906895,0.6471663619744058,0.08671963677639044,0,train
0.12144549763033176,0.13187463039621528,0.08551480909526848,0.0855145106493723,0.00047165794317831946,0.0028716377907533263,0.0006060272161313426,0.0007648067096626362,0.541871921182266,0.4837209302325582,0.24514991181657875,1,0,0.11153846153846153,0.3016479099678457,0.7186142599851679,0.4300695774931936,0.024633714377716946,0.7146915584415584,0.8137430167597766,0.0,0.3211747598664673,0.4021611374407583,0.23481344072134688,0.206594302604087,0.5857404021937843,0.298410896708286,0,train
0.0485781990521327,0.05204021289178002,0.08964522659742616,0.08964476408155307,0.00032098943355191186,0.0009572125969177757,0.00044074706627734013,0.000512718135987033,0.5270935960591133,0.4930232558139535,0.24162257495590822,1,0,0.11153846153846153,0.12077974276527333,0.4454921072147473,0.7250176464656649,0.010626308162936724,0.9154829545454544,0.8758659217877094,0.0,0.2880783173244312,0.2807203791469195,0.21206001831544838,0.3556540793966264,0.5774527726995734,0.08444948921679907,0,test
0.9425355450236967,0.94795978710822,0.3411205301476919,0.3411194951641652,0.0004913103574774161,0.0015315401550684408,0.0005509338328466751,0.0007832690487340185,0.5517241379310345,0.45116279069767445,0.746031746031746,1,0,0.11153846153846153,0.05114549839228296,0.25966733764169936,0.3474841181809015,0.014168410883915631,0.9435876623376622,0.4920670391061452,0.0,0.3247178814999898,0.3524170616113744,0.18273181956935214,0.16485756510217603,0.5761121267519805,0.10136208853575485,0,train
0.8578199052132702,0.8651685393258428,0.41474374986682855,0.41474282919726163,0.0005306151860756094,0.002297310232602661,0.0006611205994160101,0.0008914549047878195,0.5665024630541872,0.4930232558139535,0.746031746031746,1,0,0.11153846153846153,0.22166398713826366,0.5709291238478653,0.44539679338509636,0.017066494928352917,0.7658279220779219,0.6562011173184357,0.0,0.3313945153296332,0.37914691943127965,0.2240589851363092,0.21434031493655403,0.6063375990249847,0.21316685584562997,0,train
0.988744075829384,0.9899467770549971,0.03536710773043728,0.035367442460209814,0.0005830216242065338,0.0011486551163013307,0.0008814941325546802,0.0006050298313439444,0.31527093596059114,0.3023255813953489,0.8130511463844798,1,0,0.42307692307692313,0.0107516077170418,0.49231910159974573,0.584753453665423,0.007084205441957815,0.7101258116883117,1.0,1.0,0.3395662236057919,0.2650236966824645,0.2889379388076173,0.7044794373948937,0.3792809262644729,0.19727582292849036,0,test
0.9917061611374408,0.9917208752217623,0.04430702856587089,0.04430679815922991,0.00021617655729006308,0.0011486551163013307,0.0004958404495620075,0.00018445084548885683,0.2512315270935961,0.23255813953488375,0.8095238095238098,1,0,0.42307692307692313,0.00472266881028939,0.5959317724335205,0.7983261066854896,0.005152149412332957,0.565137987012987,1.0,1.0,0.25459274581686364,0.22828436018957346,0.23481344072134688,0.5965448708148602,0.32413162705667276,0.07514188422247448,0,train
0.9922985781990522,0.9929036073329391,0.05161162391775364,0.05161318982685974,0.0010808827864503155,0.0020101464535273285,0.0017629882651093603,0.000886537365876283,0.1724137931034483,0.2186046511627907,0.8130511463844798,1,0,0.42307692307692313,0.00472266881028939,0.46371437652293673,0.2666128869617828,0.006118177427145387,0.3824066558441558,1.0,1.0,0.3935732279271715,0.24765876777251186,0.35656420973536523,0.8652601539010345,0.2993906154783668,0.4225879682179342,0,train
0.9911137440758294,0.9929036073329391,0.054685790516212945,0.0546871154742782,0.0012577545151421852,0.0036374078682875465,0.0017629882651093603,0.0010803919261257974,0.1724137931034483,0.22790697674418608,0.8130511463844798,1,0,0.42307692307692313,0.00472266881028939,0.43659285941307346,0.36139961681960275,0.008050233456770244,0.2644074675324675,0.8984357541899441,1.0,0.40690601511458824,0.2807203791469195,0.3468429332895015,0.81735718289762,0.3127970749542962,0.48479001135073785,0,train
0.4395734597156398,0.44234180958013014,0.02395741219000345,0.023956743632745456,0.00021617655729006308,0.001052933856609553,0.0003305602997080051,0.0003699369623275108,0.5812807881773399,0.47906976744186053,0.7601410934744268,1,0,0.3961538461538462,0.8993167202572347,0.21665430660027543,0.3582736714732278,0.00821123812590565,0.8438514610389609,0.5211173184357543,0.0,0.25459274581686364,0.2807203791469195,0.14138117265832295,0.17031035009937323,0.6166361974405851,0.03711691259931896,0,train
0.6267772511848342,0.63571850975754,0.058589924699862066,0.05859037833596334,0.0008581554243938868,0.003158801569828659,0.0010467742824086827,0.0014523994311529023,0.5517241379310345,0.48837209302325585,0.7601410934744268,1,0,0.3961538461538462,0.7005627009646304,0.7223222799025321,0.8624584047595039,0.018998550957977776,0.6231737012987013,0.9441340782122905,0.0,0.3733385217195404,0.39484360189573464,0.30025594665038624,0.4251133873515772,0.6109079829372334,0.6412031782065833,0,test
0.7654028436018958,0.8083973979893555,0.11792159951327856,0.11792407806211223,0.012911636194506495,0.012635206279314637,0.004352377279488733,0.02069170965055796,0.5172413793103449,0.47906976744186053,0.7601410934744268,1,0,0.3961538461538462,0.3466639871382637,0.4914715541900625,0.5714429767066652,0.0753501851553695,0.5911120129870129,0.5251396648044693,0.0,0.6132058082618224,0.6074312796208532,0.3904477892314556,0.27804107424960506,0.5786715417428397,1.0,0,train
0.07286729857819906,0.07983441750443525,0.11567857987797212,0.11567807437774157,0.0004389039193464917,0.0016272614147602184,0.0006060272161313426,0.0007290898480946349,0.5566502463054187,0.48837209302325585,0.7495590828924161,1,0,0.23076923076923078,0.14961816720257237,0.5219832609386588,0.46616920439649095,0.014168410883915631,0.8931615259740259,0.6275977653631284,0.0,0.31496917688983556,0.3524170616113744,0.21206001831544838,0.22483820007134486,0.5996953077391834,0.14665153234960274,0,val
0.9188388625592417,0.929036073329391,0.16236284129134337,0.16236249458469845,0.0009236634720575423,0.0032545228295204364,0.0013222411988320203,0.0014486897088161292,0.5369458128078818,0.4558139534883721,0.7777777777777777,1,0,0.23076923076923078,0.11083199356913183,0.5085284458099375,0.4353130987193708,0.02173563033327966,0.6899350649350648,0.3743016759776536,0.0,0.379769389886743,0.4158862559241706,0.24453471716721067,0.20924425419150994,0.56672760511883,0.3810442678774121,0,test
0.8169431279620853,0.8225901833234773,0.16686059571638914,0.16686063470872164,0.0008122997910293279,0.002967359050445104,0.0011569610489780178,0.0014017574076253256,0.5714285714285714,0.5162790697674418,0.7742504409171076,1,0,0.23076923076923078,0.3256631832797428,0.5687043118974469,0.940707875365534,0.014007406214780225,0.5081168831168831,0.6953072625698322,0.0,0.36852561083007357,0.3524170616113744,0.28273886397257375,0.4646588187331193,0.6226691042047532,0.37548240635641317,0,test
0.45793838862559244,0.4707273802483738,0.1756248678605274,0.17562465650673542,0.0013429149771049373,0.0030630803101368816,0.0012120544322626852,0.0022876045926017437,0.5615763546798029,0.4930232558139535,0.7777777777777777,1,0,0.23076923076923078,0.931370578778135,0.45693399724547096,0.4598164767570838,0.024633714377716946,0.8209212662337662,0.5141899441340783,0.0,0.4126815081819485,0.4345781990521328,0.2615586916195083,0.22162768180196712,0.6149299207800122,0.5476730987514189,0,train
0.3240521327014218,0.3447664104080426,0.16337278195369304,0.16337463508140446,0.00562059048954164,0.005264669283047765,0.002369015481240703,0.008189255194732814,0.4482758620689655,0.441860465116279,0.848324514991182,1,0,0.23076923076923078,0.6435892282958199,0.48967051594448563,0.9507915700312595,0.036226050555466106,0.7151988636363636,0.8730726256983239,0.0,0.5393532266983431,0.49736492890995265,0.373611665531735,0.4697548794781634,0.5262035344302255,0.9997729852440409,0,val
0.92239336492891,0.9337670017740982,0.1862684394761706,0.18626915404930894,0.0022076212062651897,0.0073705369962668715,0.002148641948102033,0.0033910313062605274,0.5123152709359606,0.441860465116279,0.8518518518518521,1,0,0.23076923076923078,0.14811093247588425,0.5273863756753894,0.9252798225269738,0.0230236676863629,0.3321834415584415,0.5810055865921788,0.0,0.4565506789276425,0.4285876777251185,0.3282457087843708,0.4568618457932019,0.5548446069469836,0.9127128263337116,0,train
0.40936018957345977,0.41691306918982857,0.05174851038666378,0.051747795942789256,0.000347192652617374,0.0016272614147602184,0.0002754669164233376,0.0006005436554948235,0.5615763546798029,0.5255813953488373,0.8236331569664905,1,0,0.3961538461538462,0.8197347266881029,0.2927216866193453,0.20389230614097004,0.015617452906134276,0.9999999999999999,0.6275977653631284,0.0,0.29479591209781475,0.37069194312796205,0.14138117265832295,0.0922896600927483,0.6235222425350396,0.0706015891032917,0,train
0.8281990521327015,0.8515671200473094,0.05327517584721992,0.05327563825864345,0.002482755006452543,0.008519192112568201,0.0025342956310947054,0.004165069185458855,0.5467980295566502,0.4930232558139535,0.8236331569664905,1,0,0.3961538461538462,0.2954180064308682,0.6074796058904546,0.39931430876273066,0.042183223313476084,0.5094358766233765,0.334413407821229,0.0,0.466934278165769,0.5198483412322276,0.30025594665038624,0.1910513173317026,0.6057282145033516,0.9783200908059024,0,train
0.533175355450237,0.5387344766410409,0.05400922069141583,0.05400865976495822,0.00033409104308464296,0.0014358188953766634,0.0003856536829926726,0.0005561995326785128,0.541871921182266,0.4930232558139535,0.8201058201058204,1,0,0.3961538461538462,0.9217242765273312,0.47452060599639795,0.3697690833921549,0.012880373530832392,0.9403409090909091,0.7206703910614525,0.0,0.29149855612673314,0.3424075829383887,0.18273181956935214,0.17611985934872343,0.6009140767824497,0.09398410896708287,0,train
0.49289099526066354,0.49852158486102904,0.05548776753107995,0.05548744003855773,0.0004258023098137606,0.002584474011677994,0.0006060272161313426,0.0006806909124916187,0.5024630541871922,0.4837209302325582,0.8201058201058204,1,0,0.3961538461538462,0.9881430868167204,0.5664794999470283,0.5588383583745085,0.012880373530832392,0.5451501623376622,0.7206703910614525,0.0,0.31234767649046635,0.3424075829383887,0.2240589851363092,0.2716709983183,0.57775746496039,0.15811577752553915,0,train
0.6084123222748815,0.6167947959787109,0.061351477512918313,0.061350983088534185,0.0004847595527110505,0.001914425193835551,0.0004958404495620075,0.0008354639792862909,0.5369458128078818,0.5162790697674418,0.8201058201058204,1,0,0.3961538461538462,0.764871382636656,0.5117067485962496,0.3277200766360795,0.017549508935759132,0.9539366883116882,0.6648044692737429,0.0,0.3235504946033957,0.3871848341232228,0.19844083875361024,0.15486928604188965,0.6216331505179769,0.16242905788876275,0,train
0.7553317535545024,0.76581904198699,0.06894824409884476,0.06894757988110317,0.0004651071384119539,0.0024887527519862162,0.0007162139827006776,0.0007761946945104047,0.5467980295566502,0.4930232558139535,0.8201058201058204,1,0,0.3961538461538462,0.46563504823151125,0.44072465303527913,0.19330442674195827,0.02141362099500885,0.8913352272727272,0.2816759776536312,0.0,0.3199664120261331,0.4158862559241706,0.16413459506422146,0.08693879631045198,0.6023765996343693,0.13144154370034053,0,train
0.582345971563981,0.5913660555884093,0.06989096021730117,0.06989123794382868,0.0006550804766365548,0.0038288503876711018,0.0011569610489780178,0.0010949719976354403,0.5615763546798029,0.4837209302325582,0.8236331569664905,1,0,0.3961538461538462,0.8174236334405145,0.7705265388282657,0.770797620248059,0.01851553695057156,0.5168425324675324,0.7460335195530727,0.0,0.34972453765334754,0.39484360189573464,0.2889379388076173,0.37879019517912654,0.6034125533211456,0.5656072644721907,0,train
0.22156398104265404,0.22294500295683028,0.023311742067837978,0.023311153201730696,0.00014411770486004205,0.0007657700775342204,0.00022037353313867004,0.0002515709380007047,0.6108374384236454,0.47906976744186053,0.24162257495590822,0,1,0.34615384615384615,0.5510450160771705,0.4237737048416146,0.6218614500352929,0.007084205441957815,0.797077922077922,1.0,0.0,0.2210252524218158,0.22828436018957346,0.16413459506422146,0.3035213779748255,0.6273613650213284,0.03325766174801362,0,val
0.11611374407582939,0.12063867534003549,0.01181917556920122,0.011818920179045005,0.00037994667644920176,0.0017229826744519958,0.0007162139827006776,0.0006261666214023027,0.5763546798029556,0.4558139534883721,0.24162257495590822,0,1,0.0,0.2887861736334405,0.5161563724970866,0.6897247151356257,0.012880373530832392,0.6448863636363635,0.6010055865921788,0.0,0.30251704999283185,0.3082085308056872,0.2240589851363092,0.33781786678897213,0.5950639853747715,0.12065834279228152,0,train
0.07227488151658769,0.0833826138379657,0.015452996323721638,0.015452734933667962,0.000609224843271996,0.002967359050445104,0.0011569610489780178,0.0010625334953417965,0.6108374384236454,0.4930232558139535,0.23809523809523814,0,1,0.0,0.18006430868167203,0.5934950736306812,0.3697690833921549,0.02592175173080019,0.7233157467532466,0.33977653631284915,0.0,0.34339607184549537,0.4091753554502371,0.2240589851363092,0.17611985934872343,0.6290676416819013,0.27366628830874007,0,train
0.11196682464454977,0.11709047900650503,0.01824426946144649,0.018244317962918845,0.0003995990907482984,0.0017229826744519958,0.0007162139827006776,0.0006806909124916187,0.5812807881773399,0.4837209302325582,0.24162257495590822,0,1,0.0,0.27843649517684893,0.6927640639898295,0.9280024200867197,0.014168410883915631,0.695616883116883,0.9202234636871509,0.0,0.30685891002928706,0.3204170616113744,0.2615586916195083,0.45823778219436373,0.6144424131627056,0.2164585698070374,0,test
0.12618483412322276,0.13246599645180368,0.01992205255166678,0.019922491408245726,0.000884358643459349,0.004594620465205322,0.0014324279654013552,0.0014986415514438413,0.5911330049261084,0.47906976744186053,0.24162257495590822,0,1,0.0,0.31380627009646306,0.5554613836211463,0.8879701522637895,0.0164224762518113,0.31006493506493504,0.6275977653631284,1.0,0.3759600221189096,0.3424075829383887,0.2947613121375068,0.5512408907914182,0.6117001828153565,0.40556186152099893,0,train
0.20438388625592419,0.2111176818450621,0.02175590665899599,0.021755870737243672,0.00037994667644920176,0.0020101464535273285,0.0009365875158393477,0.0006611933020704392,0.6108374384236454,0.4930232558139535,0.24162257495590822,0,1,0.0,0.5083400321543409,0.7478546456192393,0.7034385398810123,0.017710513604894538,0.7352881493506492,0.6275977653631284,0.0,0.30251704999283185,0.3524170616113744,0.25341066522647754,0.3447485094022321,0.6273004265691652,0.25300794551645855,0,train
0.07168246445497631,0.08456534594914251,0.028866140522569795,0.028866171485990192,0.0009629683006557356,0.004498899205513544,0.0015426147319706903,0.0016772258592838477,0.6009852216748769,0.4930232558139535,0.23456790123456805,0,1,0.0,0.17875803858520903,0.609704417840873,0.4771604315821317,0.0296248591209145,0.544439935064935,0.38357541899441333,0.0,0.3834353943514859,0.4285876777251185,0.2615586916195083,0.23039290628344294,0.6285191956124314,0.5238365493757094,0,test
0.10781990521327015,0.12182140745121231,0.031098231255418753,0.031099516534458613,0.0017425140678532357,0.009189240930410644,0.0029750426973720458,0.0030467173098404957,0.6157635467980296,0.4930232558139535,0.24162257495590822,0,1,0.0,0.2681872990353698,0.7217925627714801,1.0,0.03187892448881017,0.2856128246753246,0.4718435754189944,0.5,0.43564011714829914,0.4403412322274882,0.34339117571089767,0.4946236559139785,0.631139549055454,0.9695800227014755,0,train
0.16172985781990523,0.17327025428740392,0.03668258591041178,0.036682368092689516,0.0006026740385056304,0.002680195271369771,0.0009365875158393477,0.0010030916653409442,0.5763546798029556,0.4930232558139535,0.24514991181657875,0,1,0.0,0.4016278135048232,0.6610869795529187,0.39497832005646877,0.027048784414748023,0.830864448051948,0.503463687150838,0.0,0.34245397013947204,0.4158862559241706,0.23481344072134688,0.18886001121133367,0.6008531383302864,0.33461975028376845,0,train
0.23045023696682465,0.2371377882909521,0.04007644256205238,0.040076140515576016,0.0004258023098137606,0.001914425193835551,0.0008264007492700126,0.0007200312237839099,0.5911330049261084,0.4930232558139535,0.23809523809523814,0,1,0.0,0.5739549839228296,0.595507998728679,0.5254613290309569,0.017710513604894538,0.7693790584415584,0.5111731843575418,0.0,0.31234767649046635,0.3524170616113744,0.2240589851363092,0.25480303725220405,0.6101157830591103,0.17128263337116909,0,train
0.5071090047393365,0.5121230041395625,0.041276027200858836,0.04127572317371658,0.00034064184785100846,0.0020101464535273285,0.0008264007492700126,0.0005948496630709392,0.6157635467980296,0.4930232558139535,0.23809523809523814,0,1,0.0,0.7244774919614149,0.6356605572624219,0.5966522133709791,0.015295443567863463,0.6471185064935064,0.5111731843575418,0.0,0.293157474348209,0.3317914691943128,0.2240589851363092,0.29078122611221524,0.6292504570383912,0.14517593643586832,0,train
0.4543838862559242,0.4630396215257245,0.044039938769841164,0.04403994467940235,0.0005306151860756094,0.0024887527519862162,0.0010467742824086827,0.0008709220230168429,0.5665024630541872,0.4837209302325582,0.23809523809523814,0,1,0.0,0.8469654340836014,0.7373662464244093,0.6159120701825148,0.02237964900982128,0.7463474025974025,0.6089385474860336,0.0,0.3313945153296332,0.3871848341232228,0.2615586916195083,0.300463741527799,0.5926873857404023,0.3772985244040863,0,train
0.09123222748815167,0.09698403311649911,0.01992456855798793,0.019924535660006338,0.00047820874794468496,0.0023930314922944386,0.0008814941325546802,0.0008366717958610542,0.6157635467980296,0.4930232558139535,0.24162257495590822,0,1,0.0,0.22688906752411578,0.6179680050852845,0.7983261066854896,0.015295443567863463,0.5491071428571428,0.6713966480446927,0.0,0.32238310770680156,0.3317914691943128,0.25341066522647754,0.39270244101309687,0.6307739183424741,0.21316685584562997,0,val
0.16291469194312796,0.17386162034299232,0.08861083349864281,0.08861123756642836,0.0020700543061715135,0.0035416866085957693,0.0017078948818246929,0.003421658083692026,0.5714285714285714,0.47906976744186053,0.24162257495590822,0,1,0.0,0.40514469453376206,0.3205848077126814,0.7899566401129373,0.02592175173080019,0.609780844155844,0.546145251396648,0.0,0.4508571077477626,0.4091753554502371,0.30025594665038624,0.3884727105947103,0.5968312004875076,0.7002270147559592,0,train
0.16054502369668247,0.16913069189828506,0.11653465102874387,0.1165350089907765,0.0013232625628058407,0.0034459653489039917,0.0011569610489780178,0.001976074188925288,0.5172413793103449,0.41395348837209306,0.23809523809523814,0,1,0.0,0.39981913183279744,0.4907299502065897,0.9495815266713723,0.021252616325873445,0.5193790584415584,0.8475977653631286,0.0,0.41137075798226397,0.37914691943127965,0.30025594665038624,0.4691433521887581,0.5397318708104815,0.5763904653802497,0,train
0.12677725118483413,0.14311058545239505,0.12043666233205952,0.12043669935110732,0.0013560165866376684,0.006126160620273763,0.002479202247810038,0.0023109844705846623,0.5812807881773399,0.4930232558139535,0.23809523809523814,0,1,0.0,0.3157154340836013,0.6121411166437123,0.44993445598467285,0.03654805989373691,0.49269480519480513,0.24703910614525137,0.0,0.4135212075286215,0.46161137440758304,0.27616408763237604,0.21668450287927432,0.6151736745886655,0.7540295119182747,0,train
0.1599526066350711,0.17504435245416913,0.12240095564210092,0.12240153979332614,0.0021421131586015344,0.005647554321814875,0.0019833617982480305,0.0035201814071477203,0.5665024630541872,0.47906976744186053,0.23809523809523814,0,1,0.0,0.39841237942122193,0.5483631740650492,0.7072703438539881,0.03429399452584125,0.5010146103896103,0.5470391061452513,0.0,0.4538882175845332,0.4513364928909953,0.31521356282433605,0.34668501248534883,0.593418647166362,0.9163450624290579,0,train
0.012440758293838863,0.02483737433471319,0.22492915673139013,0.22492972884572898,0.0018276745298159878,0.003924571647362879,0.0014875213486860229,0.002725179283116001,0.5123152709359606,0.41395348837209306,0.23809523809523814,0,1,0.0,0.030948553054662382,0.5823710138785888,0.9224563880205707,0.02833682176783126,0.5989245129870129,0.8403351955307261,0.0,0.43985909435353393,0.4223696682464456,0.324089510883603,0.4554349487845895,0.5387568555758684,0.881044267877412,0,val
0.013625592417061613,0.022471910112359553,0.23416911132062104,0.23416919642822043,0.001100535200749412,0.0038288503876711018,0.0010467742824086827,0.0016812806720705531,0.5270935960591133,0.4093023255813954,0.24162257495590822,0,1,0.0,0.03386254019292605,0.5591694035385105,0.8991630533427448,0.021252616325873445,0.4685470779220779,0.8882681564245811,0.0,0.39515022426116697,0.37914691943127965,0.2947613121375068,0.44366304846353766,0.5521023765996343,0.5404086265607264,0,test
0.012440758293838863,0.023654642223536373,0.24035935174782633,0.24036029151030106,0.0018014713107505256,0.004786062984588877,0.002258828714671368,0.00286649382236331,0.5566502463054187,0.4232558139534884,0.23809523809523814,0,1,0.0,0.030948553054662382,0.6377794257866299,0.826157103962892,0.02592175173080019,0.45363230519480513,0.6541899441340782,1.0,0.4385893050975895,0.4091753554502371,0.34339117571089767,0.5824797431585385,0.5747105423522243,0.9232690124858116,0,train
0.012440758293838863,0.020106445890005917,0.2676954459263459,0.267695868803067,0.001303610148506744,0.004211735426438212,0.0014875213486860229,0.0020425041005372713,0.5517241379310345,0.41395348837209306,0.24162257495590822,0,1,0.0,0.030948553054662382,0.5450789278525268,0.7807804779671271,0.018837546288842374,0.3824066558441558,0.8004469273743016,1.0,0.41006000778257934,0.36181990521327023,0.319745462230258,0.6054120165112369,0.5659963436928702,0.6346197502837685,0,train
0.6238151658767773,0.6256652868125371,0.013090780888950635,0.01309123102482272,0.00043235311458012616,0.002297310232602661,0.0009365875158393477,0.0007304702098943644,0.5911330049261084,0.4837209302325582,0.24514991181657875,0,1,0.5576923076923077,0.4457395498392283,0.6591799978811315,0.5518806090551578,0.009338270809853486,0.37560876623376616,1.0,1.0,0.313658426690151,0.2650236966824645,0.2947613121375068,0.7210925954237375,0.6096282754418038,0.21316685584562997,0,train
0.09478672985781991,0.09757539917208752,0.019359410638099303,0.01936016492394204,0.0006223264528047271,0.002105867713219106,0.0012120544322626852,0.0010805644713507633,0.6059113300492611,0.48837209302325585,0.24162257495590822,0,1,0.5576923076923077,0.2357315112540193,0.5923296959423668,0.44993445598467285,0.009338270809853486,0.4081777597402597,0.9513966480446927,1.0,0.34525979478567187,0.2650236966824645,0.31521356282433605,0.7725628089486827,0.6263254113345521,0.28070374574347334,0,train
0.7719194312796209,0.7918391484328801,0.0020903295016915817,0.0020913481761736167,0.0029478621448644966,0.004020292907054657,0.0013773345821166878,0.0036610645833326143,0.32019704433497537,0.372093023255814,0.24514991181657875,0,1,0.5192307692307693,0.032355305466237945,0.5922237525161564,0.6065342341433901,0.0458863307035904,0.9308035714285713,0.9569832402234637,0.0,0.48213078829336226,0.49736492890995265,0.3282457087843708,0.29577536564235846,0.448933577087142,0.9909194097616345,0,train
0.07701421800947868,0.08752217622708457,0.01501654785219941,0.015016916183319063,0.0015590915343950003,0.00430745668612999,0.0009365875158393477,0.002577825660994875,0.5812807881773399,0.47906976744186053,0.23456790123456805,0,1,0.0,0.19212218649517687,0.4091535120245789,0.7369164061712211,0.02479471904685235,0.481939935064935,0.9378770949720672,0.0,0.4258299711225347,0.4021611374407583,0.2889379388076173,0.3616674310757784,0.5970140158439976,0.5956867196367764,0,train
0.14632701421800948,0.15789473684210528,0.018660589882399506,0.01866110944688051,0.0015263375105631727,0.0032545228295204364,0.0011569610489780178,0.0025589319588610773,0.5862068965517242,0.48837209302325585,0.23456790123456805,0,1,0.0,0.36495176848874605,0.5353321326411696,0.7579913280225875,0.027209789083883426,0.6899350649350648,0.8475977653631286,0.0,0.4239662481823582,0.4158862559241706,0.30025594665038624,0.37231819803292054,0.6053016453382084,0.7273552780930761,0,train
0.30983412322274884,0.332347723240686,0.020412123407908548,0.02041208970491226,0.0013560165866376684,0.006221881879965541,0.0015977081152553578,0.002293384857638111,0.5862068965517242,0.4837209302325582,0.23456790123456805,0,1,0.0,0.7728094855305466,0.6401101811632588,0.2666128869617828,0.04958943809370472,0.6516842532467532,0.329608938547486,0.0,0.4135212075286215,0.5090047393364929,0.25341066522647754,0.1239871579269225,0.6105423522242535,0.7937570942111237,0,train
0.1415876777251185,0.15612063867534004,0.021175102324797704,0.02117553911243306,0.0019455890156105675,0.0046903417248971,0.0011569610489780178,0.0032412620509898746,0.5714285714285714,0.47906976744186053,0.23456790123456805,0,1,0.0,0.35319533762057875,0.4728255111770314,0.5966522133709791,0.03316696184189341,0.5821834415584415,0.7968715083798883,0.0,0.44538882175845335,0.44591469194312805,0.2947613121375068,0.29078122611221524,0.6015234613040829,0.8069239500567537,0,val
0.21741706161137442,0.24659964518036667,0.02224582026484269,0.022246255284587364,0.0023124340825270385,0.010912223604862641,0.003140322847226048,0.0040230644653116805,0.6059113300492611,0.4930232558139535,0.23456790123456805,0,1,0.0,0.5423030546623794,0.6795211357135289,0.32166985983664415,0.0626308162936725,0.46641639610389607,0.22938547486033523,0.0,0.4606467733016569,0.5457440758293839,0.2947613121375068,0.1518116495948632,0.6280316879951249,0.9885357548240636,0,train
0.0811611374407583,0.09757539917208752,0.02317713572965638,0.0231776478367492,0.0019783430394423956,0.00545611180243132,0.0013773345821166878,0.003065093376299395,0.5467980295566502,0.41395348837209306,0.23456790123456805,0,1,0.0,0.20247186495176853,0.5458205318359995,0.5722496722799233,0.03670906456287232,0.5528612012987012,0.699217877094972,0.0,0.44686341573309846,0.46161137440758304,0.30025594665038624,0.2784487591092086,0.5596587446678855,0.883200908059024,0,train
0.14099526066350712,0.1667652276759314,0.024248168170491507,0.02424938613478381,0.004382488388698551,0.008519192112568201,0.0020935485648173654,0.007434456108118218,0.5862068965517242,0.4930232558139535,0.23456790123456805,0,1,0.0,0.3516881028938907,0.5412649645089522,0.5678128466270042,0.05554661085171469,0.5317573051948051,0.6848044692737429,0.0,0.5172752780224057,0.5267109004739337,0.33982201141193324,0.27620649238138917,0.6124923826934796,0.9990919409761634,0,train
0.14751184834123224,0.1608515671200473,0.025086784527410276,0.025087057606228366,0.0017752680916850634,0.0049775055039724325,0.0011569610489780178,0.0030008202799994893,0.5862068965517242,0.4837209302325582,0.23456790123456805,0,1,0.0,0.36796623794212224,0.41381502277783666,0.5678128466270042,0.030751891804862336,0.5114650974025973,0.6953072625698322,0.0,0.43729903536977494,0.4345781990521328,0.28273886397257375,0.27620649238138917,0.6102985984156003,0.6883087400681045,0,train
0.08530805687203792,0.10053222945002957,0.026250516076140328,0.026250865858558223,0.001866979358414181,0.004020292907054657,0.001267147815547353,0.002963377966181826,0.5517241379310345,0.4465116279069768,0.23456790123456805,0,1,0.0,0.21282154340836013,0.4824663629621782,0.5446203488958354,0.03429399452584125,0.7002840909090908,0.6740782122905029,0.0,0.4417432977655806,0.4513364928909953,0.2889379388076173,0.26448555266778784,0.5732480195003047,0.7926220204313281,0,test
0.0859004739336493,0.09994086339444117,0.029882842951907563,0.029883029486759145,0.001899733382246009,0.0036374078682875465,0.0011569610489780178,0.003219866443094067,0.5911330049261084,0.47906976744186053,0.23456790123456805,0,1,0.0,0.21422829581993572,0.34823604195359675,0.5131592215387718,0.03187892448881017,0.7209821428571428,0.6444692737430167,0.0,0.44327933315583584,0.4403412322274882,0.27616408763237604,0.24858584314325027,0.6118829981718464,0.6684449489216799,0,train
0.0811611374407583,0.09757539917208752,0.03269117775749772,0.03269261765651695,0.0027316855875744337,0.009093519670718867,0.0025342956310947054,0.004526292613925573,0.5763546798029556,0.47906976744186053,0.23456790123456805,0,1,0.0,0.20247186495176853,0.6254899883462232,0.9388928103257034,0.03670906456287232,0.3305600649350649,0.6196648044692736,0.0,0.47539271304810865,0.46161137440758304,0.3502007654918168,0.46374152779901134,0.5982937233394272,0.9908059023836548,0,train
0.7470379146919431,0.7545830869308102,0.006387432422625532,0.006387736376437954,0.0006616312814029204,0.002297310232602661,0.0011569610489780178,0.0009862685059067408,0.4975369458128079,0.4465116279069768,0.23456790123456805,1,0,0.15384615384615385,0.1167604501607717,0.7184023731327471,0.7983261066854896,0.021252616325873445,0.7658279220779219,0.6953072625698322,0.0,0.3505847174718906,0.37914691943127965,0.28273886397257375,0.39270244101309687,0.5393053016453382,0.4660612939841089,0,train
